"","Geneid","Length","E1_cpm","E2_cpm","E3_cpm","E4_cpm","E5_cpm","E6_cpm","CPM_mean_E","CPM_sd_E"
"1","rpl24",635,0.568337195973937,0.869555160796836,0.953301478446664,6.14408789659861,11.824160160679,9.15371262629647,4.91885908646525,4.86143812489949
"2","f7i",1785,0.568337195973937,0.521733096478102,0.953301478446664,1.08425080528211,0.64789918688652,0.273245153023775,0.674794486015184,0.297303477857848
"3","f10",2786,0.189445731991312,0,0.762641182757331,1.08425080528211,0.971848780329781,0.409867729535663,0.569675704982699,0.437815080192566
"4","txnl4b",3661,70.2843665687769,50.0863772618978,27.4550825792639,105.172328112365,46.7297288541903,70.9754284979256,61.7838853124032,26.7627563403981
"5","atp5pf",1242,1.32612012393919,0.869555160796836,1.52528236551466,0.361416935094036,0.809873983608151,1.63947091814265,1.08861991451592,0.490923641187631
"6","LOC100332351",1183,1.5155658559305,0.869555160796836,0.476650739223332,0.90354233773509,0.64789918688652,0.409867729535663,0.80384683501799,0.40184505264716
"7","fn1b",8613,0,0.695644128637469,2.85990443533999,2.71062701320527,11.6621853639574,2.45920637721398,3.39792788639235,4.21400647555264
"8","abcb6a",7025,22.7334878389575,24.173633470152,26.1204605094386,115.743773463865,82.1212219378665,85.3207990316738,59.3688960419923,40.1387954823142
"9","ugt5b5",1742,2.55751738188272,3.99995373966545,1.42995221767,7.13798446810721,3.48245812951505,5.25996919570767,3.97797252209135,2.0191735405552
"10","ugt5b6",2038,1333.41378462085,605.036480882438,448.147025017777,817.705815650257,488.83993650588,877.458497647598,761.766923387467,328.847942493139
"11","ugt5b4",2310,213.789508552196,131.563695828561,104.577172185599,64.964694083153,35.6344552787586,74.8008606402585,104.221731094754,63.029713957668
"12","ugt5b3",2089,34.0055088924406,42.1734252986465,6.76844049697131,11.8364046243297,4.04936991804075,11.4762964269986,18.3849076095712,15.7541010989832
"13","ugt5b2",2019,734.954717260296,244.69282224823,210.107645849645,224.53027092717,85.7656548641031,198.854160113052,283.150878543749,228.229833070976
"14","ugt5b1",2289,36.9419177383059,18.1737028606539,12.297589071962,21.5043076380952,17.5742654442969,28.0759394731929,22.4279537044178,8.80555784526717
"15","fgb",1819,2.84168597986969,2.78257651454988,8.38905301033064,5.60196249395756,17.0073536557712,8.8804674732727,7.58384985462527,5.30283348169044
"16","fga",2349,2.55751738188272,5.47819751302007,11.0582971499813,3.07204394829931,18.0601898344618,4.23529987186852,7.41025761658561,6.04833278225187
"17","eif3f",893,0.378891463982625,0.173911032159367,0,0.542125402641054,1.29579837377304,1.63947091814265,0.671699531783123,0.652315949781503
"18","cyp4v2a",2471,4786.15697302852,2882.22753597719,2510.04279275007,2609.43027137894,2809.04791214487,3242.94178737442,3139.97454544233,845.547873879399
"19","clockb",5541,5.49392622774806,9.21728470444646,10.867636854292,79.6020799544615,107.470277624802,87.8483166971437,50.0832536771489,46.4476732517953
"20","rpl9",781,0.75778292796525,1.21737722511557,0.190660295689333,7.9511725720688,11.3382357705141,8.06073201420137,4.91932680092574,4.76751660385187
"21","rps3a",1461,2.27334878389575,0.695644128637469,3.43188532240799,11.7460503905562,15.3876056885549,17.077822063986,8.43539272967303,7.16791300649331
"22","fgg",1578,6.062263423722,3.30430961102798,6.67311034912665,8.31258950716283,14.5777317049467,12.5692770390937,8.58321360584664,4.23713813784009
"23","dnajb14",5422,24.6279451588706,26.9562099847019,14.2995221767,36.3224019769506,30.9371861738314,47.6129679143928,30.1260388975746,11.2747598055751
"24","raph1b",6736,0,0.521733096478102,0.190660295689333,2.52991854565825,0.971848780329781,3.14231925977342,1.22607999632148,1.30445943270551
"25","cpb2",1712,0,0.0869555160796836,0.190660295689333,0.813188103961581,0.566911788525705,0.614801594303494,0.3787528830933,0.329798423335307
"26","tpt1",2733,4.35725183580019,2.08693238591241,1.71594266120399,22.7692669109243,26.4018918656257,30.0569668326153,14.5647087486803,13.209251370757
"27","nr3c2",3540,4.92558903177412,11.4781281225182,2.85990443533999,19.1550975599839,13.119958534452,28.2808733379607,13.3032585036715,9.39347280007907
"28","sod3b",5736,0.189445731991312,0.869555160796836,0.381320591378666,1.44566774037614,0.64789918688652,1.0929806120951,0.771144837254097,0.463415642086862
"29","txna",656,2172.46893161037,1932.93416693529,1938.63388656914,2006.67717787586,1433.07201399462,1914.97034367887,1899.79275344403,247.565010901665
"30","suclg1",3715,0.378891463982625,0.173911032159367,1.71594266120399,0.542125402641054,0.48592439016489,1.0929806120951,0.731629260374505,0.571174901561725
"31","dnaja1",2399,36.9419177383059,14.4346156692275,17.9220677947973,37.7680697173268,25.9159674754608,33.2675973806446,27.7083726292938,9.92509892145422
"32","rps6",818,0.378891463982625,1.21737722511557,1.90660295689333,7.22833870188072,15.7115552819981,8.74384489676081,5.86443508777186,5.90707678703781
"33","agpat3",8048,0,0,1.143961774136,0.722833870188072,0,1.0929806120951,0.493296042736528,0.559588786219687
"34","herc56.4",3165,2.08390305190444,4.34777580398418,5.91046916636932,12.2881757931972,4.21134471476238,31.4231925977342,10.0441435213253,11.0365054192125
"35","herc56.3",3180,0.75778292796525,5.73906406125912,0,18.2515552222488,3.88739512131912,31.1499474447104,9.96429079625045,12.2990965481207
"36","herc56.2",5478,1.13667439194787,4.34777580398418,3.05056473102932,3.16239818207282,1.6197479672163,6.55788367257061,3.31250745813685,1.96443774827271
"37","cyp2u1",2205,320.068564199322,302.25737389298,139.468006296747,1590.05380594621,1497.61897048819,1802.59827449785,942.01083255355,762.81616455671
"38","herc56.1",7132,0.189445731991312,1.91302135375304,0.762641182757331,1.44566774037614,0.48592439016489,2.25427251244615,1.17516215191481,0.824493510957569
"39","mdh1aa",3248,3.031131711861,2.43475445023114,1.33462206982533,1.80708467547018,5.34516829181379,4.3719224483804,3.05411394126364,1.54151989583607
"40","prdx2",1022,20332.6420774316,11196.3922504201,8344.81982173072,9116.10970811065,5576.87323852409,9667.75507042245,10705.7653611066,5067.57414863352
"41","abca1a",9626,300.176762340234,391.386777874656,1316.22335129131,7187.13717128,4792.10534840779,3573.02193222714,2926.67522390352,2755.6801893171
"42","znf330",1696,0.568337195973937,0.695644128637469,3.05056473102932,1.80708467547018,0.48592439016489,1.36622576511888,1.32896348106578,0.988358221976973
"43","ucp1",2982,2.46279451588706,6.26079715773722,4.57584709654399,3.07204394829931,34.3386569049856,4.50854502489229,9.20311410805757,12.3848718129278
"44","dnajb1b",2169,17.6184530751921,24.5214555344708,10.6769765586026,59.814502758063,34.0147073115423,39.2106794589117,30.9761291161304,17.5547058415877
"45","c3a.6",5152,0,0.260866548239051,0.953301478446664,2.89133548075229,3.72542032459749,0.409867729535663,1.37346526026186,1.55338103186678
"46","c3a.1",6264,2.27334878389575,2.95648754670924,10.867636854292,21.0525364692276,24.6201691016878,7.7874868611776,11.5929442694983,9.33427333097292
"47","c3a.2",5164,0.189445731991312,0.347822064318734,1.33462206982533,0.542125402641054,4.53529430820564,1.22960318860699,1.36315212759818,1.62257215684681
"48","c3a.3",5179,0,0,1.143961774136,0.90354233773509,2.10567235738119,0,0.692196078208713,0.858379975218236
"49","sid4",1625,428.71569149634,194.258622922013,297.23940097967,206.188361471148,141.323010139622,239.909244354875,251.272388560611,101.09423111115
"50","cyp3a65",2012,1468.58331439665,10054.4924132617,1502.3077998841,1221.95065755294,2870.43636010237,3568.10351947271,3447.64567744507,3366.09120775372
"51","zgc:77197",2462,0.378891463982625,0.869555160796836,0.190660295689333,0.542125402641054,0.16197479672163,0.54649030604755,0.448282904313171,0.264226544945289
"52","fggy",2783,2.08390305190444,1.21737722511557,0.953301478446664,0.361416935094036,0.16197479672163,0.273245153023775,0.841869773384352,0.736545396312101
"53","abcf3",2407,104.005706863231,141.824446725964,126.693766485562,336.117749637454,289.286986944831,220.372215913675,203.050145428453,94.6916235451877
"54","slc22a23",6948,89.6078312318908,98.0858221378831,158.72469616137,214.049179809443,265.962616216917,315.256595301181,190.281123476447,91.1508319964741
"55","serbp1b",4989,0,0.173911032159367,0.381320591378666,0.722833870188072,2.10567235738119,0.683112882559438,0.677808455611122,0.753935370755013
"56","cyp8b1.2",2911,66.7796205269376,46.173379038312,54.9101651585278,30.359022547899,14.90168129839,30.7400797151747,40.6439913808735,18.8875807425992
"57","cyp8b1.1",1975,3100.46884976982,1144.85632470511,1066.74435438182,1584.36148921848,1257.24837215329,1330.02078234323,1580.61669542863,765.673802905012
"58","cyp8b1.3",1951,13.1664783733962,11.7389946707573,4.95716768792265,15.3602197414965,11.9051475590398,15.1651059928195,12.048852337572,3.8035229167365
"59","zgc:92744",1000,0.378891463982625,0,0,0.90354233773509,4.37331951148401,1.91271607116643,1.26141156406136,1.68507560734214
"60","scp2a",2461,0,0.347822064318734,0,0.722833870188072,4.37331951148401,0.819735459071326,1.04395181751036,1.66747392069589
"61","aldh9a1b",6226,308.985988877831,329.996183522399,543.381842714598,621.998545296836,472.561469435356,463.355468240067,456.713249681181,120.835853571908
"62","prdx1",1921,116.130233710675,194.867311534571,146.236446793718,150.801216167987,60.0926495837248,100.485905024493,128.102293802528,46.5466712725448
"63","dnajb4",1948,0,1.5651992894343,0,1.26495927282913,0.32394959344326,0.819735459071326,0.66230726912967,0.662566951645035
"64","ahsg2",1488,1.5155658559305,2.78257651454988,2.47858384396133,0.542125402641054,5.18319349509216,1.63947091814265,2.35691933838626,1.59373127218914
"65","mtf2",5259,1.70501158792181,2.43475445023114,2.28792354827199,23.9438719499799,5.9120800803395,14.618615686772,8.48370955058605,8.99105489816731
"66","rpl5a",1039,0.947228659956562,0.347822064318734,1.71594266120399,7.58975563697476,10.2044121934627,12.9791447686293,5.63071766409101,5.36517307886873
"67","abcd3b",1980,40.4466637801452,35.1300284961922,27.2644222835746,136.254184530452,105.36460526742,129.928070262805,79.0646624367648,50.3076166112868
"68","tfa",2224,409269.276553164,445031.722676599,427221.008934246,374326.748015595,390244.338980855,352071.188013227,399694.047195614,34367.5923729522
"69","rxrga",1867,10.7984067235048,15.1302597978649,13.727541289632,59.453085822969,57.0151284460138,70.7704946331578,37.8158194521904,27.3774203691374
"70","ptgs2a",2135,1.32612012393919,0.521733096478102,0,0.180708467547018,0,4.3719224483804,1.06674735605745,1.69407567257425
"71","dnajc1",2039,310.596277599757,315.822434401411,517.07072190947,605.373366282511,416.842139363115,442.24728016898,434.658703287541,114.737786011671
"72","cyp7a1",1981,121.24526847444,18.7823914732117,62.6319071339458,442.735745490194,4439.16226635136,621.222855399553,950.96340572045,1725.17140936399
"73","agxtb",1566,0.378891463982625,0.173911032159367,0.762641182757331,0.90354233773509,5.34516829181379,1.36622576511888,1.48839667892785,1.93480040233242
"74","rps28",513,0.189445731991312,1.21737722511557,2.28792354827199,3.25275241584633,6.80294146230846,3.55218698930908,2.88377122880712,2.29495600747244
"75","acadm",1631,0.568337195973937,0.173911032159367,0.953301478446664,0.180708467547018,0.809873983608151,0.409867729535663,0.5159999812118,0.322813573401934
"76","rps8a",694,0.568337195973937,1.0434661929562,2.85990443533999,4.51771168867545,13.2819333311737,6.28463851954683,4.75933189394435,4.69040712561843
"77","dnajb6a",3972,61.0015257012026,82.2599182113807,105.62580381189,175.467921988155,140.432148757653,123.165252725467,114.658761865958,41.0968616991115
"78","rpl7",826,1.13667439194787,0.173911032159367,1.143961774136,4.87912862376949,15.8735300787198,5.87477079001117,4.84699611512394,5.864443355399
"79","abcf2a",2419,68.5793549808551,186.606537507001,308.869679016719,791.412733622166,650.490783634067,514.930490873305,420.148263272352,279.42942313378
"80","si:dkeyp-73d8.6",930,0.189445731991312,0.173911032159367,0.953301478446664,0,1.6197479672163,0.54649030604755,0.580482752643533,0.612436481031407
"81","sec62",1317,0.189445731991312,0.434777580398418,0.381320591378666,1.44566774037614,1.13382357705141,0.88804674732727,0.745513661420537,0.489841005202452
"82","LOC103910098",734,0.75778292796525,0.347822064318734,2.66924413965066,4.51771168867545,3.80640772295831,0.683112882559438,2.13034690435464,1.78633220313309
"83","keap1a",3068,369.60862311505,1443.98330001923,471.312250944031,846.61917045778,943.179241310052,814.543801163874,814.874397835002,381.980246207293
"84","cyp7b1",3752,102.300695275309,10.7824839938808,47.0930930352652,68.3078007327728,24.4581943049661,52.4630693805649,50.9008894537931,32.4671615692905
"85","slc39a6",2935,25.3857280868359,50.9559324226946,56.7214379675765,123.785300269707,107.713239819884,81.0171878715494,74.263137739708,37.0321733873803
"86","apom",2093,2.08390305190444,1.91302135375304,3.62254561809732,1.9877931430172,3.40147073115423,2.04933864767831,2.50967875760076,0.781706875232148
"87","gtpbp4",2229,0,0.695644128637469,0.762641182757331,1.08425080528211,3.56344552787586,1.91271607116643,1.33644961928653,1.25548265028158
"88","slco5a1a",5859,14.5873213633311,30.9561637243674,28.4083840577106,70.8377192784311,97.9137646182254,83.0665265192277,54.2949799268822,34.0457833880987
"89","gigyf2",5997,0.378891463982625,0,0.381320591378666,0.722833870188072,1.29579837377304,0.956358035583214,0.62253372248427,0.464731673699147
"90","per2",5482,31.4479915105579,153.650396912801,95.9974588795791,338.828376650659,370.922284492533,303.302119856391,215.69143805042,140.752506144336
"91","eef1da",3379,0.378891463982625,0.695644128637469,1.33462206982533,3.61416935094036,9.23256341313292,4.64516760140418,3.31684300465381,3.35499745988751
"92","hsd11b1lb",2915,259.06703849812,436.255824171773,364.542485358004,677.927816002638,716.495513298131,775.264810416706,538.258914624229,212.592386370333
"93","uba52",511,0.568337195973937,0.695644128637469,1.33462206982533,1.9877931430172,8.74663902296803,5.73814821349928,3.17853062898687,3.32719590443581
"94","gpx4b",879,3652.13482132852,4639.1637383672,1405.35703952607,1639.47757182032,901.389743755872,2678.14405607428,2485.94449514538,1444.18024631009
"95","eef2b",2810,4.35725183580019,10.2607508974027,12.3929192198066,18.7936806248899,64.9518934853737,28.6907410674964,23.2412061884616,22.0546622305947
"96","cd9r",1360,1.70501158792181,1.73911032159367,1.52528236551466,0.542125402641054,0.32394959344326,1.50284834163076,1.2230546021242,0.622940862479136
"97","myh9b",7784,0.189445731991312,1.21737722511557,0.953301478446664,1.44566774037614,0.16197479672163,1.22960318860699,0.866228360209718,0.557258705089199
"98","txn2",1205,160.839426460624,152.867797268084,193.329539828983,240.432616071308,157.439502413424,175.833255970799,180.12368966887,33.0433283222856
"99","junbb",1651,2.08390305190444,0.173911032159367,1.33462206982533,0.361416935094036,0.971848780329781,0.54649030604755,0.91203202922675,0.712328915529985
"100","cyp2k22",4059,4482.75963324443,9919.62440782207,9853.22875107687,5.24054555886352,7.77479024263825,11.3396738504867,4046.66130029923,4844.12240897359
"101","crebbpb",9022,0,0.695644128637469,0,1.08425080528211,0.809873983608151,0.819735459071326,0.568250729433176,0.458242142461577
"102","dnaja3a",2354,561.327703890259,534.776423890054,498.767333523294,1088.13603733437,1060.36800673815,996.456761789452,789.972044527597,285.255991859284
"103","hmox2b",9161,1.5155658559305,4.69559786830291,6.86377064481598,16.9865959494197,22.352521947585,13.9355028042125,11.0582591783778,8.00155320052774
"104","abca3b",7179,28.7957512626795,50.5211548422962,57.7700695938678,176.190755858343,217.046227606984,247.628419927796,129.658729848661,95.2079069056212
"105","cyp2k18",4825,26.2382338807968,41.3038701378497,20.6866420822926,96.0465505012401,82.6071463280314,85.6623554729535,58.7574664005273,33.1501802473432
"106","cyp2k20",2629,0,0.608688612557785,0.285990443533999,1.08425080528211,0.809873983608151,0.819735459071326,0.601423217342228,0.396357147946078
"107","cyp2k19",4943,358.336602061567,190.693446762746,164.158514588516,598.596798749497,322.005895882601,407.203589293681,340.165807889768,158.278965989396
"108","cyp2k21",3070,26.4276796127881,39.9125818805748,13.155560402564,124.508134139895,58.3919142181477,88.6680521562151,58.5106537350308,41.7071701145647
"109","cyp2k17",1708,3.031131711861,2.86953203062956,2.95523458318466,6.77656753301318,3.56344552787586,6.89944011385032,4.3492252500691,1.94335322369924
"110","cyp2k16",1872,19.7970789930921,76.6947651822809,7.14976108834998,14.0952604686674,12.7960089410088,22.6793477009733,25.5353703957288,25.6498210668287
"111","cyp2k8",1954,3.31530030984797,3.30430961102798,7.43575153188398,27.1062701320527,17.4932780459361,12.4326544625818,11.8479273488884,9.27680266532487
"112","cyp2k6",2125,0.189445731991312,0,0.0953301478446664,7753.11609163726,4585.10155819755,6928.13085491782,3211.10554677208,3667.85413074647
"113","farsa",2798,0.947228659956562,0.521733096478102,0.762641182757331,0.90354233773509,1.13382357705141,1.77609349465454,1.00751039143884,0.428265982867983
"114","gadd45gip1",1111,0.947228659956562,1.99997686983272,2.66924413965066,2.34921007811124,2.26764715410282,2.86907410674964,2.18373016806727,0.678608435879914
"115","nupr1b",714,0,0,0,0.542125402641054,1.45777317049467,1.91271607116643,0.652102440717025,0.839768989492531
"116","rpl19",687,1.32612012393919,0.347822064318734,2.66924413965066,5.78267096150458,14.0918073147818,11.2030512739748,5.90345264636163,5.61117803771851
"117","dnajc7",3756,151.746031325041,146.520044594267,150.430973298884,358.254536911963,465.839515371408,348.11432495229,270.150904408975,138.399236151789
"118","hsd17b1",2504,1.13667439194787,0,0,1.26495927282913,0.971848780329781,1.63947091814265,0.835492227208239,0.683552778962701
"119","rps2",919,10.0406237955396,4.52168683614355,7.81707212326264,31.9853987558222,51.1840357640351,43.8558470603159,24.9007773891865,20.1409070260198
"120","nr1d1",2980,0.568337195973937,1.0434661929562,0.381320591378666,1.62637620792316,3.40147073115423,1.36622576511888,1.39786611408418,1.08763337260519
"121","nfe2l1a",4448,16.2923329512529,68.5209466707907,43.6612077128572,144.386065570067,94.593281285432,100.759150177517,78.0354973946529,45.3370914869049
"122","st13",2202,0.75778292796525,2.43475445023114,0.953301478446664,0.361416935094036,1.45777317049467,0.409867729535663,1.06248278196124,0.782501924491123
"123","ddx5",2542,0,0.521733096478102,3.05056473102932,2.16850161056422,1.6197479672163,2.52751766546992,1.64801084512631,1.18294889068129
"124","hmox1a",1413,16.2923329512529,122.520322156274,26.1204605094386,142.578980894597,223.201269882406,857.648224053375,231.393598407891,316.357080685276
"125","hsp70.3",2358,1.5155658559305,0.173911032159367,0.953301478446664,0.813188103961581,0.64789918688652,0.956358035583214,0.843370615494641,0.439088508188554
"126","rps15a",444,1.13667439194787,0.521733096478102,0.190660295689333,3.25275241584633,5.50714308853542,2.32258380070209,2.15525784819986,2.00165860625342
"127","naa60",1564,47.3614329978281,38.6082491393795,28.7897046490892,76.4396817723886,75.5612426706405,83.4080829605074,58.3613990316389,22.959384120482
"128","abat",7378,3.22057744385231,2.43475445023114,4.76650739223332,1.9877931430172,4.53529430820564,5.60152563698739,3.75774206242117,1.42781610035365
"129","eif3d",1812,0.378891463982625,0.695644128637469,1.90660295689333,0.722833870188072,2.26764715410282,0.819735459071326,1.13189250547927,0.763178761355523
"130","sult3st1",4264,303.776231248069,146.259178046028,62.7272372817905,551.251180252179,309.857786128478,592.327180467289,327.699798903972,211.671775631497
"131","rpl3",1360,2.65224024787837,3.65213167534671,3.43188532240799,16.4444705467786,27.2117658492339,18.4440478291048,11.9727569117917,10.228905562955
"132","rpl27",483,0.75778292796525,0.347822064318734,1.143961774136,1.9877931430172,4.61628170656646,3.14231925977342,1.99932681262951,1.62207066288621
"133","hsd17b14",2117,89.1342169019125,69.9122349280656,87.8943963127824,71.7412616161662,81.2303605558975,60.2505562417424,76.6938377594278,11.3286825243342
"134","emc10",1116,0.75778292796525,0.695644128637469,0.190660295689333,0.180708467547018,0.16197479672163,1.0929806120951,0.513291871442633,0.391712598641712
"135","ppp1caa",2240,2.46279451588706,0.521733096478102,2.47858384396133,0.542125402641054,0,0.819735459071326,1.13749538633981,1.06615493943156
"136","aldh16a1",3631,309.459603207809,311.387703081347,133.366876834688,547.727365135012,739.414947034241,469.161927741822,418.419737172487,213.033545531829
"137","fthl27",889,850.042999445019,1419.98357758123,740.905909048747,1200.53670414861,753.101817357219,1136.6998365789,1016.87847402662,277.183796687406
"138","fthl28",891,5.96754055772634,7.21730783461374,2.09726325258266,2.71062701320527,2.83455894262853,1.84440478291048,3.7786170639445,2.24570508081094
"139","fthl31",883,42.2463982340627,29.9126975314112,40.8013032775172,19.6068687288515,16.6834040623279,18.3757365408489,27.9377347291699,11.5030849913565
"140","fthl29",666,7.67255214564815,3.30430961102798,4.48051694869932,2.80098124697878,1.53876056885549,3.62049827756502,3.90293646646246,2.08736005544763
"141","rcn3",2113,0,0,0,0.90354233773509,2.42962195082445,0.683112882559438,0.66937952851983,0.948438829985138
"142","hsd3b7",4524,2032.84742713278,1858.67415620324,1083.9991111417,680.27702608075,432.391719848392,1679.91120079017,1294.6834401995,659.818485051793
"143","rarab",5306,3.031131711861,8.78250712404804,7.81707212326264,75.084368265786,72.0787845411254,55.4004547755704,37.0323864236089,34.121151417243
"144","rpl23",483,0.75778292796525,0.173911032159367,0.953301478446664,4.15629475358142,8.5846642262464,3.68880956582097,3.05246066403668,3.16817704864545
"145","aldh3b1",1943,8.71450367160037,5.56515302909975,2.47858384396133,74.0001174605039,69.6491625903009,65.9887044552417,37.732704175118,35.3611296299458
"146","clpp",1182,350.474604183928,202.954174529982,332.892876273575,475.805395051299,364.68625481875,387.734872140737,352.424696166378,88.7092812399904
"147","thraa",5411,90.9339513558299,35.999583656989,86.9410948343357,188.930702820407,148.449901195374,168.455636839157,119.951811783682,58.1421874692411
"148","smarce1",2787,1.89445731991312,2.26084341807177,2.66924413965066,2.16850161056422,2.26764715410282,2.04933864767831,2.21833871499682,0.262105929633828
"149","si:ch1073-443f11.2",1045,2.08390305190444,2.08693238591241,0.762641182757331,2.89133548075229,0.809873983608151,0.683112882559438,1.55296649458234,0.926465393727477
"150","gspt1l",4788,0,0.521733096478102,0.190660295689333,0.90354233773509,1.13382357705141,0.819735459071326,0.594915794337544,0.437931236843337
"151","abcc1",7189,6.72532348569159,15.9998149586618,16.2061251335933,334.401019195757,140.027211765849,252.888389123504,127.707980610509,140.065764342625
"152","LOC137487238",5964,696.970847996038,525.733050217767,761.783211426729,1759.01622310267,1042.55077909877,1818.71973852625,1100.79564172804,558.70612715763
"153","abcc6b.2",8282,60.7173571032156,14.4346156692275,91.3262816351904,29.3651259763904,16.9263662574103,30.9450135799425,40.6191267035628,29.8072841406909
"154","rps11",561,1.13667439194787,1.5651992894343,1.33462206982533,3.43346088339334,4.53529430820564,5.73814821349928,2.95723319271763,1.91497350589896
"155","shmt1",1776,0.189445731991312,0.869555160796836,0,0,1.45777317049467,0.956358035583214,0.578855349811006,0.603539240786856
"156","actb2",1843,0.947228659956562,2.08693238591241,3.43188532240799,1.62637620792316,5.02121869837053,3.55218698930908,2.77763804397996,1.49763122010493
"157","cyp3c4",2312,35.6157976143667,39.3908487840967,71.6882711791891,140.681541985354,24.7011565000486,34.4288892809957,57.7510842240084,43.6692057700818
"158","cyp3c3",2395,19.5129103951052,102.172731393628,232.033579853918,53.2186436925968,22.6764715410282,43.3093567542684,78.8206156050908,80.753468045221
"159","cyp3c2",2152,23.3018250349314,33.5648292067579,22.7839053348753,128.75478312725,82.3641841329489,124.189922049306,69.1599081476783,49.5477780059175
"160","cyp3c1",1881,2710.40008759971,2284.75618499369,5254.97906978939,9300.7937619437,3066.1019145421,3366.2436626764,4330.5457802575,2641.84654752294
"161","eif3ba",2663,0.189445731991312,0.173911032159367,0.571980887067998,0.542125402641054,3.72542032459749,0.683112882559438,0.98099937683611,1.36076728068851
"162","mafk",4664,0.568337195973937,0.869555160796836,0.762641182757331,4.69842015622247,1.6197479672163,0.956358035583214,1.57917661642501,1.56916017910063
"163","sc:d0202",3221,0.947228659956562,3.65213167534671,2.66924413965066,7.04763023433371,6.64096666558684,11.3396738504867,5.38281253756019,3.73823168107659
"164","slc16a5b",5399,2.65224024787837,1.73911032159367,2.47858384396133,21.5043076380952,30.4512617836665,13.7988802277006,12.1040640104826,11.97727643703
"165","dnajb1a",2988,35.2369061503841,26.7822989525426,34.8908341111479,43.9121576139254,45.0289934886132,34.7021344340195,36.7588874584388,6.76952774272377
"166","eif3g",1031,0,0.173911032159367,0.571980887067998,0.542125402641054,0.32394959344326,1.36622576511888,0.496365446738426,0.478445686476165
"167","sec14l1",3459,0.75778292796525,1.91302135375304,1.33462206982533,0.722833870188072,1.29579837377304,0.136622576511888,1.0267801953361,0.618010400505613
"168","helz",6211,0.189445731991312,0.521733096478102,0.381320591378666,0.90354233773509,0.48592439016489,0.54649030604755,0.504742742299268,0.234977450389552
"169","ptpn12",6027,0,0.521733096478102,0.190660295689333,1.08425080528211,0.64789918688652,0.273245153023775,0.45296475622664,0.386660168309672
"170","rpl18a",620,0.378891463982625,0.869555160796836,0.953301478446664,4.87912862376949,11.6621853639574,5.73814821349928,4.08020171740871,4.35106885282592
"171","sim1b",2325,0,0.173911032159367,0.190660295689333,1.44566774037614,0.809873983608151,0.54649030604755,0.527767226313424,0.536632027357525
"172","upf2",5174,0.378891463982625,1.91302135375304,1.71594266120399,1.9877931430172,2.59159674754608,0.54649030604755,1.52228927925842,0.872906374748724
"173","slc38a4",5398,0,1.21737722511557,1.52528236551466,0.180708467547018,4.21134471476238,0.54649030604755,1.28020051316453,1.55188562663258
"174","dnajc2",2042,4.5466975677915,41.9995142664872,24.5951781439239,147.819526453461,134.925005669118,76.5086428466571,71.7324274912397,59.0343112242086
"175","slco1c1",3937,0,0.521733096478102,0,5.24054555886352,2.59159674754608,4.09867729535663,2.07542544970739,2.25418311891867
"176","cdc123",1389,0.378891463982625,0.521733096478102,0.762641182757331,1.08425080528211,0.64789918688652,1.22960318860699,0.770836487332279,0.32849644272534
"177","adipor2",5128,0.378891463982625,0.521733096478102,0.762641182757331,0.722833870188072,1.78172276393793,1.22960318860699,0.899570927658508,0.519801390649323
"178","aldh1l2",4609,2.27334878389575,3.13039857886861,12.7742398111853,34.1539003663864,40.8176487738508,14.2087479572363,17.8930473785705,16.0725836500149
"179","hspa14",2242,271.665179675542,218.693122940404,133.080886391154,716.780136525247,651.8675694062,670.95347324988,443.840061364738,263.157302458236
"180","glt8d2",6684,1.23139725794353,0.695644128637469,6.95910079266065,7.86081833829529,4.04936991804075,3.48387570105313,4.0467010227718,2.9155397571625
"181","hsp90b1",2720,2124.06554708659,2121.97545889252,10840.9444128955,7164.91002977172,3798.38997052059,4195.06452308577,5040.89165704211,3389.37299002216
"182","mgst1.1",4435,70.6632580327595,105.303129972497,114.777498004978,113.123500684433,71.9168097444038,48.0228356439285,87.3011720138334,27.5757071726391
"183","mgst1.2",2149,4620.6761261341,4938.46462471347,4831.04590232416,8523.92805995907,3337.08574945738,4552.12762679958,5133.88801489796,1757.98777735902
"184","zcrb1",1249,0.568337195973937,1.0434661929562,0.381320591378666,0.180708467547018,1.13382357705141,0.409867729535663,0.61958729240715,0.384735438955248
"185","abcc9",5739,7.95672074363512,15.4780818621837,23.4512163697879,70.6570108108841,41.4655479607373,47.9545243556726,34.4938503504834,23.3466355217636
"186","akr1b1.1",2607,1075.48342051468,695.904995185708,240.231972568559,101.829221462745,129.984774369108,177.131170447662,403.427592424744,395.165155409346
"187","akr1b1.2",1615,111.2046446789,62.9557936416909,35.6534752939052,110.774290606322,70.2160743788267,145.84460042644,89.4414798376809,40.1853042603335
"188","ldhba",1524,3.97836037181756,0,0.381320591378666,0.722833870188072,1.6197479672163,2.32258380070209,1.50414110021712,1.47909308278822
"189","chpt1",2563,0,0.347822064318734,0.571980887067998,0.361416935094036,1.6197479672163,0.819735459071326,0.620117218794733,0.559828908588461
"190","dnajb9b",1106,22.3545963749749,6.08688612557785,104.672502333444,48.2491608350538,11.824160160679,10.3833158149035,33.9284369407721,37.8467526722681
"191","pparaa",5665,23.680716498914,90.2598256907116,74.1668550231504,109.057560164625,90.5439113673912,103.218356554731,81.8212042165873,30.9381917362867
"192","snd1",4332,0.75778292796525,1.0434661929562,0.762641182757331,4.33700322112843,5.34516829181379,4.64516760140418,2.8152049030042,2.17487514184274
"193","rps16",519,0.378891463982625,0.347822064318734,0.190660295689333,2.34921007811124,6.31701707214357,3.14231925977342,2.12098670566982,2.39194672414271
"194","itih2",3260,0.568337195973937,0.695644128637469,1.33462206982533,2.16850161056422,4.21134471476238,2.04933864767831,1.83796472790694,1.33843717667768
"195","usp44",3058,0.75778292796525,0.521733096478102,0.190660295689333,1.44566774037614,0.16197479672163,0.54649030604755,0.604051527213001,0.470821613352579
"196","slco1e1",4598,0,0.521733096478102,0.381320591378666,0.722833870188072,0.16197479672163,0.751424170815382,0.423214420930309,0.302096363440346
"197","slco1d1",3268,7883.40524535448,6274.01439618133,6831.26306440095,7055.31034420445,6927.9050179792,7166.74218479583,7023.10670881937,523.218584293683
"198","nots",2738,0,0,0,5.9633794290516,5.99306747870031,5.87477079001117,2.97186961629385,3.25575274726925
"199","surf4",1273,3.22057744385231,2.60866548239051,3.24122502671866,5.42125402641054,3.72542032459749,6.55788367257061,4.12917099609002,1.52689657356036
"200","hspa5",2340,788.852028011825,441.820977200872,10612.7240389553,4415.97282144648,1053.07914088568,1055.68264870736,3061.35527586792,3973.41881925406
"201","rplp0",1081,10.2300695275309,4.86950890046228,6.86377064481598,32.5275241584633,39.1979008066345,34.7021344340195,21.3984847453211,15.6643562291141
"202","hpda",1785,0.378891463982625,0.173911032159367,2.28792354827199,0.722833870188072,8.5846642262464,2.8007628184937,2.49149782655702,3.16942425306665
"203","hsf5",2138,0,1.39128825727494,0.762641182757331,0.542125402641054,0,0.273245153023775,0.494883332616183,0.53224249678141
"204","hspb1",943,36.373580542332,59.1297509341848,48.2370548094012,76.8010987074827,49.7262625935404,86.8919586615605,59.5266177080836,19.0104781809822
"205","prdx4",1135,1777.2851346765,1604.5901382184,1168.65228242777,4046.5143595466,3061.40464543717,4407.92249729129,2677.72817626629,1360.44761826826
"206","atp5meb",616,1.89445731991312,2.60866548239051,4.76650739223332,0.722833870188072,0.64789918688652,2.1859612241902,2.13772074596696,1.51097885913075
"207","LOC571561",3486,2.27334878389575,3.91299822358576,1.52528236551466,2.71062701320527,2.91554634098934,2.59582895372586,2.65560528015278,0.784723759026041
"208","ugt2b1",3412,104.858212657191,129.563718958729,90.8496308959671,181.250592949659,209.109462567624,166.064741750199,146.949393296562,46.1019642903194
"209","ugt2b2p",749,1.13667439194787,1.99997686983272,1.62061251335933,3.88523205226089,3.07752113771097,4.23529987186852,2.65921947283005,1.26440193777013
"210","ugt2b4p",1391,1.42084298993484,1.21737722511557,2.28792354827199,11.8364046243297,6.4789918688652,14.7552382632839,6.33279641996686,5.79490119961497
"211","ugt2b5",1683,30.8796543145839,55.2167527105991,54.9101651585278,56.7424588097637,82.3641841329489,50.0721742916068,55.0308982363384,16.4800400605834
"212","ugt2b6",1952,75.1152327345554,96.6945338806082,42.6125760865659,203.477734457942,175.985616638051,221.601819102282,135.914585483334,74.0983229800797
"213","gak",5576,0.189445731991312,0.347822064318734,0.381320591378666,1.08425080528211,1.21481097541223,1.50284834163076,0.786749751668968,0.547419928277769
"214","gstt2",1457,181.678456979669,129.12894137833,222.119244478073,227.511960641696,183.84139427905,223.99271419124,194.71211865801,38.1406229157805
"215","hspb8",3074,136.969264229719,56.8689075161131,77.2174197541798,111.135707541416,121.319122744501,130.337937992341,105.641393296378,31.7931160722608
"216","slc39a14",2385,14.5873213633311,27.8257651454987,22.4979148913413,55.6582080044816,55.0714308853542,59.4308207826711,39.1785768454463,19.7290400175618
"217","rpl36a",960,0.568337195973937,1.73911032159367,2.28792354827199,4.87912862376949,6.96491625903009,4.23529987186852,3.44578597008462,2.34926286137523
"218","npas2",8336,0.947228659956562,5.21733096478102,5.14782798361199,27.9194582360143,31.990022352522,30.6034571386628,16.9708875559248,14.6012399337144
"219","cwc15",1276,0.568337195973937,1.21737722511557,1.33462206982533,1.62637620792316,1.78172276393793,2.1859612241902,1.45239944782769,0.552721930163382
"220","eif4a1b",2703,0.947228659956562,2.60866548239051,1.33462206982533,6.68621329923967,5.34516829181379,7.51424170815382,4.07268991856328,2.8179026088643
"221","abca2",9940,2.84168597986969,12.3476832833151,2.09726325258266,15.3602197414965,8.74663902296803,21.5863670888782,10.4966430615184,7.51362988520625
"222","cyp1d1",2271,227.808492719553,647.644683761484,371.882906742044,363.766145172147,442.839094236937,358.634263343705,402.095930995978,138.997282237833
"223","abcb9",3243,6.062263423722,40.6082260092122,2.85990443533999,33.3407122624248,9.88046260001944,43.2410454660124,22.6654356994552,18.388262052115
"224","serpina7",1491,0.568337195973937,0.521733096478102,2.09726325258266,0.542125402641054,1.13382357705141,1.98102735942237,1.14071831402492,0.733515012260407
"225","abcg4a",7252,0.189445731991312,0.434777580398418,0,1.80708467547018,0.809873983608151,1.16129190035104,0.733745645303184,0.673004453067579
"226","c9",2132,7.00949208367856,4.69559786830291,13.5368809939426,7.9511725720688,12.9579837377304,6.42126109605872,8.762064725297,3.63728409768129
"227","rpl12",769,0.568337195973937,0.869555160796836,1.33462206982533,8.67400644225687,15.7115552819981,7.92410943768948,5.84703093142343,6.04345253406036
"228","rpl7a",831,3.41002317584362,4.17386477182481,2.47858384396133,6.68621329923967,23.1623959311931,10.929806120951,8.47348119050226,7.81096892258447
"229","btf3",1089,0.75778292796525,0,0.381320591378666,5.9633794290516,7.61281544591662,9.29033520280836,4.00093893285341,4.1110034712161
"230","fbp1b",1351,0.947228659956562,0.695644128637469,0.762641182757331,0.361416935094036,5.02121869837053,0.819735459071326,1.43464751064788,1.76797789711506
"231","ar",8433,32.2057744385231,100.433621072035,104.958492776978,734.579920578629,930.302244970683,532.554803243338,405.839142846697,380.155887848113
"232","apoa1a",960,3.97836037181756,12.5215943154744,5.33848827930132,3.25275241584633,11.5002105672357,6.42126109605872,7.16877784095568,3.92012024287664
"233","hsd20b2",2523,82.6930620142079,132.085428925039,224.883818765568,300.427827296918,144.805468269137,254.117992312111,189.835599597164,82.9862191058531
"234","akr1a1a",1086,1055.11800432561,1225.29017707882,832.518181127472,675.307543223206,432.715669441835,659.887044552417,813.472769958228,288.445106842679
"235","gc",1630,0.378891463982625,0,0.571980887067998,0,2.26764715410282,0.54649030604755,0.627501635200166,0.84250179034721
"236","slc30a5",2694,547.687611186884,387.734646199309,476.841399519021,702.594521822806,334.234993035084,434.664727172571,480.626316489279,131.113063198468
"237","slc31a1",4270,281.895249203073,126.607231412019,310.966942269302,646.755605350778,574.929540963426,485.966504652784,404.52017897523,197.674249377098
"238","c5",5218,0.378891463982625,0.347822064318734,0.762641182757331,0.542125402641054,3.07752113771097,1.0929806120951,1.03366364391764,1.03875312318791
"239","rxrab",4969,0,0.347822064318734,0.381320591378666,2.89133548075229,1.78172276393793,1.77609349465454,1.19638239917369,1.12847379084023
"240","ptgs1",5781,8.71450367160037,17.3911032159367,8.57971330601998,14.4566774037614,4.53529430820564,10.6565609679272,10.7223088122419,4.58963605995802
"241","gldc",3500,0,0.347822064318734,0.571980887067998,0.542125402641054,0.971848780329781,0.273245153023775,0.451170381230224,0.328593050404199
"242","aldh2.1",3800,832.803437833809,1044.68357018132,1765.13301749184,955.767084856179,950.711069357608,1031.29551879998,1096.73228308679,336.036425917301
"243","aldh2.2",1940,1891.42618820126,2546.84011045785,1735.77133195569,1619.59964039015,1639.02296802618,1855.81276804923,1881.41216784673,344.110311813877
"244","ugt2a5",4091,204.127776220639,222.953943228309,166.637098432477,135.260287958943,95.2411804723185,106.975477408808,155.199293953582,51.8335568160757
"245","ugt2a1",2126,709.853157771448,270.257743975657,305.056473102932,512.39885972957,501.473970650167,514.930490873305,468.99511601718,160.893652823181
"246","ugt2a2",2108,7.38838354766118,14.3476601531478,13.441550846098,50.056245510524,37.4971654410574,40.8501503770544,27.2635259792571,17.6732547997695
"247","ugt2a3",2131,300.366208072226,228.258229709169,213.348870876363,349.219113534612,296.575852797305,282.740422091351,278.418116180171,50.1854691852604
"248","ugt2a4",2097,6.34643202170897,21.0432348912834,5.05249783576732,9.75825724753898,8.66565162460721,11.4762964269986,10.3903950079841,5.70759669586485
"249","dnajc25",5267,19.8918018590878,8.86946264012773,17.7314074991079,111.49712447651,56.5292040558489,61.2069142773257,45.954319134668,38.7076305420775
"250","nup214",6495,0,0.869555160796836,1.04863162629133,1.08425080528211,1.29579837377304,1.22960318860699,0.921306525791717,0.475297257342943
"251","prrc2b",7178,0.378891463982625,1.5651992894343,0.571980887067998,0.722833870188072,2.26764715410282,0.409867729535663,0.986070065718581,0.764103215589959
"252","ddx54",3350,0,0.173911032159367,0.190660295689333,1.9877931430172,1.6197479672163,0.956358035583214,0.821411745610902,0.837594007792069
"253","wbp1",1806,0.947228659956562,1.39128825727494,0,0.542125402641054,0.64789918688652,0.409867729535663,0.656401539382456,0.475270897052186
"254","keap1b",3085,86.7661452520211,138.954914695334,107.723067064473,217.482640692836,196.880365415141,222.011686831817,161.636469991937,58.3656872615593
"255","hmox1b",1157,5230.50193741414,6865.39886103926,2120.6191388046,1513.61412417382,1945.64125822022,1656.95860793617,3222.1223212647,2259.13715839319
"256","lgals2b",685,0.568337195973937,5.56515302909975,0.190660295689333,0,0.64789918688652,0.956358035583214,1.32140129053879,2.10656462415684
"257","uqcrh",818,5.49392622774806,2.26084341807177,4.19452650516532,3.61416935094036,1.13382357705141,2.59582895372586,3.21551967211713,1.54514687632167
"258","rps27a",616,1.5155658559305,2.08693238591241,3.43188532240799,7.04763023433371,10.2044121934627,7.7874868611776,5.34565214220415,3.5048011158261
"259","abcc4",5795,188.024889001378,184.345694088929,153.00488729069,594.350149762142,276.24801580874,279.803036696346,279.296112108037,162.827568931675
"260","myh10",9557,0.189445731991312,0.521733096478102,0.762641182757331,0.180708467547018,0.32394959344326,0.956358035583214,0.489139351300039,0.318242811257801
"261","rpsa",2068,2.46279451588706,3.65213167534671,3.81320591378666,7.58975563697476,23.648320321358,12.159409309558,8.8876028954852,8.05860695137044
"262","cyp27a2",3321,121.90832853641,106.520507197612,79.6960035981411,553.690744564063,573.795717386375,494.30048182001,321.651963850435,241.639288672595
"263","cyp20a1",2063,959.92152399998,430.603715626593,653.297503179499,662.838658962462,405.260941397519,632.972396979575,624.149123357605,200.269480679243
"264","atp5mc3b",861,1.32612012393919,0,0.762641182757331,1.80708467547018,3.88739512131912,2.32258380070209,1.68430415069799,1.34838604926496
"265","nfe2l2b",2911,10.2300695275309,23.6519003736739,41.0872937210512,22.5885584433773,17.4932780459361,21.7913009536461,22.8070668442026,10.2213225907744
"266","abcc6a",6149,0.189445731991312,0.695644128637469,0.571980887067998,4.33700322112843,5.50714308853542,9.15371262629647,3.40915494727618,3.57887201865403
"267","stk24b",2712,0.189445731991312,1.5651992894343,1.71594266120399,0.542125402641054,1.21481097541223,1.36622576511888,1.09895830430029,0.603353973958428
"268","slc15a1b",4835,3.97836037181756,797.729904515017,1.143961774136,5.9633794290516,0.64789918688652,284.721449450774,182.36415912128,321.85471965164
"269","eef1b2",2978,0.189445731991312,0.347822064318734,0.571980887067998,4.15629475358142,7.12689105575173,7.7874868611776,3.36332022564813,3.50213672433448
"270","aldh1l1",2770,11398.0971881233,16811.1099236852,12581.9589029826,6431.05294306328,26700.249441187,12162.8248739708,14347.5488788354,6898.09893118425
"271","aanat1",1598,0,0,0,11.3846334554621,1.29579837377304,3.48387570105313,2.69405125504805,4.46942701589663
"272","hdlbpa",5568,0,0.347822064318734,0.190660295689333,2.52991854565825,9.07058861641129,2.86907410674964,2.50134393813787,3.45035228582478
"273","agxta",1374,0.189445731991312,0.347822064318734,0.381320591378666,1.08425080528211,2.10567235738119,0.54649030604755,0.77583364273326,0.720954334202048
"274","slco2a1",1764,336.455620016571,530.42864808607,987.14368093152,877.158901473226,669.036897858693,1037.10197830174,739.55428777797,275.66825600964
"275","rpl5b",1038,1.70501158792181,0.347822064318734,0.571980887067998,4.33700322112843,11.6621853639574,8.8804674732727,4.58407843294451,4.71065650009546
"276","atp1b1a",2218,0.378891463982625,0.695644128637469,0,0.361416935094036,1.13382357705141,0.819735459071326,0.564918593972811,0.400206375760975
"277","dnajc6",7534,3.78891463982625,1.73911032159367,3.05056473102932,19.1550975599839,26.4018918656257,18.1708026760811,12.0510636323567,10.4830648430683
"278","akr1a1b",1686,220.89372350187,244.69282224823,282.272567768057,338.376605481791,226.683728011921,286.292609080661,266.535342682088,44.6039934573613
"279","mier1a",4071,0,0,0.762641182757331,1.9877931430172,0.64789918688652,2.86907410674964,1.04456793656845,1.15217791115886
"280","serbp1a",2295,15.5345500232876,11.6520391546776,16.2061251335933,23.1306838460183,50.6981113738702,42.2163761421733,26.5729809456034,16.0657418214081
"281","hsd17b7",1740,19.5129103951052,10.0868398652433,6.48245005343731,14.2759689362144,4.8592439016489,17.2144446404978,12.0719762986912,5.89706949860766
"282","vdrb",3726,10.6089609915135,56.1732633874756,20.5913119344479,31.0818564180871,19.5989504033172,33.4725312454125,28.587812396709,15.8683370118278
"283","sec61a1a",2586,0,0.173911032159367,0.762641182757331,1.44566774037614,2.91554634098934,2.1859612241902,1.24728792007873,1.15293502357956
"284","si:ch73-15b2.5",1900,0.189445731991312,0.695644128637469,0.381320591378666,0.542125402641054,0,0.54649030604755,0.392504360116009,0.258228349729107
"285","gpx1b",870,90.7445056238386,2425.71107655885,24.4045178482346,21.5043076380952,8.90861381968966,403.17322328658,495.741040795882,957.229308178432
"286","rplp2",418,0,0.347822064318734,0.571980887067998,0.361416935094036,1.6197479672163,0.683112882559438,0.597346789376085,0.552820421388956
"287","rps26l",421,0.378891463982625,1.73911032159367,1.143961774136,1.08425080528211,6.64096666558684,2.73245153023775,2.28660542680317,2.27374823376784
"288","ahcy",8320,1.13667439194787,1.5651992894343,0.953301478446664,6.32479636414563,14.2537821115035,7.65086428466571,5.31410298669061,5.23300288001715
"289","mst1",2430,0,0,0.190660295689333,1.08425080528211,2.26764715410282,0.956358035583214,0.749819381776246,0.882657445798605
"290","rps10",561,3.031131711861,2.08693238591241,2.09726325258266,5.42125402641054,9.39453820985455,6.42126109605872,4.74206344711331,2.89477123203236
"291","ncoa5",2464,39.0258207902104,112.78130435535,82.3652477377918,190.557079028331,153.06618290194,254.391237465135,138.69781204646,77.537515244588
"292","nat8l2",1240,3.78891463982625,6.26079715773722,3.43188532240799,20.7814737679071,12.3100845508439,9.29033520280836,9.31058177358846,6.55633824758895
"293","cyp24a1",3604,4156.81825135338,3453.43832110463,1788.39357356594,2074.89462437486,5107.065340633,2121.54367936485,3117.02563173278,1341.40856806294
"294","ddit3",3522,0.568337195973937,0.695644128637469,0.953301478446664,1.08425080528211,1.45777317049467,1.50284834163076,1.0436925200776,0.384500386309195
"295","pck1",2610,0.189445731991312,3.82604270750608,0.381320591378666,1.26495927282913,0.971848780329781,0.136622576511888,1.12837327675781,1.39598123987325
"296","cbln11",862,10.9878524554961,1.5651992894343,62.1552563947225,0.180708467547018,5.99306747870031,1.77609349465454,13.7763629300925,24.0284565291222
"297","snrpa1",1101,0,0.173911032159367,0.762641182757331,0.722833870188072,0.971848780329781,0.273245153023775,0.484080003076388,0.386654288439727
"298","fah",2550,0.947228659956562,1.73911032159367,0.571980887067998,0,0.971848780329781,0.409867729535663,0.773339396413946,0.595494358555264
"299","arnt2",7553,2.27334878389575,4.52168683614355,3.90853606163132,35.6899223405361,27.9406524344812,39.3473020354236,18.9469080820186,17.2605866532776
"300","fth1a",1165,4697.96998478656,10660.3114937888,5165.75005140678,4319.20343707505,5645.63153973242,5414.62595231913,5983.91540985146,2341.00503798749
"301","rplp2b",441,1.13667439194787,1.0434661929562,1.90660295689333,4.15629475358142,5.50714308853542,5.60152563698739,3.22528450348361,2.12516940369453
"302","clpxa",3589,300.555653804217,362.952324116599,1054.25610501417,1811.33132445754,1501.26340341443,1375.58441160994,1067.65720373615,619.857732757066
"303","slc39a1",1888,117.077462370631,179.302274156308,133.462206982533,124.688842607442,136.544753636334,150.694701892612,140.29504027431,22.2399588438962
"304","furina",8454,0.189445731991312,0.521733096478102,0.953301478446664,1.08425080528211,1.6197479672163,0,0.728079846569081,0.605881263337107
"305","si:ch73-335l21.1",6957,0.189445731991312,1.0434661929562,3.81320591378666,1.08425080528211,3.07752113771097,1.22960318860699,1.73958216172237,1.39047001413902
"306","slc3a2a",2075,0.568337195973937,2.43475445023114,0,0.542125402641054,0.16197479672163,1.0929806120951,0.800028742943811,0.886059012640565
"307","dnajc3b",3682,11.3667439194787,17.5650142480961,32.2215899714972,44.6349914841135,17.1693284524928,21.927923530158,24.1475986009727,12.2084108600328
"308","ugt5g1",3094,156.861066088807,65.5644591240814,103.242550115774,137.24808110196,92.3256341313292,161.214640284027,119.409405140996,38.3736863442366
"309","rbm4.3",2603,0,0.695644128637469,1.90660295689333,2.34921007811124,1.78172276393793,2.04933864767831,1.46375309587638,0.911781742120125
"310","sf1",2829,0,0.521733096478102,1.52528236551466,0.722833870188072,1.94369756065956,1.63947091814265,1.05883630183051,0.756333225067694
"311","txnb",636,4975.41325928784,2198.6702240748,4031.32129205525,2515.91363942336,1237.08250996145,1540.89772918932,2749.88310899867,1463.13751404856
"312","sb:cb1058",1471,0,0,0.953301478446664,0.542125402641054,0.809873983608151,0.819735459071326,0.520839387294532,0.424947937761197
"313","cyp26b1",3323,0.189445731991312,1.0434661929562,2.09726325258266,11.5653419230092,6.31701707214357,51.096843615446,12.0515629646881,19.5889329527057
"314","nat16l",2339,1.32612012393919,5.21733096478102,0.571980887067998,15.7216366765906,6.96491625903009,30.8083910034307,10.1017293191399,11.505421002272
"315","zgc:77439",2112,1.13667439194787,1.0434661929562,1.143961774136,0,0.809873983608151,0.273245153023775,0.734536915945333,0.486372451418538
"316","hsbp1a",625,4.73614329978281,7.47817438285279,2.28792354827199,2.52991854565825,1.53876056885549,3.14231925977342,3.61887326753246,2.17502733438812
"317","rps13",503,0.947228659956562,1.0434661929562,1.90660295689333,3.07204394829931,7.45084064919499,4.91841275442795,3.22309919362139,2.5469296266949
"318","cyp2r1",3592,21.217921983027,19.8258576661679,403.341855530783,105.714453515006,212.348958502057,35.1120021635551,132.926841560099,151.664844034765
"319","rorab",4455,0.378891463982625,0.869555160796836,0.571980887067998,1.44566774037614,0.971848780329781,1.91271607116643,1.02511001728664,0.568273139495622
"320","aldh1a2",5282,11.840358249457,121.911633543716,9.34235448877731,14.6373858713085,8.74663902296803,15.6432850106111,30.3536093644731,44.9384903634459
"321","lipca",1681,0.378891463982625,0,0,0.90354233773509,1.6197479672163,0.956358035583214,0.643089967419538,0.63510053218536
"322","slc39a13",1594,10.9878524554961,10.434661929562,6.38711990559265,74.9940140320125,43.0852959279536,63.256252925004,34.8575328626035,29.8728076624767
"323","nr1h3",5925,77.1991357864598,63.1297046738503,65.2058211257518,343.436442573108,419.3527487123,383.089704539333,225.235592901801,173.420570343878
"324","hsd11b2",2561,2200.60162281108,1708.5889354497,1624.52104942096,353.917533690835,542.5345816191,319.491895173049,1124.94260302746,816.050684212968
"325","abcc12",5866,140.00039594158,492.08126549493,93.6142051834624,520.350032301639,491.512520651787,583.856580723552,386.902500049491,212.406994135188
"326","f2",2010,0.947228659956562,1.73911032159367,2.66924413965066,4.24664898735492,10.1234247951019,5.46490306047551,4.19842666068887,3.33672939373748
"327","slc67a1",2064,1652.9140116242,963.641029195054,1396.30067548083,593.536961658181,417.733000745084,683.317816424206,951.240582521259,484.756162893529
"328","dnajb6b",4181,7.5778292796525,19.9997686983272,17.3500869077293,38.4005493537413,14.4157569082251,30.5351458504069,21.3798561663471,11.2308649010979
"329","si:dkey-86l18.10",662,0.378891463982625,0.695644128637469,0.953301478446664,0.361416935094036,1.29579837377304,0.54649030604755,0.705257114330231,0.36340195408512
"330","abcf2b",6145,5.87281769173068,25.7388327595863,4.00386620947599,22.0464330407362,48.8354012115715,51.5750226332376,26.3453955910564,20.393399971206
"331","dnaja2a",2338,1814.70066674478,1976.32496945905,2531.58740616296,2119.25855315765,2844.35841783019,2717.83291455098,2334.01048798427,422.031116706051
"332","hsd17b12b",2256,468.309849482524,635.210044962089,214.111512059121,779.395620530289,445.349703586122,606.467617136269,524.807391292736,194.786924934603
"333","per1b",6990,23.3018250349314,87.390293660082,34.7001738154586,244.227493889795,273.25148206939,200.971810048987,143.973846419774,109.285350784561
"334","rps4x",852,0.568337195973937,0.695644128637469,1.90660295689333,3.07204394829931,10.528361786906,6.28463851954683,3.8426047560428,3.88918840242868
"335","got2b",1646,1.13667439194787,0.521733096478102,0.190660295689333,0.722833870188072,0.809873983608151,1.36622576511888,0.791333567171735,0.42149497575123
"336","cyp2x10.2",4199,1711.16857421153,469.385875798132,2425.58028175969,298.259325686353,205.70799183647,385.275665763523,915.896285842617,925.027177590077
"337","cyp2x12",1701,284.35804371896,1755.19709206841,43.9471981563912,2546.27266197126,1481.66445301111,3832.39989373496,1657.30655711018,1417.71933087865
"338","si:dkey-286h2.3",2164,29.6482570566404,54.6080640980413,9.34235448877731,218.747599965665,94.5122938870712,251.658785934897,109.752892571849,101.773656272987
"339","slco3a1b",3207,0,0,0.571980887067998,2.9816897145258,0.809873983608151,3.96205471884474,1.38759988400778,1.67444370014252
"340","slc22a31",3342,73.5996668786249,225.997386291098,237.848718872443,322.203197636333,227.736564190612,235.127454176959,220.418831341011,80.6482961134968
"341","hp",2905,0.568337195973937,0.173911032159367,4.19452650516532,5.42125402641054,1.29579837377304,0.273245153023775,1.98784538108433,2.25308148194313
"342","sult5a1",1945,1.13667439194787,2.78257651454988,1.90660295689333,5.60196249395756,0.32394959344326,3.07400797151747,2.4709623203849,1.8424124927415
"343","nqo1",1544,409.392226833226,749.556548606873,554.344809716735,246.938120903,181.978684116751,220.850394931466,393.843464184675,223.1271885245
"344","cyp7a1b",4056,96.9014919135563,108.520484067445,63.2038880210138,222.452123550379,125.287505264181,305.556392368837,153.653647530902,91.7074487986972
"345","rps20",482,0.947228659956562,1.5651992894343,2.09726325258266,14.8180943388555,17.4932780459361,18.0341800995692,9.15920728105571,8.42877790059514
"346","rpl34",668,0.189445731991312,0.173911032159367,0.762641182757331,1.9877931430172,5.50714308853542,3.00569668326153,1.93777181028703,2.07036991392624
"347","hspa12b",13575,9.28284086757431,6.43470818989659,6.29178975774798,47.4359727310922,16.6024166639671,58.2695288823201,24.0528761820997,22.8782335455579
"348","cct7",2072,0.568337195973937,0,0.190660295689333,0.180708467547018,0.64789918688652,1.36622576511888,0.492305151869281,0.494807859521999
"349","rps17",453,0.568337195973937,0.695644128637469,0.571980887067998,1.44566774037614,4.37331951148401,1.50284834163076,1.52629963419505,1.45814803913567
"350","bmal1b",4360,8.33561220761774,16.6085035712196,8.38905301033064,82.7644781365343,111.519647542842,84.7059974373703,52.0538819843192,46.0863491404755
"351","rpl13",1371,0.189445731991312,1.73911032159367,1.90660295689333,2.89133548075229,11.5002105672357,3.14231925977342,3.56150405303996,4.02687215579829
"352","LOC141375196",1919,0.473614329978281,0.521733096478102,0.762641182757331,2.16850161056422,0.971848780329781,1.98102735942237,1.14656105992168,0.743220375395427
"353","hnf4b",2338,545.982599598962,1200.76872154435,1244.15375952074,2576.54133028538,2198.40292850432,2915.86733920496,1780.28611310979,921.430652237242
"354","sod3a",1122,952.817309050306,983.119064796903,734.42345899531,313.438836960303,272.036671093978,332.402728653423,598.03967825837,331.841053951602
"355","ppp1r15a",1614,0.189445731991312,0.695644128637469,0.571980887067998,0.361416935094036,0,0.683112882559438,0.416933427558376,0.283279751287162
"356","cbln8",814,1.32612012393919,1.39128825727494,1.33462206982533,2.71062701320527,3.07752113771097,2.93738539500558,2.12959399949355,0.861549553735247
"357","cdo1",1125,0.378891463982625,1.21737722511557,0.381320591378666,1.08425080528211,1.37678577213386,0.956358035583214,0.899163982246006,0.425618562714805
"358","hsd17b4",3825,901.193347082673,2040.67205135801,1124.99107471491,984.499731196155,2441.52709838349,1314.44580862087,1467.88818522602,628.010273629083
"359","serpind1",7154,0,0.173911032159367,1.143961774136,0.361416935094036,1.6197479672163,0.956358035583214,0.709232624031486,0.630817638996609
"360","rpl6",950,0.947228659956562,2.08693238591241,2.28792354827199,4.87912862376949,12.3100845508439,6.69450624908249,4.86763400297281,4.20676716860311
"361","hsp70l",2302,11.1772981874874,9.04337367228709,5.14782798361199,1.9877931430172,3.88739512131912,0.956358035583214,5.36667435721767,4.00962233283595
"362","abcd1",3722,11.9350811154527,14.7824377335462,40.2293223904492,199.592502405681,135.005993067479,192.432899016994,98.9963726216003,87.4892908394478
"363","nr1h5",2205,707.863977585539,836.077287106158,1157.30799483425,962.001526986551,606.676601120866,670.475294232089,823.400446977575,207.156566700497
"364","ugt5e1",4442,109.878524554961,46.434245586551,84.0811903989958,43.3700322112843,24.1342447115229,42.3529987186852,58.3752060303334,31.9696286754937
"365","qsox1",2786,1.89445731991312,1.5651992894343,3.24122502671866,1.9877931430172,3.88739512131912,3.48387570105313,2.67665760024259,0.975493093968099
"366","gclm",1826,71.0421494967422,87.2163826279226,69.4956777787618,109.780394034813,95.7271048624834,76.0987751171214,84.8934139863075,15.8013942319129
"367","rorca",1435,1.5155658559305,0.347822064318734,0.571980887067998,4.51771168867545,4.53529430820564,7.85579814943354,3.22402882560531,2.93499877021907
"368","aldh9a1a.2",4146,49.7295046477195,40.6951815252919,33.3655517456332,16.8962417156462,73.4555703132593,25.2751766546992,39.9028711003749,20.0448751153092
"369","aldh9a1a.1",2075,11250.4242400361,6860.79021868704,8458.73934840509,2535.61086238598,9628.67277851566,3694.47940274621,7071.45280846268,3404.40686212697
"370","cry3a",4515,0.189445731991312,0.869555160796836,0.190660295689333,3.07204394829931,2.75357154426771,6.01139336652306,2.18111167459459,2.2557189038457
"371","dnajc5aa",995,0.189445731991312,0.521733096478102,0.762641182757331,2.71062701320527,0.48592439016489,0.819735459071326,0.915017812278039,0.907938174413374
"372","ppdpfa",863,0.189445731991312,0.869555160796836,1.71594266120399,2.71062701320527,5.99306747870031,2.59582895372586,2.34574449993727,2.03588094404547
"373","ppardb",3926,125.981411774223,141.563580177725,153.767528473447,389.155684862503,397.081214163076,372.228209706638,263.296271526269,135.111756974604
"374","rpl10a",1048,1.70501158792181,0.347822064318734,2.09726325258266,11.2039249879151,15.2256308918332,13.389012498165,7.32811088045609,6.66082172500733
"375","gstm.1",1040,435.346292116036,403.212728061493,223.453866547898,480.865232142615,512.326282030516,681.541722929551,456.124353971352,149.633339685409
"376","gstm.2",1546,33.7213402944536,1.21737722511557,26.6924413965066,40.9304678993996,11.5811979655966,40.098726206239,25.7069251645518,16.1453176488934
"377","gstm.3",1001,203.369993292674,173.563210095048,79.2193528589178,94.8719454621845,58.7158638115909,93.5181536223871,117.209753190467,57.4880409055414
"378","atp5pb",2595,0.852505793960906,1.13042170903589,1.04863162629133,0.180708467547018,0.48592439016489,0.819735459071326,0.752987907678559,0.35862158553364
"379","slc16a1b",8738,0,0.173911032159367,0.762641182757331,0.361416935094036,1.94369756065956,0.54649030604755,0.631359502786308,0.69676563535861
"380","capza1b",2288,0.568337195973937,0.695644128637469,0.571980887067998,0.180708467547018,0.48592439016489,0.273245153023775,0.462640037069181,0.196629708163061
"381","hsd17b3",4730,653.114161040049,1379.37535157202,1491.24950273412,5.9633794290516,3.07752113771097,4.44023373663635,589.536691608264,702.538715156956
"382","gstt1a",1108,19510.3528777233,9744.75686498582,10541.2264280718,6826.26236158861,8434.67556448217,10423.9610314157,10913.5391880446,4438.4717643967
"383","selenop",2253,0.189445731991312,1.21737722511557,1.143961774136,2.16850161056422,5.34516829181379,2.86907410674964,2.15558812339509,1.81394565082887
"384","slc15a4",6513,8.14616647562643,15.651992894343,17.0640964641953,61.0794620308921,48.9163886099323,54.717341893011,34.262574728,23.1364880500892
"385","kdm5c",6408,0,0.173911032159367,0.571980887067998,0.722833870188072,0.64789918688652,0.54649030604755,0.443852547058251,0.288544795815303
"386","asgrl1",7272,0.75778292796525,0.173911032159367,0.953301478446664,0.361416935094036,0.809873983608151,0.683112882559438,0.623233206638818,0.295265041379391
"387","gpx8",1581,9.09339513558299,7.82599644717152,4.95716768792265,79.1503087855939,44.3810943017267,71.4536075157172,36.1435949789525,33.6761748369306
"388","ppiaa",817,0.947228659956562,2.95648754670924,1.33462206982533,11.3846334554621,7.28886585247336,10.2466932383916,5.6930884704697,4.57567274778396
"389","sult1st1",1290,37.9838692642581,53.5645979050851,35.6534752939052,113.03314645066,157.277527616703,269.146475728419,111.109848709838,91.0639974725458
"390","sult1st2",5598,29.3640884586534,204.693284851575,1.81127280904866,60.7180450957981,3.32048333279342,54.1708515869634,59.0130043558054,75.5007959380698
"391","sult1st3",1806,1192.27671428732,982.075598603947,1829.48086728699,1246.43665490556,897.907285626356,1030.3391607644,1196.41938024576,336.428626155994
"392","ybx1",1518,6.062263423722,10.9563950260401,11.153627297826,10.8425080528211,16.8453788590495,19.1271607116643,12.4978888951872,4.71569119717616
"393","bmp1a",5756,0,0,0,0.90354233773509,1.13382357705141,0.54649030604755,0.430642703472342,0.507518962451176
"394","nr2c2",3995,0,0.347822064318734,0.190660295689333,1.08425080528211,2.91554634098934,2.73245153023775,1.21178850608621,1.30299999049833
"395","sult1st4",2015,495.021697693299,379.2130056235,401.721243017424,579.441701189513,299.167449544851,727.105352196266,480.278408210809,155.023150973397
"396","slc15a1a",2773,5.3992033617524,533.646002181018,0.381320591378666,3.9755862860344,1.45777317049467,58.1329063058082,100.498798649414,213.356352823514
"397","nfe2l2a",8286,388.647919180177,284.083671032326,141.660599697174,420.147187046817,671.790469402961,617.05586681594,420.564285529233,199.577849220067
"398","creg2",2357,1.13667439194787,0.347822064318734,0.190660295689333,1.80708467547018,1.6197479672163,1.63947091814265,1.12357671879751,0.700259344100837
"399","dnajb2",8606,36.1841348103407,28.869231338455,30.1243267189146,81.7705815650257,75.2372930771972,68.9944011385033,53.5299947747394,24.3505351659448
"400","nr1i2",6157,68.6740778468507,40.0864929127341,53.9568636800812,270.159158982792,187.647802002008,376.258575713739,166.130495189701,136.679577849146
"401","ugt1a6",1882,5.96754055772634,0.95651067687652,0,29.0940632750699,20.3278369885646,54.5124080282432,18.4763932544134,21.0691808590547
"402","ugt1a5",1872,279.432454687186,32.1735409494829,46.3304518525079,82.5837696689873,91.1108231559169,133.138700810835,110.794956854153,89.9535260178239
"403","ugt1a4",1899,574.115290799672,239.12766921913,140.897958514417,120.261485152541,126.502316239593,109.776240227302,218.446826692109,180.468851174989
"404","ugt1ab",1918,1398.67783929186,931.815310309889,137.561403339854,893.061246617363,1163.70792704655,1782.78800090362,1051.26862125152,555.448631652125
"405","ugt1a2",1894,11.7456353834614,44.9560018131964,0.953301478446664,55.025728368067,28.1836146295636,52.6680032453327,32.255380819678,22.4210560154417
"406","ugt1a1",1965,202.043873168735,135.476694052147,88.4663771998504,64.0611517454179,24.7011565000486,93.5181536223871,101.377901048098,61.3134759054019
"407","dars1",2223,0,0.173911032159367,0,0.542125402641054,0.809873983608151,0.819735459071326,0.390940979579983,0.38340526714951
"408","abcb6b",4496,3.22057744385231,2.43475445023114,1.33462206982533,13.3724265984793,5.83109268197868,16.8728881992181,7.17772690726415,6.42620532232374
"409","dnajc15",2423,60.62263423722,37.7386939785827,41.7546047559639,93.0648607867143,44.7860312935307,55.878633793362,55.6409098075623,20.2808943836521
"410","hsd3b1",2692,0.189445731991312,0,0,1.08425080528211,0.971848780329781,0.683112882559438,0.488109700027107,0.488490794326456
"411","cyp27a3",3045,344.507063626202,434.777580398418,433.180191806164,490.442780922607,527.308950727267,684.547419612813,485.793997848912,115.395762814115
"412","slc39a10",7165,5.30448049575675,10.2607508974027,4.19452650516532,32.3468156909162,14.5777317049467,30.6034571386628,16.2146270721418,12.401033216798
"413","dnajc3a",3236,210.095316778365,118.25950186837,785.806408683585,1000.13101363897,397.810100748324,414.103029407531,487.700895187524,340.147122435771
"414","hspd1",2729,763.65574565698,409.908302799628,326.982407107206,924.414165736771,1560.70815381127,743.021882359901,788.115109578626,441.314595796077
"415","hspe1",1242,2129.37002758235,805.903723026508,1042.91181742065,805.869411025927,862.43480514432,763.856825277964,1068.39110157962,529.01830946347
"416","dnajb11",2372,171.82727891612,96.2597563002097,696.291399857443,532.186436925968,210.567235738119,145.093176255625,308.704213998914,245.126706722994
"417","hpxa",1874,1.89445731991312,4.52168683614355,8.77037360170931,4.33700322112843,16.6024166639671,9.42695777932025,7.59214923703029,5.26169292657382
"418","atp5po",777,0.189445731991312,0.521733096478102,0,1.08425080528211,2.26764715410282,1.36622576511888,0.90488375882887,0.846120992874772
"419","rpl8",823,0.75778292796525,0.521733096478102,2.66924413965066,7.77046410452178,13.119958534452,10.7931835444391,5.93872772458449,5.39196843677332
"420","dnajc28",1375,88.2817111079516,155.998195846952,129.267680477368,148.361651856102,128.688975995335,142.97552631969,132.262290267233,24.0557007374107
"421","slc15a2",3229,3.97836037181756,7.30426335069342,2.85990443533999,69.1209888367344,68.4343516148887,43.3093567542684,32.5012042272904,31.8623946732384
"422","cyp27a1.1",2671,310.027940403783,985.466863731054,244.045178482346,683.800841197916,285.399591823512,765.42798490785,545.69473342441,308.233800053362
"423","cyp27a1.2",2986,31.9216058405361,62.6079715773722,7.53108167972864,86.6497101887952,19.1940134115132,106.224053237993,52.3547393226563,39.2669931403717
"424","zgc:136333",3373,116.414402308661,205.388928980213,70.2583189615191,131.646118608003,67.867439826363,203.157771273177,132.455496659656,61.0183168982974
"425","cyp27a1.4",4176,54.6550936794936,88.1728933047992,23.1652259262539,80.415268058423,46.4867666591078,133.411945963858,71.0511989319893,38.5616674697016
"426","dnajc10",2840,95.6700946556128,63.1297046738503,58.9140313680038,170.588793364385,95.4841426674009,140.174763501197,103.993588371742,43.7897554825923
"427","abcb11a",5189,0.378891463982625,12.9563718958729,0.190660295689333,2.52991854565825,0.971848780329781,5.80645950175522,3.80569174721468,4.94383848017116
"428","rbms1b",9882,0.189445731991312,1.21737722511557,2.09726325258266,0.180708467547018,0.64789918688652,0.409867729535663,0.790426932276457,0.746750586869767
"429","rpl31",1228,0.75778292796525,0.869555160796836,1.33462206982533,3.25275241584633,8.26071463280314,2.59582895372586,2.84520936016046,2.83190437248097
"430","ubxn4",2306,0.75778292796525,0,0.762641182757331,0.722833870188072,0.64789918688652,0.136622576511888,0.504629957384844,0.34318393461342
"431","hlcs",3022,0,0.347822064318734,0.762641182757331,1.26495927282913,0.48592439016489,0.683112882559438,0.590743298771587,0.426994982873431
"432","ambp",1297,1.70501158792181,0.695644128637469,1.71594266120399,3.43346088339334,5.99306747870031,3.55218698930908,2.849218954861,1.89476628732011
"433","hsdl2",1471,2299.39757204455,3937.69359015239,4660.11894723867,2803.78222822576,2217.11101752567,3083.09337285551,3166.86612134043,960.974840128068
"434","aldh7a1",2816,2377.16504502699,2831.09769252234,2097.45391287835,1901.95662093237,2754.13845605624,2153.03518325084,2352.47448511119,373.845320235414
"435","npm1a",1601,0.568337195973937,1.21737722511557,0.190660295689333,2.89133548075229,5.99306747870031,3.68880956582097,2.42493120700873,2.21104556045169
"436","per1a",6203,6.44115488770462,32.695274045961,7.62641182757331,73.1869293565423,69.8921247853834,69.9507591740865,43.2987756795419,31.7939370672903
"437","bach1b",3282,43.3830726260105,78.7816975681933,103.337880263618,249.377685214885,174.041919077392,143.726950490506,132.108200873434,73.741656759338
"438","sod1",748,7155.55474304386,5387.06813216856,4791.0072402294,3949.20284977253,2990.4596844731,4658.28336874932,4821.92933640613,1407.75411078546
"439","ugt5d1",1817,707.863977585539,242.605889862317,306.009774581379,271.243409788074,181.897696718391,485.078457905457,365.783201073526,196.340408129214
"440","hspa8",2333,32178.8731445803,31584.8521056235,34746.2182768675,42236.3576401281,63792.8018400337,54292.2407461943,43138.5572922379,13235.184705534
"441","tbl2",1867,0.947228659956562,0.869555160796836,0,0.542125402641054,0.16197479672163,0.819735459071326,0.556769913197901,0.39636193164272
"442","nipblb",9768,0.189445731991312,0.869555160796836,0.190660295689333,0,0.64789918688652,0.683112882559438,0.430112209653907,0.347794393490511
"443","rsf1b.1",8789,0,0,0.953301478446664,0.180708467547018,2.75357154426771,0.956358035583214,0.807323254307435,1.05143627281961
"444","serpinh1a",3837,1.5155658559305,0.173911032159367,1.33462206982533,0.361416935094036,0.48592439016489,0.956358035583214,0.804633053126223,0.548663883464009
"445","rps25",451,0.568337195973937,1.0434661929562,1.143961774136,4.69842015622247,10.3663869901843,3.96205471884474,3.63043783805295,3.71146905736355
"446","rab11fip1b",5076,0.189445731991312,2.26084341807177,3.05056473102932,1.08425080528211,1.29579837377304,0.819735459071326,1.45010641986981,1.03566939783011
"447","myg1",1342,0.75778292796525,0,0.762641182757331,0.361416935094036,0.64789918688652,1.16129190035104,0.615172022175697,0.396038198538624
"448","prr13",876,0.568337195973937,1.91302135375304,1.71594266120399,0.361416935094036,1.13382357705141,1.36622576511888,1.17646124803255,0.617333236133248
"449","tegt",1496,0.189445731991312,0.695644128637469,0.190660295689333,1.08425080528211,1.6197479672163,0.273245153023775,0.67549901364005,0.581758452034003
"450","cyp27b1",2838,0.75778292796525,1.21737722511557,0.190660295689333,5.78267096150458,18.6271016229875,7.51424170815382,5.68163912356934,7.00397717886551
"451","pparg",1712,18.0920674051703,43.1299359755231,35.5581451460606,106.256578917647,110.142861770708,93.5181536223871,67.7829571395827,40.1304769825106
"452","dnajc14",7147,3.97836037181756,5.21733096478102,8.38905301033064,87.8243152278508,64.1420195017655,52.6680032453327,37.036513720313,36.0123078671189
"453","cdab",1308,0.75778292796525,0.347822064318734,0.571980887067998,0.722833870188072,0.809873983608151,0.409867729535663,0.603360243780645,0.192089570666663
"454","dnajc16l",5244,29.9324256546274,32.3474519816423,27.0737619878853,121.616798659143,85.4417052706599,105.267695202409,66.9466397927279,42.3235141147609
"455","abca7",7933,0.189445731991312,2.60866548239051,2.66924413965066,11.7460503905562,7.28886585247336,12.0227867330461,6.08750972168469,5.04507498285126
"456","gamt",757,0.189445731991312,1.91302135375304,0.190660295689333,0.722833870188072,4.8592439016489,3.41556441279719,1.88179492767798,1.91237021479627
"457","rps15",490,2.08390305190444,1.39128825727494,2.66924413965066,5.24054555886352,6.96491625903009,7.7874868611776,4.35623068798354,2.68927693787343
"458","vtg3",4165,0,0,0,11.5653419230092,40.3317243836859,18.1024913878251,11.6665929490867,15.9464665287701
"459","wipf2a",2874,0.189445731991312,0.869555160796836,0,0.722833870188072,0.809873983608151,0.273245153023775,0.477492316601358,0.367986406114556
"460","abcc10",4952,23.3018250349314,59.1297509341848,46.3304518525079,87.5532525265303,50.9410735689527,75.8938412523536,57.1916991949101,22.7196420214651
"461","atp5f1b",1877,0,0.869555160796836,0.953301478446664,0.542125402641054,2.75357154426771,0.478179017791607,0.932788767323979,0.953839814061881
"462","abcb11b",5354,787.336462155894,781.556178524196,1112.31216505157,4436.12181557797,1825.37497165441,4199.77800197543,2190.41326582324,1692.91531285238
"463","ncoa3",6521,30.6902085825926,40.6951815252919,33.5562120413226,179.895279443057,186.432991026596,251.180606917105,120.408413255994,96.8980486615574
"464","rpl22",688,0,0.347822064318734,0.571980887067998,1.08425080528211,3.72542032459749,1.50284834163076,1.20538707048285,1.3448645974295
"465","ugt1b7",1730,98.7012263674738,33.2170071424391,39.9433319469152,42.6471983410963,34.0956947099031,70.7704946331578,53.2291588568309,26.1934119047089
"466","ugt1b6p",1352,1.79973445391747,1.65215480551399,0,1.44566774037614,1.13382357705141,2.73245153023775,1.46063868451613,0.895507664993562
"467","ugt1b5",1915,56.7389967313981,41.4777811700091,33.9375326327012,68.8499261354139,42.2754219443455,77.3283783057284,53.4346728199327,17.1294621436118
"468","ugt1b4",1697,59.7701284432591,21.7388790199209,37.6554083986432,20.3297025990395,14.90168129839,24.7286863486517,29.8540810179841,16.5060280993284
"469","ugt1b3",1728,23.8701622309054,11.2172615742792,4.76650739223332,33.2503580286513,14.9826686967508,32.5844844980852,20.1119070701509,11.6894282084412
"470","ugt1b2",1715,0.473614329978281,5.99993060949817,0.667311034912665,0.542125402641054,1.78172276393793,3.00569668326153,2.0784001373716,2.15652255239795
"471","ugt1b1",1714,38.4574835942364,9.30424022052614,14.2995221767,32.8889410935573,9.63750040493699,32.7211070745971,22.8847990940923,13.2134310154496
"472","gpx1a",990,13817.8875228483,8959.4615992702,10904.43429136,7988.48887061726,4819.80303864719,7293.86949224014,8963.99080249719,3106.15055176364
"473","rrp9",1761,0.75778292796525,0.347822064318734,1.71594266120399,6.50550483169265,5.18319349509216,4.50854502489229,3.16979850086085,2.56390348175385
"474","itih3b.1",4528,0.378891463982625,0,0.762641182757331,1.08425080528211,0.809873983608151,0.956358035583214,0.665335911868905,0.403798323841656
"475","itih3b.2",2967,0.568337195973937,1.0434661929562,3.14589487887399,1.89743890924369,8.0987398360815,2.73245153023775,2.91438809056118,2.72039293156745
"476","dnajc11b",5285,3.031131711861,0.347822064318734,0.571980887067998,4.51771168867545,1.6197479672163,3.41556441279719,2.25065978865611,1.66987828956896
"477","per3",5041,5.11503476376544,27.47794308118,15.157493507302,153.602197414965,163.594544688846,180.956602589995,90.9839693410091,82.9994657902415
"478","akr7a3",1308,713.168458081296,947.032525623834,529.368310981433,333.136059922928,437.979850335288,377.966357920137,556.441927144152,233.92712737071
"479","aldh4a1",1960,207.82196799447,419.995142664872,293.521525213728,256.154252747898,322.89675726457,269.078164440163,294.91130172095,72.3672527346424
"480","rps23",508,1.70501158792181,0.869555160796836,0.762641182757331,4.87912862376949,11.1762609737925,7.37761913164193,4.46170277677998,4.19399646612796
"481","sult6b1",2253,84.4927964681253,2823.35865159125,59.6766725507612,133.362849049699,155.171855259322,489.655314218605,624.28635652296,1088.60277095793
"482","zgc:171772",393,1.13667439194787,0.521733096478102,1.143961774136,1.9877931430172,9.39453820985455,6.69450624908249,3.4798678107527,3.6671811089971
"483","mprip",7638,0.189445731991312,0.521733096478102,0,1.62637620792316,0.971848780329781,0.409867729535663,0.619878591043003,0.593326129674284
"484","sult2st1",2957,24.249053694888,69.5644128637469,60.4393137335185,17.7094298196078,19.7609252000389,28.9639862205202,36.7811869220534,22.3876353617952
"485","sult2st2",864,2925.98933060582,2235.45240737651,1213.5527820626,576.460011474988,580.598658848683,883.469891014121,1402.58718023045,967.242119662977
"486","abcc3",8779,12.408695445431,14.7824377335462,19.1613597167779,76.7107444737092,41.5465353590981,70.9754284979256,39.2642002044147,28.7671818451683
"487","slc39a11",3044,2.27334878389575,8.34772954364963,4.28985665300999,22.8596211446978,11.4192231688749,16.4630204696825,10.9421332939684,7.73131123209471
"488","eif3c",3577,0,0.521733096478102,0.571980887067998,0.542125402641054,1.94369756065956,0.54649030604755,0.687671208815711,0.653074149639067
"489","rbp4",825,2.46279451588706,2.43475445023114,7.43575153188398,11.5653419230092,18.4651268262658,12.159409309558,9.08719642613919,6.23522623237454
"490","g6pc1a.2",2339,0.189445731991312,0.521733096478102,0.571980887067998,0.90354233773509,2.10567235738119,0.273245153023775,0.760936593946245,0.705126653989539
"491","a1cf",4855,0.189445731991312,0.869555160796836,0.762641182757331,0.180708467547018,1.13382357705141,1.36622576511888,0.750399980877131,0.485761452622325
"492","jmjd1cb",9783,0,0.695644128637469,0.190660295689333,2.52991854565825,3.07752113771097,2.59582895372586,1.51492884357032,1.368222778154
"493","cyp26a1",1832,0.189445731991312,43.2168914916028,0.571980887067998,37.2259443146857,14.5777317049467,13.6622576511888,18.2407086302472,18.2025302083255
"494","dnajc9",1124,55.1287080094719,45.6516459418339,26.2157906572833,89.631399903321,30.6132365803881,79.3777169534067,54.4364163409508,25.699628054887
"495","raraa",3455,15.5345500232876,18.0867473445742,45.9491312611292,28.1905209373348,71.8358223460429,66.7401286260571,41.0561500897376,24.394532946182
"496","sult1st6",1600,540.488673371214,711.991765660449,291.3289318133,221.729289680191,245.229842236548,354.194029607069,394.160422061462,193.138893565774
"497","acta2",1591,0.378891463982625,13.73897154059,0.190660295689333,1.26495927282913,0.32394959344326,1.22960318860699,2.85450589252356,5.35288735249873
"498","ep300a",9331,0,0.695644128637469,0,1.62637620792316,0.809873983608151,0.54649030604755,0.613064104369389,0.604728413577227
"499","maff",1475,42.6252896980453,28.3474982419769,42.5172459387212,36.7741731458182,30.1273121902232,28.6224297792405,34.8356581656709,6.72773273035399
"500","rsl1d1",1278,0.189445731991312,0,0.381320591378666,1.44566774037614,0.971848780329781,0.54649030604755,0.589128858353909,0.535155142048269
"501","thrab",8977,0.378891463982625,0.173911032159367,0.762641182757331,2.80098124697878,5.02121869837053,4.64516760140418,2.29713520427547,2.17853894570745
"502","shbg",1580,1.13667439194787,0.347822064318734,1.52528236551466,0.361416935094036,1.29579837377304,0.273245153023775,0.823373213945354,0.557891207983675
"503","glud1b",2659,1.13667439194787,2.08693238591241,0.571980887067998,1.9877931430172,2.26764715410282,1.36622576511888,1.5695422878612,0.656325783091804
"504","slc16a5a",7380,2.46279451588706,2.08693238591241,1.143961774136,10.30038265018,8.5846642262464,12.2960318860699,6.14579457307196,4.81853274982966
"505","nfe2l1b",5980,5.49392622774806,4.34777580398418,5.43381842714598,30.7204394829931,15.5495804852765,39.6205471884474,16.8610146025992,15.0211350887393
"506","aldh18a1",4493,83.3561220761775,67.3035694456751,173.310208781604,518.633301859942,346.950014577732,374.20923706606,260.627075634532,180.744556881794
"507","habp2",1974,0.189445731991312,0.173911032159367,0.381320591378666,0.722833870188072,0.64789918688652,0.683112882559438,0.466420549193896,0.251060440612124
"508","nat9",1471,95.6700946556128,112.69434883927,71.8789314748785,90.173525305962,76.2901292558878,112.440380469284,93.1912350001491,17.3551953295574
"509","rpl38",399,0,0.869555160796836,0.190660295689333,0.361416935094036,3.72542032459749,2.1859612241902,1.22216899006132,1.45726459875863
"510","abca5",11152,22.5440421069662,82.9555623400182,31.7449392322739,154.867156687794,118.727525996955,172.759247999282,97.2664123938816,62.544208147305
"511","dnajb12b",1071,1.98918018590878,3.04344306278893,3.05056473102932,14.2759689362144,13.119958534452,14.7552382632839,8.37239228561289,6.2545546665016
"512","cyp4f3",2890,0,0.869555160796836,1.143961774136,4.969482857543,1.13382357705141,3.41556441279719,1.92206463038741,1.87329528325318
"513","anxa11b",2707,0,1.39128825727494,0.953301478446664,3.25275241584633,4.69726910492727,4.91841275442795,2.53550400182053,2.05461932289027
"514","slc30a6",2338,126.833917568184,205.388928980213,181.222611052711,286.33256682825,210.162298746315,239.362754048827,208.217179537417,53.7322716616786
"515","ddx21",2545,1.32612012393919,1.5651992894343,3.05056473102932,10.8425080528211,11.9861349574006,12.2960318860699,6.8444265067824,5.38251159910032
"516","abcc2",5845,2402.26660451584,5421.06773895571,2820.4377541323,8307.07789890265,5349.21766173183,7166.40062835455,5244.41138109881,2326.78300519674
"517","nrxn1b",12820,0.378891463982625,0.347822064318734,1.33462206982533,3.07204394829931,1.94369756065956,2.1859612241902,1.54383972187929,1.07134953953564
"518","gsta.2",1055,46.9825415338455,72.9556779908545,22.3072545956519,105.443390813685,74.5893938903107,125.282902661401,74.5935269142914,37.4700687724984
"519","LOC137487349",1812,51.7186848336283,74.6947883124482,14.4901824723893,107.792600891796,74.427419093589,126.512505850008,74.9393635756432,39.831518996165
"520","gsta.1",2140,550.813465764741,488.776955883902,281.033275846077,873.002606719644,651.300657617675,1053.42837619491,649.725889671158,277.291593913326
"521","pno1",991,0,0,0.190660295689333,0.722833870188072,0.809873983608151,0.54649030604755,0.378309742588851,0.361850275154472
"522","gclc",3017,53.992033617524,92.2598025605443,77.4080800498691,264.557196488835,352.862094658071,216.136916041806,176.202687236108,120.293004219609
"523","wu:fj16a03",400,8.90394940359168,5.56515302909975,5.33848827930132,6.32479636414563,9.88046260001944,10.2466932383916,7.70992381909157,2.22326161798722
"524","ncoa4",3005,293.546161720539,1035.72715202511,546.527737593472,1283.03011958383,1397.51854611422,1380.22957921134,989.429882708087,466.480816220765
"525","mea1",2243,0.189445731991312,1.21737722511557,0.953301478446664,0.542125402641054,0.809873983608151,0.956358035583214,0.778080309564327,0.362944460587768
"526","pla2g12b",2108,0.378891463982625,0,0.381320591378666,2.16850161056422,0.809873983608151,1.50284834163076,0.87357266519407,0.815725096945033
"527","psap",2454,1.13667439194787,1.0434661929562,0.571980887067998,1.26495927282913,1.29579837377304,0.54649030604755,0.976561570770299,0.335810820934868
"528","abcg2c",2701,147.388779489241,379.560827687819,493.142854800459,138.603394608563,118.565551200233,169.821862604276,241.180545065099,156.255926936911
"529","col13a1",9716,0.189445731991312,0,0.762641182757331,1.08425080528211,0.64789918688652,0.54649030604755,0.538454535494137,0.392921457283525
"530","prdx3",1182,1454.94322169328,1101.81334424567,969.412273432412,787.979272738772,664.420616152127,819.32559134179,966.315719934009,283.434885045023
"531","abcg8",2707,421.706199412661,612.427699749212,366.258428019208,893.784080487551,497.100651138683,954.103763070767,624.23013697968,247.120411644825
"532","abcg5",2054,221.083169233862,413.038701378497,242.710556412521,499.207141598637,374.64770481713,679.833940723153,405.0868690273,170.621090083231
"533","nat8",4149,147.483502355237,78.4338755038746,83.6045396597724,197.604709262664,113.220382908419,179.52206553662,133.311512537765,49.7108988811371
"534","slc39a8",7810,127.686423362145,6.60861922205595,201.337272247935,27.4676870671468,10.0424373967411,8.74384489676081,63.6477140321308,81.8654798452285
"535","adh8b",2561,1458.44796773512,4055.3444034082,1260.26455450649,611.336745711562,1242.18471605818,2351.20623048133,1829.79743631681,1226.14271014436
"536","adh8a",1480,38532.219935507,36908.0948889895,40205.2991931924,16348.8757674463,43639.8976319285,36491.6169411722,35354.334059706,9666.39969214155
"537","vdac2",3252,0.189445731991312,0,0.190660295689333,0.90354233773509,2.26764715410282,1.0929806120951,0.77404602193561,0.852124000281909
"538","zgc:154058",13638,0.189445731991312,0,0.381320591378666,0.542125402641054,1.6197479672163,0.819735459071326,0.59206252538311,0.57749745061773
"539","eif3s10",4637,0,1.0434661929562,0.381320591378666,1.44566774037614,4.37331951148401,1.77609349465454,1.50331125514159,1.5520918514756
"540","LOC141377165",6206,0.189445731991312,0.347822064318734,1.52528236551466,1.80708467547018,3.40147073115423,2.1859612241902,1.57617779877322,1.19927662206468
"541","apcs",888,1.5155658559305,1.0434661929562,3.24122502671866,1.26495927282913,6.15504227542194,1.36622576511888,2.43108073149588,1.98905104562207
"542","nfkb2",3706,147.009888025258,66.2601032527189,203.053214909139,348.586633898198,309.614823933396,222.011686831817,216.089391808421,103.661308745442
"543","agt",2641,0,0.521733096478102,0.762641182757331,1.08425080528211,1.6197479672163,0.54649030604755,0.755810559630232,0.552116713379866
"544","abcb10",3504,15.155658559305,39.4778043001764,23.8325369611666,96.4079674363342,77.6669150280216,88.2581844266794,56.7998444519472,34.9714164757769
"545","gsto1",1413,5.11503476376544,198.780309758157,0,0.722833870188072,1.13382357705141,35.5218698930908,40.2123119770421,78.8685060164815
"546","gsto2",1160,66.4954519289506,409.908302799628,20.2099913430693,169.233479857782,79.2056755968771,181.024913878251,154.346302567427,139.715244751703
"547","cyp17a1",2799,1.13667439194787,1.39128825727494,0.571980887067998,33.9731918988394,10.8523113803492,17.2144446404978,10.8566485759962,13.1502205181466
"548","hif1an",2160,48.1192159257933,64.5209929311252,64.4431799429945,356.718514937814,423.32113123198,341.624752567975,216.457964589614,174.736023143323
"549","dnajb12a",2028,100.879852285374,101.042309684592,157.485404239389,199.773210873228,142.780783310117,168.865504568693,145.137844160232,39.0108424558346
"550","rps24",1858,0.947228659956562,0.521733096478102,0.381320591378666,2.89133548075229,4.69726910492727,6.42126109605872,2.64335800492527,2.49188906930131
"551","rtn1a",3986,0,0,0,1.44566774037614,1.45777317049467,0.683112882559438,0.597758965571709,0.712433345228711
"552","hif1aa",2154,0.568337195973937,1.91302135375304,3.43188532240799,11.4749876892356,2.34863455246364,8.47059974373703,4.70124430959521,4.29168482372896
"553","golga5",2414,0,0,0.381320591378666,0.722833870188072,0.971848780329781,1.0929806120951,0.52816397566527,0.47607725347919
"554","ephx5",2207,892.289397679081,862.511763994382,810.782907418888,784.545811855379,782.095305970391,842.346495484043,829.095280400361,44.3051876960044
"555","esr2b",3076,208.579750922435,559.645701488844,861.593876220095,1663.06002683521,1771.51835174447,2041.00467051109,1184.23372962036,742.205047339234
"556","mgst3b",1078,3885.9108546058,2005.80288941006,1535.3873611862,1664.50569457558,752.615892967054,1934.57568340833,1963.13306269217,1042.80460139418
"557","nid1a",5227,0,0.347822064318734,0.190660295689333,0.542125402641054,2.10567235738119,0.54649030604755,0.622128404346311,0.756502043783664
"558","dnajc12",704,47.929770193802,50.5211548422962,48.5230452529352,61.6215874335332,33.285820726295,54.4440967399872,49.3875791981415,9.36657432380562
"559","slc30a10",4078,3.22057744385231,195.21513359889,0.571980887067998,1.80708467547018,1.45777317049467,30.398523273895,38.778512174945,77.4938326618315
"560","npas4l",4647,0,0.173911032159367,0,5.05983709131651,2.26764715410282,3.55218698930908,1.84226371114796,2.14610526171576
"561","gstp1.1",714,2.93640884586534,2.17388790199209,0.762641182757331,0.632479636414563,0.48592439016489,0.751424170815382,1.29046102133493,1.0138008183617
"562","gstp1.2",2329,5907.67570641709,4008.21451369302,2638.1665114533,2696.17033580151,2201.88538663384,4393.71374933405,3640.9710338888,1400.6193066665
"563","abca1b",8528,13.4506469713832,81.1294965023448,235.560795324171,602.210968100438,380.640772295831,143.726950490506,242.786604947445,217.615566575886
"564","rack1",1045,2.84168597986969,2.78257651454988,3.05056473102932,7.40904716942774,18.9510512164307,7.7874868611776,7.13706874541416,6.23183164991973
"565","dnajc4",3151,90.9339513558299,108.172662003126,78.7427021196944,112.400666814245,74.7513686870323,105.540940355433,95.0903818892269,15.9887722861052
"566","sh3bgrl",3631,0.568337195973937,1.5651992894343,0.953301478446664,0.542125402641054,0.64789918688652,0.956358035583214,0.872203431494282,0.386134882677253
"567","abcb7",2984,203.654161890661,161.389437843893,202.86255461345,589.109604203279,480.174284881272,555.439084809079,365.438188040272,196.740649209887
"568","hspa9",3054,309.838494671791,329.474450425921,561.58990095293,1364.07786727867,1423.75846318313,918.513581889421,817.875459733643,497.569835683312
"569","itln3",1175,0.189445731991312,0,0.953301478446664,3.9755862860344,1.13382357705141,0.409867729535663,1.11033746717657,1.47013002318699
"570","aldob",2648,4.92558903177412,12.1737722511557,14.4901824723893,6.14408789659861,36.9302536525317,9.01709004978458,13.9468292257057,11.8173147321841
"571","ccng1",1941,3.22057744385231,2.43475445023114,2.09726325258266,3.07204394829931,3.56344552787586,4.64516760140418,3.17220870404091,0.898264234955695
"572","wu:fb13g09",8756,0.947228659956562,0.695644128637469,0,2.16850161056422,1.94369756065956,1.02466932383916,1.12995688060949,0.806306919390003
"573","med12",7801,0,0.695644128637469,1.33462206982533,0.361416935094036,0.809873983608151,1.77609349465454,0.829608435303254,0.644462886358404
"574","hspa4b",2943,283.031923595021,504.341993262165,473.409514196613,660.670157351898,764.197090932651,685.367155071884,561.836305735039,175.974239750076
"575","nr3c1",3988,96.8067690475606,106.520507197612,70.3536491093638,198.417897366626,267.33940198905,278.710056084251,169.691380132411,91.0122312619093
"576","eef1g",1471,2.84168597986969,1.91302135375304,2.66924413965066,15.7216366765906,15.5495804852765,15.0284834163076,8.95394200857468,7.10824670478867
"577","cyp4v2b",4562,5513.43913814316,5059.15888103207,4824.27746182719,6819.93756522446,3246.13690109819,4692.64394674206,5025.93231567786,1164.18549009206
"578","slc25a5",1264,5.11503476376544,2.95648754670924,4.57584709654399,19.3358060275309,44.8670186918915,32.6527957863411,18.250498318797,17.3809463280351
"579","rpl39",399,2.08390305190444,2.26084341807177,2.85990443533999,1.62637620792316,5.34516829181379,5.73814821349928,3.31905726975874,1.7707930352256
"580","zgc:77938",1340,1.89445731991312,3.30430961102798,1.143961774136,0.361416935094036,0.809873983608151,1.0929806120951,1.4345000393124,1.04407486275448
"581","tdo2a",1717,0.378891463982625,0,0.190660295689333,0.542125402641054,2.26764715410282,1.22960318860699,0.76815458417047,0.847064208648957
"582","rnasel3",1128,0.75778292796525,0.695644128637469,0.762641182757331,0.451771168867545,2.18665975574201,0.273245153023775,0.854624052832229,0.680841340289672
"583","gsr",2205,194.750212487069,494.081242364762,157.485404239389,94.2394658257699,67.3815154361981,163.19566764345,195.18891799944,153.822924877506
"584","adh5",1291,5842.60109747807,5834.88903997893,5883.01408379005,8593.22975726335,8279.74667141793,11039.7189837548,7578.86660561386,2118.00170412141
"585","slc30a9",3216,144.547093509371,77.3904093109184,105.149153072667,245.763515863945,164.809355664259,213.199530646801,158.476509677993,63.6655741844747
"586","mgst2",1095,480.150207731981,914.685073642192,516.689401318092,757.258833255779,811.81768116881,826.088408879129,717.781600999331,177.65659585336
"587","si:ch211-113d11.6",2597,0.75778292796525,0,0,0.542125402641054,0.971848780329781,0.136622576511888,0.401396614574662,0.415830553277063
"588","LOC795897",1684,0.189445731991312,0,3.81320591378666,3.61416935094036,1.78172276393793,0.204933864767831,1.60057960423735,1.7597757017895
"589","gpx3",4460,1018.3655323193,200.867242144069,406.678410705347,628.775112829849,546.098027146976,764.130070430988,594.152399262755,283.611303414765
"590","nfkb1",7447,1.70501158792181,1.91302135375304,5.81513901852465,57.9170638488193,41.1415983672941,28.1442507614489,22.7726808229603,23.528403506572
"591","rpl26",524,1.5155658559305,1.91302135375304,1.33462206982533,4.51771168867545,7.12689105575173,6.83112882559438,3.87315680825507,2.66819642152754
"592","cyp2y3",2246,4241.3110478215,2824.14125123596,2581.73106392926,4280.26076231867,1772.32822572808,3224.56605083357,3154.05640031117,979.898320137865
"593","apoa1b",1161,149.472682541145,127.389831056736,189.039683175973,56.3810418746696,117.26975282646,71.0437397861816,118.432788543528,49.2473980195208
"594","LOC100002960",1524,0.568337195973937,0,1.52528236551466,0.90354233773509,0.64789918688652,0.54649030604755,0.69859189869296,0.50122318071152
"595","porb",4392,0.189445731991312,0.869555160796836,0.190660295689333,0.180708467547018,1.29579837377304,0.54649030604755,0.545443055974182,0.459068421446683
"596","dnajc30b",1305,114.425222122753,71.1296121531812,48.8090356964692,98.9378859819924,49.7262625935404,77.2600670174725,76.7146809275681,26.2851515470725
"597","abcg1",3262,0.947228659956562,1.0434661929562,0.190660295689333,4.51771168867545,6.96491625903009,3.41556441279719,2.84659125151747,2.60728910228253
"598","chchd2",900,1.5155658559305,1.0434661929562,0.953301478446664,1.26495927282913,0.32394959344326,0.683112882559438,0.964059212694199,0.421851344944453
"599","rbp2a",579,0.75778292796525,3.13039857886861,0.953301478446664,2.52991854565825,4.21134471476238,5.73814821349928,2.88681574320007,1.91532974709253
"600","bach1a",6440,1.89445731991312,4.95646441654196,4.00386620947599,22.7692669109243,24.0532573131621,25.9582895372587,13.9392669512127,11.3947266100072
"601","diabloa",1249,0,0.869555160796836,0.571980887067998,0.361416935094036,1.94369756065956,0.273245153023775,0.669982616107034,0.688951870519767
"602","hspa8b",2515,1.70501158792181,1.0434661929562,2.28792354827199,2.16850161056422,0.16197479672163,1.57115962988671,1.48967289438709,0.789038152724734
"603","aldh3a1",6095,1.89445731991312,20.347590762646,4.00386620947599,6.32479636414563,3.88739512131912,10.5199383914153,7.82967402815253,6.80596186175112
"604","aldh3a2a",2204,341.002317584362,326.170140814893,306.200434877068,510.5917750541,174.446856069196,318.12566940793,329.422865634592,107.379056747719
"605","a2m2d",4471,0.947228659956562,0,0.953301478446664,0.542125402641054,1.86271016229875,0.819735459071326,0.854183527069059,0.610541428460592
"606","hif1al",4005,418.580344834805,644.079507602216,763.213163644399,1688.26885805802,1464.00920016845,1336.64697730405,1052.46634193532,511.200481634623
"607","serpinf2b",1719,0.947228659956562,0.521733096478102,0.762641182757331,0.180708467547018,2.26764715410282,0.136622576511888,0.802763522892287,0.784606701971018
"608","slc47a3",2810,20.6495847870531,33.9126512710766,20.4959817866033,114.930585359904,58.229939421426,140.994498960268,64.8688735977217,51.4352952742277
"609","slc47a4",2874,12.5034183114266,12.5215943154744,11.0582971499813,47.4359727310922,31.4231105639962,58.406151458832,28.8914240884671,20.3763948188351
"610","LOC100537389",5352,0.947228659956562,1.65215480551399,0.953301478446664,0.90354233773509,1.45777317049467,2.59582895372586,1.41830490097881,0.655122571933992
"611","vtna",1855,0.75778292796525,0.173911032159367,0.190660295689333,0.542125402641054,0.48592439016489,0.54649030604755,0.449482392444574,0.226847505791124
"612","serpinh1b",2989,0.378891463982625,2.08693238591241,0.571980887067998,1.08425080528211,0.48592439016489,0.683112882559438,0.881848802494911,0.63850283151768
"613","hspa13",2427,63.9379345470679,58.3471512894677,166.827758728166,230.222587654901,92.4876089280508,131.294296027924,123.852889529263,66.4549636862926
"614","hsph1",3354,2.27334878389575,2.26084341807177,0.571980887067998,20.5104110665866,7.93676503935988,23.3624605835328,9.48596829641912,10.0017887259522
"615","hsc70",2461,2.08390305190444,0.173911032159367,1.52528236551466,5.60196249395756,3.07752113771097,4.3719224483804,2.80575042160457,1.971435859104
"616","rps5",700,0.75778292796525,1.21737722511557,1.33462206982533,2.52991854565825,6.64096666558684,3.68880956582097,2.6949128333287,2.20782106983177
"617","clpb",2707,3.22057744385231,22.9562562450365,9.15169419308797,83.9390831755899,94.8362434805144,95.4308696935535,51.5891207052724,44.2701360466092
"618","sik3",5593,1.13667439194787,0.869555160796836,2.28792354827199,0.180708467547018,1.94369756065956,0.819735459071326,1.20638243138243,0.778868354684258
"619","hpxb",3328,0.568337195973937,0,4.00386620947599,2.16850161056422,2.59159674754608,0.819735459071326,1.69200620377193,1.50115828544927
"620","mtf1",5120,0.473614329978281,2.08693238591241,1.71594266120399,17.8901382871548,12.1481097541223,15.7115962988671,8.33772228620647,7.80904931207816
"621","arnt",6740,13.0717555074006,14.1737491209884,24.2138575525453,169.504542559103,94.593281285432,187.856042703846,83.9022047882191,79.6117687740751
"622","cyp4t8",3922,1677.92084824705,1777.97943728129,1726.90562820613,3150.47142321471,2665.45725485115,3085.00608892668,2347.2901134545,699.657369778315
"623","nat14",5583,0,0,0.381320591378666,3.07204394829931,3.56344552787586,2.1859612241902,1.53379521529067,1.60899119592383
"624","c4b",5401,0,0,1.33462206982533,1.08425080528211,3.07752113771097,0,0.916065668803068,1.21596828689896
"625","rpl18",638,0.378891463982625,1.21737722511557,1.71594266120399,5.42125402641054,9.39453820985455,7.24099655513004,4.22816669028289,3.67110442259648
"626","gapdh",1300,12.5034183114266,7.65208541501216,5.14782798361199,10.8425080528211,18.9510512164307,16.2580866049146,11.8924962640362,5.17356574160422
"627","rxrbb",2272,67.4426805889072,51.6515765513321,72.6415726576358,182.154135287394,171.207360134763,180.000244554412,120.849594962407,62.8611616090944
"628","abcb5",5011,1.32612012393919,0.695644128637469,0.190660295689333,25.4798939241296,5.83109268197868,41.9431309891495,12.5777570239206,17.2946923048208
"629","ahr1a",5044,29.742979922636,74.1730552159701,10.6769765586026,80.8670392272906,66.0047296640643,154.793379187969,69.3763599627554,49.9577851489363
"630","rps27.2",649,0.378891463982625,0.695644128637469,0.381320591378666,1.80708467547018,2.91554634098934,2.59582895372586,1.46238602569736,1.13540662385276
"631","apoa4b.1",1194,0.378891463982625,2.26084341807177,1.143961774136,2.16850161056422,2.75357154426771,0.683112882559438,1.56481378226363,0.961557684069727
"632","si:dkey-7f3.14",3505,0.189445731991312,0.173911032159367,0,1.08425080528211,1.45777317049467,0.54649030604755,0.575311840995835,0.579583734435205
"633","apoeb",1655,0.947228659956562,0.347822064318734,3.43188532240799,1.80708467547018,1.78172276393793,1.0929806120951,1.56812068303108,1.06552728541317
"634","apoc1",784,295.724787638439,342.778644386113,366.067767723519,221.638935446418,121.157147947779,308.493777763842,275.976843484352,90.4963357525723
"635","LOC141378055",1276,0.663060061969593,0.608688612557785,1.52528236551466,0.361416935094036,0.48592439016489,0.409867729535663,0.675706682472772,0.431716553447073
"636","apoa2",664,72.462992486677,35.5648060765906,46.0444614089739,49.69482857543,70.1350869804658,71.3852962274613,57.5479119592664,15.8090293375943
"637","apoc2",798,0.568337195973937,1.21737722511557,0.762641182757331,0.90354233773509,2.26764715410282,2.32258380070209,1.34035481606447,0.769459256281438
"638","rps19",473,0.378891463982625,1.21737722511557,2.28792354827199,4.51771168867545,7.61281544591662,5.87477079001117,3.6482483603289,2.82416265010856
"639","prss59.1",850,0.189445731991312,0.173911032159367,0,0.542125402641054,0.809873983608151,0.54649030604755,0.376974409407906,0.303948672148384
"640","abcb4",4655,164.62834110045,1337.81061488593,338.803345439944,856.91955310796,708.072823868606,946.043031056566,725.379618243243,425.499601999975
"641","LOC101883708",1332,0.378891463982625,0,2.85990443533999,1.9877931430172,2.26764715410282,0.54649030604755,1.34012108374836,1.17807146265884
"642","rps9",1399,0.947228659956562,1.5651992894343,2.47858384396133,9.21613184489792,17.1693284524928,11.6129190035104,7.16489851570889,6.57356308029678
"643","gstk1",7206,4984.12776295944,2401.18962102438,2844.556281537,2214.9436867238,735.527551912922,1710.78790308186,2481.85546787323,1422.31317059838
"644","gstk4",2037,2.55751738188272,1.0434661929562,1.33462206982533,10.7521538190476,1.94369756065956,5.60152563698739,3.87216377689313,3.74734253707451
"645","cited4b",1580,1.32612012393919,1.73911032159367,1.143961774136,1.08425080528211,0.64789918688652,2.04933864767831,1.33178014325263,0.499014988290648
"646","pnp4b",1223,0,0.695644128637469,0.571980887067998,1.44566774037614,4.21134471476238,1.36622576511888,1.38181053932715,1.48638037209198
"647","aldh5a1",4617,132.13839806394,96.4336673323691,44.2331885999252,80.1442053571025,70.944960964074,96.4555390173927,86.7249932224673,29.4930122599239
"648","eif3ea",1497,0,0.521733096478102,0,0.542125402641054,2.91554634098934,0.956358035583214,0.822627145948619,1.08819520374985
"649","sult2st3",2957,24.8173908908619,14.5215711853072,26.6924413965066,56.2906876408961,94.9172308788752,45.017138960667,43.7094101588523,29.2597168900168
"650","afp4",550,0.189445731991312,0.695644128637469,4.38518680085465,2.34921007811124,1.45777317049467,0.956358035583214,1.67226965761209,1.51850388019162
"651","rbm8a",888,0.189445731991312,2.60866548239051,0.190660295689333,1.80708467547018,4.69726910492727,1.50284834163076,1.83266227201656,1.69197611209296
"652","eif3ha",1231,0.189445731991312,0.173911032159367,0.762641182757331,0.722833870188072,0.48592439016489,2.45920637721398,0.798993764079158,0.851318673408231
"653","nr1d2a",4071,2.84168597986969,2.95648754670924,1.90660295689333,13.9145520011204,23.3243707279147,15.5749737223552,10.0864454891438,8.83463265474691
"654","etfb",1309,0.189445731991312,0.521733096478102,0.190660295689333,0.180708467547018,0.971848780329781,0.54649030604755,0.433481113013849,0.313945365412507
"655","fabp10a",441,7.76727501164381,11.4781281225182,13.9182015853213,6.50550483169265,27.0497910525122,9.29033520280836,12.6682059677494,7.52617810452881
"656","pabpc1a",2565,0.568337195973937,3.99995373966545,1.71594266120399,2.89133548075229,5.34516829181379,2.04933864767831,2.7616793361813,1.71092335257445
"657","khdc4",2050,0,0,0.381320591378666,1.62637620792316,0.64789918688652,1.63947091814265,0.715844484055167,0.75147099196155
"658","pklr",1935,7.00949208367856,15.651992894343,8.19839271464131,7.58975563697476,10.0424373967411,8.8804674732727,9.56208969994191,3.16378853279099
"659","slc39a3",5099,18.9445731991312,18.2606583767336,25.5484796223706,45.8999507569426,30.6132365803881,41.3966406831019,30.110589869778,11.5138626749692
"660","cyp1c1",3072,0.568337195973937,0.695644128637469,0,3.43346088339334,2.91554634098934,3.41556441279719,1.83809216029855,1.58054266286896
"661","cyp1c2",3660,4.16780610380887,3.47822064318734,0.571980887067998,3.61416935094036,0.971848780329781,3.41556441279719,2.70326502968859,1.52464606905737
"662","dnajc17",1243,4.64142043378715,27.1301210168613,9.72367508015597,21.8657245731892,14.2537821115035,18.0341800995692,15.9414838858444,8.1714444703226
"663","ephx2",2364,686.551332736516,502.255060876252,820.887903090422,697.896101666584,821.860118565551,700.463949776448,704.985744451962,117.135133040244
"664","slc22a3",2951,76.3466299924989,82.0860071792213,42.7079062344105,135.350642192717,93.0545207165765,144.546685949577,95.6820653775002,38.2968001747374
"665","dnajc5gb",1241,37.8891463982625,66.0861922205595,43.0892268257892,95.2333623972785,73.6175451099809,93.9963326401787,68.3186342653416,24.4101854539108
"666","npas3",7577,2.84168597986969,6.08688612557785,5.33848827930132,24.9377685214885,12.1481097541223,12.6375883273496,10.6650878312849,8.00422059277679
"667","fam177a1",1760,0.75778292796525,0.521733096478102,0.953301478446664,0.722833870188072,1.29579837377304,0.819735459071326,0.845197534320409,0.261770631958521
"668","bach2a",5437,0.189445731991312,0,0.190660295689333,10.481091117727,15.0636560951116,8.40228845548109,5.72119028266673,6.49685445103769
"669","slc22a15",2416,400.677723161626,437.386245880808,310.013640790855,519.175427262583,493.618193009168,505.23028794096,444.350253007667,79.6675943003872
"670","ccdc6a",2502,0,3.47822064318734,1.143961774136,0.542125402641054,2.26764715410282,1.91271607116643,1.55744517420561,1.26075064116887
"671","hspa12a",3047,0.947228659956562,0.347822064318734,1.33462206982533,7.22833870188072,5.66911788525705,4.78179017791607,3.38481992652575,2.87439378212391
"672","slc22a7b.3",2506,1.32612012393919,174.693631804084,0.381320591378666,0.361416935094036,0,30.8083910034307,34.5951467429878,69.6966448292679
"673","ppp1r3ca",2174,0,0,0,0.542125402641054,0.809873983608151,0.956358035583214,0.38472623697207,0.441889318551718
"674","abch1",5583,1.13667439194787,0,0.953301478446664,4.33700322112843,1.94369756065956,6.28463851954683,2.44255252862156,2.38699282447306
"675","rpl13a",763,2.65224024787837,0.695644128637469,0.190660295689333,5.60196249395756,11.6621853639574,7.92410943768948,4.78780032796826,4.47652812297781
"676","dnajc27",4504,2.08390305190444,1.91302135375304,1.90660295689333,14.0049062348939,7.61281544591662,14.4136818220041,6.98915514422758,6.00656775558419
"677","slc30a1b",2510,0,1.21737722511557,0.190660295689333,2.52991854565825,0.971848780329781,2.1859612241902,1.18262767849719,1.02470616998764
"678","aldh6a1",2109,29565.2798260282,15009.0438084499,11991.960617972,17903.601067987,14257.264569633,23386.0279779811,18685.5296446752,6618.23249641698
"679","gstz1",1071,8358.91403265268,5415.41563041054,4400.34429436196,2717.31322650451,2885.2570540024,3492.20967822036,4544.90898602541,2122.64183940826
"680","slc39a9",1882,141.705407529502,128.694163797932,163.205213110069,354.82107602857,292.688457675986,324.888486945269,234.333800847888,100.917420484825
"681","esrrb",6210,0,0.173911032159367,0,1.08425080528211,1.45777317049467,1.50284834163076,0.703130558261152,0.724312794123399
"682","ddx24",3239,0.189445731991312,0.869555160796836,0.381320591378666,0.542125402641054,1.29579837377304,0.819735459071326,0.682996786608706,0.395846736467806
"683","whamm",3131,0,1.0434661929562,0.190660295689333,0.361416935094036,1.13382357705141,0.54649030604755,0.545976217806422,0.458576628533987
"684","gatm",1695,0.378891463982625,0,0.953301478446664,0,0.64789918688652,0.683112882559438,0.443867501979208,0.389011275182301
"685","slc27a2a",4525,0.75778292796525,0,1.33462206982533,0.722833870188072,3.07752113771097,1.91271607116643,1.30091267947601,1.08197191860963
"686","mibp2",1044,0.378891463982625,0,0.762641182757331,3.07204394829931,7.28886585247336,4.09867729535663,2.60018662381154,2.81153098685866
"687","slc30a4",3471,126.170857506214,158.867727877582,156.341442465253,216.940515290195,161.731834526548,194.208992511648,169.04356169624,31.8867954405558
"688","cyp1a",2608,4207.02137033107,2936.48777801092,2005.93697094747,3875.02202384448,2993.78016780589,4309.82748735575,3388.01263304926,897.454528233063
"689","dhdh.2",1153,0.568337195973937,1.0434661929562,0.762641182757331,0,0.48592439016489,0.136622576511888,0.499498589727375,0.387619822078175
"690","ugt5f1",1682,17.6184530751921,15.9128594425821,15.443483950836,62.1637128361742,64.3039942984872,81.2904330245731,42.7888227713074,29.7465810931492
"691","rps3",833,4.5466975677915,1.39128825727494,3.24122502671866,9.938965715086,17.0073536557712,16.8045769109622,8.82168452226741,6.87906821617167
"692","dnaja2b",2585,61.7593086291678,82.43382924354,78.7427021196944,67.7656753301318,65.4378178755386,83.886261978299,73.3375991960619,9.49463551818919
"693","cpt1b",2949,0,0,0.762641182757331,1.08425080528211,1.78172276393793,0.819735459071326,0.741391701841449,0.679080802177434
"694","tat",3791,0.189445731991312,0.695644128637469,0.762641182757331,0.180708467547018,2.42962195082445,0.136622576511888,0.732447339711578,0.87600701853302
"695","hsbp1b",666,109.499633090979,66.6948808331173,64.4431799429945,77.5239325776708,43.9761573099226,75.0741057932822,72.8686482579943,21.5046261004429
"696","bmal2",3630,6.25170915571331,4.08690925574513,4.00386620947599,20.7814737679071,9.71848780329781,16.9411994874741,10.2972742799356,7.05602424743316
"697","nr1h4",2396,135.264252641797,175.128409384483,162.919222666535,428.821193489074,463.490880818945,505.298599229216,311.820426371675,170.97091453554
"698","znf143b",2815,0,0.173911032159367,0,3.61416935094036,1.6197479672163,2.32258380070209,1.28840202516969,1.49335631797642
"699","ces2a",1782,0,0.173911032159367,0.571980887067998,0.722833870188072,3.07752113771097,1.36622576511888,0.985412115374214,1.13060894722655
"700","ces3",1737,0.378891463982625,1.0434661929562,1.143961774136,0.180708467547018,2.42962195082445,0.956358035583214,1.02216798083825,0.790240945294015
"701","mt2",920,218.241483253992,914.598118126112,510.588271856033,3464.45238557766,3109.9160970553,7664.0483632991,2646.97411986137,2811.3211583311
"702","cetp",1936,0,0.869555160796836,0.571980887067998,0.542125402641054,0.48592439016489,0.54649030604755,0.502679357786388,0.281369227927321
"703","aars1",4373,0,0,0.190660295689333,0.542125402641054,0.809873983608151,0.54649030604755,0.348191664664348,0.33387848460779
"704","rpl4",1258,0.378891463982625,1.39128825727494,1.90660295689333,4.87912862376949,22.6764715410282,5.73814821349928,6.16175517607465,8.35303080433303
"705","slco3a1a",6492,7.00949208367856,7.39121886677311,3.62254561809732,11.2039249879151,10.1234247951019,6.69450624908249,7.67418543344141,2.69648951778945
"706","cox4i1",709,0,0,0.571980887067998,0,0.809873983608151,0.819735459071326,0.366931721624579,0.411628691261686
"707","ssr3",756,0.378891463982625,0.173911032159367,0,0.722833870188072,1.29579837377304,0.956358035583214,0.587965462614386,0.49310980497452
"708","yap1",6089,0.568337195973937,0.173911032159367,0.381320591378666,0.722833870188072,0.64789918688652,0.956358035583214,0.575109985361629,0.272408329443713
"709","nat10",3453,49.0664445857499,93.9119573660583,108.48570824723,646.845959584551,725.809064109625,305.488081080581,321.601202495632,296.972584792447
"710","caprin1b",2654,1.13667439194787,0.347822064318734,2.85990443533999,4.69842015622247,6.64096666558684,8.74384489676081,4.07127210169612,3.2487824451989
"711","cyp19a1a",3282,0,0,0,3.43346088339334,0.809873983608151,0.683112882559438,0.821074624926822,1.33163144144646
"712","ugt5c3",9765,156.103283160841,101.216220716752,52.9082320537898,451.951877335092,186.75694062004,332.744285094702,213.613473163536,150.655472802389
"713","ugt5c2",1875,11.7456353834614,1.30433274119525,3.05056473102932,14.2759689362144,4.45430690984483,11.2030512739748,7.67230999595333,5.38393225360981
"714","pgr",5384,0.378891463982625,0,0.571980887067998,2.16850161056422,0.64789918688652,1.36622576511888,0.855583152270039,0.783240847584246
"715","rpl35a",419,1.5155658559305,1.39128825727494,0.381320591378666,2.71062701320527,9.39453820985455,5.32828048396362,3.45360340193459,3.37073254417198
"716","abcc5",5691,96.143708985591,257.997016208421,235.75145561986,1311.40134898871,611.940782014319,1485.63389699027,666.478034801195,594.57213043503
"717","ap2m1b",4882,2.08390305190444,0.173911032159367,0.762641182757331,1.08425080528211,1.45777317049467,0.819735459071326,1.06370245027821,0.65397397231718
"718","abcc8b",5894,0.189445731991312,1.21737722511557,0,0.542125402641054,0,1.22960318860699,0.529758591392488,0.572687690857084
"719","taldo1",3288,0,0.869555160796836,0,0.542125402641054,0.809873983608151,0.273245153023775,0.415799950011636,0.38555085844941
"720","dnajc8",955,45.182807079928,95.2162901072535,92.3749132614817,103.545951904441,82.6071463280314,77.6016234587522,82.7547886899814,20.5831921451837
"721","enpp2l",5578,0.189445731991312,0,0.953301478446664,1.26495927282913,1.13382357705141,0.819735459071326,0.726877586564973,0.516180458314362
"722","cyp51",2474,78.9988702403773,344.517754707706,16.9687663163506,45.1771168867545,15.3876056885549,19.8102735942237,86.8100645723279,128.588893152549
"723","slc39a4",2943,0.189445731991312,43.6516690720012,3.05056473102932,1.62637620792316,0.48592439016489,6.14801594303494,9.19199934602413,17.0207653052951
"724","rplp1",495,2.65224024787837,4.34777580398418,3.05056473102932,9.57754877999196,17.1693284524928,12.8425221921174,8.27333003458234,5.93297893445401
"725","snrpd1",721,1.89445731991312,1.73911032159367,1.90660295689333,0.722833870188072,1.13382357705141,0.956358035583214,1.3921976802038,0.518070882849951
"726","hsf1",6050,3.031131711861,5.56515302909975,7.62641182757331,65.5971737195676,52.2368719427257,58.7477079001117,32.1340750218232,29.6165539990034
"727","eif1",1289,0.189445731991312,2.26084341807177,0.953301478446664,0,0.64789918688652,0.409867729535663,0.743559590821989,0.815667343551222
"728","hsd17b8",920,359.946890783494,234.953804447305,291.3289318133,411.292472137013,176.87647802002,347.636145934498,303.672453855938,86.7565808554685
"729","rxrba",6741,23.8701622309054,19.4780356018491,31.8402693801186,169.865959494197,150.393598756034,154.861690476225,91.718285989888,73.4089085592843
"730","rps27.1",565,0.75778292796525,0.869555160796836,0.190660295689333,2.34921007811124,5.50714308853542,5.46490306047551,2.52320910192893,2.40332211360407
"731","si:ch211-288g17.4",2523,0.568337195973937,0.347822064318734,0,0.542125402641054,1.6197479672163,0.409867729535663,0.581316726614282,0.548067061975081
"732","ssr2",1043,0.189445731991312,0,0.381320591378666,0.542125402641054,1.29579837377304,0.819735459071326,0.5380709264759,0.466718919219643
"733","hsbp1l1",3701,10.2300695275309,4.86950890046228,6.19645960990332,6.9572760005602,3.40147073115423,4.91841275442795,6.09553292067314,2.3661740489951
"734","rpl15",687,10.4195152595222,8.69555160796836,6.86377064481598,19.1550975599839,19.1130260131524,32.5161732098293,16.127189049212,9.59478973010154
"735","thrb",7211,3.69419177383059,6.17384164165754,5.91046916636932,220.373976173589,56.6911788525705,231.438644611138,87.3803837031924,109.194444580513
"736","rps18",506,0.189445731991312,0.173911032159367,0.953301478446664,2.71062701320527,4.8592439016489,6.69450624908249,2.59683923442234,2.69405413472368
"737","slc39a7",1964,88.2817111079516,88.4337598530382,114.586837709289,435.41705255454,138.812400790437,238.952886319291,184.080774722425,135.192690770224
"738","nfe2l3",4008,6.82004635168725,13.5650605084306,10.867636854292,132.188244010644,87.142440636237,70.0190704623424,53.4337498039388,51.3572638757981
"739","txnl4a",794,72.5577153526726,69.0426797672688,119.353345101522,140.771896219127,86.0896044575464,86.9602699498165,95.7959184746589,28.3048476614081
"740","abcf1",3710,202.517487498713,682.166023645118,1106.87834662442,965.796404805038,1324.06297580097,610.361360566858,815.297099823519,400.433209111088
"741","rpl30",630,3.78891463982625,3.30430961102798,2.47858384396133,11.0232165203681,10.0424373967411,14.7552382632839,7.5654500458681,5.06123335115997
"742","zgc:123103",2531,2.27334878389575,1.21737722511557,2.66924413965066,1.9877931430172,8.26071463280314,1.63947091814265,3.00799147377083,2.62165988474216
"743","fabp3",746,0.75778292796525,0.173911032159367,0.762641182757331,1.26495927282913,0.971848780329781,1.50284834163076,0.905665256278603,0.462144869010986
"744","wasf2",3339,0.378891463982625,0.521733096478102,0.571980887067998,0.361416935094036,1.13382357705141,0.409867729535663,0.562952281534972,0.291754805774704
"745","eef1a1l1",1753,6.25170915571331,4.17386477182481,7.81707212326264,23.1306838460183,75.5612426706405,31.8330603272698,24.7946054824549,27.1545595575158
"746","rpl11",611,0.947228659956562,0.869555160796836,0.571980887067998,15.3602197414965,17.4932780459361,19.9468961707356,9.19819311099826,9.31847396894343
"747","slc30a8",3822,19.3234646631139,7.39121886677311,5.62447872283532,52.3151013548617,20.8947487770903,44.6755825193873,25.0374324840103,19.3276539763744
"748","rpl14",1022,1.5155658559305,1.21737722511557,3.62254561809732,3.9755862860344,6.80294146230846,8.60722232024892,4.2902064612892,2.92014143396017
"749","atf6b",3153,0.189445731991312,0.347822064318734,1.52528236551466,2.16850161056422,0.809873983608151,1.91271607116643,1.15894030452725,0.829611748330946
"750","nme2b.1",740,2.84168597986969,1.39128825727494,2.85990443533999,7.40904716942774,9.1515760147721,5.87477079001117,4.92137877444927,3.03408492632699
"751","hsd3b2",3383,0,0,0,18.7936806248899,11.5002105672357,10.3833158149035,6.77953450117151,7.96866354563545
"752","leg1.2",1219,0.75778292796525,0.173911032159367,2.85990443533999,0.180708467547018,2.59159674754608,0.273245153023775,1.13952479393025,1.25028996814296
"753","leg1.1",2447,4.5466975677915,1.91302135375304,7.05443094050531,1.26495927282913,11.0142861770708,2.04933864767831,4.64045565993802,3.79495833498415
"754","akirin2",1525,0.189445731991312,0.695644128637469,1.143961774136,2.16850161056422,1.78172276393793,1.77609349465454,1.29256158398691,0.753074980819011
"755","cyp46a1.1",2129,9.85117806354824,1028.5098441905,7.81707212326264,6.9572760005602,1.45777317049467,222.558177137865,212.858553447705,408.832665101599
"756","cyp46a1.5",2530,23.680716498914,141.128802597326,53.2895526451685,15.1795112739495,6.80294146230846,14.2087479572363,42.3817120724839,51.0278760325717
"757","cyp46a1.2",3024,691.47692176829,1034.5097748,142.232580584242,2270.8729574296,1169.94395672033,1601.96802089014,1151.83403536543,734.872156898517
"758","cyp46a1.4",1849,1287.94680894294,737.469731871797,894.673437522194,1591.58982792036,792.704655155658,1014.96912090681,1053.22559705329,328.3611929601
"759","cyp46a1.3",2826,427.010679908418,304.779083859291,747.579019397874,184.503345365505,76.209141857527,212.106550034706,325.36463673722,238.230319751426
"760","serpina1l",1653,7.00949208367856,1.5651992894343,4.28985665300999,0.90354233773509,15.5495804852765,2.45920637721398,5.2961462043914,5.48350706227933
"761","serpina1",1412,1.32612012393919,1.91302135375304,2.38325369611666,1.08425080528211,11.6621853639574,2.59582895372586,3.49411004946237,4.04390426359526
"762","slc30a1a",3477,68.7688007128464,132.868028569757,98.7620331670744,282.085917840895,328.808837344909,362.323072909526,212.269448424168,127.084864149781
"763","si:dkey-239i20.2",2303,123.708062990327,535.211201470453,130.411642251504,528.481913341254,391.49308367618,561.99696848165,378.550478701895,203.646596724855
"764","fmo5",2188,160.27108926465,367.560966468823,170.926955085487,313.258128492756,207.003790210243,227.818146333573,241.139845975922,82.4568859752487
"765","prdx6",931,1566.14786637218,1499.20005272982,1124.51442397568,674.584709353019,1243.31853963523,1054.93122453654,1193.78280276708,324.971923611195
"766","eif5",2041,0.568337195973937,0.521733096478102,0.762641182757331,0.180708467547018,0.48592439016489,0.819735459071326,0.556513298665434,0.227743778152528
"767","hif1ab",4206,97.1856605115433,254.170973500915,215.255473833257,358.615953847057,491.431533253426,414.307963272299,305.161259703083,143.808157983824
"768","esr2a",3689,53.6131421535414,100.172754523796,56.7214379675765,136.97701840064,166.510091029836,93.9963326401787,101.331796119261,44.364621922278
"769","daam1b",4966,0,0,0.381320591378666,0.90354233773509,1.29579837377304,0.54649030604755,0.521191934822391,0.511799381012233
"770","clocka",5580,0.75778292796525,0.695644128637469,4.67117724438865,4.51771168867545,4.8592439016489,13.6622576511888,4.86063625708408,4.72869110750974
"771","bach2b",3588,0,0,0.762641182757331,0.180708467547018,1.78172276393793,1.50284834163076,0.704653459312174,0.783345043136672
"772","cyp2n13",1929,3547.56077726932,5038.02869062471,1875.8113191395,2891.42583498606,2609.49496258382,3376.14879947351,3223.07839734615,1069.98790306379
"773","cyp2ad6",1798,37.0366406043016,13.2172384441119,30.6009774581379,23.5824550148859,74.1034695001458,73.7078800281634,42.0414435082911,25.9161651557613
"774","cyp2ad2",1887,7455.06844532212,5239.93939896173,5564.42072969318,6840.89974745992,4147.68861965078,6208.26649927669,5909.38057339407,1184.64501733168
"775","cyp2v1",4886,159.797474934672,199.997686983272,131.55560402564,150.168736531572,88.4382390100101,133.480257252114,143.90633312288,36.8128757209703
"776","cyp2ad3",1890,1015.90273780341,588.775799375538,546.718397889162,1051.45221842232,478.068612523891,1059.98625986748,790.150670980301,279.019734465911
"777","cyp2p6",2498,1389.30027555829,1136.07381758107,782.088532917643,1119.30824798623,546.583951537141,837.428082729615,968.463818051664,302.601788019088
"778","cyp2p7",1497,359.283830721524,97.1293114610066,93.2328845920837,163.179746194957,117.755677216625,355.901811813467,197.747210333277,126.291502882599
"779","cyp2p8",1542,37.4155320682842,64.0862153507268,13.8228714374766,29.4554802101639,15.4685930869157,24.318818619116,30.7612517954472,18.5408563238137
"780","cyp2p9",2328,1430.5047222664,1349.11483197629,969.507603580257,1043.6817543178,557.355275519129,877.390186359342,1037.9257290032,320.122075680013
"781","cyp2p10",2519,64.6009946090375,32.7822295620407,76.8360991628011,60.8987535633451,33.2048333279342,68.7211559854795,56.1740110351063,18.7213703629999
"782","cyp2j20",3485,73.5049440126292,97.564089041405,38.8947003206239,73.1869293565423,29.6413878000583,53.487738704404,61.0466315392771,25.1803706689162
"783","esr1",3531,9.75645519755259,14.6085267013868,14.6808427680786,440.747952347177,970.067057565843,666.718173378012,352.763167993008,408.331969075457
"784","rps7",636,10.4195152595222,11.825950186837,9.15169419308797,17.3480128845137,18.9510512164307,25.0019315016754,15.4496925403445,6.08617083534813
"785","sod2",956,1583.1979822514,1425.72264164249,1272.27615313492,815.98908520856,703.375554763679,818.98403490051,1103.25757531693,370.441373069523
"786","apobb.1",11579,0.75778292796525,2.78257651454988,3.43188532240799,2.16850161056422,12.6340341442871,6.69450624908249,4.74488112814283,4.33933299674504
"787","slc22a16",3889,0.947228659956562,0.434777580398418,2.28792354827199,6.05373366282511,4.04936991804075,8.81215618501675,3.76419825908493,3.22505569756226
"788","rxrgb",2165,121.434714206431,306.952971761283,228.60169453151,468.938473284512,1448.05468269137,743.909929107228,552.982077597056,489.215253438394
"789","prg4b",3906,0,0,0.762641182757331,0.722833870188072,1.13382357705141,0.273245153023775,0.482090630503432,0.462571278602992
"790","ptgs2b",2533,0.568337195973937,2.26084341807177,0,3.07204394829931,1.45777317049467,2.86907410674964,1.70467863993155,1.24843801637489
"791","ephx1",4632,1296.47186688255,1084.1613744815,1392.29680927135,1553.36998703417,936.781236839548,1289.78543356048,1258.8111180116,219.62098014671
"792","ncoa1",5296,2.84168597986969,7.47817438285279,9.53301478446664,45.448179588075,60.011662185364,85.5257328964417,35.1397416361783,33.8456957447734
"793","dnajc5ga",2742,5.49392622774806,10.8694395099604,10.1049956715346,51.1404963158061,58.0679646247044,27.1878927258656,27.1441191792699,22.6099094736091
"794","cyp39a1",2279,42.9094582960323,163.650281261965,2.09726325258266,420.779666683232,318.199488159642,561.723723328626,251.55998016368,220.350845912199
"795","hsf2",2043,125.791966042231,183.128316863814,145.283145315272,245.402098928851,317.551588972756,197.283000483166,202.406686101015,70.196547063116
"796","hsdl1",1571,15.155658559305,7.65208541501216,5.14782798361199,18.7033263911164,7.12689105575173,11.4762964269986,10.8770143052993,5.23840172612116
"797","slc22a2",2822,7658.62788434679,5744.89008083646,4185.85146171146,4728.50811606905,6464.98104894878,6014.39906320632,5799.54294251981,1240.9085846271
"798","plg",3582,2.84168597986969,2.95648754670924,4.19452650516532,3.43346088339334,8.0987398360815,2.04933864767831,3.92903989981624,2.16166383518229
"799","afdna",7112,0,0.173911032159367,0,2.52991854565825,0.809873983608151,0.54649030604755,0.67669897791222,0.963094115697623
"800","mgst3a",2856,1360.7886928936,2740.75091131555,1930.62615415018,1276.07284358327,828.177135637695,1600.12361610723,1622.75655894792,658.085181563854
"801","crnkl1",2374,0,0.521733096478102,0.571980887067998,0.180708467547018,0.809873983608151,0.956358035583214,0.506775745047414,0.363760838000647
"802","eif2s1b",3393,0.568337195973937,0.869555160796836,1.33462206982533,0.361416935094036,2.42962195082445,3.96205471884474,1.58760133855989,1.37615725657343
"803","hsp90ab1",2699,9195.6958308583,25275.0120368173,29056.1524123151,57773.2199086519,87366.9377044932,77895.8401772705,47760.4763450677,31367.9999471853
"804","eef1db",1946,0.189445731991312,0.347822064318734,0.381320591378666,1.44566774037614,2.10567235738119,1.0929806120951,0.927151516256858,0.756707813259651
"805","hsp90aa1.2",2413,11.1772981874874,13.9128825727494,8.38905301033064,10.6617995852741,2.91554634098934,5.05503533093984,8.68526917129512,4.09880144086588
"806","hsp90aa1.1",2474,0.75778292796525,0.347822064318734,0.190660295689333,1.35531350660264,1.29579837377304,1.50284834163076,0.90837091832996,0.557720613871124
"807","rps29",298,0.568337195973937,0,0.571980887067998,1.26495927282913,2.75357154426771,1.77609349465454,1.15582373246555,0.997134355379098
"808","faua",485,2.65224024787837,1.5651992894343,0.953301478446664,1.80708467547018,6.15504227542194,5.19165790745173,3.05408764568387,2.12281487823898
"809","nup54",1931,0.75778292796525,0.347822064318734,0.381320591378666,0.722833870188072,0.809873983608151,0.273245153023775,0.548813098413775,0.239371356964918
"810","bhmt",1773,17.6184530751921,10.6085729617214,12.2022589241173,3.25275241584633,16.197479672163,5.87477079001117,10.9590479731752,5.63372194684958
"811","nop14",2966,0,0,0.190660295689333,1.26495927282913,1.13382357705141,0.956358035583214,0.590966863525514,0.590118446357996
"812","rad23b",1982,0.947228659956562,1.91302135375304,1.90660295689333,1.80708467547018,2.10567235738119,1.63947091814265,1.71984682026616,0.407937532156293
"813","txnl1",1667,270.528505283594,350.865507381523,461.49324571603,566.069274591034,492.80831902556,542.733185193474,447.416339531869,114.920651102467
"814","nsa2",1461,9.09339513558299,11.1303060581995,12.583579515496,21.3235991705481,25.7539926787392,34.9753795870432,19.1433753576015,10.073214965563
"815","atp5fa1",1851,0,0.869555160796836,0.381320591378666,0.722833870188072,2.42962195082445,0.956358035583214,0.893281601461873,0.831142800493359
"816","rpl37",503,0.75778292796525,0.173911032159367,1.71594266120399,8.13188103961581,7.77479024263825,6.42126109605872,4.16259483327357,3.67132704554718
"817","rpl28",504,0.378891463982625,0.695644128637469,0.762641182757331,3.61416935094036,5.83109268197868,4.23529987186852,2.5862897800275,2.28374075056376
"818","stbd1",3595,0,0.173911032159367,0.190660295689333,1.08425080528211,1.29579837377304,1.50284834163076,0.707911474755769,0.659243631912186
"819","rpl35",520,0.947228659956562,0,0.381320591378666,3.25275241584633,7.93676503935988,2.86907410674964,2.56452346888184,2.94571511154077
"820","dnajc21",2249,3.78891463982625,13.3911494762713,24.2138575525453,147.819526453461,121.643072337944,55.4687660638264,61.0542144206457,60.230757130006
"821","gtf3c5",3258,0,1.5651992894343,3.24122502671866,0.542125402641054,0.16197479672163,0.273245153023775,0.963961611423237,1.24698478421348
"822","setb",2536,0.189445731991312,0.695644128637469,2.09726325258266,0.542125402641054,2.10567235738119,1.0929806120951,1.12052191422146,0.813298232563143
"823","slc31a2",1640,22.6387649729618,20.7823683430444,22.5932450391859,105.714453515006,77.9908646214649,98.2316325120472,57.991888167285,40.4576196728581
"824","gstt1b",1249,2843.01209999363,1452.07016301464,1303.16312103659,475.805395051299,161.0029479413,402.080242674485,1106.18899495199,996.144203265257
"825","rxraa",6042,11.5561896514701,22.9562562450365,10.6769765586026,23.0403296122448,31.1801483689138,22.2011686831817,20.2685115199083,7.81803076142581
"826","rpl17",841,0.947228659956562,0.173911032159367,0.953301478446664,5.05983709131651,7.93676503935988,5.32828048396362,3.39988729753377,3.14533408944184
"827","rpl23a",537,0.378891463982625,0.347822064318734,0.571980887067998,4.15629475358142,10.8523113803492,4.50854502489229,3.46930759569871,4.09266554997661
"828","esrra",4863,31.8268829745405,59.8253950628223,81.6026065550344,257.23850355318,289.286986944831,208.007872739349,154.631374638293,110.373661063818
"829","prdx5",789,604.521330784278,377.647806334066,387.707711284258,175.287213520608,241.099484920146,267.848561251556,342.352018015819,152.15069475457
"830","hif1al2",3536,23.8701622309054,37.1300053660249,61.4879453598098,342.532900235373,130.794648352716,250.08762630501,140.983881308307,129.190022252258
"831","cfb",4077,0.947228659956562,0.608688612557785,4.28985665300999,1.9877931430172,4.53529430820564,2.04933864767831,2.40303333740425,1.65790251070165
"832","bfb",1555,0.189445731991312,0,0.190660295689333,0.722833870188072,1.45777317049467,1.22960318860699,0.63171937616173,0.606191427578897
"833","slc22a6l",2585,2.46279451588706,61.3905943522566,0.381320591378666,0.180708467547018,0,15.9848414518909,13.4000432298267,24.3030726352418
"834","LOC141380010",2032,0.0947228659956562,0,0,3.9755862860344,1.29579837377304,2.11764993593426,1.24729291028956,1.59017959937429
"835","dnajc18",2560,17.9973445391747,25.7388327595863,18.8753692732439,72.6448039539013,70.2970617771875,63.6661206545396,44.8699221596056,26.5899656074976
"836","rps14",515,0.75778292796525,1.39128825727494,1.33462206982533,2.16850161056422,9.55651300657618,7.24099655513004,3.74161740455599,3.70821521567554
"837","pgk1",1902,0.378891463982625,1.0434661929562,0.762641182757331,0.542125402641054,0.48592439016489,1.22960318860699,0.740441970184849,0.336577661252171
"838","aldh3a2b",7928,32.0163287065318,70.6078790567031,46.7117724438865,86.9207728901157,92.7305711231332,124.804723643609,75.6320079773299,33.4714876092413
"839","vtnb",1700,0,0.173911032159367,0.762641182757331,0.90354233773509,0.971848780329781,1.22960318860699,0.673591086931426,0.482145147382865
"840","slc47a1",3313,85.2505793960906,219.301811552962,45.6631408175952,240.432616071308,170.802423142959,724.714457107308,247.694171348037,245.570359820196
"841","slc47a2.1",4062,42.8147354300366,268.257767105824,92.8515640007051,220.373976173589,305.970391007159,158.755433906813,181.503977937354,102.118007638216
"842","slc47a2.2",4545,1.89445731991312,6.60861922205595,1.52528236551466,6.77656753301318,6.96491625903009,4.91841275442795,4.78137590899249,2.49169337611178
"843","slco2b1",3736,38.2680378622451,232.779916545313,56.3401173761978,144.566774037614,96.0510544559267,245.510769991862,135.586111711527,88.2320512739726
"844","hspa4a",3222,31.0691000465752,60.3471281593004,115.158818596357,489.448884351099,711.231332404678,219.689103031115,271.157394431521,272.170587537751
"845","sra1",1084,0.189445731991312,0.521733096478102,1.143961774136,0.722833870188072,0.809873983608151,0.136622576511888,0.58741183881892,0.385610695218929
"846","slc22a5",3047,0.189445731991312,0.521733096478102,0,2.71062701320527,1.29579837377304,1.77609349465454,1.08228295168371,1.0451006761307
"847","faxdc2",2156,0.947228659956562,0.521733096478102,0.381320591378666,0.542125402641054,1.29579837377304,0.409867729535663,0.683012308960515,0.362437028969163
"848","larp1",4502,0,0,0.190660295689333,0.542125402641054,0.971848780329781,0.683112882559438,0.397957893536601,0.397784276340753
"849","galnt10",5102,0.75778292796525,0.695644128637469,0,0,0,1.22960318860699,0.447171707534951,0.523508262578061
"850","slc22a4",4310,4.16780610380887,492.863865139647,0.381320591378666,1.89743890924369,1.0528361786906,105.199383914153,100.92710847282,196.410914839145
"851","slc22a21",6913,2.46279451588706,218.258345360006,0,0.722833870188072,0.32394959344326,39.0740568823999,43.4736633703207,86.9832438904083
"852","ndufaf3",1107,0.947228659956562,0.347822064318734,0.953301478446664,0.722833870188072,0,0.819735459071326,0.631820255330226,0.3811246641075
"853","slc25a34",1638,0.75778292796525,0.347822064318734,0.381320591378666,1.26495927282913,0.48592439016489,1.22960318860699,0.744568739210609,0.415329599137802
"854","pparda",5487,138.674275817641,170.084989451861,201.813922987159,306.571915193516,309.209886941592,330.353390005744,242.784730066252,82.4041536064002
"855","zgc:173480",1622,0.378891463982625,0.173911032159367,0.571980887067998,1.9877931430172,0.48592439016489,0.819735459071326,0.736372729243901,0.649139039151745
"856","aqp12",1010,0.75778292796525,0.869555160796836,0.381320591378666,1.62637620792316,8.26071463280314,4.23529987186852,2.68850823212259,3.06364417877806
"857","rpl36",400,0.568337195973937,0.695644128637469,0.571980887067998,5.05983709131651,5.34516829181379,8.19735459071326,3.40638703092049,3.25215781213114
"858","si:rp71-36a1.1",2633,0.568337195973937,0.869555160796836,0.381320591378666,0,0.16197479672163,0.54649030604755,0.421279675153103,0.311309119879144
"859","rnasel2",1003,1.5155658559305,0.869555160796836,2.47858384396133,1.62637620792316,2.26764715410282,0.819735459071326,1.59624394696433,0.688151857023338
"860","cela1.6",914,0.189445731991312,1.0434661929562,0.571980887067998,0.361416935094036,1.13382357705141,2.1859612241902,0.91434909139186,0.725296150454717
"861","ftcd",1707,0,0.173911032159367,0.571980887067998,0.542125402641054,1.29579837377304,0.54649030604755,0.521717666948169,0.446299511652952
"862","ahr1b",6927,0.75778292796525,0.173911032159367,0,0.722833870188072,2.42962195082445,1.63947091814265,0.953936783213299,0.922813547155968
"863","ahr2",7562,33.1530030984797,51.3037544870133,59.7720026986058,234.740299343577,247.983413780816,309.860003528961,156.135412822909,121.364154308016
"864","si:dkey-236e20.1",1518,12.5034183114266,31.3909413047658,8.77037360170931,10.9328622865946,7.36985325083417,13.8671915159566,14.1391067118812,8.77839737287211
"865","sult3st3",1065,747.07924410774,1014.07522852127,433.942832988921,464.330407362063,442.515144643493,838.179506900431,656.687060753987,245.488183030048
"866","sult3st5",1318,1.04195152595222,7.82599644717152,0.476650739223332,0.361416935094036,0.64789918688652,2.11764993593426,2.07859412837698,2.88688741748415
"867","sult3st4",2075,3.22057744385231,10.3477064134823,2.76457428749532,2.43956431188474,1.53876056885549,2.93738539500558,3.8747614034293,3.22350286366866
"868","sult3st2",1278,321.489407189257,514.428833127408,186.084448592789,189.472828223048,149.826686967508,327.142759457715,281.407493926288,136.271195266407
"869","lpla",1879,0,0.173911032159367,0.762641182757331,0.180708467547018,1.45777317049467,0.683112882559438,0.543024455919638,0.54166680525195
"870","serpinc1",2424,0,0.173911032159367,0.571980887067998,0.722833870188072,1.94369756065956,1.36622576511888,0.796441519198979,0.737362119142775
"871","slc30a7",1940,917.864571497909,529.211270860954,972.653498459131,2192.26477404665,1368.36308270433,1817.5584466259,1299.65260736581,619.027372968373
"872","gpx4a",1031,120737.459189837,55715.6165063482,63473.4816791185,77035.6582983587,21218.0504713467,60880.9328097683,66510.1998257963,32435.1447063798
"873","cirbpb",3043,0.947228659956562,0.347822064318734,0.571980887067998,0.180708467547018,3.88739512131912,2.86907410674964,1.46736821782651,1.53638863229569
"874","bsg",2269,0.568337195973937,0,0,0.722833870188072,0.809873983608151,0.54649030604755,0.441255892636285,0.355472339129333
"875","hsd11b1la",1489,660.597267453706,662.948854591508,369.118332454548,356.35709800272,294.308205643202,399.211168567736,457.090154452237,162.189444451582
"876","cfhl4",1677,0.568337195973937,0.521733096478102,2.85990443533999,2.71062701320527,3.88739512131912,1.50284834163076,2.00847420065786,1.36296346651201
"877","cfh",3501,0.189445731991312,0.173911032159367,0.762641182757331,0.90354233773509,0.809873983608151,0.409867729535663,0.541546999631152,0.325082626535712
"878","LOC141380276",4215,0,0,0,364.760041743656,1068.30477177751,545.807193164991,329.81200111436,428.853058539106
"879","vtg5",4212,0.378891463982625,1.0434661929562,0,700.245311744695,804.204865722893,1053.01850846537,426.481840598317,480.545026415447
"880","vtg4",4228,0,0,0,475.172915414884,536.5415141404,851.15865166906,310.478846870724,363.250453578794
"881","vtg6",4256,0,0,0.190660295689333,173.480128845137,160.112086559331,320.926432226424,109.118217987764,132.124436527455
"882","vtg7",4195,0,0,0,364.217916341015,421.539408468042,592.668736908569,229.737676952938,262.651858517613
"883","vtg2",4996,0,0,0,236.005258616406,466.568401956656,311.841030888384,169.069115243574,199.561113430971
"884","si:ch211-12h2.8",638,0,0,0,11.7460503905562,4.69726910492727,7.7874868611776,4.03846772611017,4.95628205383031
"885","dnaja3b",2081,25.0068366228532,32.9561405942001,19.4473501603119,91.9806099814322,51.9129223492825,65.5788367257061,47.8137827389643,27.6718974262591
"886","hmox2a",2872,681.152129374764,546.167596496493,695.052107935463,1154.09462798903,559.056010884706,1021.73193844415,776.209068520768,252.497833231533
"887","rpl32",1808,0,1.5651992894343,1.71594266120399,5.05983709131651,8.74663902296803,6.69450624908249,3.96368738566755,3.40738789667859
"888","pfn2b",3210,2.65224024787837,2.08693238591241,0.381320591378666,3.25275241584633,3.72542032459749,3.96205471884474,2.676786780743,1.31916474791594
"889","ncl",5065,0.75778292796525,0.521733096478102,1.143961774136,2.89133548075229,2.26764715410282,1.91271607116643,1.58252941743348,0.926198686564876
"890","kng1",1566,1.70501158792181,0.434777580398418,0.476650739223332,0.90354233773509,3.32048333279342,0.88804674732727,1.28808538756656,1.09534775641978
"891","dnajc19",510,173.721736236033,157.998172716785,169.211012424283,123.33352910084,113.139395510059,111.142465992421,141.42438533007,28.7548963348942
"892","psmd1",5992,0,0.521733096478102,0.571980887067998,0.90354233773509,0.16197479672163,0.273245153023775,0.405412711837766,0.325729415962883
"893","ahsg1",2768,4.92558903177412,7.13035231853406,9.15169419308797,3.52381511716685,14.3347695098643,8.2656658789692,7.88864767489941,3.78672437791941
"894","fetub",1922,3.59946890783494,10.2607508974027,20.9726325258266,10.8425080528211,60.0926495837248,18.7856042703845,20.7589357063324,20.2685740651573
"895","cp",3345,30952.5909214006,58428.1068749379,99440.5931594327,76176.3895351726,63596.9743107972,41053.1715257511,61607.971054582,24575.8657926371
"896","LOC141380266",2533,2.36807164989141,5.21733096478102,7.72174197541798,16.0830536116846,5.42615569017461,5.66983692524334,7.08103180286549,4.72995489027216
"897","si:ch211-284e20.8",4651,0.568337195973937,0.347822064318734,0.190660295689333,1.08425080528211,0.16197479672163,0.683112882559438,0.506026340090864,0.349983318962164
"898","si:ch211-262h13.5",1825,0.189445731991312,0.695644128637469,0.571980887067998,0.180708467547018,2.26764715410282,1.22960318860699,0.855838259658935,0.792340959594882
"899","ncoa6",7361,7.19893781566987,90.2598256907116,46.6164422960419,224.53027092717,262.966082477566,254.732793906414,147.717392185596,113.051302685681
"900","mafba",3474,0,0.521733096478102,0,0.361416935094036,1.13382357705141,0.819735459071326,0.472784844615812,0.451485702072511
"901","srsf6a",3336,0,1.5651992894343,0.190660295689333,0,0.64789918688652,0.683112882559438,0.514478609094933,0.597408954634484
"902","slco4a1",3566,0.189445731991312,0.521733096478102,0,3.25275241584633,0.971848780329781,2.04933864767831,1.16418644538731,1.25704350402679
"903","rps21",380,0.75778292796525,0.173911032159367,1.52528236551466,1.44566774037614,6.4789918688652,3.68880956582097,2.34507425011693,2.34986526173231
"904","slc16a7",4949,0.75778292796525,0.173911032159367,0.381320591378666,0.90354233773509,2.75357154426771,1.77609349465454,1.1243703213601,0.97135851222234
"905","krt8",2167,0.378891463982625,0.173911032159367,0.571980887067998,0.90354233773509,3.88739512131912,0.273245153023775,1.031494332548,1.42267178746691
"906","krt18a.1",1743,0.947228659956562,0.521733096478102,0.381320591378666,2.16850161056422,0.48592439016489,0.273245153023775,0.796325583594369,0.710384544133577
"907","gss",6754,19.8918018590878,22.6084341807177,43.4705474171679,52.4054555886352,52.6418089345298,27.4611378788894,36.4131976431713,14.9170621196313
"908","ppdpfb",762,0.568337195973937,1.0434661929562,0.953301478446664,1.08425080528211,2.75357154426771,0.683112882559438,1.18100668324768,0.79703840888617
"909","dnajc5ab",5139,2.84168597986969,2.43475445023114,4.19452650516532,8.67400644225687,11.6621853639574,7.1726852668741,6.16330733472575,3.64339090384728
"910","naca",6128,0.189445731991312,0.521733096478102,0.571980887067998,2.34921007811124,5.02121869837053,3.68880956582097,2.05706634297336,1.97913449916858
"911","hsd17b10",1253,603.952993588304,429.560249433637,314.39882759171,279.736707762784,319.900223525219,279.803036696346,371.225339766333,126.615046394154
"912","ssr4",950,0.189445731991312,0,0,0.722833870188072,1.45777317049467,0.683112882559438,0.508860942538916,0.565064166824261
"913","rpl10",751,1.70501158792181,1.5651992894343,1.52528236551466,5.05983709131651,11.1762609737925,7.10437397861816,4.68932754776632,3.91733411637937
"914","tktb",2704,1.89445731991312,1.91302135375304,1.71594266120399,0.90354233773509,2.10567235738119,0.819735459071326,1.55872858150963,0.554523356426979
"915","rerea",9745,0,0,0.381320591378666,0.542125402641054,0.64789918688652,0.683112882559438,0.375743010577613,0.309394586991243
"916","hspb7",2895,2.65224024787837,4.52168683614355,2.28792354827199,4.51771168867545,3.40147073115423,3.68880956582097,3.51164043632409,0.928649671833724
"917","sult1st5",1029,167.280581348329,211.214948557551,99.2386839062977,48.8816404714684,23.0004211344715,49.3207501207914,99.8228375898182,74.8414870068483
"918","si:dkey-151g10.6",394,1.32612012393919,2.95648754670924,5.33848827930132,11.7460503905562,17.1693284524928,17.2144446404978,9.29181990558276,7.07197300512842
"919","lrp1ab",15569,0.568337195973937,1.0434661929562,1.52528236551466,0.90354233773509,1.94369756065956,1.63947091814265,1.27063276183035,0.516426823650653
"920","LOC141380497",2911,0.568337195973937,0.695644128637469,0.476650739223332,0.90354233773509,0.64789918688652,0.273245153023775,0.594219790246687,0.212774961220318
"921","hnf4a",4200,680.394346446799,848.946703485951,399.147329025618,1206.0483124088,1947.3419935858,1592.06288409303,1112.323594841,583.222167483049
"922","hspg2",15025,3.22057744385231,6.78253025421532,3.05056473102932,75.9879106035211,63.6560951116006,83.5447055370193,39.3737306135397,38.9099360892484
"923","rps26",417,1.5155658559305,0.695644128637469,0,0.542125402641054,2.91554634098934,3.00569668326153,1.44576306857665,1.27027544139242
"924","dnajc22",1887,542.383130691127,777.73013581669,992.100848619443,502.09847707939,438.384787327092,526.680032453327,629.896235331178,211.833932018045
"925","masp2",2371,5.68337195973937,6.78253025421532,12.2022589241173,5.42125402641054,5.18319349509216,5.05503533093984,6.72127399841909,2.75515094271944
"926","dnajc11a",2745,283.221369327012,198.084665629519,204.006516387586,412.467077176069,325.407366613755,333.564020553774,292.791835947952,82.4526314336353
"927","rps12",629,1.5155658559305,1.21737722511557,0.953301478446664,8.31258950716283,11.6621853639574,9.01709004978458,5.44635158006625,4.75657192571245
"928","aldh8a1",1645,1104.27917177736,1081.81357554734,1444.15640969885,473.817601908281,660.938158022612,619.856629634434,897.47692443148,370.976136084886
"929","slc39a5",2928,1.13667439194787,62.6079715773722,0.190660295689333,1.26495927282913,0.32394959344326,19.0588494234083,14.0971774257817,24.8742791793292
"930","rarga",6918,4.92558903177412,6.08688612557785,6.86377064481598,25.6606023916766,15.7115552819981,33.3359086689006,15.4307186907905,11.8015488208856
"931","hnrnpa1b",1713,0,0.869555160796836,0.381320591378666,0.542125402641054,1.29579837377304,0.409867729535663,0.583111209687543,0.44775091452156
"932","nfe2",4092,3.22057744385231,5.21733096478102,10.295655967224,20.420056832813,11.5002105672357,18.1708026760811,11.4707724086645,6.83422430703326
"933","dnajc16",4501,2.84168597986969,3.82604270750608,1.143961774136,12.6495927282913,14.5777317049467,10.6565609679272,7.61592931044616,5.69373171996105
"934","gpx7",954,2.46279451588706,2.26084341807177,0.571980887067998,0.361416935094036,0.16197479672163,0.683112882559438,1.08368723923366,1.00808382338873
"935","cyp2aa12",2407,644.399657368449,178.432718995511,374.647481029539,22.5885584433773,30.5322491820273,41.6698858361257,215.378425142505,249.920600656909
"936","cyp2aa6",1817,299.229533680278,168.954567742825,816.216725846034,356.537806470267,117.755677216625,143.31708276097,317.001898952833,261.869384568253
"937","cyp2aa7",1691,25.9540652828098,40.1734484288138,10.2003258193793,44.4542830165664,11.5811979655966,28.6224297792405,26.8309583820677,14.1542577007047
"938","cyp2aa4",1843,3.78891463982625,1.21737722511557,4.00386620947599,0.722833870188072,0.16197479672163,0,1.64916112355458,1.79438882349977
"939","zgc:101048",1693,1.13667439194787,1.39128825727494,0.381320591378666,0.542125402641054,0.566911788525705,0.409867729535663,0.738031360217317,0.421486852330675
"940","cyp2aa8",4238,0,0.173911032159367,0.190660295689333,1.80708467547018,0.64789918688652,0.819735459071326,0.606548441546121,0.66580551625128
"941","cyp2aa1",1883,42.3411211000583,92.0858915283849,45.6631408175952,108.967205930852,89.2481129936182,97.0020293234402,79.2179169489915,28.1186967111025
"942","cyp2aa2",1798,302.260665392139,198.780309758157,285.990443533999,307.927228700119,246.687615407043,291.962446005904,272.268118132893,41.9573924875139
"943","cyp2aa3",3274,0.473614329978281,1.0434661929562,1.04863162629133,5.69231672773107,1.6197479672163,8.74384489676081,3.103603623489,3.3496120548916
"944","LOC103909721",4450,0,0,0,3.34310664961983,5.02121869837053,5.73814821349928,2.35041226024827,2.68956195128243
"945","rprd1b",1834,0.378891463982625,0.695644128637469,0.571980887067998,3.07204394829931,4.21134471476238,3.2789418362853,2.03480782983918,1.6754893074377
"946","abce1",2777,574.58890512965,491.472576882372,551.198914837861,1987.52208031588,2125.51426997959,1906.97792295293,1272.87911168305,807.317815974562
"947","eno3",1845,3.97836037181756,3.99995373966545,3.24122502671866,2.52991854565825,4.8592439016489,2.45920637721398,3.51131799378713,0.939875701301725
"948","gltpd2a",1770,3.031131711861,3.30430961102798,1.52528236551466,9.75825724753898,8.42268942952477,17.077822063986,7.18658207157556,5.83726348061015
"949","cyp17a2",2180,5.68337195973937,0.869555160796836,5.33848827930132,3.07204394829931,1.6197479672163,1.77609349465454,3.05988346833461,2.02950854540063
"950","vdra",9302,2.46279451588706,4.34777580398418,4.76650739223332,39.575154392797,24.4581943049661,35.8634263343705,18.578975457373,16.8949672508082
"951","abcg2a",2261,2356.98907456991,3027.18238128203,2055.5086478267,2901.81657187002,3760.48786808773,3021.33996827214,2853.88741865142,594.408900530355
"952","idi1",3309,1.5155658559305,0.347822064318734,1.143961774136,0.361416935094036,0.64789918688652,0.683112882559438,0.783296449820871,0.460931099107325
"953","abi1a",3944,0,0.347822064318734,0.571980887067998,1.9877931430172,0.971848780329781,0.54649030604755,0.737655863463544,0.689606927465753
"954","zgc:56095",1045,1.5155658559305,2.95648754670924,0.762641182757331,1.80708467547018,0.64789918688652,0.819735459071326,1.41823565113752,0.884117693720492
"955","cdv3",2129,0,1.21737722511557,1.143961774136,3.43346088339334,2.75357154426771,1.36622576511888,1.65243286533858,1.23651383580417
"956","ncoa2",8347,25.9540652828098,55.4776192588381,54.6241747149938,223.897791290755,201.334672324986,208.281117892373,128.261573460793,91.7342772821391
"957","pdia4",2399,1.32612012393919,0.695644128637469,8.96103389739864,3.25275241584633,0.32394959344326,0.273245153023775,2.47212421871478,3.36553887103245
"958","sec61g",530,0.189445731991312,0,0.190660295689333,1.26495927282913,1.13382357705141,1.91271607116643,0.781934158121268,0.767837938968055
"959","LOC556735",6043,0,0.347822064318734,0,1.26495927282913,1.13382357705141,0.956358035583214,0.617160491630414,0.572006348193551
"960","slc22a13b",4311,1.5155658559305,61.2166833200973,0,0.9938965715086,5.58813048689624,6.35294980780278,12.6112043403726,23.9503628827742
"961","LOC103909751",601,1.89445731991312,3.65213167534671,3.24122502671866,14.0049062348939,3.40147073115423,8.53891103199298,5.78885033666993,4.62575935513401
"962","rpl21",566,0.189445731991312,1.21737722511557,3.24122502671866,4.51771168867545,7.45084064919499,6.28463851954683,3.81687314020713,2.82961975748976
"963","dap",903,0.189445731991312,0.521733096478102,0.762641182757331,1.44566774037614,1.45777317049467,0.819735459071326,0.866166063528148,0.50503046251845
"964","hnf4g",2352,56.0759366694285,208.258461010842,69.1143571873831,77.1625156425767,132.657358515015,132.797144369555,112.677628899133,57.1008116239673
"965","hgd",1572,0.75778292796525,0.521733096478102,0.190660295689333,0.90354233773509,2.42962195082445,1.0929806120951,0.982720203464554,0.774908503872251
"966","abcc13",3800,0.189445731991312,2.08693238591241,4.57584709654399,3.9755862860344,4.77825650328809,7.30930784338599,3.81922930785936,2.44431915927204
"967","rpl22l1",644,0,0.521733096478102,0.190660295689333,2.34921007811124,3.07752113771097,0.956358035583214,1.18258044059548,1.25076958851907
"968","eif5a",2149,0.75778292796525,1.0434661929562,1.143961774136,1.26495927282913,8.0987398360815,1.0929806120951,2.23364843601053,2.87822544986158
"969","abca4a",1387,0,0.173911032159367,0,1.62637620792316,0.64789918688652,1.0929806120951,0.590194506510692,0.663286854761477
"970","abcd3a",3477,4222.36647462237,2859.35823524824,2696.69922222992,4993.3363752592,4231.91551394603,6653.79272128195,4276.24475709795,1461.11971956267
"971","abcb8",2591,109.120741626996,77.9121424073965,56.2447872283532,164.986830870428,61.7933849493019,137.305689394447,101.227262746154,43.7065008067903
"972","cebpd",1212,2.65224024787837,2.08693238591241,3.05056473102932,2.16850161056422,3.2394959344326,1.63947091814265,2.47286763799326,0.614778366485062
"973","abcd4",2567,46.4142043378715,40.3473594609732,13.6322111417873,117.460503905562,42.032459749263,120.637735059997,63.4207456092423,44.6139885895433
"974","crp3",2006,3.12585457785665,3.30430961102798,3.05056473102932,2.52991854565825,7.85577764099906,4.64516760140418,4.08526545132924,1.97738834912694
"975","slc22a17",10031,0,0,0.571980887067998,2.89133548075229,0.809873983608151,3.41556441279719,1.28145912737094,1.49372916915928
"976","vapa",1927,1.32612012393919,0.695644128637469,1.71594266120399,1.44566774037614,1.6197479672163,1.63947091814265,1.40709892325262,0.376513972849098
"977","ssr1",1634,0.947228659956562,0.521733096478102,1.42995221767,5.05983709131651,1.94369756065956,4.57685631314824,2.41321748987149,1.92873141166281
"978","LOC141380785",2777,1.13667439194787,0,0.381320591378666,0.722833870188072,1.29579837377304,0.273245153023775,0.634978730051905,0.508820456354573
"979","rmdn1",1262,1.89445731991312,0.521733096478102,1.143961774136,0.180708467547018,0.809873983608151,1.50284834163076,1.00893049721886,0.633921536125492
"980","zgc:114188",473,1.89445731991312,1.5651992894343,1.71594266120399,2.43956431188474,6.96491625903009,3.82543214233285,3.06758533063319,2.07933939546093
"981","rsl24d1",967,0.189445731991312,0,0,1.80708467547018,2.91554634098934,2.32258380070209,1.20577675819215,1.30175766898841
"982","pparab",10276,13.8295384353658,14.4346156692275,18.5893788297099,61.8926501348537,40.1697495869643,67.9014205264082,36.1362255304216,24.3521265055602
"983","LOC141380851",2840,0,0,0.762641182757331,8.31258950716283,12.6340341442871,12.4326544625818,5.69031988279818,6.15779245219891
"984","fth1b",1425,19.8918018590878,41.5647366860888,13.3462206982533,29.997605612805,27.0497910525122,29.3738539500558,26.8706683098005,9.62919171877745
"985","metap2b",3008,0.189445731991312,0.521733096478102,0.762641182757331,0,0.64789918688652,0,0.353619866352211,0.334427265653485
"986","slc25a3b",1516,0.378891463982625,0.695644128637469,0,1.08425080528211,1.78172276393793,2.1859612241902,1.02107839767172,0.836712043655189
"987","ldhbb",2688,1.13667439194787,0.173911032159367,0.762641182757331,1.26495927282913,3.07752113771097,4.23529987186852,1.77516781487886,1.54955438676977
"988","zgc:158398",2110,0.568337195973937,0.695644128637469,1.143961774136,2.71062701320527,1.78172276393793,1.50284834163076,1.40052353625356,0.790868808249975
"989","fads2",1983,5.3992033617524,3.99995373966545,5.14782798361199,20.058639897719,19.4369756065956,24.1821960426041,13.0374661053248,9.1293119767661
"990","ppib",1051,0,0.347822064318734,0.953301478446664,0.542125402641054,1.6197479672163,1.36622576511888,0.804870446290272,0.620793291866344
"991","cat",2304,11073.8608178202,17794.1420329661,17624.2564129305,12861.2023437888,16648.4984936344,15058.3354492755,15176.7159250692,2728.24320442205
"992","anpepb.1",3268,0.189445731991312,39.8256263644951,0.953301478446664,0.180708467547018,0.16197479672163,1.36622576511888,7.11288043405343,16.0336661093463
"993","dnajc24",9921,12.3139725794353,9.91292883308393,6.48245005343731,33.7924834312924,27.5357154426771,23.7040170248125,18.9569278941231,10.9339794296601
"994","cyp2x6",1834,2.36807164989141,0.695644128637469,3.71787576594199,0.632479636414563,1.0528361786906,1.36622576511888,1.63885552078248,1.19785367609104
"995","cyp2x7",2392,888.689928771246,125.215943154744,771.983537246108,155.680344791756,167.643914606887,147.552382632839,376.127675200597,354.030448653102
"996","cyp2x8",1303,632.464576252996,1142.59548128704,512.685535108616,2525.40083396958,2213.38559720108,3145.5982016097,1695.3550375715,1085.77376387065
"997","cyp2x9",1652,1943.42904163288,3099.44241514424,1348.06362067143,3956.61189694196,4948.7349768376,7405.55844853861,3783.64006662779,2204.18664527342
"998","bmal1a",5863,47.5508787298194,62.9557936416909,56.5307776718872,122.791403698199,84.3888690919693,164.835138561592,89.8421435658597,45.5201389180332
"999","dnajb9a",3043,5.30448049575675,1.91302135375304,4.38518680085465,5.69231672773107,2.26764715410282,3.14231925977342,3.78416196532862,1.58282028694293
"1000","cyp11a1.1",2185,0.378891463982625,0,0.190660295689333,179.262799806642,73.2126081181768,67.3549302203606,53.3999816508085,70.6013536346453
"1001","abcc8",5754,0.75778292796525,6.60861922205595,0,4.33700322112843,0.16197479672163,6.48957238431466,3.05915875869765,3.13202016687806
"1002","ugt5a5",3403,1.32612012393919,6.78253025421532,2.09726325258266,3.25275241584633,1.6197479672163,2.86907410674964,2.99124802009157,1.99549512968598
"1003","ugt5a4",1638,1.5155658559305,26.7822989525426,11.725608184894,9.0354233773509,5.26418089345298,12.2960318860699,11.1031848583735,8.69410094935199
"1004","ugt5a3",1690,134.790638311819,319.648477108917,428.509014561775,230.132233421128,166.267128834753,246.740373180469,254.34797756981,107.04456384117
"1005","ugt5a2",2364,81.3669418902687,132.259339957199,213.158210580674,95.4140708648256,64.384981696848,87.1652038145843,112.291458134067,54.2961308019894
"1006","ugt5a1",1977,128.917820620088,63.477526738169,212.681559841451,128.574074659703,104.149794292008,96.6604728821605,122.410208172263,50.3960548567627
"1007","hsd17b12a",1996,0,23.912766921913,0.381320591378666,79.9634968895555,26.8068288574298,68.5162221207117,33.2634392301648,33.8835272444713
"1008","pdia3",2487,0.947228659956562,0.347822064318734,0.381320591378666,1.26495927282913,3.2394959344326,1.63947091814265,1.30338290684306,1.07267016995279
"1009","clpxb",4614,149.851574005128,244.779777764309,363.779844175247,746.687387904279,610.07807185202,606.809173577549,453.664304879755,235.709686639305
"1010","lrrk2",15472,0,0,0,0.542125402641054,0.64789918688652,0.683112882559438,0.312189578681169,0.345120999260506
"1011","hsd17b2",4849,0,0.347822064318734,0,1.08425080528211,0.728886585247336,0.614801594303494,0.462626841525279,0.429347198592364
"1012","mafb",2500,0.378891463982625,0.521733096478102,0.762641182757331,1.62637620792316,4.8592439016489,2.86907410674964,1.83632665992329,1.74663958633936
"1013","pdhx",2162,0.568337195973937,0.173911032159367,0.571980887067998,0.180708467547018,0,0.683112882559438,0.363008410884626,0.278948910350736
"1014","rpl27a",483,1.5155658559305,3.82604270750608,2.28792354827199,5.05983709131651,10.0424373967411,6.96775140210627,4.9499263336454,3.16738290816386
"1015","mt-rnr2",1683,4.92558903177412,21.1301904073631,23.2605560740986,9.0354233773509,46.2438044640254,13.4573237864209,19.6754811901722,14.766721862731
"1016","ND1",975,0.189445731991312,1.30433274119525,2.85990443533999,0,3.15850853607179,1.63947091814265,1.52527706045683,1.31312203251182
"1017","ND2",1047,0.568337195973937,0.521733096478102,0.953301478446664,0.722833870188072,2.75357154426771,1.0929806120951,1.10212629957493,0.838469282862058
"1018","COX1",1551,3.8836375058219,19.3910800857694,18.6847089775546,14.9988028064025,33.7717451164599,23.7723283130684,19.0837171341795,9.85600188780224
"1019","COX2",691,2.84168597986969,5.39124199694038,6.10112946205865,4.51771168867545,21.1377109721727,6.62619496082655,7.76927917675724,6.68301220014133
"1020","ATP6",684,0.663060061969593,3.56517615926703,2.66924413965066,0.9938965715086,3.64443292623668,2.59582895372586,2.35527313539307,1.26484579465758
"1021","COX3",786,2.08390305190444,7.47817438285279,6.10112946205865,3.61416935094036,15.6305678836373,6.14801594303494,6.84266001240475,4.72720892216109
"1022","ND4",1381,0.378891463982625,0.869555160796836,1.71594266120399,0.632479636414563,4.61628170656646,2.59582895372586,1.80149659711506,1.60126321640417
"1023","ND5",1821,0.189445731991312,0.869555160796836,0.571980887067998,0.542125402641054,3.07752113771097,1.57115962988671,1.13696465834915,1.05798157640212
"1024","CYTB",1141,0.75778292796525,3.65213167534671,4.19452650516532,1.80708467547018,5.10220609673135,3.41556441279719,3.15488271557933,1.59692116173352
