"","E1_S1_L001.bam","E2_S2_L001.bam","E3_S3_L001.bam","E4_S4_L001.bam","E5_S5_L001.bam","E6_S6_L001.bam","L1_S1_L001.bam","L2_S2_L001.bam","L3_S3_L001.bam","L4_S4_L001.bam","L5_S5_L001.bam","L6_S6_L001.bam","enriched_mean","enriched_sd","unenriched_mean","unenriched_sd","enriched_m_mean","enriched_f_mean","unenriched_m_mean","unenriched_f_mean","enriched_m_sd","enriched_f_sd","unenriched_m_sd","unenriched_f_sd"
"1",595.434344202928,367.102489506537,236.132904569016,469.685234549143,280.447572788497,338.084242102579,508.113431760228,400.849955155644,169.302259547663,472.637078333166,258.24159809593,356.009230123414,366.594312546,105.744901915246,337.272405633636,107.737069527083,357.640209541565,375.548415550434,347.596431012158,326.948380255115,117.063332288075,118.36641860947,158.524308694863,59.7367343305228
"2",192.593318879653,177.17793764378,224.654221708022,516.895863795062,492.848940740963,406.416957060751,499.322541937387,784.881031073988,620.118741366439,627.691930118355,656.546435837111,629.724869364029,386.219410480994,149.297085702626,617.530403040153,129.067362205952,306.242674382288,466.1961465797,677.563900852928,557.496905227378,183.968948587711,51.8713842380305,93.0164669622057,148.935671556433
"3",21.666748373961,29.317212703647,12.2985887796362,31.8772624822872,20.8999057710665,25.0553288179967,19.3399576102509,19.6220257768497,35.4353566495108,26.1538304215981,15.3194168361993,19.6789021676259,23.1313760274808,7.14367261682028,23.2234846465441,7.01047911438881,24.4976879885235,21.765064066438,27.0704042826529,19.3765650104353,10.6419913478862,2.95427506634369,7.94641045089799,3.91474551139987
"4",11296.4006244537,4434.54708678209,3854.37772353799,3651.76234765442,2933.76351707343,4179.6843982749,6517.56571465455,2538.24919156249,2470.63181084089,2267.91072370144,2015.59755801993,2769.35823231681,4261.95013132956,1218.76028002504,2720.61627462852,796.972964156503,3980.22905265817,4543.67121000096,2425.59724203494,3015.6353072221,406.28426591954,1819.41593572764,140.683353997616,1143.24724758979
"5",1811.17966963074,964.281365665608,899.436792750729,290.123439553981,213.859500913238,356.306299424758,1645.65457483589,1792.6122120422,1352.44944545633,237.252604538783,177.26753767602,434.724838793918,728.276995524035,551.641452043648,787.097272338547,653.074420642753,717.94719932344,738.60679172463,1127.43808734577,446.756457331324,371.922144711208,788.748713619768,801.722184189987,275.701696663193
"6",288.087506157481,309.105394810192,58.2133202236115,52.8597643693623,24.302216012868,54.6661719665382,225.046779464738,400.849955155644,61.0275586741575,18.6813074439987,4.37697623891407,78.7156086705036,120.698941141218,117.085204098383,114.058391220739,146.616288609842,140.059493134389,101.338389148048,160.186273757933,67.9305086835453,146.422514645495,108.20497600087,209.493572469983,58.9061852947527
"7",6226.38150494679,1793.44862061006,1807.07264468788,1002.72148441119,514.720935152544,947.221586872576,3437.23792073095,838.140815325437,1133.93141278435,665.054545006352,330.461706038012,712.018460246828,1583.7371987442,1040.65841509719,877.224023024196,433.092333157379,1534.41424990304,1633.06014758536,879.042257705379,875.405788343014,460.509827436183,1577.35768970421,237.099294127788,642.414530806467
"8",312.964143179437,133.202118588309,105.767863504872,96.0352970985361,105.471617495847,133.736884989567,205.706821854487,70.0786634887489,76.7766060739401,54.1757915875961,70.0316198226252,119.862404111903,129.98676725527,40.2446983542576,86.8186420566805,30.6065562103624,111.668426397239,148.3051081133,67.0103537167617,106.626930396599,19.2731843956378,51.6812237852561,11.6086216883913,32.0942089678015
"9",40547.313401463,21124.9637451105,21588.1228378548,11653.3587403602,16858.4472481265,15447.4237009968,33287.5834031709,15034.6764648762,19009.1002115376,9966.47752137329,14721.9595795875,12827.0662310798,19993.3166126033,7491.4485546431,15258.7661035096,3761.40491203622,18122.1484411085,21864.4847840981,14670.0847325957,15847.4474744235,5606.92065492982,9917.81898445602,4532.32298359285,3713.33117076006
"10",46.5433853959162,67.557055360578,93.4692747252353,355.492003125253,644.980812981517,418.45653064862,98.4579660158227,276.109934145671,269.702436721277,506.263431732364,1221.17637065703,551.009260693525,279.735607142838,232.793064389804,517.332840182117,366.773527058876,172.172777737022,387.298436548653,350.69193419977,683.973746164463,159.286893923531,274.590469034941,134.766954922975,484.600189433473
"11",208.642762119624,197.572520394143,122.985887796362,162.210879973158,185.668930338312,226.799534884983,300.648431941173,451.306592867543,330.729995395434,164.395505507188,321.707753560184,236.146826011511,199.314364221355,60.6893147589347,283.933506260536,105.227234979868,160.923096054554,237.705632388156,315.477364590055,252.389647931017,37.3099883561339,58.2604382859599,144.062399926002,62.7925742934078
"12",41.7285524239249,84.127653845248,24.5971775592725,85.5440461549986,78.7391798816923,134.713066631826,42.1962711496383,75.6849565678489,29.5294638745923,29.8900919103979,35.0158099113126,93.0275375196861,74.9862325371127,38.4464582660701,56.3556820534917,28.0749241650134,64.7562925198397,85.2161725543857,45.0348374509464,67.6765266560371,34.7860234520392,46.5972417331202,26.5443942209139,29.6886170960842
"13",1.60494432399711,6.37330710948849,3.27962367456966,6.45615442679234,3.88835456205888,5.20630209205126,28.1308474330922,2.80314653954996,0,41.0988763767971,13.1309287167422,5.36697331844343,8.88909821634214,9.51346374692703,11.8815038613125,15.0346015882295,5.3696950702835,12.4085013624008,14.6340076387823,9.12900008384259,1.81052885889234,13.6318880166282,22.9620636185167,3.8875333485664
"14",18404.6990354369,14167.224373682,16673.6067615122,8961.54585403945,8600.55424695399,9121.76665915456,13893.1222760184,10336.6028645905,12341.3472686546,8386.038911611,8036.12837464624,8220.41413274919,11902.9700285601,3439.17277543035,9870.58359680193,1936.21278957696,13267.4589964112,10538.481060709,10354.663014952,9386.50417865184,3933.97434673176,2916.86970179463,1977.71602526705,2181.27040746344
"15",312.964143179437,105.796898017509,154.142312704774,168.66703439995,155.534182482355,158.46681992681,274.275762472649,192.015537959172,124.023748273288,153.186721040789,148.817192123078,250.458754860693,169.480501667341,55.8379276746893,172.997075987394,44.158540869884,142.868748374078,196.092254960605,156.408669091083,189.585482883704,32.9163098133045,67.7247792595853,34.1102122259812,53.7206619581224
"16",6.41977729598845,42.063826922624,0,81.5089496382533,23.3301273723533,148.379609623461,0,14.0157326977498,0,41.0988763767971,21.8848811945704,118.073413005755,49.2137522594486,57.3444283832394,40.7144425890535,41.9090340753603,41.1909255202925,57.2365789986047,18.3715363581823,63.0573488199248,40.7614853191892,79.7894901250482,20.8928020860054,49.566039657156
"17",2711.55343539312,2215.3615512582,1199.52235897385,7100.96285016823,8987.9315701991,8586.49372531554,1675.54360023355,1269.82538241613,639.805050616167,4677.79938397727,6263.45299788604,5876.83578369555,4960.96927602475,3644.7576574505,3948.11464576932,2398.21671195265,3505.28225346676,6416.65629858273,2195.80993900319,5700.41935253545,3155.10245970979,4110.82720381945,2172.42608811954,668.923036915206
"18",172253.859461638,82062.7023417738,71771.2844942825,40711.2992863975,33469.4979372421,46051.3689735971,156810.134481879,61351.0667378602,72587.3594655979,39742.6134563627,29977.9102603225,43338.3095464307,71812.714585862,45674.440508398,53134.995675406,17923.9338871764,64848.4287074846,78777.0004642393,57893.679886607,48376.311464205,21527.4030678493,67870.8580552436,16693.0967163737,21367.5878547783
"19",2543.03428137342,2868.62552998077,11320.4410186958,32096.7717327981,28759.7284739483,17019.7269327963,8562.32668744744,7634.36960046431,32685.1792473238,33686.1335830184,34416.1641665814,18993.7185739713,16771.2700626111,11567.5207451114,24031.1392056617,11161.5001589314,15428.6127604916,18113.9273647307,24668.5608102688,23393.7176010546,15040.9088458239,10143.0624404206,14760.5294628842,9610.18030860146
"20",149.259822131731,179.727260487575,91.8294628879505,267.123389408533,204.138614508091,186.776087552339,210.981355748192,234.062736052421,196.863092497282,298.900919103979,236.35671690136,228.99086158692,190.096028432113,57.1689718637143,230.878392429013,38.7066424115648,179.560037594686,200.632019269541,243.275582551227,218.481202306798,87.6470829028142,12.4778167054,51.6390058009687,24.8566395164422
"21",12441.5283996256,73693.2754455935,12920.8973718858,5457.06452924623,17226.8688428816,16996.2985733821,8745.17719576254,54205.8462085473,9339.18510807107,4079.99754576931,12625.3879611476,14168.8095606907,22506.5969931253,25496.1324059796,19487.6372295585,18056.7715090118,30690.4124489085,14322.7815373421,22541.6762874626,16433.5981716545,37428.0893128337,4831.72260231271,27547.767714415,5315.68655703786
"22",881.114433874414,1039.48638955757,1089.65496587577,1501.05590422922,1736.15031195929,1049.72065930984,566.133304590981,646.125277366265,716.581656690108,1124.61470812872,1146.76777459549,737.064335732898,1163.70025592044,408.043453432115,922.47566807232,245.965723982976,1210.06575322085,1117.33475862004,829.107214061698,1015.84412208294,253.250217177305,587.931713043208,258.330282069649,241.578774293165
"23",759.138665250634,718.909041950301,1365.14335453962,955.914364816941,1596.16954772517,1501.69275967603,1629.83097315478,1704.31309604637,4169.56029909244,1208.68059162671,2214.74997689052,1905.27552804742,1294.61000697714,373.447670100135,2082.86491644677,1089.22677131877,1013.32225376895,1575.89776018533,2360.85132892184,1804.87850397169,326.919632291168,66.4308623000369,1585.87010784018,468.213693617022
"24",565.742874208982,338.422607513839,472.265809138031,135.579242962639,89.4321549273543,146.427246338942,490.531652114545,238.267455861746,324.824102620516,134.50541359679,70.0316198226252,159.220208447155,278.776452165892,178.722732587636,200.937542085787,96.0106477128122,315.422553204836,242.130351126947,232.532324026351,169.342760145224,169.517588569467,217.001186311279,95.2888747483378,104.739919787847
"25",26266.5188065367,8391.09614035254,9174.74722960863,7075.54174211273,7545.35202767526,6335.41885826487,20871.3306173898,6150.10350777261,7382.36596864809,5660.43615553159,6048.98116217925,5273.94578092374,9898.91443590065,5466.2791938234,6735.79116849265,1704.78891002744,8213.79503735797,11584.0338344433,6397.63521065076,7073.94712633455,1060.77456630782,8065.75450404402,887.25110778864,2476.99418360991
"26",111.543630517799,86.0396459780946,42.6351077694056,68.5966407846687,71.4485150778319,72.2374415272112,91.4252541575497,28.0314653954996,21.6549401747011,37.3626148879973,13.1309287167422,32.2018399106606,72.063767549127,17.021562937844,34.0742594391213,20.4298796642617,65.7571315107229,78.3704035875309,29.0163401527327,39.1321787255099,21.8411445204917,11.3127116019888,7.90001550253276,30.071449420961
"27",2617.66419243929,2418.67004805088,4673.46373626177,2777.76044212741,2836.0686087017,2207.14669314898,1962.12660845818,1611.80926024123,3500.22578460168,2086.70204149465,2061.55580852853,1542.11033349941,2812.53935612482,970.529535541839,2269.15709741505,754.703347042732,3289.96474214668,2335.11397010295,2399.57902877919,2138.73516605092,1211.52324691588,450.805249443338,982.317794427338,638.721351845164
"28",983.830870610229,1428.25812323637,1257.73567919746,673.457608644776,360.644885630961,478.654398587963,625.911355386302,892.802172846662,779.577846289238,448.351378655968,183.833002034391,375.68813229104,804.110341780639,435.142412786425,580.727145649656,284.225888328595,1119.8171370262,488.403546535075,706.910465930623,454.54382536869,395.849842001886,132.901690765717,230.96436573706,317.568354529758
"29",0,11.4719527970793,0,5.6491351234433,1.94417728102944,3.90472656903844,0,8.40943961864987,0,7.47252297759947,0,0,3.82833196176508,4.34990551261816,3.2850490930024,3.91060390986678,5.70702930684086,1.94963461668929,5.29398753208311,1.27611065392169,5.7361955202867,1.95236900498422,4.60859861459619,2.21028848867232
"30",14.444498915974,17.8452599065678,19.677742047418,106.930057693748,35.4812353787873,69.6342904811856,21.0981355748192,37.8424782839244,7.87452369989129,153.186721040789,54.7122029864259,153.853235128712,45.111120180421,36.0072461806458,75.4300468866939,62.4841375527515,48.151019882578,42.071220478264,66.3012410082016,84.5588527651862,50.9123851553271,24.9301125344872,76.7224514458286,60.2023983585271
"31",342.655613173383,257.481607223335,234.493092731731,608.492554725178,632.343660654825,618.899161192593,225.046779464738,110.724288312223,149.615950297935,405.384371534771,361.100539710411,332.752345743493,429.459475998733,209.03351809948,298.172828599594,134.975731079331,366.822418226748,492.096533770719,221.908203381643,374.437453817546,209.60786985705,231.369546608043,160.080506474458,49.7139036787179
"32",3467243.07529148,3261810.14150218,3674399.35543088,1671692.06572934,2342043.92675003,1677055.33146707,2819350.88957494,2365522.10494196,3249363.14583239,1755904.65806079,3760562.29821156,1466657.84460652,2574391.95174241,826635.425809844,2528733.66723261,870712.472054994,2869300.52088747,2279483.38259735,2456929.96961171,2600537.3648535,1057476.70128578,573711.732302688,750913.518300793,1147175.70473634
"33",2631.30621919326,2314.78514216622,4447.16970271646,2703.51466621929,2501.67011636463,2106.59998399624,1993.77381182041,1614.61240678078,3456.91590425228,2374.39417613223,2335.11682346066,1781.83514172322,2677.91890388054,904.244780071922,2373.46555937162,662.40661756411,3155.15650370066,2200.68130406043,2481.97416238843,2264.95695635481,1135.67215363454,266.698584794116,925.851302467677,452.143044195904
"34",1027.16436735815,137.663433564951,538.678188548067,1977.19729320516,26641.5473262667,2959.13195156963,559.100592732708,47.6534911723493,362.228090194999,1178.79049971632,16787.8923643549,1912.43149247201,5468.88646431453,10426.9575515386,4292.98040037086,6424.08571220974,884.512971772724,10053.2599568563,529.557360361221,8056.40344038049,967.301647965479,14415.9112101335,583.838202343097,7767.96415502814
"35",516.79207232707,602.914852557611,908.455757855796,783.615743551921,842.800851326262,586.685166998026,1462.80406652079,1087.62085734538,1484.34771742951,1238.57068353711,1264.94613304617,1105.59650359935,864.546073135068,320.16272072816,1174.27132801543,208.162419157043,764.995451321776,964.096694948361,1270.17975277067,1078.36290326019,153.619164379516,450.478182363191,200.243352752123,201.584482872014
"36",580.989845286954,1367.71170569623,2656.49517640143,3534.34103901713,3903.90798030712,2452.81907311765,506.35525379566,1016.14062058686,1984.37997237261,2697.58079491341,3052.94092664257,2175.41318507574,2403.60503805587,1285.96111960041,2221.67675627451,701.762086573703,2519.51597370493,2287.69410240681,1899.36712929096,2543.98638325806,1089.79041263913,1704.78468561885,843.937588081276,455.295427020113
"37",3131.24637611836,10583.5137860166,4053.6148617681,3780.88543619027,5660.47215371722,3879.9966341012,2220.57876924972,6032.37135311151,2510.00442934035,3002.08610625059,4328.82950028602,3429.49595048535,5029.84360684051,2931.48361368052,4055.43849105239,1328.32174298639,6139.33802799165,3920.34918568938,3848.15396290081,4262.72301920396,3851.18409856714,1720.30168006678,1907.52203131754,802.219237759326
"38",866.66993495844,79.0290081576573,405.033523809353,305.053296665938,146.785384717723,249.90250041846,1547.19660882007,486.345924611918,1112.27647260964,425.933809723169,231.979740662446,354.220239017266,455.500053764867,547.044425013954,511.042706731552,308.184979627127,263.038609544316,647.961497985418,674.852068981577,347.233344481526,167.01395602395,780.465324858169,380.023009268335,111.923836218168
"39",215.062539415613,373.475796616025,487.844021592237,552.808222794094,646.438945942289,385.9171425733,172.30144052769,196.220257768497,346.479042795217,384.834933346372,498.975291236204,305.917479151275,436.464261674273,165.269306955439,361.481877661973,105.542458133181,471.376013667452,401.552509681093,309.178077970029,413.785677353917,90.7933160176795,237.455136896723,99.6864857616329,98.5066918632258
"40",123.580712947778,226.88973309779,244.33196375544,316.351566912825,587.627583191148,395.678958995896,221.530423535601,560.629307909992,631.930526916276,724.834728827148,1100.80952408689,790.734068917332,332.06837158145,141.832786497656,690.167754706515,256.261193902695,262.524421255352,401.612321907548,639.131521217805,741.203988195224,47.4244563469292,183.120687453782,82.3392118242768,386.756592136581
"41",266.420757783521,1126.16336624662,825.645260072912,1513.16119377946,2226.08298677871,1444.74883054422,295.373898047468,1135.27434851773,842.574035888368,1487.03207254229,2197.24207193486,1420.45893828136,1238.52925591156,658.156957245915,1386.85178717936,458.132512551185,1154.98994003299,1322.06857179013,1154.96015231613,1618.7434220426,344.663267976573,971.18341766287,322.679699400737,509.185740449569
"42",2194.76136306605,3197.48817683037,3135.3202328886,3027.53291651393,4300.03410131687,3692.89515266811,3920.73686098723,7163.44098181992,8965.14523232624,4799.22788236326,8012.05500533221,5977.01928563983,3545.66790686752,507.838388418171,6410.42604905816,2032.21441172338,3120.11377541097,3971.22203832407,6975.9380321698,5844.91406594652,85.9920047973729,306.701794239337,2089.27854982917,2236.1221500928
"43",30940.1166780163,34002.230759832,12087.0530526265,7321.68262963419,5409.67328446442,12757.0670949293,22896.7516325725,24101.4539470505,8973.01975602613,6760.76516398312,4582.69412214303,11558.671536821,15745.7430756765,10812.52603116,11953.7246002834,7103.32765270326,17803.6554806976,13687.8306706554,13278.4129556866,10629.0362448802,14229.2856328918,8780.61603269619,9438.07076793568,5639.28912335257
"44",1362.59773107355,1120.42738984808,1662.76920300682,1073.7391831059,944.870158580308,837.563849058746,1605.21648165082,1250.20335663928,1901.69747352375,1173.18610748312,1278.07706176291,1080.55062811328,1207.43104420845,345.470462820188,1315.19094528846,295.44014059581,1285.6452586536,1129.21682976329,1441.69564588205,1188.68624469488,327.432129174273,415.704717875047,400.230152839804,100.08845402537
"45",37976.9950665817,72704.7755129118,84744.6558449614,23.4035597971222,46.6602547447066,54.0153842050318,22712.1429462928,39741.6100644695,55411.0546452101,14.9450459551989,48.1467386280548,53.6697331844343,30047.6089171522,38900.7335319417,20886.1725240999,24229.1211343426,52490.9449725568,7604.27286174752,31722.5365852116,10049.8084629882,45835.2686915573,13083.799807132,28555.4091948,17318.603433282
"46",4755.45003200344,3919.58387233542,4289.74776633712,4859.46673511626,6363.77828512962,4746.52053854698,3722.06275099101,3482.90957539082,3821.11262537225,4689.00816844366,6062.11209089599,4447.43188988345,4650.19332474274,950.219473945543,4525.46127912149,893.611890264895,4356.26612459627,4944.1205248892,3997.67678973558,5053.24576850739,473.45904566963,1331.8969767888,622.133130562905,879.566081772125
"47",12.8395545919769,34.4158583912378,59.0332261422539,75.85981451481,134.148232391031,66.3803516736535,179.334152385963,392.440515536994,559.091182692282,336.263533991976,617.153649686884,288.027568089797,91.5286059164916,54.2623403543174,380.750842652404,190.816372993229,56.4362996827673,126.620912150216,429.265077407084,332.236607897724,20.843665586219,56.8518749589216,115.888207010117,265.586616869546
"48",243.951537247561,370.289143061281,496.862986697304,786.843820765317,1302.59877828973,1179.55281773036,351.635592913653,447.101873058218,811.075941088803,808.900612325142,1426.89425388599,1016.14694829196,747.963856576274,414.286497016239,876.34724753773,326.248139048752,551.331983507967,944.59572964458,689.026142157388,1063.66835291807,213.552343909985,517.190844772473,209.515386065518,341.950777190242
"49",222.2847888736,302.732087700703,177.919584345404,428.930759730016,495.765206662507,408.043926464517,181.092330350531,1016.14062058686,366.165352044945,396.043717812772,619.342137806341,483.027598659909,332.41398254228,133.69126784918,535.522234908851,256.968662794704,303.194143925375,361.633821159185,592.783230148192,478.26123966951,125.506225598403,162.388971846773,366.942487611503,143.523448273543
"50",3035.75218884054,1397.66624911083,1411.87799190224,2673.2514423437,1932.51221734326,1939.67292316985,8949.12583965246,8333.75466208202,7224.87549465026,5210.21664613123,4797.16595784982,4499.31263196174,3050.68444392039,2927.00796161,5519.33497276591,1927.77539639217,1827.59856111892,4273.77032672186,6922.94893428784,4115.72101124398,732.391350338822,4048.97822890478,1583.50628990278,934.294556463842
"51",223.889733197597,292.534796325522,113.147016772653,556.036300007491,350.437954905557,422.361257217658,189.883220173372,943.258810558561,133.866902898152,777.142389670344,402.681813980095,504.495491933682,320.733424233709,159.741712779088,513.696472212424,299.279703936595,320.572704368555,320.894144098862,618.089367709019,409.303576715829,222.771906928677,119.02158205438,427.49527821113,92.0598185292513
"52",25.6791091839538,21.031913461312,25.4170834779149,30.2632238755891,21.3859500913238,32.8647819560736,5.27453389370479,7.0078663488749,3.93726184994565,28.021961165998,6.56546435837111,17.8899110614781,22.706247792653,9.75770018916309,14.3547854295535,9.92180698972023,25.5707402716053,19.8417553137007,12.9890297882728,15.7205410708341,4.61757304207206,13.8597925730939,13.1091160019567,8.28618410882401
"53",167.716681857698,562.125687056885,61.4929438981811,62.9475056612253,76.7950026006629,108.030768410064,112.523389732369,360.20433033217,96.4629153236683,33.6263533991976,63.4661554642541,69.7706531397646,163.985882893231,196.27046263885,131.252715092048,120.50444030719,228.855378872097,99.1163869143651,163.431199685012,99.0742304990832,288.621469533484,19.4609624594058,173.282593145228,56.3034513608104
"54",28.0865256699494,24.2185670160563,63.9526616541084,121.052895502356,104.98557317559,59.2216862970831,24.6144915039557,11.2125861581998,9.84315462486412,63.5164453095954,83.1625485393674,35.7798221229562,66.3409791915249,40.1461933557691,44.9759226577513,30.7157209369992,69.7413747241737,62.9405836588762,28.1907286975531,61.7611166179495,48.6760073609559,40.3143937131366,30.6006295081795,24.0210750500003
"55",1285.56040352169,1073.90224794881,1293.81153961773,1599.91576888948,2795.72693012034,1658.20721631833,1056.66495670553,1156.29794756436,1393.79069488076,1776.59233792427,3044.18697416474,1656.60576429287,1579.70477660003,647.52185897322,1767.86308257117,661.936957831526,1322.54318548534,1836.86636771473,1442.22699345646,2093.49917168588,264.181162573708,883.189365950256,312.970987381867,824.217152098639
"56",9.62966594398267,0,0,5.6491351234433,5.83253184308832,7.80945313807689,3.51635592913653,5.60629307909992,3.93726184994565,7.47252297759947,13.1309287167422,7.15596442459124,3.80124600562417,3.24304318528478,6.85070284226711,3.44258516297644,1.88304504114777,5.71944697010058,5.67202596888168,8.02937971565254,3.26152968420856,2.14878152745384,1.76854697980414,4.72576825241447
"57",138.025211863752,502.216600227693,375.516910738226,644.808423375885,567.699766060597,479.955974110975,362.184660701062,1224.97503778333,980.378200636466,975.16424857673,987.008141875123,661.92670927469,488.730389202406,109.257948533495,886.363787891458,264.57339933367,507.513978113935,469.946800290878,1060.17249566551,712.555080117406,134.723889321909,103.122511136782,142.746995556449,252.967594076364
"58",138.025211863752,897.998971726928,224.654221708022,636.738230342395,1339.53814662928,4085.32017285647,145.928771059166,793.290470692638,224.423925446902,851.867619446339,1442.21367072219,4660.32183151504,1221.69641905371,1470.54771917183,1532.3023228128,1588.00339073462,586.463807925782,1856.92903018164,623.194005195293,2441.41064043031,339.475958289389,2020.01761104352,346.58477024522,1924.79404612848
"59",401.236080999278,282.974835661289,247.611587430009,341.369165316645,453.479350800117,397.305928399662,432.511779283793,406.456248234744,307.10642429576,414.72502525677,518.671684311318,540.275314056639,359.208774481919,82.8196383114018,424.407245106192,90.2635039264471,290.651862802648,427.76568616119,376.095899262425,472.718590949958,47.3478976522613,28.3858661307226,59.8895141948239,98.8940747997533
"60",2573.52822352937,1071.99025581596,539.498094466709,2461.81238486626,1859.60556930466,2821.49034001103,2405.18745552938,2510.21772616699,653.585467090977,2776.0422861782,2529.89226609233,3418.76200384846,1859.93068333233,888.656958378468,2291.40507211822,946.486683141745,1357.76691171631,2362.09445494836,1979.94849314539,2602.86165109104,992.509083364866,482.3881560046,1156.32816788291,781.973253900562
"61",755.126304440641,512.413891602875,755.953256988307,320.38666342957,487.502453218132,286.997402824326,1350.28067678843,852.156548023187,1307.17093418195,470.768947588766,785.667234885076,486.605580872204,618.922390808606,395.367029309915,753.548606059966,311.961518942778,529.584604006917,708.260177610295,876.698809931303,630.398402188629,218.290378577337,564.97195490755,418.740746475588,149.860743202229
"62",2621.67655324928,2282.28127590783,1147.04838018074,2446.07550845095,4437.5846439497,2234.805173013,1981.46656606843,1400.1716965052,822.88772663864,1752.30663824707,3243.33939303533,1520.64244022564,2421.54359126177,1089.70586871718,1860.14858098561,853.553079608526,1958.46838817984,2884.61879434371,1325.12202046364,2395.17514150758,707.466578496498,1350.85984098055,469.232584886546,861.651129612082
"63",7201.38518177504,10407.6105097947,6372.30879968885,5361.43274179937,4519.72613407319,5414.55417573331,12289.6639723322,15749.4788324614,10585.3284835789,11462.8502476376,9031.89046899919,10746.4695746299,7394.21605557026,3175.03424706302,10828.3722771462,2818.02789919718,7380.45068376097,7407.98142737955,12599.2191878926,9057.52536639978,2669.87641293899,4251.27012295226,2763.26129469297,1676.2737768591
"64",50.555746205909,52.8984490087545,18.0379302101331,12.1052895502356,17.0115512090076,8.7856347803365,63.2944067244575,78.4881031073988,23.6235710996739,14.9450459551989,30.6388336723985,7.15596442459124,28.6888769138208,23.2577002004304,30.5900658621804,25.061104033997,27.6805562563744,29.6971975712672,39.0189067207572,22.1612250036035,22.0398648465179,29.3852985765889,34.4556569698835,13.0314606481056
"65",357.902584251356,219.241764566404,350.919733178954,87.5615944133712,100.125129973016,87.5309539226118,414.92999963811,287.322520303871,403.569339619429,138.24167508559,126.932310928508,150.275252916416,210.051529282078,144.223706584424,219.398771355982,108.198323647363,219.241030719576,200.862027844579,276.377845002963,162.419697709001,131.679069384325,185.495217535235,133.001999345224,42.8697652129937
"66",65.000245121883,24.2185670160563,38.5355781761935,12.5087992019102,9.23484208488984,17.2458756799198,36.9217372559335,14.0157326977498,13.7804164748098,13.0769152107991,17.5079049556563,12.5229377430347,23.1108999024838,12.4035066302958,15.6691344974222,4.04178419189861,25.0876481313866,21.1341516735811,13.6243547944529,17.7139142003916,13.0351364562408,14.2471070293324,0.488478253874194,5.296986457333
"67",17221.855068651,13622.9439465316,9323.1502008829,3038.02416745747,2594.99062585405,8002.08631548278,11639.1381254419,9041.54916331839,6220.87372291412,2329.55903826663,1936.81198571948,6349.12943571858,8036.72223027513,4481.93697173117,5652.44092936872,2926.66312267174,8661.37277162401,7412.07168892624,5863.99397483305,5440.88788390439,5323.40057733459,4550.85035386117,3370.19661527942,3149.74654301582
"68",25.6791091839538,64.3704018058337,67.232285328678,335.316520541527,432.579445029051,263.894437290848,112.523389732369,200.424977577822,309.075055220733,539.889785131561,822.871532915846,518.807420782865,212.652746621384,154.402407639961,433.953586375035,240.326503285802,155.639735892013,269.665757350756,349.796605976706,518.110566773365,155.611239313925,160.106060892283,173.357354657519,305.109989988536
"69",73.8274389038671,40.7891655007263,21.3175538847028,330.474404721433,417.99811542133,314.330488807595,38.6799152205018,33.6377584745995,11.8117855498369,250.329519749582,319.519265440727,243.302790436102,193.931607259381,179.274612295153,175.422121151705,125.057298156429,130.860374702287,257.002839816475,98.5930212580062,252.251221045404,173.144756345939,196.049531381831,131.860028076711,63.2702203224057
"70",2969.14699939466,1487.52987935461,2863.11146789931,2124.88182571803,2188.65757411889,1846.93566715518,2053.55186261573,920.833638242161,2352.51395534252,1752.30663824707,1584.46539848689,1449.08279597973,2094.11137947696,454.297031189332,1692.21896762922,503.364453588302,2158.50772432399,2029.71503462994,1675.21807727725,1709.21985798119,688.407003507797,172.103489799152,718.946532968514,340.129717541556
"71",770.373275518613,263.854914332823,747.754197801883,843.738681651424,890.919239031741,802.4213099374,805.245507772264,541.007282133142,1694.9912264016,1053.62573984152,1505.67982618644,1064.44970815795,725.655641754589,231.184529546064,1097.56823741254,441.492050321973,618.449264595377,832.862018913802,1096.54141612542,1098.59505869966,310.815250934631,50.2988531600845,578.187731070563,391.131513429123
"72",56.9755235018975,117.268850814588,139.384006169211,1493.3892208474,840.370629724976,1204.60814654836,52.7453389370479,82.6928229167238,139.77279567307,1094.72461621832,621.530625925798,1007.20199276122,641.294365506931,625.448019090213,597.869536500344,422.403424013716,583.347359277068,699.241371736794,439.063411602705,756.675661397982,788.196937561858,588.757235611397,568.536051848049,217.1870930334
"73",514.384655841074,105.796898017509,785.469870059434,131.140636794219,101.583262933788,147.403427981201,356.910126807357,89.7006892655987,513.812671417907,61.6483145651956,54.7122029864259,87.6605642012427,271.384037098918,269.402955430704,179.819746589215,182.299993053438,340.802468290387,201.965605907449,221.720558416234,137.918934762196,385.301699867547,136.127606674472,253.347756630919,116.752296692611
"74",301.729532911457,288.710812059829,616.569250819096,628.26452765723,148.243517678495,163.998515899615,165.268728669417,277.511507415446,395.694815919537,427.801940467569,61.277667344797,152.064244022564,335.175892130613,228.1911589882,274.921011216754,143.061885491333,511.181530178718,159.170254082509,367.002754600851,182.839267832658,192.7540147191,9.48412022552667,79.1468846751731,139.518407219583
"75",165.309265371702,748.863585364897,1995.65100597564,237.667184836293,136.092409672061,206.299720397531,249.661270968693,1794.01378531197,2080.84288769627,209.230643372785,124.743822809051,551.009260693525,595.705862869186,720.294927980613,892.591043792132,834.972469043135,994.060592058943,197.351133679428,1361.36243879368,423.819648790587,904.277588971281,57.3108145749299,1008.02950800484,259.969630584836
"76",197.408151851645,246.009654426256,195.957514555537,575.001253636193,494.307073701735,591.566075209324,133.621525307188,100.913275423798,64.9648205241032,354.944841435975,291.068919887786,338.119319061936,372.743849472706,203.991809552282,253.792504301051,135.580023200607,338.989474205995,406.498224739416,173.607645794625,333.977362807476,205.918610617801,241.269762223394,158.067886506781,40.9946994364613
"77",22961.9384434267,16745.864430181,45196.4938592445,41536.0730144202,18401.1519206234,16034.7596557564,15612.6203253662,10200.6502574223,27795.1000296913,28567.4553433628,12890.1950236019,10837.7081210434,25587.8272009319,13852.3702780515,19313.1559960089,8866.59274920122,34492.8104346152,16682.8439672486,22187.7352101588,16438.5767818591,15477.8951913215,1502.99270475234,10388.3005073366,7989.66601582769
"78",4.81483297199133,6.37330710948849,6.55924734913932,20.9825018870751,9.7208864051472,4.55551433054485,82.6343643347084,137.354180437948,218.518032671983,160.659244018388,159.759632720364,75.137626458208,21.8043035693506,30.381009667859,128.872169979374,69.8909261848518,11.305018781901,32.3035883568001,172.177152376107,85.5671875826407,8.38146185825471,43.6641789693916,41.7898239655263,69.5665150717448
"79",22.4692205359596,12.746614218977,21.3175538847028,96.0352970985361,182.752664416767,65.7295639121471,52.7453389370479,26.6298921257246,27.5608329496195,100.879060197593,205.717883228961,114.49543079346,71.8878387446964,62.1828064874377,91.1951563400091,66.84745130033,43.3664884007386,100.409189088654,51.6899284243123,130.700384255706,45.813402066669,71.6064485321308,42.6015806767925,68.3708314210107
"80",298.519644263463,196.297858972245,300.085566223124,196.105690713817,270.240642063092,165.300091422627,274.275762472649,137.354180437948,232.298449146793,244.725127516382,240.733693140274,216.467923843885,233.717601977926,54.5517228031618,217.549496010535,40.4658365825273,230.829705303062,236.60549865279,204.792585700375,230.306406320695,59.9774118814248,61.7852439857151,58.7329503948147,12.4873568758696
"81",38.5186637759307,307.830733388294,211.535727009743,660.141790139517,809.749837548762,364.441146443588,49.2289830079114,142.960473517048,188.988568797391,603.406230441157,658.734923956568,298.761514726684,400.488036256303,284.213281041299,382.223291282525,213.197747911517,393.169416845851,407.806655666754,311.785090918532,452.661491646518,236.164917250426,382.110478906984,253.597738852577,185.57145772899
"82",0,3.82398426569309,0,23.4035597971222,15.5534182482355,19.5236328451922,0,4.20471980932494,0,14.9450459551989,13.1309287167422,21.4678932737737,10.3840991927072,10.377412290704,10.6887811579578,7.70266263111578,9.07584802093845,11.6923503644759,6.38325525484129,14.9943070610744,12.554609013112,10.3186212146157,7.7070170731795,5.77206695633946
"83",19.2593318879653,22.9439055941586,109.867393098084,152.526648332969,244.966337409709,67.6819271966664,56.2616948661844,58.8660773305491,157.490473997826,153.186721040789,166.325097078735,69.7706531397646,109.041317749629,80.3446569530508,119.113390056215,46.9651546443645,95.1126490084038,122.969986490853,123.181090789721,115.045689322709,66.0393720351136,105.806132406199,55.7399882451452,48.556457032836
"84",2301.49016061186,1602.88673803635,1144.58866242481,3201.04206673398,3912.17073375149,3196.01869675797,1986.74109996214,1558.54947598978,1098.49605613484,3022.63554443898,3403.09902575569,2894.58760974716,2507.24133294446,1083.99265336082,2414.10150750182,900.084292613605,1982.83915573171,3031.6435101572,1893.2270255212,2934.97598948243,1079.59391940123,973.182521496394,1004.78106532374,449.292407409137
"85",17994.6357606556,15552.7813392848,93239.7010680154,31997.5083584862,22795.9646643904,19982.763610935,12365.2656248086,10096.9338354589,68262.2773234326,25565.3692371122,17836.1781735748,15020.369327217,32655.6641109867,30439.7229064165,28239.4653346304,21168.861156279,46929.9969219288,18381.3313000447,34641.5267986679,21837.4038705929,40939.5748055298,5396.60168053527,30126.1393615267,9474.08364098988
"86",598.644232850923,771.807490959056,987.166726045468,505.194083896501,431.607356388536,228.751898169502,1849.60321872581,2727.46158298211,3216.74293140559,1290.87834438031,1037.34336862264,783.578104492741,795.688462364146,580.746010473613,1641.94879904126,1058.30709727831,754.722766967008,836.654157761283,2411.694286256,872.203311826507,241.440101868822,883.08376404167,1001.00966086787,143.143613063645
"87",39145.3945344515,36195.923066918,41550.3722390417,38066.6970293227,20027.4562162045,21683.597425632,29440.6900166956,24411.2016396708,29551.118814767,32625.0353201993,17744.2616725576,18335.3698469089,31160.7893323024,8918.68353723405,25637.9627710677,6508.10125269648,38604.3307784274,23717.2478861774,28862.451924879,22413.4736172563,2717.41035185089,5025.34011708999,4149.99548153572,7581.16095215405
"88",67.4076616078787,113.444866548895,201.696855986034,315.544547609476,248.854691971768,228.426504288749,35.1635592913653,36.4409050141495,90.5570225487499,160.659244018388,100.670453495024,141.330297385677,190.521837616048,100.669855284907,120.029960013006,55.3247187972528,210.228756714802,170.814918517294,95.8857238604293,144.174196165583,101.319619367284,117.920719798875,62.2803759582008,44.9931508934274
"89",9111.2689273316,5100.55767972364,2066.16291497889,454.755377437186,780.101134013063,843.746332793057,6086.81211333533,3080.6580469654,1248.11200643277,440.878855678368,709.07015070408,683.394602548463,2555.35592538019,2436.48124199271,1452.91159795155,1102.41114347901,2540.49199071324,2570.21986004715,1589.88296969218,1315.94022621091,2358.94273182877,3045.62448189969,1352.66924567074,1073.44225040462
"90",942.102318186304,461.427434726967,306.644813572263,494.702832952963,421.400425663131,694.71593540809,907.219829717224,546.613575212242,204.737616197174,517.472216198763,564.629934819915,776.422140068149,547.685212006773,216.87739971094,526.260115750503,183.510503451615,420.925027084064,674.445396929482,422.941135869393,629.579095631613,100.358300264611,243.543208459049,189.530701205099,127.451719024682
"91",189.383430231659,44.6131497664194,900.256698669372,215.474153994194,70.9624707575746,49.459869874487,109.007033803232,84.0943961864987,685.083561890542,280.21961165998,67.8431317031681,76.9266175643558,231.628896144213,333.566898507436,237.632702524793,236.766094567709,386.781334143329,76.476458145098,349.79918991234,125.466215137246,452.814623408736,30.154091358745,306.476724411076,92.0516895976818
"92",200.618040499639,661.549277964905,637.886804703799,487.036149571147,543.397550047729,491.670153818091,425.47906742552,2030.87966790394,2210.77252874448,915.384064755934,1067.98220229503,1100.2295302809,541.169833921865,92.3204996398453,1311.06963798369,660.371047878077,595.49074407995,486.84892376378,1719.01208713479,903.127188832601,94.6666650028394,59.1068974858983,701.750567587769,313.878667037184
"93",66786.5481544918,45984.6854563813,58753.6382239968,31508.051151005,41577.6892877754,34138.0482114609,57151.332916256,37742.9665817704,58519.5228757421,26047.3469691673,34247.6505813832,27037.0225872118,44852.2408744792,11396.3411316324,38074.4584116257,12207.9461031402,45415.4582771277,44289.0234718307,40769.94547556,35378.9713476914,13631.7100330148,11743.7778427221,16446.3522686482,8961.32890050113
"94",6682.98816512397,3238.2773423311,91276.8462987855,19721.1307159406,6320.03429630645,5028.63703316001,4785.76041955481,2093.95046504382,60196.796423819,15389.6610723661,4455.76181121453,3925.04648688829,21728.4476843464,34601.3092272418,17964.943990613,22071.8398085061,38078.7514523524,5378.14391634042,25893.4693204096,10036.4186608164,46802.2337640155,824.691080504388,30442.2842098132,10129.0706239106
"95",308.149310207445,433.384883445217,414.872394833062,342.983203923343,298.431212638019,413.901016318075,291.857542118332,370.015343220594,374.039875744836,388.571194835172,271.372526812673,416.83492773244,365.905042212675,62.9541178065397,364.456485093065,49.2229303601755,397.080160733874,334.729923691475,377.542137933534,351.370832252596,47.7549851929003,68.642914541798,9.76111098258513,73.8123293543058
"96",15056.7851755789,11760.6636091391,10051.2266566374,18071.1797502434,18372.9613500485,20996.690943362,7145.23524800542,4493.44390289858,4449.10589043858,10881.8615861292,10544.135759544,11866.3780070784,14399.659592906,5500.68815944688,9439.09745649913,4078.26067011206,13294.3566720066,15504.9625138053,6608.13712648879,12270.0577865095,4224.22451039554,7357.63339760996,3701.22034368853,1959.20494860713
"97",888.336683332401,949.622759313785,781.370340466222,809.44036125909,1254.9664349045,791.032524111038,996.886905910205,679.763035840865,468.534160143532,577.252400019559,941.049891366526,493.761545296795,930.553220994141,182.426763332837,681.819042276903,210.17316562034,846.811153679699,1014.29528830858,575.183198667985,788.454885885821,90.1368471082837,232.456355536531,105.629639201149,255.265878571473
"98",261.605924811529,404.705001452519,472.265809138031,253.404061251599,494.307073701735,238.513714592098,167.026906633985,196.220257768497,240.172972846684,218.571297094784,293.257408007243,211.100950525442,338.370427794995,136.523796609303,249.615552339607,55.0806310959512,376.791623947383,299.949231642606,218.321509236655,280.90959544256,112.069102141421,172.072133146018,21.9774221911177,64.5269813137554
"99",636.360424464855,708.71175057512,366.49794563316,908.703735571022,1056.17430791924,1055.57774916339,365.701016630199,332.17286493667,216.549401747011,562.30735406436,625.907602164712,602.890002771812,743.561084248689,318.911536117681,513.898051655542,198.4915811609,661.304477259767,825.817691237612,370.343206916013,657.452896395071,274.194031359059,398.472840554316,176.010998669931,75.4547379693848
"100",1539.14160671323,946.436105759041,1910.38079043683,1016.03730291645,1103.32060698421,1066.96653498975,2334.86033694665,2263.54083068659,4399.89011731426,1287.14208289151,1332.78926474933,1397.20205390144,1396.33361300549,580.766606555339,2012.81632709144,1225.48405464996,1290.9513997041,1501.71582630687,2650.19101029745,1375.44164388542,537.56921344053,721.753237848328,1591.98739080921,36.9405959869863
"101",1160.37474624991,416.814284960547,664.123794100356,496.316871559661,728.094391745526,620.851524477113,2428.04376906877,1174.51840007143,1693.02259547663,1208.68059162671,1639.17760147332,1166.42220120837,892.374105985329,760.803566248743,1295.69924930697,309.025562445826,525.751650206855,1258.9965617638,1358.74052905826,1232.65796955567,126.254912669766,1013.84357167447,290.000239275189,377.78201118461
"102",123.580712947778,203.945827503632,193.49779679961,248.561945431505,330.510137775005,283.092676255287,116.039745661505,133.149460628623,155.521843072853,169.999897740388,291.068919887786,268.348665922171,229.274688237757,75.1806886569073,207.893912581596,64.4911152526893,215.335189911582,243.214186563932,152.890400480621,262.897424682572,29.2455688640791,112.659254961042,18.5656146254088,31.2557001136365
"103",8.02472161998556,38.2398426569309,44.2749196066904,124.684482367427,191.987506501657,145.776458577435,59.7780507953209,341.983877825095,84.6511297738314,274.61521942678,509.917731833489,348.853265698823,100.790210084244,62.7696891945049,276.80190577371,162.289799828033,69.0664148770162,132.514005291471,233.750075675236,319.853735872185,48.2610879692254,67.0951156561579,133.444766796153,206.099640491667
"104",24.0741648599567,90.5009609547365,18.0379302101331,68.5966407846687,52.4927865877949,102.824466318012,38.6799152205018,127.543167549523,39.3726184994565,82.1977527535941,56.9006911058829,155.642226234859,61.8554500126412,31.9036335489867,87.2519843593262,45.1326234954416,59.0451773165128,64.6657227087697,83.0378462675246,91.4661224511279,37.1637665873761,33.7604226755129,44.0912774569037,55.6333230321652
"105",1929.94554960653,4746.83913514703,3198.45298862406,1624.52985764162,2657.69034316725,1708.31787395432,1691.36720191467,4134.64114583619,3620.31227102502,1374.9442278783,2392.01751456654,1579.67914672852,2604.53290007482,1228.2118480691,2617.6878676849,1093.56087738888,3189.9406604709,2019.12513967874,3043.29921491317,2192.07652045663,1561.17204397754,553.078629717676,1467.54550864333,540.891490764321
"106",51.3582183679076,297.633442013112,24.5971775592725,148.895061467898,59.2974070713979,205.974326516778,28.1308474330922,210.235990466247,31.4980947995652,85.9340142423938,48.1467386280548,146.69727070412,127.421377010259,110.160004184438,108.322247641773,66.7054802154829,157.041893680094,97.8008603404227,109.222699836069,107.421795447478,136.700324004909,94.968219412482,91.6164886597886,52.2306355516917
"107",1.60494432399711,3.18665355474424,0,8.07019303349043,4.8604432025736,5.53169597280446,28.1308474330922,22.4251723163997,11.8117855498369,11.2087844663992,17.5079049556563,21.4678932737737,8.29663886611749,10.0781508561048,15.4530299046972,5.85658731894526,3.75228219607822,12.8409955361568,15.1485807775453,15.7574790318492,4.06472086610783,13.2456529979858,6.30892153177961,6.75784572581033
"108",272.840535079509,736.11697114592,902.716416425299,3280.53346811386,5583.1911067963,2536.77069435198,826.343643347084,3656.70466084292,4492.41577078798,5841.64483773838,11220.3785884562,4966.23931066632,2310.94538336341,1916.55554980326,5414.72142530921,3087.51522381018,1639.78895189503,2982.10181483178,4663.58842312309,6165.85442749532,1423.36599981118,2409.4894278211,1102.48172403608,4574.25483881212
"109",700.558197424739,968.105349931301,1934.15806207746,1341.66959181778,869.04724462016,1210.46523640192,1114.68482953628,1281.03796857433,2909.63650710983,1544.94412561869,1109.56347656472,1459.81674261661,1239.68838573082,379.552468071499,1590.78120103583,664.741991839096,1414.64433460885,1064.73243685279,1911.87286710095,1269.68953497072,487.143146801125,176.105060771054,874.105729259516,177.043467294874
"110",8938.73741250191,8980.62704798023,7160.23838750421,3015.83113661537,2596.93480313508,3143.30488807595,4669.72067389331,4465.41243750308,3880.17155312143,2366.92165315463,1827.38757974663,2177.20217618188,4927.77615620069,2598.02900195453,3274.14525931806,1314.55901992617,6385.56552403327,3469.98678836811,3570.83521459305,2977.45530404307,3056.92428759814,1074.31425313435,1082.90471452915,1698.05951978734
"111",4639.89404067565,2841.85764012092,4101.16940504936,3137.69105142108,2005.90490970213,2070.48126323263,2139.70258287958,1063.79411175921,1779.64235617543,1529.99907966349,1256.19218056834,1121.69742355468,2716.13447540095,820.415242468224,1577.90993785368,618.788133856118,3360.23936553045,2072.02958527145,1457.81184919938,1698.00802650799,658.492478625604,66.9122732596709,363.342709353038,884.284065992136
"112",2388.1571541077,927.953515141524,2674.53310661156,2888.32208668622,3450.428629507,2314.85206767829,16365.1204942014,10071.705516603,28690.8271005539,12568.7836483223,16667.5255177848,10549.6805529536,4770.201649971,5742.97576984327,13886.4539976981,8215.01669847398,2163.6029028131,7376.80039712889,17110.4387551597,10662.4692402365,1075.4294439619,7804.79385746489,10106.329475709,5949.46382205129
"113",0,2.5493228437954,3.27962367456966,12.9123088535847,10.6929750456619,8.4602408995833,3.51635592913653,0,3.93726184994565,11.2087844663992,17.5079049556563,17.8899110614781,6.90180454105525,4.39211596449765,9.57427781242241,7.2848976102535,6.24708512398325,7.55652395812725,5.04868210544828,14.0998735193965,5.78379117448832,3.67266847382465,5.68644471896141,6.236636106824
"114",73.8274389038671,127.46614218977,73.7915326778174,64.5615442679234,27.2184819344122,50.7614453974998,14.0654237165461,35.0393317443745,27.5608329496195,44.8351378655968,35.0158099113126,28.623857698365,59.6440950306614,40.0796669341621,38.4531775333216,12.0707327055927,88.6064063785035,30.6817836828193,35.8117675198636,41.0945875467797,33.9684776226835,18.5915396364219,8.66301883600519,16.3791768472683
"115",7055.3352482913,7656.89116133947,15181.377989583,4268.32509541309,5705.67427550115,4912.47141773112,5267.50118184652,4871.86868573783,10486.8969373302,3373.84412438616,4254.42090422448,4053.85384653094,7165.37352023572,4091.43045892875,5701.04300307422,2681.71564590042,9035.53141544517,5295.21562502626,6244.2032491514,5157.88275699704,5585.62150350503,397.327020430539,3749.84755628646,1741.42790821912
"116",16023.7641307872,18666.7791929808,14928.8469666411,7232.9105062658,9836.56495336845,8839.97555842228,11600.4582102214,12021.29393486,10984.9605613484,5867.79866815998,7193.56044865528,6926.97356300432,11850.92256465,4253.03953489723,9140.91829011298,2773.02162984555,13609.5122219626,10092.3329073374,9624.68438812278,8657.15219210319,5829.99326008595,1397.90166050014,3294.56210290666,2769.09624901673
"117",1729.32750910689,1634.11594287285,1433.19554578694,604.053948556759,571.588120622656,509.566817259517,1118.20118546542,983.904435382035,661.459990790869,405.384371534771,407.058790219009,475.871634235317,978.453593427356,486.16502652937,652.022135931559,271.535874997349,1223.78847907218,733.118707782529,683.582932569225,620.461339293894,546.026938645127,334.929912789987,289.893833123709,311.933714737717
"118",6013.72638201718,1980.82384962902,2623.69893965573,2288.30323464621,3009.58643103357,2452.81907311765,3567.34309010901,880.188013418687,1145.74319833418,1647.69131656068,2271.6506679964,1619.03695106377,2653.7624363652,563.724958607284,1703.01209728982,667.0796570205,2297.60867464365,3009.91619808674,1224.54084277118,2181.48335180846,321.538549406399,557.262081674654,389.771896960368,523.222530253116
"119",62.5928286358873,105.15956730656,115.606734528581,223.544347027685,225.038520279158,194.585540690416,36.9217372559335,56.0629307909992,45.2785112743749,155.054851785189,161.948120839821,144.908279597973,150.142741181389,76.1676483987004,118.899239244957,53.256876298003,148.103549620942,152.181932741836,85.465431283521,152.333047206394,65.5421334773682,100.97291958265,60.5069542316923,8.72852380126374
"120",2544.63922569742,1672.99311624073,1834.94944592173,1559.56480372203,1779.89430078245,1346.80527243751,1221.93368537494,846.550254944087,836.66814311345,900.439018800736,1022.02395178644,656.559735956246,1569.35677074656,243.283318390164,971.932979224586,315.598911465657,1689.16912196149,1449.54441953164,861.219138952758,1082.64681949642,138.403116513584,292.825052455733,34.3229262305194,459.408266956022
"121",53.7656348539032,154.234032049621,43.455013688048,43.5790423808483,52.0067422675375,54.6661719665382,49.2289830079114,56.0629307909992,17.7176783247554,28.021961165998,48.1467386280548,30.4128488045128,66.1949975600841,43.3624859679816,41.0928592124007,18.6294803313854,80.4226960395059,51.9672990806624,33.9341900939175,48.2515283308839,63.9225221536024,2.71880907139442,19.8445316106753,17.8913045374792
"122",168.519154019697,65.0077325167826,152.502500867489,497.930910166359,339.258935539637,291.55291715487,604.813219811482,423.275127472044,783.515108139184,922.856587733534,792.232699243447,593.945047241073,325.177702676104,203.407836208144,640.167045417564,233.230731560212,238.480381183544,411.875024168663,709.882274448254,570.451816386874,228.909952523439,168.783371666056,257.801773669748,234.412118664131
"123",735.064500390677,1018.45447609626,926.493688065929,971.247731580573,1181.57374254564,1057.53011244791,615.362287598892,829.731375706788,856.354452363178,861.208273168338,1008.89302306969,948.165286258339,961.777006389202,190.803229898988,911.02156949259,71.5717057037167,972.065298580921,951.488714197482,849.098033746101,972.945105239078,45.9858450573644,297.628017053853,16.9466951589665,31.8670571044416
"124",44311.7103133982,50319.1716215445,18238.8071602005,6759.59368485158,11676.7287498628,7892.75397154971,25171.8339187238,23134.3683909058,9894.33902891341,5058.89805583484,7804.14863398379,5231.0099943762,20009.8148511222,16372.3661467589,11855.429825856,7797.98677747703,25105.8574888655,14913.7722133788,12695.8684918847,11014.9911598274,22577.1232150604,9082.97796670933,9357.72848812305,7895.27710360876
"125",1592.90724156713,1351.14110721156,1315.94899942108,2654.286488715,1657.89717639786,1332.81333556512,2348.9257606632,2117.77721062999,1976.50544867271,2606.04238843781,1525.37621926155,1322.06442744323,1776.83547799564,583.462354182469,1887.43352874016,456.146984385443,1773.79219844921,1779.87875754206,2233.44168258017,1541.42537490014,762.733418374779,518.922677008342,330.322406424143,227.809917810152
"126",1032.78167249214,780.73012091234,685.441347985059,2472.70714546147,3443.6240090234,2354.55012113018,1814.43965943445,1816.43895762837,1767.8305706256,2772.3060246894,4160.31591508783,2622.66096161269,1925.24873399115,1062.90147522727,2510.80019393917,914.200431533751,1312.95953811962,2537.53792986267,2118.85851764779,2902.74187023055,1005.50030935492,829.863732696478,566.423805260624,1143.5538083243
"127",8132.25288969336,3156.0616806187,5618.81526045647,2960.14680468429,2432.16577856783,3015.09969905919,4416.54304699548,1552.94318291068,3145.87221810657,1954.06475864226,1569.14598165069,1964.31223455029,3599.80537839699,1187.83802346471,2297.69062570958,863.662061572628,3911.67458191982,3287.93617487416,2217.6267198865,2377.75453153266,1481.66886715252,1019.93533754079,828.525442188539,1076.6128812619
"128",86.666993495844,173.353953378087,353.379450934881,100.87741291863,104.98557317559,103.800647960272,126.588813448915,152.771486405473,287.420115046032,100.879060197593,131.309287167422,73.3486353520602,160.497641969396,98.3556772616316,151.037704356329,74.3415763039017,209.203605743866,111.791678194926,180.356887216366,121.718521496293,130.012376263379,12.8283834030292,96.2813950844883,44.3590399830293
"129",33.7038308039393,5846.87194224474,9.83887102370898,26.6316370105184,3.88835456205888,1356.24169497935,298.890253976605,19683.6950007198,11.8117855498369,82.1977527535941,13.1309287167422,5715.82658414225,1257.06045896616,2307.99712347863,4460.62041847473,7775.89846542106,1961.11415009299,553.006767839339,6592.56817967441,2328.67265727505,3365.17543579802,711.088103752106,11337.3030139278,2998.57448836536
"130",96562.2777254482,123215.146347741,108213.642860182,28720.2029675857,160241.035679728,57936.3804681079,52238.9836832522,54748.2550639502,53475.8904459618,18926.032571515,113514.690268117,36921.1984486785,88427.5653344327,50126.10915866,61002.2720221092,34513.093057001,86716.3307251695,90138.7999436959,42383.392693809,79621.1513504094,50783.1113942155,60777.1147219382,20324.6288000671,39048.75724933
"131",2850.38111941887,3887.71733678798,8490.12578754221,3917.27169845625,4015.21212964605,4940.12989759514,8963.191263369,9365.31258863641,26263.5051700624,7498.67680802106,7449.61355863175,10390.4603445065,5702.27468556611,2379.56254280461,11111.640525904,7600.97298303056,5431.70494092881,5972.8444302034,14375.83152224,7847.44952956811,2648.71136995388,2630.6841042464,10337.2467733056,2369.27758778951
"132",32.0988864799422,12.746614218977,26.2369893965573,85.5440461549986,158.450448403899,86.5547722803522,31.6472033622287,2.80314653954996,55.121665899239,82.1977527535941,190.398466392762,139.541306279529,66.8633456361689,54.6703143685693,89.4876139168072,66.2549426461213,41.5092165901776,92.2174746821601,46.7075217307944,132.26770610282,38.7272154525741,63.5910008345762,40.3605530256501,62.0879252329669
"133",1871.36508178063,1793.44862061006,2427.74142510019,1511.14364552108,1360.43805240035,1363.72575423668,956.448812725135,821.321936088138,1285.51599400725,956.482941132732,860.075830946615,939.2203307276,1568.82438509892,500.402987636765,1071.90690300021,293.649271730925,1910.77789707711,1226.87087312072,1021.10695707604,1122.70684892438,469.427834410732,234.198143261825,238.749300374545,388.370448184754
"134",165.309265371702,73.9303624700665,55.7536024676842,63.7545249645744,29.1626592154416,81.9992579498073,225.046779464738,84.0943961864987,27.5608329496195,44.8351378655968,39.3927861502266,93.0275375196861,88.2745310887186,69.4331866577142,62.8642036267244,28.7350488467632,64.4794966341084,112.069565543329,52.1634556672384,73.5649515862105,9.11004055903545,101.34502795173,28.9704871276951,29.6892309680023
"135",89.8768821438382,411.715639272956,177.099678426762,138.807320176035,117.622725502281,159.44300156907,167.026906633985,623.700105049866,372.071244819864,212.966904861585,148.817192123078,250.458754860693,195.285878596848,108.145507001312,300.550013385322,175.399310425637,242.540879291918,148.030877901779,402.912751577105,198.18727519354,147.755374643639,26.6058396460572,207.096207928874,50.8828595461635
"136",768.768331194616,17778.9775126291,209.895915172458,96.0352970985361,53.4648752283096,1920.47468420541,840.40906706363,15289.7627999752,185.051306947445,56.043922331996,56.9006911058829,2223.71594494173,3483.20955856624,7039.12205321519,3549.11403731142,5921.45029210274,6028.30290830003,938.116208832449,5176.95267641823,1921.27539820462,10176.5419619193,937.332076090779,8758.18800738254,1733.06111462993
"137",330.618530743405,826.617932100657,708.398713707047,851.001855381566,918.623765286411,1211.76681192493,337.570169197107,543.810428672692,641.77368154114,797.691827858743,748.462936854306,983.945108381295,808.996541266286,285.894989880412,754.11342076241,151.402333253902,795.339500396423,822.653582136149,661.091979357525,847.134862167296,76.2736469645188,444.929937832431,128.038426599434,122.285984142206
"138",32.0988864799422,45.8878111883171,29.5166130711269,92.8072198851399,73.8787366791187,44.2535677824357,7.03271185827305,19.6220257768497,0,44.8351378655968,61.277667344797,28.623857698365,48.8961100774019,30.6953718736367,33.8757997938351,22.2481547029847,56.0705480481947,41.7216721066092,21.4857212141488,46.2658783735213,32.8510475508716,33.4948597604503,22.4755960403506,16.4850359483511
"139",35215.6883571446,25311.5891853335,15381.4350337317,9266.19564105371,30649.9548354291,10105.7577545522,26182.7862483506,15393.4792219386,9638.41700866694,7248.34728827148,22370.7255570898,7256.14792653552,19482.9531164085,9085.14244863132,13565.0116864851,6496.55413111144,16653.0732867063,22312.8329461106,10760.081172959,16369.9422000113,8097.92945033021,10805.0179243542,4186.81160637826,8023.76108578261
"140",19.2593318879653,33.1411969693401,33.616142664339,159.386312411436,167.685290488789,187.426875313845,165.268728669417,266.298921257246,283.482853196087,233.516343049983,275.749503051587,250.458754860693,124.420757752861,71.1479777952339,238.987855528076,58.9309031499005,75.3812173483717,173.46029815735,261.099372501105,216.876338555047,72.7509339511813,12.1556119080018,25.3858132525979,81.061281152693
"141",39800.2118186424,78133.5585087741,44429.0619193952,19288.9718789971,33882.1495651406,25792.0205640219,39713.7238636679,74010.0765104678,41311.7199605547,24315.5897691087,43093.5195602285,30727.7112391948,40206.5810499995,20697.1120357325,42277.5330149256,17139.845832753,47283.8641023888,33129.2979976101,46545.795413377,38009.2706164743,29525.9845819805,6991.31924624339,25257.3189888824,6469.11382757297
"142",2546.24417002142,2660.2183875005,9067.33955426647,8089.15798711913,9009.80356461069,6552.45657672726,4260.0652081489,4496.24704943813,14928.1283040689,9206.14830840254,10868.0320012236,7918.07463581021,6606.50687972882,2649.96941609359,9003.85619644538,3629.2649145745,6605.57197629536,6607.44178316228,9543.5078873032,8464.20450558756,3451.60411983169,2375.34653122573,5224.11669488597,2182.62284105159
"143",991.855592230215,1314.17592597653,1147.86828609938,556.84331931084,819.470723953909,717.818900941567,942.383389008589,1110.04602966178,1078.80974688511,444.615117167168,669.677364553853,751.37626458208,916.426757548469,279.495664027592,828.49188006641,256.200918758633,1006.29584379558,826.557671301355,877.82363123802,779.160128894801,398.020397209311,112.449859680793,375.494525709806,125.6991371208
"144",96.2966594398267,128.740803611667,277.128200501136,199.333767927214,103.04139589456,104.451435721778,260.210338756103,548.015148482017,946.911474911928,328.791011014376,179.456025795477,180.688101720929,178.817657068743,78.0906015780574,393.779903165578,307.088980643828,201.734257346672,155.901056790814,607.905878136107,179.65392819505,74.2228175899965,90.3372391716961,313.382197318395,0.950796938909615
"145",1328.89390026961,480.547356055432,887.958109889736,612.931160893598,554.090525093391,767.929558577561,1295.77715988681,553.621441561117,1023.68808098587,554.83483108676,566.818422939372,728.119380202159,766.538978399421,298.448825399312,698.93685586245,184.511391742393,660.478875612922,872.59908118592,710.714784544582,687.158927180317,207.825574620237,381.761113499127,271.043504427849,105.973553786468
"146",42150.6527811361,16114.9070263416,34672.1814875504,11235.726250877,7424.32699193118,7339.90976815002,32891.9933611431,10933.6730775146,25891.4339252426,9858.12593819809,6471.35936923446,6136.23949408699,18279.8408143322,12442.3036028795,12928.4454364348,7718.94427599017,20674.2715882564,15885.4100404081,15561.0776469851,10295.8132258846,12365.585809879,14728.1936689719,8962.49943034996,6916.40070647298
"147",11.2346102679798,38.2398426569309,4.91943551185449,70.2106793913667,41.799811542133,146.752640219695,17.5817796456826,39.2440515536994,7.87452369989129,78.4614912647944,39.3927861502266,146.69727070412,53.2506981612771,50.9801636260951,60.8201369223349,47.8984189158985,37.7899858533841,68.7114104691701,41.860022172795,79.7802516718747,32.6479464927162,68.6618775083016,35.3661204291925,58.3645955048774
"148",40.1236080999278,54.810441141601,19.677742047418,11.2982702468866,9.23484208488984,14.9681185146474,66.810762653594,70.0786634887489,23.6235710996739,18.6813074439987,35.0158099113126,25.0458754860693,29.4666961148395,24.8287603710044,33.6519872574405,18.6817288277686,28.5954844786352,30.3379077510437,37.4611806774738,29.8427938374071,23.0861831307139,31.7162335912048,28.3554515255607,4.99559658435337
"149",179.753764287676,145.311402096338,3469.02194177606,472.10629245919,1274.4082077148,167.252454707147,137.137881236325,173.795085452097,4323.11351124032,481.977732055165,1254.00369244888,203.94498610085,944.206363331643,1311.47668756353,1230.17356177149,1573.37218858671,1362.14654544386,526.266181219423,1659.62877624919,800.718347293792,1831.90929820346,648.084940991756,2311.78661127382,539.534456503182
"150",100.309020249819,893.537656750286,80.3507800269567,65.3685635712725,52.4927865877949,74.5151986924836,218.014067606465,2102.35990466247,137.804164748098,48.5713993543965,56.9006911058829,234.357834905363,230.71317553921,330.334850094577,468.45119505257,804.484562600142,346.419000116172,115.007350962248,762.911822921654,173.990567183485,473.877869319005,89.8834490553944,1160.85377820133,101.419180608872
"151",93.0867707918325,76.4796853138619,54.9336965490418,334.913010889853,258.575578376916,301.314733577467,91.4252541575497,22.4251723163997,31.4980947995652,222.307558583584,186.021490153848,198.578012782407,186.273659810781,125.58407192899,141.183998074431,89.5022227188817,155.442130917586,217.105188703977,92.0769418998496,190.291054249012,155.799245750672,110.919986059817,112.874220360389,7.17782409122867
"152",654.014812028823,462.702096148864,560.815648351412,1533.74018601486,2516.73749029261,1824.80888326397,2517.71084526175,2590.10740254416,4147.90535891774,3489.66823053895,5703.20003930504,4261.37681484408,1569.41919155558,906.120272624729,3626.94617295092,1436.10779392272,852.419310171711,2286.41907293944,3409.22699733362,3844.66534856823,592.076995986336,399.766447146514,782.008127975739,2098.1592787249
"153",18643.0332675504,12522.9111394339,13972.0167595854,1580.5473056091,3256.01090140406,1521.86718028273,23193.8837085845,13324.7570757507,18154.7143900994,1440.3288039323,2998.22872365614,1799.7250527847,9341.20616581662,8739.15119356159,7843.16003533998,6922.61388660137,9358.49173487614,9323.92059675711,10973.2667565941,4713.05331408582,6774.75397584025,12042.9946921007,8601.73246628741,4052.64751446645
"154",1186.05385543387,3606.65449325954,805.147612106852,2323.81208399357,2949.80297964192,2781.14149879763,993.370549981069,2684.01281161908,492.157731243206,1841.97691397827,1941.18896195839,1862.33974149987,2243.32153629676,1121.09263899789,1844.16628276593,735.165654809072,2245.20472978665,2241.43834280687,1672.71581894685,2015.61674658501,1402.40669507387,1084.1432494818,1105.68718996867,201.100480693073
"155",14003.1392268748,7062.89893873514,12009.1619903555,2650.65490184993,2507.01660388746,3254.9149891743,9184.72168690461,5002.2149998269,7994.61018631464,1795.27364536827,1866.78036589685,2501.00956639464,6111.56151848448,3956.3138317777,4211.90838038096,2561.60196552659,7240.90527698018,4982.21775998879,4930.69961050327,3493.11715025866,4681.79222346994,3658.63600819838,3100.28695851864,2289.70518884226
"156",64.1977729598845,146.586063518235,149.22287719292,171.491601961672,86.5158890058101,145.451064696682,123.072457519778,242.472175671071,200.800354347228,246.593258260782,122.555334689594,311.284452469719,137.056658982516,29.1375533702094,210.127039070152,71.699213652132,155.766847557609,118.346470407424,229.955262759694,190.29881538061,13.6817075831133,29.7504613252987,25.332831342593,105.027212606807
"157",49.7532740439105,188.649890440859,34.4360485829814,98.4563550085832,293.084725115188,245.672379968669,47.4708050433431,217.243856815122,11.8117855498369,143.84606731879,264.807062454301,273.715639240615,151.295034026604,107.363126097413,177.119907567545,97.70419802254,107.180764677475,195.409303375733,124.300569894583,229.939245240507,77.476214080159,130.293254179582,104.101411269281,68.2533856536225
"158",15373.7616795683,14485.2523984454,21773.421575468,9464.3188800259,17070.3625717587,12946.120939647,13471.159564522,13244.8673993736,21954.1720752969,8548.56628637379,16514.3313494228,11848.4880960169,14868.4393216445,4183.92864595159,14496.4774213548,4555.94823643952,15240.9976179798,14495.8810253092,14582.5352536814,14410.4195890281,6189.25402769765,2244.96833255158,6802.17488075239,2366.40230580891
"159",3967.42236892086,4655.70084348134,1841.50869327086,3480.67425534442,2672.75771709522,2888.84687332694,5418.70448679939,6632.2447125752,3039.56614815804,3876.37129462972,2858.16548401089,3468.8537548206,3493.03214488636,1328.57704925448,3894.7055898468,1388.7279641722,3325.96126403221,3660.10302574052,4516.06071845432,3273.35046123929,1413.46080484644,1526.8211928674,1879.82359172887,359.76391234204
"160",197.408151851645,640.517364503593,298.445754385839,1090.68658847623,1639.91353654833,957.308797175925,815.794575559674,1269.82538241613,846.511297738314,1150.76853855032,1903.98466392762,1411.51398275062,907.111102774933,452.350220553858,1248.28582802632,385.844770441583,676.549902455221,1137.67230309464,1089.03507290159,1407.53658315106,397.347634500933,440.67137547806,218.304762104281,498.448682425776
"161",14496.6596065039,3440.31117770189,20861.6861939376,1331.9853601776,1234.55257345369,1835.22148744807,6726.78889243817,1418.39214901228,9156.1024320486,836.92257349114,660.923412076025,992.890063912034,5905.09094752617,7612.37320459505,3161.72026301104,3545.71253300541,8544.6609106057,3265.52098444665,3803.80571818401,2519.63480783808,10718.8195857048,3012.55413797476,4644.33383831831,2936.58567383904
"162",2409.02143031966,12864.5204005025,377.976628494153,11371.3054938397,8892.1808391084,18255.2474980162,1438.18957501684,6785.01619898067,220.486663596956,8244.06097503661,6274.39543848332,12286.7909170232,8866.5700724963,6894.08850452126,7112.88671093617,3985.9751725592,8204.60084094545,9528.53930404716,5083.18794587141,9142.58547600093,6819.05107852747,8426.56948991128,4273.94440009568,3015.68619468612
"163",623.520869872878,1656.42251775606,2045.66526701283,1438.91541787134,1366.7566285637,1120.00573755253,794.696439984855,1925.76167267082,3110.43686145706,1442.1969346767,1339.35472910771,1089.49558364402,1403.74366812355,431.268077324545,1718.49824161331,734.20136908363,1713.66773421341,1093.81960203369,2159.46515626819,1277.53132695842,307.398936178607,286.927691429867,858.323425062021,165.995675967021
"164",9.62966594398267,20.3945827503632,16.3981183728483,25.0175984038203,1.94417728102944,14.6427246338942,31.6472033622287,19.6220257768497,35.4353566495108,22.4175689327984,0,35.7798221229562,18.3407341340307,10.1208402895153,21.932584602691,13.2180512097855,20.6034331756773,16.0780350923841,25.8249837863863,18.0401854189956,4.31353368784768,14.9034400954709,8.43938477084692,17.8918044069115
"165",3468.28468415776,5493.79072837908,4767.75291690564,1102.79187802647,1092.14158761829,1051.99841647511,3277.24372595524,4061.75933580789,3767.95959039798,958.351071877131,956.369308202725,1021.5139216104,2797.61987555997,2010.42746282191,2260.59551724268,1465.39431636953,3788.11184110373,1807.12791001621,2929.35666602767,1591.8343684577,2353.71837822587,1273.3158495648,1713.2503791712,1044.74876023732
"166",820.929021724522,795.388727264163,543.597624059921,993.440762422672,751.910563438136,1455.48682860908,750.741990870648,590.062346575266,547.279397142445,906.043411033935,542.745053625345,1465.18371593506,881.761082777437,315.428423164815,822.179167848247,355.406694246344,777.475704582252,986.046460972622,681.128384917215,963.229950779279,225.455914912903,406.547703800491,195.953239116776,466.584562293973
"167",78.6422718758585,47.1624726102148,54.1137906303994,211.842567129124,99.6390856527588,277.560980282483,42.1962711496383,42.0471980932494,21.6549401747011,158.791113273989,67.8431317031681,280.871603665206,122.085861242436,99.3465648919349,115.548974692125,95.6437487992948,104.372943456579,139.798779028293,74.1644171806464,156.933532203604,93.1362991254923,122.714046894843,73.9947249100254,110.707057567183
"168",70.6175502558729,121.73016579123,72.1517208405325,369.614840933862,669.283028994385,403.488412133973,94.9416100866862,64.472370409649,94.4942843986955,311.977834314778,520.860172430775,452.614749855396,288.534963130111,235.321595262123,288.825729089901,184.011994548125,187.832242521875,389.237683738348,156.981496374374,420.669961805427,159.368097074015,287.435782068067,135.067492058945,119.411485342982
"169",4625.44954175968,8800.89978749265,10700.5921442022,11506.4812271507,13193.673073386,13889.4377999505,3753.70995435324,6186.54441278676,10158.1355728598,10452.1915149173,11321.0490419512,12041.6991354809,10307.4656644225,3687.12242771563,10077.8475570697,2036.85086121822,10335.9910529485,10278.9402758966,8932.29050018792,11223.4046139516,1389.15197097473,5661.71309769176,2382.42699922242,871.23031327791
"170",8072.06747754347,7205.66101798769,6316.55519722117,1399.77498165891,1632.62287174447,1583.36662374509,7461.70728162771,5649.74185046294,5539.72742287352,1244.17507577031,1724.52863813214,1593.9910755777,4266.61466233084,3013.48200815261,3336.46312085791,2053.43735352622,4973.99706562259,3559.23225903909,4144.54811636893,2528.37812534689,3127.12726304039,3379.73224101226,2512.3989779776,1506.77128579253
"171",7634.72014925426,14956.8771245476,9675.70974589914,4396.64116464559,14652.7781227986,6261.22905345314,5476.72435963014,9600.77689795861,6833.11794058067,3463.51440011735,11655.8877242282,4737.2484490794,9236.6599284957,4661.84666876608,7587.86755674332,3131.29601362794,9676.40934503077,8796.91051196064,6632.46974621888,8543.26536726776,5280.11801471151,5086.47726923101,3073.54722027784,3511.05245874555
"172",94.6917151158296,66.2823939386803,44.2749196066904,8.87721233683947,23.3301273723533,4.55551433054485,42.1962711496383,44.8503446327993,23.6235710996739,3.73626148879973,13.1309287167422,10.7339466368869,31.5860731224578,23.6301583256269,21.2768542828933,15.1833983067494,39.8115086274034,23.3606376175122,24.0700590737576,18.4836494920289,28.9617031070791,18.820396957419,20.5606778056118,11.4101494081454
"173",101.111492411818,108.346220861304,346.000297667099,891.352820549018,810.235881869019,916.634562081775,50.9871609724796,75.6849565678489,240.172972846684,780.878651159144,608.399697209056,731.697362414454,520.592824000116,399.79105170421,492.904410699551,280.000821062776,448.56644635914,592.619201641091,365.578860191226,620.229961207875,401.453228822197,472.074274237527,368.943781839909,106.048328107962
"174",5996.87446661521,6127.93478577318,9953.65785231892,4296.16726137863,3640.95800304788,3193.74093959269,3591.95758161296,3208.20121451493,6132.28533129034,3385.05290885256,2739.98712556021,2409.7710199811,5134.06940395404,2580.33510564245,3834.8945006922,1469.06508268782,6792.58663315691,3475.55217475118,4241.84648488594,3427.94251649845,2886.71465602637,245.282366918953,1639.55433104354,1486.74556874071
"175",930.867707918325,340.334599646685,723.15702024261,193.68463280377,144.841207436693,201.744206066986,865.023558567585,461.117605755968,740.205227789781,194.285597417586,113.801382211766,228.99086158692,411.464204127388,306.73316152262,358.310813148235,229.19452288284,419.058750897689,403.869657357088,465.202810321112,251.418815975358,273.374050081001,400.383164312044,272.982741906302,150.093466684031
"176",601.854121498917,639.242703081695,597.711414690321,490.264226784544,574.5043865442,362.488783159069,615.362287598892,1025.95163347528,759.89153703951,530.549131409562,569.006911058829,441.880803218509,546.59563364312,103.704014894517,645.645941640802,213.605471462859,575.73944818552,517.45181910072,772.130767308119,519.161115973486,76.8812206200014,135.747924112448,247.927930720644,67.8583185282488
"177",421.297885049242,298.270772724061,286.967071524845,75.4563048631355,440.842198473426,120.395735878685,161.75237274028,170.991938912547,210.643508972092,20.5494381883985,271.372526812673,67.9816620336168,230.614076034072,136.317939255275,162.0255251589,97.9438536953693,220.231383037347,240.996769030797,134.061628691013,189.989421626787,125.50621841352,174.302150316503,100.283721493436,107.609167259005
"178",95311.2236248925,50285.3930938642,72751.0720670601,11323.6913549421,57786.2952797178,17598.2772527755,67169.4309583659,33867.6164908426,51654.9068403619,8922.19243525376,52184.499208453,14276.1490270595,46152.3600011209,25807.0183053586,34509.620667182,19007.5646841205,44786.7188386221,47518.0011636197,31481.5719221528,37537.6694122112,31080.6586032507,26332.5505404782,21466.0459009098,20369.5955734467
"179",1067.28797545808,1037.57439742473,1322.50824677022,1737.91606976216,2383.07530222184,1773.07125622421,1501.4839817413,1341.30561917465,1937.13283017326,1866.26261365547,2726.85619684347,1903.48653694127,1625.93820902407,460.689553658747,1900.16366763537,463.350731137548,1365.99957131904,1885.87684672911,1714.90035433446,2085.42698093627,352.190624500934,451.491572483392,325.477213490688,572.566020513703
"180",3688.16205654536,2955.30250666981,1921.85947329782,2147.4783662118,3074.71636994806,3246.45474827471,3458.33605630577,2158.42283545347,2222.58431429432,2262.30633146824,3162.36533261542,3567.24826565873,2800.69125345133,621.164802286001,2695.60305549025,581.159409194585,2341.54678205981,3259.83572484285,2214.43782707201,3176.76828390849,543.367314372692,192.159579102202,52.4186906228127,383.48141675386
"181",285.680089671486,8.92262995328388,229.573657219876,182.789872208558,69.5043377968025,191.006208002131,650.525846890257,18.2204525070747,594.526539341793,280.21961165998,113.801382211766,407.889972201701,222.053758678485,225.763897148047,272.785286100133,207.112917758901,140.428719793906,303.678797563063,297.655534502949,247.915037697317,116.265082393097,306.460165170098,288.548410123372,148.740139185542
"182",1722.9077318109,1272.1120990539,681.341818391847,423.685134258248,352.382132186586,445.464222751136,1413.57508351288,839.542388595212,496.094993093151,416.59315600117,273.56101493213,338.119319061936,764.760081692434,463.392516405487,521.445158896006,231.118794127437,792.379683901332,737.140479483535,584.076845896511,458.8134718955,434.976015810951,587.655425434176,224.782379547433,266.916540687735
"183",5533.04555698004,10109.9770677816,12825.7882853233,26.6316370105184,18.4696841697797,21.1506022489582,7505.66173074191,9498.46204926503,18794.5194407155,29.8900919103979,13.1309287167422,35.7798221229562,5084.61316787934,5795.32899474734,5576.06591676834,7520.04405254937,7654.13233003847,2515.09400572022,9440.95719396366,1711.17463957301,6743.73655764649,4321.95863704775,9382.44684268434,2921.50541181928
"184",165287.598623329,71423.1034531937,90661.9168598037,30485.1541840101,50620.5438661635,49653.4792335351,95273.9057219896,34969.2530808857,48416.5089687816,21743.17373407,36022.5144462628,33121.3813392205,64686.350553116,25492.2277831603,39826.5303537228,14844.7221760663,64190.0581656692,65182.6429405628,35042.9785945791,44610.0821128664,30733.5061396065,26064.2835185735,13336.8204503305,17446.9641826283
"185",69.0126059318758,114.719527970793,146.763159436992,272.772524531977,293.570769435446,260.640498483316,65.0525846890257,213.039137005797,202.768985272201,235.384473794383,236.35671690136,286.23857698365,192.253177424592,95.5889582718448,227.67351123033,33.6265499274994,178.085070646587,206.421284202596,217.064198690794,238.282823769867,83.5522831636497,123.531099678841,16.676131567638,47.022295225995
"186",77.0373275518614,57.3597639853964,42.6351077694056,353.474454866881,266.352287501033,340.361999267851,80.8761863701401,70.0786634887489,27.5608329496195,508.131562476764,328.273217918555,357.798221229562,190.176633293451,145.862924145813,247.00318855945,184.257904574857,151.156442207228,229.196824379675,201.923686305044,292.082690813856,175.367150744042,133.673550501281,266.034563639078,89.4794103391546
"187",321.791336961421,392.595717944491,306.644813572263,504.790574244826,943.898069939793,1282.05189016762,284.824830260059,291.527240113196,287.420115046032,470.768947588766,816.306068557475,1178.94513895141,619.134316021509,404.657374845466,610.683637713064,343.863159861156,401.343701920527,836.924930122491,349.905434249331,871.461841176797,99.3621207294857,507.146814773345,104.691015668218,283.951860017307
"188",248.766370219552,1500.27649357359,15.5782124542059,271.158485925278,19.9278171305518,258.037347437291,309.439321764014,7131.20479661509,27.5608329496195,226.043820072384,32.8273217918555,1917.79846579045,395.736279714155,556.36121868654,1621.86191948893,2791.3780301338,595.671063984358,195.801495443952,2461.60314987903,782.120689098821,793.765429127917,154.464247590779,4045.21118465333,1000.12436091143
"189",10100.7171030758,7198.0130494563,15734.8144846666,5566.41564485002,5388.77337869335,4907.91590340057,12105.0552860525,8814.49429361484,17132.9949400385,7173.62205849549,6090.56243644893,6599.58819057927,8483.49795785322,4432.18268515644,9049.12664617171,4098.65277947213,9499.7477263243,7467.24818938214,11040.3704307163,7057.88286162714,5461.00454435063,4023.64846592376,5339.77251216676,1260.5794725176
"190",4193.71951860445,2779.39923044793,3455.08354115914,2587.70739618871,1795.44771903069,3463.4924667371,3665.80105612483,2576.09166984641,3718.74381727366,2738.6796712902,2109.70254715658,4064.58779316782,2957.82190161473,710.512417747272,3027.6045667249,733.179773957262,2940.73005593192,2974.91374729754,3011.17171947009,3044.03741397971,455.638091750955,1026.44399516569,618.144335690282,980.290220902654
"191",45.7409132339177,3911.29857309309,3.27962367456966,17.7544246736789,8.74879776463248,276.910192520976,66.810762653594,3365.17742072972,5.90589277491847,16.8131766995988,0,266.559674816024,714.133729063423,1569.7057099776,728.098315680615,1320.98559681109,1310.77754048044,117.489917646401,1129.29883006808,326.897801293149,2252.12890633763,141.081238910443,1936.33533933174,360.87014683482
"192",3292.54328068007,2082.15943266989,1218.38019510263,1876.31988028652,4031.7376365348,2939.28292484369,10345.1191435197,11487.2945190757,7368.58555217328,2706.92144863541,7725.36306168334,5647.84492210863,3748.83320215953,3374.42424144021,6447.47378430599,3155.78960063918,1725.61983601968,5772.04656829938,7187.60050662814,5707.34706198384,451.177925346078,3997.88805595503,4392.98355381188,1988.93258040799
"193",306.544365883448,211.593796035018,259.090270291003,365.176234765442,451.535173519088,328.647819560736,685.689406181623,685.369328919965,801.232786463939,825.713789024741,1214.61090629865,674.449647017724,383.622116725485,169.894778288466,764.166429075085,270.973901719439,278.620100363821,488.624133087149,770.771968136215,757.560890013955,78.6317497490738,181.387339237255,74.966912437563,421.682583388684
"194",581.792317448953,293.809457747419,464.066749951607,1206.49385850682,1126.1646900363,1792.26949518865,1858.39410854865,1470.25035999395,2441.1023469663,1819.55934504547,1936.81198571948,3366.88126177018,1123.53305999657,650.761964194624,2026.35639324866,792.987798216566,654.790022068615,1592.27609792453,1910.30401733524,2142.40876916208,485.314051664126,405.016048503839,491.746216877946,1135.71797406824
"195",50.555746205909,7.01063782043734,0,129.930107839196,121.997124384597,259.664316841057,49.2289830079114,2.80314653954996,0,93.4065372199933,48.1467386280548,125.229377430347,94.6385283155331,97.9026294662318,60.704054688913,52.1146845826498,45.6469152198777,143.630141411188,32.0698945865144,89.3382147913115,73.0755066984906,106.872578338044,53.1375780854837,38.8136998207132
"196",2367.29287789574,235.812363051074,398.474276460214,368.807821630513,546.79986028953,634.192673587994,1213.1427955521,56.0629307909992,185.051306947445,239.120735283183,341.404146635298,375.68813229104,566.204965095238,346.348359522137,293.922036173867,175.790335880706,334.3648203806,798.045109809875,160.078324340542,427.765748007192,86.6283139037504,362.131112285964,94.0493346153398,121.111149524204
"197",4863.78377387325,1752.65945510933,1211.82094775349,537.071346378788,759.201228241997,522.907966370398,2373.54025216715,742.833832980739,549.248028067418,388.571194835172,420.189718935751,288.027568089797,1192.86686600353,744.942309304618,596.956201485401,331.292461172684,1167.18391641387,1218.54981559318,560.217685294443,633.694717676358,609.022135022108,1007.20445185398,177.385890733234,488.745155605324
"198",11849.3039440707,6829.63589852786,1183.12424060101,3988.28939715097,6983.97083777801,8492.12949989711,5096.95791928339,2702.23326412616,523.655826042771,2163.29540201505,4414.18053694484,4697.89064474415,5429.01796553973,2606.75420807442,3321.71227323545,1848.39902998082,4000.34984542661,6857.68608565284,1796.39483072799,4847.0297157429,2823.27514893349,1701.1050509643,1134.68583111783,523.598699858057
"199",99.5065480878209,329.499977560555,8.19905918642415,245.737377869784,169.143423449561,250.87868206072,28.1308474330922,142.960473517048,11.8117855498369,153.186721040789,78.7855723004533,144.908279597973,171.931561260023,129.616745452489,117.264065544354,60.5049717253757,194.478804872254,149.384317647791,102.652993369225,131.875137719483,166.670786331385,112.68081537861,78.8367795712641,47.9211947392037
"200",1711.67312154292,992.961247658307,760.872692500161,286.088343037236,148.243517678495,445.464222751136,829.85999927622,368.613769950819,350.416304645163,110.219713919592,109.424405972852,250.458754860693,577.248337150259,333.626770446449,294.39688108323,178.167265791146,679.974094398568,474.52257990195,276.416596171858,312.377165994601,360.313423567538,341.736079579906,144.218028306685,239.979634289207
"201",27.2840535079509,17.8452599065678,11.4786828609938,59.7194284478292,34.9951910585299,80.3722885460413,24.6144915039557,8.40943961864987,23.6235710996739,46.7032686099967,61.277667344797,51.8807420782865,38.1708903873196,26.7011749294912,38.3442631897872,19.451852119665,29.6811237384636,46.6606570361756,26.2454264427735,50.443099936801,26.2079785214127,29.6529139394986,19.2810769612263,11.6202795377686
"202",513.582183679076,276.6015285518,359.118792365378,415.614941224757,268.78250910232,266.172194456121,580.198728307527,325.164998587795,334.66725724538,384.834933346372,273.56101493213,336.330327955788,361.081449001317,123.007197959851,335.939996844797,37.501513645172,350.445087380645,371.717810621989,348.222396393183,323.657597296412,69.9114232037016,180.55448821586,32.0613728107584,45.1154648838797
"203",2918.59125318875,3186.65355474424,3725.65249431113,2190.2503892893,3164.63456919567,3260.77207902785,2257.50050650565,2637.76089371651,3100.5937068322,1688.79019293748,2422.65634823894,2527.84443298686,2964.24393217898,609.236680140444,2556.98158448183,498.106533034683,3034.18547944823,2894.30238490973,2475.71493116206,2638.24823780159,778.973549945518,553.577527951959,719.716236406069,287.177693872068
"204",44.9384410719191,75.2050238919642,36.0758604202663,144.456455299479,87.4879776463248,145.776458577435,133.621525307188,583.054480226391,102.368808098587,125.164759874791,113.801382211766,304.128488045128,103.770550190443,44.6645327162893,222.048078107851,193.121330707157,85.2457798705697,122.295320510316,270.19601606659,173.900140149112,54.8835214072441,30.7505924924971,271.183015326676,112.89252120736
"205",1779.8832553128,866.769766890434,6758.48448736943,4466.44833438528,2387.44970110415,1972.53770512592,1557.74567660748,751.243272599389,6317.33663823779,4285.49192765329,2074.68673724527,2003.67003888555,3001.57261191378,2206.27862779981,3072.33353775585,1976.44156711666,4030.56752954838,1972.57769427918,3784.69061283016,2359.97646268153,2969.94438397357,414.852013693851,2816.63812131544,556.771997224822
"206",6469.53057003236,3004.37697141287,2812.27730094348,4128.30724628203,9366.56009567959,3539.3092409526,6269.66262165043,3262.86257203615,3271.86459730483,3166.48161175777,7418.97472495935,2658.44078373565,4853.41557948683,2538.19132133966,4105.33997821343,1784.33259465867,3314.98717287946,6391.8439860942,3233.73626036625,4976.94369606061,710.874621292869,2915.54614872447,58.4178905329693,2382.66977319014
"207",18039.5742017275,5906.78102907393,8969.77074994802,3598.90258328506,5175.88596642063,3638.55437458232,14670.2369363576,4095.39709428249,6864.61603538023,3043.18498262738,4077.15336654846,3093.16562252956,6993.35527327792,4245.03396003788,4694.47872910768,1790.26776792297,6158.48478743567,7828.22575912018,4667.7327040967,4721.22475411865,2694.2665611254,5975.00500567968,1973.95791759399,2028.29751076268
"208",1455.68450186538,705.525097020376,5988.5928297642,2376.67184836293,1263.71523266914,691.136602719805,1533.13118510353,897.006892655987,5462.95081679958,2318.35025380023,1041.72034486155,660.137718168542,2093.12879927333,2007.36578727352,2078.88247092654,1788.56580411122,3023.59659171584,1162.66100683082,2892.76932108527,1264.99562076781,2700.29348124633,429.997310004051,2336.54208784079,742.128524081057
"209",747.904054982654,1143.37129544223,1111.79242567912,662.562848049564,772.324424888945,681.049392416455,578.440550342959,661.54258333379,887.852547162743,526.812869920762,695.939221987338,493.761545296795,824.923489469879,242.604215235933,681.805376195218,156.800342297223,972.575523056971,677.271455882786,692.069333472432,671.541418918004,268.942745306162,96.9971329760849,182.445400027703,166.923628983681
"210",33.7038308039393,53.5357797197033,24.5971775592725,308.684883531009,410.707450617469,206.299720397531,17.5817796456826,33.6377584745995,3.93726184994565,214.835035605985,389.550885263352,205.733977206998,170.234465245111,165.183608651226,169.654897274332,139.757306126779,128.939280269995,211.529650220228,84.1366853101766,255.173109238487,156.335287419377,196.615010664794,114.15810944682,117.72040542924
"211",2626.49138622127,7222.8689471833,2098.95915172458,3053.76104387278,1712.82018458694,3646.03843383965,2310.2458454427,6531.3314371514,1972.56818682277,2551.86659685022,1464.09855191676,3157.56930235088,3340.78226777499,2024.87283600422,3169.70272381117,1791.86501764195,4125.19638092689,2556.36815462309,3685.25540694146,2654.15004068088,2724.81066481979,989.83096694241,2481.73492526232,1034.678045146
"212",270.433118593513,458.878111883171,64.7725675727508,386.965755955866,115.192503900994,505.987484571232,182.850508315099,276.109934145671,51.1844040492934,287.692134637579,94.1049891366526,345.275283486527,285.774488699852,188.271988833574,223.356872359263,120.026145037018,303.538811803929,268.010165595775,204.995490944181,241.718253774344,209.880528567924,208.852351316389,133.330134181657,131.252973557971
"213",463.026437473167,646.253340902133,199.237138230107,359.123589990324,278.989439827725,635.494249111007,233.837669287579,371.416916490369,177.176783247554,192.417466673186,201.340906990047,348.853265698823,392.155904558146,199.979575783289,280.560207276354,100.105400166537,401.538023040855,382.773786075437,247.003722137037,314.116692415672,226.506312188155,220.02362355759,108.014127801507,100.037807686995
"214",810.496883618541,462.702096148864,506.701857721013,761.826222361497,573.046253583428,667.708243305574,494.048008043682,274.708360875896,338.604519095326,625.823799373955,444.263088249778,540.275314056639,577.672113527343,116.007337844923,466.891199196489,139.155278544734,577.076725410458,578.267501644228,413.045559781726,520.736838611253,161.503180223635,86.9477739869643,187.020357693425,68.8171927894833
"215",3.20988864799422,94.9622759313785,1.63981183728483,11.2982702468866,5.83253184308832,27.6584798640223,3.51635592913653,61.6692238700991,0,3.73626148879973,4.37697623891407,25.0458754860693,24.1512876086328,35.9439571546617,19.8299374487525,23.1837563838955,35.9667860051833,12.3357892120824,21.8018284529663,17.8580464445388,51.319317302906,13.3202779373171,34.5766803711358,11.6835145518953
"216",19480.0117325149,28860.8839146077,40080.2809269158,12521.3080011121,13305.9493113655,14686.0020200343,9998.75808449971,12822.9938451713,19278.8026482589,8180.54452972701,8933.40850362362,9606.88224001374,19908.8637097559,11922.1447225849,13121.9159127584,5260.71242812963,27154.1576142119,12663.5698052998,13427.4470077191,12816.3848177977,13858.5328653376,2408.74500521774,5573.76497851093,6151.49041639954
"217",20138.8413775158,20750.2132870726,18039.5700219704,8493.87816774868,16528.909198992,10255.7643335795,10230.8375758227,9428.38338577628,9331.31058437118,5163.51337752123,10771.7385239675,6397.43219558457,14049.862097531,5036.01496194401,9190.37336079196,3168.84774995452,15761.2204922639,12338.5037027981,7974.4024492229,10406.344272361,6437.98066740875,3629.01901382626,2434.78516757682,3839.27800118476
"218",54.5681070159018,239.636347316767,65.5924734913932,326.842817856362,419.456248382102,333.203333891281,172.30144052769,430.282993820919,159.459104922799,366.153625902374,424.566695174665,347.064274592675,259.505443577599,127.398210404117,331.172022998505,104.540184016174,210.690546221508,308.320340933691,318.631908215364,343.712137781646,133.00875970585,125.442206873458,141.527841566309,82.5816675212929
"219",367.532250195339,577.421624119657,888.778015808378,1113.68663862168,1044.50924423307,684.628725104741,312.955677693151,473.731765183943,878.009392537879,1062.96639356352,1118.31742904255,703.073504716089,770.329987596779,303.594332098559,834.404745440127,239.243253706936,859.962092849905,680.697882343653,804.902517095115,863.906973785138,269.291309749637,365.792624068511,301.343364367226,222.877474031319
"220",60620.3520616949,39483.9122047031,41206.0117532119,17636.59985539,17947.186525503,22189.2595163225,44355.3136901281,27299.844148677,28993.9962629997,15882.8475888877,15897.1776997359,19272.8011865304,30469.7139242098,12485.2086640805,22969.3968018401,6711.23851082846,32775.5079377683,28163.9199106512,24058.8960001881,21879.897603492,13138.923477925,14181.6684563708,7131.1544342107,7628.06769758248
"221",5996.87446661521,1778.15268354729,2631.89799884215,1211.33597432691,1091.65554329803,2310.6219472285,3159.44580232917,918.030491702611,1246.1433755078,767.801735948345,682.808293270595,1481.28463589039,2030.51832492868,816.1867756672,1187.76447620807,510.666643094535,1873.79555223878,2187.24109761857,977.325201052918,1398.20375136322,715.094249118508,1039.40187818469,244.621294967975,677.685330657465
"222",272612.632985501,231497.63413795,298841.768944543,188621.79720421,382851.27853488,258615.572363389,203640.962746119,163189.38051971,228193.853668225,163749.132269626,365722.626618704,216845.400967282,260678.168988515,71671.2642381734,233063.093838677,75278.9853229065,239653.733428901,281702.604548129,185044.12215252,281082.065524834,55560.7956147395,91808.7284118522,37369.8117189988,76507.1651861099
"223",6.41977729598845,8.92262995328388,1.63981183728483,25.8246177071694,111.790193659193,35.7933268828524,0,0,0,14.9450459551989,102.858941614481,23.2568843799215,30.6617633399639,42.1581793935014,28.6204392149275,38.3915757053523,12.1290198325794,49.1945068473484,4.98168198506631,52.2591964447887,12.4071314486684,57.0872627467859,8.62852630528543,43.9767974792566
"224",153.272182941724,316.116032630629,305.824907653621,474.527350369237,661.02027555001,445.464222751136,149.445126988302,214.440710275572,188.988568797391,375.494279624373,560.252958581001,332.752345743493,392.066319323822,175.532594356251,343.999197057609,134.913502569031,365.489430217829,418.643208429816,259.641186232445,428.357207882772,94.5696982998875,256.840044119685,101.135588754975,118.012302980067
"225",33.7038308039393,38.2398426569309,72.1517208405325,392.211381427635,384.947101643829,250.87868206072,89.6670761929814,252.283188559496,147.647319372962,603.406230441157,606.211209089599,372.110150078744,204.682634137105,160.182775936574,364.390121946511,200.358491601739,167.534314975033,241.830953299177,334.445579457872,394.334664435149,195.313445550467,147.847791340859,238.730056995595,201.684768648078
"226",253.581203191544,237.087024472972,232.853280894446,543.123991153906,512.776757871515,501.431970240687,481.740762291704,637.715837747615,503.969516793043,676.263329472752,604.022720970142,726.330389096011,418.168964487538,143.297638812574,594.411793094517,114.290104711136,337.688098840441,498.649830134635,605.982894671137,582.840691517897,177.925294812582,15.7039320899189,90.424135213719,155.168858612054
"227",1.60494432399711,19.1199213284655,22.9573657219876,52.4562547176878,43.7439888231624,57.2693230125638,10.5490677874096,19.6220257768497,23.6235710996739,26.1538304215981,30.6388336723985,17.8899110614781,34.3493202318795,19.3370661519023,25.3795820439796,6.34103448078551,31.5111805893803,37.1874598743786,23.1331424327072,27.626021655252,18.2401642686837,24.0403123101192,3.29340373888873,8.63341269415923
"228",197.408151851645,433.384883445217,398.474276460214,391.000852472611,305.72187744188,361.512601516809,130.105169378051,154.173059675248,169.302259547663,291.428396126379,205.717883228961,216.467923843885,336.699943452464,109.881157446762,228.9649109791,71.2159759923871,407.620004126014,265.779882778913,204.96790511643,252.96191684177,22.6237656298513,120.763703634435,75.2581261489815,72.7181797681678
"229",6670.14861053199,5728.32843000825,9566.6622587197,19811.113368264,10954.9529342806,20005.215788707,5517.16245281521,3885.16110381624,8159.97518401235,14567.6835448302,8578.87342827158,14161.6535962661,11930.5725387991,6533.64146122455,10213.9865659993,4109.30673541481,11702.034685664,12159.1103919343,8870.93994421958,11557.0331877789,7280.18333942257,7318.70335189425,5376.63227247167,2810.07247879989
"230",260.000980487532,298.270772724061,288.60688336213,803.387716483972,1118.87402523244,1196.47329952953,597.780507953209,713.400794315464,626.024634141358,891.098365078736,1199.29148946246,1311.33048080634,717.232200880891,392.919331826722,909.729660780875,283.395566115689,463.421790856721,971.042610905061,743.507931178519,1075.95139038323,294.458775773613,325.574661126887,135.077201909995,315.670360634714
"231",836.175992802495,243.46033158246,343.540579911172,190.456555590374,204.624658828349,337.108060460319,444.819025035771,85.4959694562737,135.835533823125,128.901021363591,100.670453495024,175.321128402485,294.001535234741,98.308094078461,153.370940295873,75.5637418065245,259.152489028002,328.850581441479,116.744174880996,189.99770571075,77.7390666237665,120.309903413045,27.2829547971276,97.4975806508879
"232",480.680825037135,304.006749122601,291.8865070367,307.474354575985,253.715135174342,368.345873012627,861.507202638449,695.18034180839,752.017013339618,257.802042727182,293.257408007243,477.660625341465,397.822636926784,230.141662762617,478.956678025114,205.568783368666,301.122536911762,494.522736941806,568.333132625063,389.580223425164,8.18439110654339,322.944654796027,270.425165531172,92.4775090281516
"233",506.359934221089,159.332677737212,323.862837863754,90.7896716267673,89.4321549273543,117.79258483266,249.661270968693,85.4959694562737,155.521843072853,59.7801838207957,72.2201079420822,51.8807420782865,171.811866326073,95.5037732801092,99.4517854493941,51.2893787629908,191.328395742578,152.295336909569,100.265998783307,98.6375721154807,119.785515330288,85.5053935872336,49.5502941850534,64.1816208181838
"234",202.222984823636,82.2156617124015,40.9952959321208,148.491551816224,89.9181992476116,155.212881119278,121.31427955521,33.6377584745995,27.5608329496195,61.6483145651956,85.3510366588244,109.128457475016,106.357978230474,43.6145125521224,70.614063058955,35.438331816054,90.5675031535821,122.148453307367,40.9489686631382,100.279157454772,54.2326119495374,32.6553327125467,18.181843870708,13.0021337358491
"235",4.01236080999278,43.9758190554706,5.73934143049691,2.42105791004713,10.6929750456619,14.317330753141,3.51635592913653,5.60629307909992,3.93726184994565,0,4.37697623891407,10.7339466368869,13.4438133539923,15.620166147129,6.3497151931398,4.90165081694716,17.3787394653382,9.50888724264647,3.18118497634852,9.51824540993109,23.0934240298705,5.49698210212948,2.87860551331408,4.65406606342846
"236",325.803697771414,68.1943860715268,122.985887796362,146.877513209526,57.8392741106259,155.863668880785,172.30144052769,16.8188792372997,53.1530349742662,89.6702757311936,43.7697623891407,75.137626458208,120.677028432753,47.5352226075152,66.5377678704768,36.6323110303033,112.685929025805,128.6681278397,53.2140633142532,79.8614724267004,40.3401225464179,61.8877611051643,36.4257365899626,38.6706339891946
"237",117062.231575863,65667.3698026146,93785.7584098313,35675.4988334995,28925.9556314763,34743.6062235426,108379.364269881,52856.131149754,85227.9386348484,37237.4501281225,30470.3200872003,34214.4549050769,61196.2588618076,33766.0665295376,50200.4256278016,20821.8867837888,65042.8756819818,57349.6420416334,58440.506637575,41960.3446180283,29060.1627952631,44288.6630823505,24477.7589654421,16763.6491844447
"238",25.6791091839538,2.5493228437954,4.91943551185449,20.1754825837261,9.7208864051472,16.2696940376602,45.7126270787748,2.80314653954996,3.93726184994565,56.043922331996,21.8848811945704,32.2018399106606,16.5579080768264,15.7582164088683,22.2381599839248,19.9355821251406,9.21474697979199,23.9010691738607,20.9281102404972,23.5482097273524,9.56596321597228,19.1710658032223,30.4164716645177,7.95349905144824
"239",43.333496747922,201.396504659836,130.365041064144,685.966407846686,981.809526919867,861.968390115237,52.7453389370479,141.558900247273,61.0275586741575,590.329315230358,770.347818048877,853.348757632505,485.708534923803,405.54909611933,483.720147459496,324.312671060292,339.242651190222,632.174418657384,264.305258050596,703.135036868395,302.364663573002,505.365232615802,285.201838421241,192.815979119568
"240",6041.81290768713,6941.16877294391,4552.93756622133,1487.74008572396,2628.5276839518,1800.40434220748,4043.809318507,4129.03485275709,3263.99007360494,1247.91133725911,1941.18896195839,1302.38552527561,3575.76462825925,2044.93942717117,2576.71256318573,1238.84399671997,4327.28214162973,2824.24711488876,2880.31208787371,2273.11303849775,2733.70835855511,1134.43644319816,1478.38586824954,1172.47316852479
"241",1760.62392342483,3078.30733388294,2524.4903235,1143.94986249727,1937.85870486609,1281.72649628687,1454.01317669795,2016.86393520619,1919.4151518485,1083.51583175192,1520.99924302264,1066.23869926409,1903.39098295519,765.837947419666,1585.07064067476,429.978719343767,2248.91583996007,1557.86612595031,1673.26497293554,1496.87630841397,996.188073990106,340.171199670213,513.056627956003,419.09715282128
"242",715.805168502712,20693.4908537982,513.261105070152,595.580245871594,931.260917613102,2332.42333723896,541.518813087025,14423.5905192543,397.66344684451,368.021756646774,687.185269509509,2178.99116728803,4267.9225454465,8076.48967720003,3720.56245083161,5453.68534020614,7267.44406824664,1268.40102264636,5063.09190758186,2378.03299408135,11627.3704390158,941.850487855344,8106.44313813344,1798.64757427104
"243",205.43287347163,509.864568759079,519.820352419291,79.0878917282062,118.594814142796,137.967005439358,189.883220173372,368.613769950819,492.157731243206,74.7252297759946,140.06323964525,121.651395218051,259.202975443684,201.230285416949,242.735723546168,162.331987241752,369.590937635526,148.815013251842,311.832243656673,173.639203435662,251.632259792231,36.8614794022143,214.430827113344,74.6700630372269
"244",24788.3650841354,16384.497917073,10437.4023443179,2574.39157768345,3484.45173192501,4208.31905978118,14515.5172754756,7840.40087112123,5102.69135752956,1843.84504472267,2405.14844328328,2862.3857698365,8600.76331770936,6012.17845309209,4775.8724673671,2898.499042213,9798.76394635813,7402.76268906059,4928.97909112449,4622.76584360971,6927.16778552558,6170.45009152574,3002.04970118806,3452.62428033457
"245",105.123853221811,108.346220861304,164.801089647125,342.579694271669,249.340736292026,338.084242102579,94.9416100866862,119.133727930873,122.055117348315,323.186618781177,240.733693140274,254.036737072989,216.348932210232,110.366347858946,212.582471080643,79.6068848284703,205.242334926699,227.455529493764,188.125154686788,237.039787474498,122.241362706299,123.039857702112,116.975779294356,19.113512579954
"246",19.2593318879653,61.1837482510895,36.8957663389087,102.087941873654,68.5322491562878,78.4199252615221,96.6997880512545,468.125472104843,324.824102620516,362.417364413574,306.388336723985,411.467954413996,73.9699031554527,24.0608392389958,324.532188905394,136.178477340351,66.722485487884,81.2173208230214,385.122313046311,263.942064764478,32.9471265116087,14.2906132931896,74.2997755267964,172.706392913736
"247",1.60494432399711,316.753363341578,4.91943551185449,166.245976489903,87.4879776463248,65.0787761506407,0,277.511507415446,0,130.769152107991,61.277667344797,35.7798221229562,106.74758819005,119.59408561011,102.014289530207,98.0835481124958,162.639591781112,50.8555845989885,136.093553174479,67.9350258859344,155.948241876685,45.4451421121906,138.832348975431,35.9492179636412
"248",467.038798283159,334.598623248146,225.474127626664,400.281574461125,183.724753057282,378.107689435223,441.302669106634,246.676895480396,238.204341921712,384.834933346372,260.430086215387,282.660594771354,327.248239489179,101.921493048009,290.009181870733,56.3365310847816,320.118108445312,334.378370533046,289.905390249493,290.112973491973,88.2987816955141,134.24152005925,82.320469236927,34.0267521690895
"249",131.605434567763,132.564787877361,395.194652785644,125.895011322451,431.121312068278,317.90982149588,216.255889641896,162.582499293898,633.899157841249,220.439427839184,459.582505085978,304.128488045128,269.823579198585,131.508218168926,341.74260955067,174.7235907099,217.884817328485,321.762341068685,338.973694991444,344.511524109897,153.59103096277,107.484505250343,257.045963833421,101.11975420184
"250",4578.90615636376,5218.46386124917,2505.63248737122,990.212685209276,1471.74220173929,1687.16727170536,2828.90834499034,2665.79235911201,1454.81825355492,717.362205849549,1096.43254784798,1398.99104500759,2450.35447537744,1515.31772248064,1630.62514779158,767.789122414494,2904.76967794322,1995.93927281166,1612.65760617216,1648.592689411,2142.19744061886,729.369657030729,983.758080760492,710.634844436961
"251",361.11247289935,207.769811769325,365.678039714517,164.22842823153,180.808487135738,136.340036035592,952.932456795999,552.219868291342,1141.80593648424,461.428293866767,536.179589266974,286.23857698365,334.626209947117,313.487505145528,552.083079140014,307.962682010184,245.892093238457,423.360326655776,718.484699547449,385.68145873258,105.99748935692,459.16156366986,369.406862047652,132.561707241241
"252",3.20988864799422,1.2746614218977,6.55924734913932,12.5087992019102,30.1347478559563,22.1267838912178,31.6472033622287,84.0943961864987,43.3098803494021,93.4065372199933,148.817192123078,107.339466368869,17.375240513725,12.5615900418984,82.3904521269277,46.7193567718231,6.78090265764906,27.969578369801,73.6036045852981,91.1772996685574,5.62034796270825,5.11620620223955,26.645098774771,67.1949282688462
"253",20.8642762119624,15.2959370627724,9.83887102370898,46.0001002908954,51.5206979472802,58.5708985355767,87.9088982284132,117.732154661098,190.957199722364,140.10980582999,129.120799047965,186.055075039372,44.8559005147745,28.9391578814832,134.805155802594,53.3336917465535,23.7116361257923,66.0001649037567,149.599720071151,120.010591534037,19.4942714295249,19.2982066265752,37.523601376794,71.03906412895
"254",46.5433853959162,31.8665355474424,46.7346373626177,137.193281569337,93.3205094894131,188.728450836858,138.896059200893,280.314653954996,169.302259547663,205.494381883985,161.948120839821,257.614719285285,106.12324566776,60.1132268420161,196.799563529918,64.7174980501895,71.9314848264658,140.315006509055,218.370431795548,175.228695264289,57.0051901012312,47.7197954379195,56.615213715097,76.6139470820107
"255",706.175502558729,493.293970274409,1490.58896009191,2316.14540061175,2082.21386798253,1782.50767876605,1100.61940581973,904.014759004861,2407.63562124176,3002.08610625059,2243.20032244346,2121.7434518913,1544.2282139244,670.252271774863,2037.1514124594,727.315809499007,1433.34277699269,1655.1136508561,2104.5788288324,1969.72399608639,912.773070582331,503.044581322081,1081.36876647259,373.460758754268
"256",810.496883618541,825.980601389708,618.209062656381,402.702632371172,457.853749682433,535.598327719773,421.962711496383,469.527045374618,507.906778642988,384.834933346372,337.027170396384,472.293652023022,543.717847552642,159.605374161055,452.551237889338,77.4400873402216,615.630765472421,471.804929632863,454.089585787993,451.012889990682,211.650762995059,58.0882077974898,62.9714708820197,104.975769253366
"257",190.988374555656,608.013498245202,273.028670907924,691.61554297013,712.54097349729,822.921124424852,309.439321764014,835.337668785887,376.008506669809,750.988559248746,647.792483359283,822.935908827992,569.593188634902,226.541490689557,667.109385921103,175.63635698433,524.219237374419,614.967139895385,654.111578234814,680.107193607392,221.51715730811,270.28943776771,244.509062982019,129.725918160262
"258",16.8519154019697,22.3065748832097,26.2369893965573,63.7545249645744,78.7391798816923,70.285078242692,28.1308474330922,21.0235990466247,15.7490473997826,67.2527067983952,94.1049891366526,50.0917509721387,48.2421991336363,25.3690320465881,49.4107154145383,29.1776636111922,37.4326964147805,59.0517018524922,34.6751177482675,64.1463130808092,22.87992642504,27.1098208616349,28.3360142752655,25.961450532762
"259",0,6.37330710948849,9.83887102370898,22.1930308420987,6.80462048360304,16.2696940376602,21.0981355748192,25.2283188559496,0,29.8900919103979,13.1309287167422,14.3119288491825,13.7629431785631,7.0651050043384,16.0540352518059,10.4896575806527,12.8017363250987,14.7241500320275,18.3728035887825,13.7352669148293,8.31563845051371,7.27101596207271,16.0811369556627,0.590986302621877
"260",1074.51022491607,1505.37513926118,1558.64115133923,1278.72208615656,1261.28501106785,1140.18015815923,492.289830079114,583.054480226391,539.404873442553,915.384064755934,752.839913093221,674.449647017724,1206.08222934386,383.677105792801,778.535867979947,248.360282281446,1447.57945891899,964.58499976873,679.28113947496,877.790596484935,148.640257880723,413.477498581981,205.632598431696,286.997919169689
"261",20351.4965004454,39733.1085126841,24257.7365089545,37098.2738653038,32103.2273529986,34136.4212420571,11349.0387612881,19605.2068976124,12861.0658328475,23992.4031503275,20729.359467497,21435.6914338631,29779.634373881,10461.2907258154,21400.5601926714,5541.20088147853,33696.3729623141,25862.895785448,18819.5586269291,23981.5617584137,8279.58223455604,12610.4125085558,5607.10264065155,5033.68262332378
"262",398.026192351284,534.720466486084,191.857984962325,470.895763504167,447.646818957029,596.772377301376,307.681143799446,361.605903601945,133.866902898152,455.823901633567,407.058790219009,422.201901050883,424.929092501738,149.854938467163,367.581081984216,118.554234943796,399.158071650859,450.700113352617,317.098902711221,418.06326125721,182.34141776757,144.569800708573,165.52864436373,9.6272104176318
"263",4666.3756220216,3582.43592624348,2417.08264815784,3898.71025447923,3908.76842350969,5017.89903509515,5401.1227071537,4504.65648905678,3216.74293140559,5344.72205972802,4670.23364692132,6043.2119565673,4037.66983243985,1066.70699820005,4636.20615268648,987.243118008293,3299.40960962685,4775.93005525285,4355.37382673013,4917.03847864282,780.309562210148,775.043268070953,1071.81517884263,1025.29716259884
"264",457.409132339177,676.207884316729,665.763605937641,1181.476260103,2117.69510336132,1029.54623870314,587.2314401658,1108.64445639201,740.205227789781,1221.75750683751,2019.97453425884,1232.61487213584,1042.98675543127,576.002599943325,1227.69722547421,427.481640517385,841.149250119123,1244.82426074342,1023.53573033977,1431.85872060865,294.778096254011,787.615531951118,251.805025370211,518.073222006602
"265",2486.86123003352,7591.24609811174,4700.52063157697,5729.8370537782,8387.18079036101,6574.58336061848,5838.9090203312,14504.8817689013,8971.05112510116,7756.47885074824,11863.7940955766,9472.70790705265,6470.37949246293,1343.19663918169,9839.88220664047,2913.49421653072,6007.20126115564,6933.55772377023,10410.8039149169,9268.96049836406,1465.18654388059,1311.51408628839,3597.20746667059,2702.47387132242
"266",1248.64668406975,2781.94855329173,4241.37331713721,618.983805668716,711.568884856775,808.929187552464,689.205762110759,1288.04583492321,2200.92937411962,405.384371534771,343.592634754755,490.1835630845,1642.00158510294,1521.20428464946,1061.68956058663,769.270480743271,2547.43522536588,736.56794484,1298.11986019253,825.259260980732,1822.5459716919,63.6564168007242,897.81489103584,711.107054582189
"267",12325.9724082978,8075.61743843286,8337.62328667472,3519.0076722535,3987.50760339138,3902.77420575392,8421.67245028198,5394.65551536389,5772.02587202032,2792.8554628778,3055.12941476202,3082.43167589268,6040.70044279806,2458.90354793014,4356.29973061913,1528.3854875261,6644.08279912036,5437.31808647576,4653.17895008734,4059.42051115092,2709.56318943657,2584.87391641173,1622.09885775138,1715.89305582443
"268",3572.60606521757,4488.72019721274,3150.07853942416,3991.51747436437,2983.34003773968,4544.77633248,2649.57419260437,2699.43011758661,1943.03872294818,2641.53687258141,1980.58174810862,3123.57847133408,3634.66779563755,814.187785324723,2670.47228803274,654.486448000178,3876.77207033376,3392.56352094135,2428.00190437207,2912.94267169342,676.657411694687,1011.70434522644,420.986784183177,846.921332371058
"269",1872.97002610463,3027.32087700703,2087.48046886359,2229.39082550173,2248.44102551055,3238.31990125588,870.29809246129,1323.08516666758,913.44474918739,1389.8892738335,1291.20799047965,1987.56911893022,2283.54186510001,837.218102157951,1531.45636069973,505.329373793629,2448.06405712412,2119.01967307591,1208.80639656282,1854.10632483663,506.644337643225,1189.30409760549,257.962350428907,509.4515361987
"270",1249.44915623175,574.872301275862,719.057490649398,882.475608212178,679.489959719789,855.135118619419,4158.09088620394,3508.13789424677,4925.514574282,2019.44933469626,2004.65511742265,2026.92692326547,1311.52022744676,1399.17516338013,2632.70067855998,1334.64481744378,725.468466712479,1897.57198818105,3484.36726774168,1781.03408937829,153.901832575511,1959.6356987206,1453.17843921367,406.763393440546
"271",1081.73247437405,48.4371340321125,1731.64130017278,122.666934109055,60.2694957119127,41.6504167364101,1186.77012608358,117.732154661098,2641.90270131353,138.24167508559,48.1467386280548,57.2477153967299,531.905901140975,739.218790429681,589.196147704329,1021.58976094995,634.248456104649,429.5633461773,965.958843686739,212.43345172192,951.094530771691,655.826385697845,1451.44618244864,276.708676043766
"272",12355.6638782918,29723.1923665215,10839.1562444527,2730.14630322981,7454.94778410739,11199.7319816445,6568.55287562703,15009.4481460202,6142.12848591521,1965.27354310866,5147.32405696295,7338.44151741832,11419.2879259305,9488.56660174205,7836.98394589265,4671.39117315154,14430.831638068,8407.74421379298,7705.61672501471,7968.35116677058,13850.3152687429,2458.21495303389,6661.15563345902,3183.07592089301
"273",326436.84830723,270513.745600817,345793.681375601,73011.8433932913,261904.009882038,173824.109522838,210142.704859092,152123.959554837,217301.41876035,57458.0973055067,239698.538259771,130268.965376365,222531.682438946,93731.6122004806,169897.110282629,69883.6352671379,229773.090123237,215290.274754656,142294.491873564,197499.728691694,140880.564805118,44265.0010583296,80373.7250573966,58852.8409396232
"274",1245.43679542176,485.646001743023,1746.39960670834,1556.7402361603,1858.14743634389,1057.53011244791,1185.01194811901,511.574243467867,1437.10057523016,1337.5816129903,1606.35027968146,941.009321833748,1314.91255692041,511.970457200193,1191.42143168733,398.506078039159,1262.92861487056,1366.89649897027,1095.41881056278,1287.42405281188,679.79325144631,430.1842828479,508.066791727236,333.521155162642
"275",128.395545919769,289.348142770777,204.976479660604,430.544798336714,466.116503126808,420.408893933139,140.654237165461,347.590170904195,318.918209845597,381.098671857573,306.388336723985,325.596381318901,325.341509165584,134.026706155723,334.155546635973,26.6018310686058,308.289806922699,342.39321140847,349.202350869122,319.108742402823,113.970858460507,176.199479797803,31.1215649861179,11.0169315342024
"276",43.333496747922,1456.93800522907,0,3.22807721339617,6.80462048360304,169.204817991666,70.3271185827305,2242.51723163997,0,11.2087844663992,4.37697623891407,390.000061140222,284.417106583411,578.090426379705,488.753360011485,875.07055551469,486.722027480822,82.1121856859998,751.242005368788,226.264714654182,840.233234125569,81.8389998267078,1291.49439006909,199.280120477479
"277",563.335457722986,3004.37697141287,173.820054752192,755.773577586379,475.351345211698,862.29378399599,404.380931850701,2135.99766313707,82.6824988488586,500.659039499164,262.618574334844,842.614810995618,945.999444134972,1038.38642305289,795.095338491754,734.956527452577,1311.32353458381,580.675353686129,906.44640049503,683.744276488478,1494.8210363297,246.456700275728,1085.1374695088,368.350700220772
"278",9.62966594398267,10.1972913751816,4.91943551185449,151.71962902962,65.1299389144863,81.9992579498073,7.03271185827305,2.80314653954996,3.93726184994565,100.879060197593,39.3927861502266,42.9357865475474,53.4997107732038,58.2905882566606,40.574625343011,36.2757096066858,55.6121186388854,51.3873029075222,35.8731561956961,45.276094490326,83.2733697274068,39.3273542402545,56.2996200760908,7.33887672126082
"279",407.655858295266,472.899387524046,554.256401002273,1593.05610481101,2540.55366198522,1627.29479764677,513.387965653933,630.70797139874,836.66814311345,1950.32849715346,2910.68919887786,1933.89938574578,1216.90805310388,842.560259536004,1579.86687489886,850.723806607143,873.403964445776,1560.41214176198,1139.23487055522,2020.49887924251,624.563161945789,1015.23650315541,709.93630095552,850.204826292037
"280",854.632852528462,740.578286122562,1354.48457759727,892.159839852367,856.896136613726,804.373673221919,1033.80864316614,958.676116526086,1685.14807177674,1040.54882463073,722.201079420822,815.779944403401,947.050192762331,222.556846133543,1028.23403825335,341.147984467916,995.740901190733,898.359484333928,1228.12433764452,828.343738862185,319.792136987519,120.206107421591,397.905523024268,112.94984568833
"281",4.81483297199133,14.0212756408747,29.5166130711269,51.2457257626642,14.0952852874634,40.3488412133973,0,11.2125861581998,9.84315462486412,29.8900919103979,4.37697623891407,19.6789021676259,24.8712901625878,19.0219380464732,16.6455002104316,9.78355250483019,31.5945381582219,18.1480421669536,16.9819442311539,16.3090561897092,18.6990173864319,20.4774479747643,11.1997340621553,10.654629145901
"282",7559.28776602639,6321.68332190163,6973.29983805374,3503.67430548987,4693.73000072533,4012.43194356775,3973.48219992427,3208.20121451493,3437.22959500255,2256.70193923504,3122.97254646519,2592.24811280818,4913.0502682771,1411.18523770909,3255.06727938383,920.630082843553,5599.55248848175,4226.54804807245,2967.3775829175,3542.75697585016,1844.09328383533,405.059876186087,626.025880183728,1216.01598943963
"283",1767.04370072082,4101.86045566679,7410.30969269015,7426.99864872124,10631.7334613095,9722.11836914422,1784.55063403679,3872.54694438827,7217.00097095037,6826.14974003711,9294.50904333403,8689.12980255991,6846.26187692811,3358.82153988546,7124.2663963663,1892.46874616549,6313.05626569273,7379.4674881635,5971.89921845858,8276.63357427402,1914.96992483447,4866.63855832926,1828.5653253739,1275.18367332562
"284",32920.6179738287,14701.3075094571,13205.4047256547,7433.45480314803,4516.80986815165,9215.15470293073,28888.6221358211,15057.1016371926,12764.6029175238,6779.44647142711,4635.21783701,9669.49692872891,12993.4589575272,8633.1997448336,10316.5541249016,4020.91901618976,11780.05567942,14206.8622356345,11533.7170087145,9099.39124108872,3837.85560799945,12929.9716307372,4273.89796920913,4208.1841723582
"285",406.050913971269,370.289143061281,417.332112588989,275.193582442024,199.764215625775,259.338922960303,351.635592913653,294.330386652746,328.761364470461,203.626251139585,146.628704003621,169.954155084042,312.258928265338,80.9787982207019,242.593298269299,78.6880438024267,354.271612697431,270.246243833244,275.572667420931,209.613929117667,72.4103680235269,76.5209516818641,64.642000047705,89.6549834339689
"286",27.2840535079509,1430.80744608017,4.91943551185449,8.07019303349043,8.74879776463248,144.800276935176,24.6144915039557,1327.28988647691,7.87452369989129,14.9450459551989,4.37697623891407,223.623888268476,270.326773471546,571.049809516019,308.072849018489,512.958846152908,481.265691541837,59.3878554012546,450.036485377332,166.109212659645,822.328790403836,74.3934901296724,759.731956269326,141.99745453638
"287",0,1.2746614218977,0,22.5965404937732,13.6092409672061,16.9204817991666,0,0,11.8117855498369,59.7801838207957,21.8848811945704,39.3578043352518,9.0668207803406,9.90453546280408,23.6502459467992,22.2143011662044,7.95706730522363,10.1765742554576,23.8639897902109,23.4365021033876,12.6941648746113,8.96733386489216,31.6600586654668,15.2049849314126
"288",50048.5837995259,29377.7591211872,22690.0763925102,12040.7280059677,13214.5729791571,20929.0090161653,38096.2001362651,23205.8486276643,16325.8562607996,11092.9603602464,12218.3291709286,19378.3516617931,22724.7242752088,9882.93165544645,17491.0117261068,5171.20855810459,21369.5211732217,24079.9273771958,16874.8884162368,18107.1350359768,8743.62976903268,12736.5637981656,6075.07965178364,5367.31574477636
"289",113.951047003795,594.629553315276,2025.98752496541,2689.39182841069,2284.40830520959,684.628725104741,151.203304952871,1184.32941295986,2405.66699031679,1899.88896705466,2170.98021450138,661.92670927469,1405.04154032643,1054.1620386861,1621.3056390723,656.216405214377,1770.00296889712,1040.08011175573,1829.96179011044,1412.64948803417,1070.58550195668,1110.1351987412,613.66418098384,754.555518872192
"290",770.373275518613,792.839404420368,677.242288798635,501.966006683105,448.618907597543,502.7335457637,1079.52127024491,704.991354696814,744.142489639727,635.164453095955,494.59831499729,792.52306002348,667.153570584711,240.010043765679,673.095540506329,103.598531143221,657.349233300703,676.957907868719,694.766099144165,651.424981868494,146.45352034208,349.678486701261,55.2038947953104,149.583855418902
"291",1725.31514829689,1182.88579952106,1744.75979487106,2630.88292891788,2881.75677480589,2645.7776444043,1142.81567696937,868.975427260487,1346.54355268141,1955.93288938666,2065.93278476744,1921.37644800275,2038.14643658159,781.203467065179,1699.48458978006,485.446330278106,1852.84284110333,2223.45003205985,1390.48395644285,2008.48522311726,730.024232712511,943.265336237709,544.809324837582,76.7070682065184
"292",2624.88644189728,2414.84606378519,4830.06576672247,6091.78521133025,8544.65915012439,4375.24612060758,4064.90745408182,3558.59453195867,6303.55622176298,6446.91919892394,9016.57105216299,4966.23931066632,5053.58496110862,2084.03403747214,5890.91087943059,1857.14860436958,4445.56568061264,5661.6042416046,5436.35665088186,6345.46510797931,1868.3818161316,2501.61582305123,1627.76876958993,2313.65782678702
"293",2397.78682005168,3696.51812350332,4071.65279197823,2950.4625730441,4586.31420594845,3264.67680559689,2088.7154219071,3072.24860734675,3260.052811755,2578.02042727182,4123.11161705706,2937.5233962947,3443.05665366302,880.354715230983,3235.66891889806,525.215627850456,3572.87782950855,3313.23547781748,2970.10728212452,3501.23055567159,570.729417923001,1249.50725487973,352.301974319714,594.931096395866
"294",820.126549562524,780.73012091234,605.090567958102,886.107195077249,1604.43230116955,1327.60703347307,1366.10427846954,1457.63620056598,1124.08825815948,1040.54882463073,1689.51282822083,1377.52315173381,1095.01191617664,392.310551196993,1297.38686324791,254.093782315718,757.30929464923,1432.71453770405,1207.4244277854,1387.34929871043,141.964740363551,149.952499763335,220.678856411479,297.372238917233
"295",46708.6946612879,37080.538093715,41492.1589188181,30456.9085083929,19481.6284445555,22352.9326383413,39550.2133129631,30213.7149765392,36447.2329449468,26400.4236798589,20429.5365951314,21006.3335683876,31735.729986131,9215.8157959419,27705.4952918325,6300.37283879459,36343.2018403086,27128.2581319533,31020.4572004483,24390.5333832167,5554.45195029517,10853.1020833942,5071.75697999643,6367.66115137162
"296",1649.88276506903,3621.31309961136,1354.48457759727,420.860566696526,404.388874454124,777.365981119404,1274.67902431199,2927.88656055993,966.597784161656,330.659141758776,326.084729799098,744.220300157489,1308.84868729845,1203.31094742079,1100.71620062257,971.595545731041,1798.88608130172,818.811293295173,1408.38116216012,793.051239085011,1645.8565023207,436.622859755324,1353.80093848761,493.198331797009
"297",49497.2854242329,42766.1653660897,50598.0340512607,38376.188932157,49690.7410815112,52586.5796746445,29036.3090848449,22018.7160681649,27714.3861617674,26781.5223517165,35293.7479024836,35659.9597188443,43842.3363650847,9017.32150487817,31885.1114280102,7869.31812208194,43913.4627831691,43771.2099470002,25504.8748605496,38265.3479954709,6191.17057197326,12842.6807113051,3054.91997707247,4833.28327637811
"298",1224.5725192098,567.224332744476,904.356228262584,1097.5462525547,989.100191723728,1015.55430183075,1241.27364298519,731.621246822539,1070.93522318522,1139.55975408392,1030.77790426426,1032.24786824729,969.175825016905,227.521741806363,995.719636936688,140.970416129377,856.375604520586,1081.97604551322,980.705408030558,1010.73386584282,268.396981817612,138.588413677497,218.425092614822,35.9978230799318
"299",4067.73138917068,6704.08174847094,4443.89007904189,3381.81439068416,4872.10826625978,3934.98819994849,2528.25991304916,3864.13750476962,2429.29056141646,2363.18539166583,3376.83716832221,2631.60591714343,4310.85709957574,1431.2424937706,3162.65227381555,814.285938719605,4843.26207273233,3778.45212641914,2885.53781928397,3439.76672834712,1696.75825949429,1179.73892554625,848.13647586423,841.392435530992
"300",8627.37821364647,1472.23394229184,3497.71864892854,2808.023666003,3277.39685149538,3639.85595010534,44705.1911050772,16680.123483592,48951.9765803742,10913.619808784,13603.6421505449,14222.4792938751,9900.07002731689,17069.0490617565,19045.3185574145,14850.145169218,2592.65875240779,17207.481302226,25515.2399575834,12575.3971572456,1029.77357157323,23814.4048309192,20500.5758163628,2337.47113171283
"301",14.444498915974,14.0212756408747,50.0142610371873,258.649686723368,246.910514690739,134.06227887032,59.7780507953209,201.826550847597,431.130172569048,575.384269275159,706.881662584623,407.889972201701,127.239344626302,104.851790859138,408.391995350738,218.730827090492,107.56174113381,146.916948118793,402.780330897268,414.003659804208,132.077815042079,94.2261728608788,188.385581696988,289.869517324778
"302",35931.4935256473,20699.2268301967,22204.6920886739,19115.0592191254,10636.5939045121,15359.8927470742,26089.6028162285,14188.1262099321,17083.7791669142,15910.8695500537,8532.91517776298,12075.6899664977,19017.5112676351,5415.31591660786,14468.148556466,3758.96087535824,20672.9927126653,17362.0298226049,15727.5916423,13208.7054706319,1544.98349144596,7918.66691800504,1456.50080858977,5333.33684398398
"303",969.386371694255,521.336521556158,419.791830344917,441.843068583601,298.431212638019,368.020479131873,748.98381290608,440.094006709343,381.914399444728,414.72502525677,260.430086215387,377.477123397188,466.401154193441,157.187175509021,390.173632536143,72.0669879869954,460.990473494892,471.811834891991,412.244477136947,368.102787935339,53.4115943819721,242.546687361362,29.16901634607,103.305028120699
"304",8.02472161998556,7.64796853138619,1.63981183728483,20.1754825837261,41.799811542133,16.2696940376602,10.5490677874096,2.80314653954996,3.93726184994565,18.6813074439987,41.5812742696837,14.3119288491825,16.3469727199333,14.0577339609755,16.2769819453823,14.0268831612271,9.82108765079903,22.8728577890676,8.47390527783142,24.0800586129332,9.45698723354788,16.6389174813679,8.85803864412011,15.1906143057823
"305",16.0494432399711,36.3278505240844,34.4360485829814,101.684432221979,144.355163116436,123.649674686217,386.799152205018,360.20433033217,641.77368154114,708.021552127549,1089.8670834896,864.082704269392,137.875386889453,130.022139174388,633.637456441551,342.75220809012,57.4827771096817,218.267996669224,569.999854666953,697.27505821615,38.2914411408865,146.318973829288,184.683016578375,497.434056619846
"306",16.0494432399711,149.135386362031,34.4360485829814,28.2456756172165,23.3301273723533,50.1106576359934,45.7126270787748,299.936679731846,47.2471421993478,54.1757915875961,8.75395247782815,132.385341854938,55.1617537748917,47.1447255749126,99.6101102710745,106.058102737106,70.6057035207428,39.7178040290405,133.786537839596,65.4336827025526,68.0790973407312,14.3614981060005,143.931941499089,62.4524979704561
"307",2888.8997831948,2390.62749676913,2633.53781067944,2280.23304161272,1046.93946583435,1515.35930266767,1775.75974421395,1656.65960487403,1598.52831107793,1696.26271591508,709.07015070408,1186.101103376,1940.40947696288,600.777671588912,1464.50522715166,443.457527019654,2434.7994496871,1446.01950423866,1650.48354395568,1278.52691034765,180.746883872895,369.32472876719,49.1590405578479,620.851054153601
"308",3546.12448387162,4720.70857599812,6564.16678465118,7539.57784153843,8786.2231772923,6366.98206469794,6818.21414659572,7345.64550689066,11036.1449653976,8238.45658280341,8968.42431353493,6644.31296823297,6799.31209846228,1346.02834095539,8172.04940588698,1657.88998568021,6274.81773406258,7323.80646286199,8873.41568503057,7470.68312674339,1431.53698480316,1286.42900422733,1925.44186082985,1299.39512064335
"309",174.938931315685,248.558977270051,176.279772508119,513.264276929991,349.465866265042,671.612969874612,133.621525307188,283.117800494546,194.894461572309,476.373339821966,337.027170396384,577.844127285743,348.800564692501,208.504399370499,369.676244043908,137.30326251981,312.701008902721,384.900120482281,318.12853396294,421.223954124876,177.412765103271,270.740444680666,143.968410836084,135.764731001899
"310",105.926325383809,91.7756223766342,95.1090865625202,211.842567129124,188.585196259856,278.211768043989,144.170593094598,36.4409050141495,70.8707132990216,209.230643372785,190.398466392762,164.587181765599,168.282472244453,72.3645738034574,139.968397014795,69.6285194177894,132.909092022759,203.655852466147,105.514087228652,174.422706800938,68.3787109789657,68.2795917849509,91.4559781448571,13.9582399976716
"311",541.668709349025,427.648907046678,1434.83535762423,1028.14259246668,555.062613733905,625.407038807657,523.937033441342,319.558705508695,1216.6139116332,807.032481580742,358.912051590954,416.83492773244,765.838923853415,388.174244963217,647.465166983242,348.534136886555,963.542285712528,568.135561994302,781.068366240881,513.861967725603,506.691263277055,51.9828527441911,449.090872956474,220.131902980244
"312",19.2593318879653,16.5705984846701,4.91943551185449,91.5966909301164,47.6323433852213,111.284707217596,42.1962711496383,14.0157326977498,7.87452369989129,119.560367641591,48.1467386280548,107.339466368869,52.366674446516,41.6383940841281,58.2172505804453,46.4753243769817,37.695574975547,67.0377739174851,47.1502080130775,69.2842931478131,47.0418444102241,38.4152450231148,62.7841701789472,33.0242202215493
"313",27.2840535079509,168.255307690496,78.7109681896719,374.86046640563,569.157899021369,454.575251412225,7.03271185827305,166.787219103222,118.117855498369,410.988763767971,599.645744731228,420.412909944735,275.432100762944,223.820201867518,331.897432301412,179.961668657957,207.275580761933,343.588620763956,231.964612789854,431.830251812969,151.881755343814,297.043272348959,156.937604523269,162.408092487106
"314",4.01236080999278,15.2959370627724,14.7583065355635,79.8949110315553,72.906648038604,74.8405925732368,14.0654237165461,8.40943961864987,11.8117855498369,85.9340142423938,131.309287167422,89.4495553073905,45.2936364930463,33.5863628273288,62.0346197297899,48.5798164552725,36.6497182099637,53.937554776129,35.3850798036269,88.684159655953,37.4524003006272,34.5438151018409,43.8097029107701,43.01293309124
"315",110.741158355801,103.884905884662,208.256103335173,756.984106541402,567.699766060597,894.83317207131,218.014067606465,514.377390007417,596.495170266765,1008.79060197593,899.468617096842,1103.8075124932,458.278686916602,327.905794523381,763.536329792792,274.800610376769,356.375038587079,560.182335246124,706.554387416703,820.518272168881,350.84049895891,338.472168525991,264.945049966965,329.926861418949
"316",14214.9918776424,13031.5010467711,14852.5957162074,14069.5745345872,15996.6906683102,14695.1130486954,8530.67948408521,7177.45671451767,9175.78874129833,9590.98324174891,10629.4867962028,10182.9373761933,13529.3590831094,2635.30475424928,10047.6686588451,2082.58641825183,13984.5570991886,13074.1610670303,8648.07623252164,11447.2610851685,913.519251030647,3988.22576415771,1290.40224091241,1816.92065068891
"317",571.360179342972,378.574442303616,624.76831000552,813.475457775835,1027.49769302406,857.412875784692,485.257118220841,344.787024364645,592.55790841682,790.219304881143,936.672915127612,905.229499710792,697.830982852427,244.937014637918,711.216272558906,220.564129630348,605.606070028324,790.055895676531,575.854745887536,846.577799230277,218.082821183603,277.324597390314,223.185406916294,129.774356597049
"318",11.2346102679798,5.09864568759079,1.63981183728483,113.789721772215,34.9951910585299,199.791842782467,3.51635592913653,0,3.93726184994565,93.4065372199933,26.2618574334844,141.330297385677,59.805261511204,80.8338774571946,54.1235359000507,55.5063020129509,40.1760597656969,79.4344632567112,32.447933023313,75.7991387767885,63.7747544754853,105.414199091043,52.8283927157017,59.1780326704747
"319",251.976258867546,543.643096439368,91.8294628879505,361.141138248697,396.126121009748,737.34253378676,288.341186189195,399.448381885869,118.117855498369,237.252604538783,367.666004068782,751.37626458208,403.070589760286,220.607589102509,379.488616722362,213.513679403935,332.204565858672,473.936613661901,251.606280641007,507.370952803716,227.292507096024,234.395834244522,141.213445827947,212.054981794909
"320",1394.69661755349,9805.33298794804,2913.94563485514,3826.88553648116,4249.4854920101,4506.37985455112,872.056270425858,8681.34483298622,1952.88187757304,2630.32808811501,3162.36533261542,3209.45004442917,4362.34762937857,2974.097998338,3999.78630084957,2426.50282495085,5515.38805309478,3209.30720566236,4421.51826622476,3578.05433547439,3743.13845242867,2028.19011166958,3704.63562664528,679.625794587692
"321",42224.48022004,17599.2502521415,24465.172706371,9891.63560114922,4414.25451657734,8149.16434958323,21365.3786254335,7148.02367585239,10925.9016335992,6488.01807530074,2672.14399385704,5243.53293211923,14314.1426752093,7989.09986219062,7798.62716432298,4175.69408110164,17318.6861865539,11309.5991638647,8187.3144615841,7409.93986706186,7290.81840985588,8906.5376718427,2394.53474024371,6115.88281280615
"322",21.666748373961,7.64796853138619,11.4786828609938,48.0176485492681,11.6650636861766,26.6822982217627,15.8236016811144,0,3.93726184994565,35.4944841435975,4.37697623891407,53.6697331844343,20.2192105884503,15.1092846522989,19.616277667557,21.3306586687587,22.3814333138827,18.0569878630179,13.143915331181,26.0886400039329,22.2840804558999,7.75373095047396,19.4560132709063,25.1650873845102
"323",1119.44866598799,706.799758442273,380.436346250081,357.913061035301,425.774824545447,459.456159623524,1489.17673598932,1950.98999152677,1004.00177173614,422.19754823437,560.252958581001,663.715700380837,636.592814314324,436.102859143698,872.958464128907,562.129115706288,481.716388575885,791.469240052763,1125.72977049909,620.187157758721,195.252956794574,604.467054931619,771.631299863551,53.6469375682358
"324",210.247706443622,106.434228728458,229.573657219876,251.386512993227,569.643943341626,214.434567416361,337.570169197107,173.795085452097,314.980947995652,332.527272503176,860.075830946615,336.330327955788,284.840513149442,158.020761599482,383.758329667129,240.97801773818,195.79813298052,373.882893318365,273.767768650308,493.748890683949,78.1561303201873,180.367363001553,87.0222466689883,318.291329804714
"325",160.494432399711,133.839449299258,219.734786196167,204.982903050657,183.724753057282,197.188691736441,425.47906742552,381.227929378794,563.028444542227,345.604187713975,245.110669379188,325.596381318901,227.491608460888,101.361112195681,348.009870132329,120.795261084196,186.185712848694,268.797504073081,429.953520544999,266.066219719659,45.9293260866622,135.857107403743,116.614597243233,52.3018922404785
"326",4.81483297199133,5.09864568759079,0,15.3333667636318,17.497595529265,16.2696940376602,7.03271185827305,36.4409050141495,0,67.2527067983952,8.75395247782815,28.623857698365,10.2053356460701,7.16300076404103,25.2127929391346,24.64492788539,6.8106708170742,13.6000004750661,34.5645372708482,15.8610486074211,7.8087327147239,5.72048034263432,33.665593858698,11.076714323037
"327",35.3087751279364,25.493228437954,4.91943551185449,16.1403860669809,5.83253184308832,16.2696940376602,31.6472033622287,14.0157326977498,27.5608329496195,26.1538304215981,8.75395247782815,0,16.7170798766278,10.5652250251175,15.5335714039039,10.4728651464426,15.5176833389298,17.9164764143257,22.5767986896558,8.49034411815197,10.3010221753546,12.9858860135669,7.44740238048086,8.3616569485872
"328",39.3211359379292,198.847181816041,83.6304037015263,97.6493357052342,85.5438003652954,85.9039845188458,28.1308474330922,92.5038358051486,72.8393442239945,97.142798708793,87.5395247782814,71.5596442459124,96.6175922566725,55.7646214310314,86.3671233364671,11.5107193746608,126.708973740934,66.5262107724111,87.4953262459787,85.2389204269554,62.865518464789,33.2518477324923,12.9026489906876,12.6864011805355
"329",5816.31823016553,3681.22218644055,7060.20986542984,3116.708549534,4932.37776197169,3336.58885324335,3739.6445306367,2180.84800776987,4756.21231473434,2441.64688293062,3716.05282683805,2626.23894382498,4311.12529120936,1486.14544587434,3338.68737788454,1072.40603800007,4619.38020046813,4002.87038195058,3126.23573514494,3551.13902062413,2132.58200348338,829.82012924792,1417.61128340203,854.46352965503
"330",646.792562570836,601.640191135713,367.317851551802,604.457458208433,558.464923975707,688.533451673779,362.184660701062,306.94454608072,192.925830647337,381.098671857573,350.158099113126,457.981723173839,530.433089541083,135.08936404751,369.923660068946,117.751992029293,524.471833631983,536.394345450183,293.656349528543,446.190970609349,136.106630298392,164.290036732837,94.7875870986816,90.7140255306629
"331",320.988864799422,484.371340321125,370.597475226372,425.299172864946,441.81428711394,447.741979916408,318.230211586856,417.668834392944,448.847850893804,625.823799373955,582.137839775572,618.990922727142,414.675744504941,60.0746941198499,518.02416527806,101.452512500886,426.755996137481,402.595492872401,497.446828220234,538.601502335885,56.9009213034845,73.1225676537829,112.265390078344,108.893216139662
"332",24.0741648599567,44.6131497664194,45.9147314439752,111.368663862168,72.906648038604,60.1978679393427,17.5817796456826,120.535301200648,104.33743902356,186.813074439987,109.424405972852,48.3027598659909,58.7638067826987,31.7195418274243,104.696131214289,49.6115866962251,67.2988483575209,50.2287652078764,137.228604888065,72.1636575405138,38.1711279329818,28.9783975165366,43.698482815037,32.6899205559126
"333",3394.45724525389,3205.77347607271,2666.33404742513,2318.5664585218,2962.44013196861,2406.61314205069,2570.4561841988,2053.30484022034,2159.58812469519,1578.57047901789,2448.91820567242,1785.41312393551,2688.36390670629,338.630072947046,2119.02644670794,410.445805780387,2730.22466067321,2646.50315273937,1930.48781464447,2307.56507877141,447.040916297163,285.610340758979,309.367730178143,467.777253497977
"334",8.02472161998556,2.5493228437954,11.4786828609938,32.2807721339617,34.0231024180152,22.7775716527243,10.5490677874096,11.2125861581998,0,18.6813074439987,13.1309287167422,21.4678932737737,18.94308661615,12.7666469614638,13.9059670348107,7.83058212725034,15.4362592795836,22.4499139527163,9.96463120073283,17.8473028688886,15.2557063931883,11.7404469734333,9.40297057510018,4.27513754420503
"335",9.62966594398267,0,8.19905918642415,19.368463280377,11.6650636861766,29.9362370292947,10.5490677874096,16.8188792372997,15.7490473997826,18.6813074439987,39.3927861502266,7.15596442459124,13.2863151616137,10.2639149197904,18.5140499695854,10.9800160387502,9.18917415560039,17.383456167627,17.083078027027,19.9450219121439,9.7221185036991,10.8853384068804,1.48387600293843,17.1189062277579
"336",17.6543875639682,14.0212756408747,16.3981183728483,62.5439960095508,45.6881661041919,68.658108838926,50.9871609724796,35.0393317443745,35.4353566495108,112.087844663992,133.497775286879,116.284421899608,43.0494709898119,23.0596582538844,79.2323668723627,45.994513076636,30.9877966744246,55.1111453051992,60.8541776859591,97.6105560587662,27.3542982491198,12.0274686610121,44.3700989737836,48.0287298045142
"337",0,8.92262995328388,1.63981183728483,11.2982702468866,5.83253184308832,10.4126041841025,0,0,0,3.73626148879973,4.37697623891407,0,6.35097467744103,4.69861035181822,2.41070206752581,2.77789645278453,7.28690401248511,5.41504534239695,1.24542049626658,3.57598363878503,5.03270843856003,5.21884112685872,2.15713157632136,3.25037100920347
"338",250470.821091637,110007.104694037,103139.245129704,79955.0339696547,85564.7002710665,111396.968106456,163438.465408301,61624.3735254663,67553.5701904424,59307.5467424626,66993.9983128188,82037.7651546201,108916.919596536,29656.1514380974,74405.6955870578,18668.0167110923,97700.4612644652,120133.377928608,62828.4968194571,85982.8943546585,15746.9684750876,39665.1543120375,4252.84144502319,21238.075843728
"339",70814.9584077245,39691.6820164724,37846.0372986152,12135.1492644596,17315.8149534887,16634.7859718653,37122.1695438943,18256.8934120889,19268.959493634,8083.40173101822,11047.4880270191,10283.1208781376,26790.9398414659,12673.565292531,15621.800563894,7088.70154139404,29890.9561931824,23690.9234897494,15203.0848789137,16040.5162488742,15404.6457561899,11636.7834062377,6186.5568398887,9317.98099642227
"340",1200.49835434984,943.249452204296,1403.67893271581,1584.58240212585,1756.5641734101,1547.57329686224,1153.36474475678,647.52685063604,1187.08444775861,1782.19673015747,1851.46094906065,1601.14704000229,1398.16883367918,300.808902277472,1411.26414188237,447.468971323706,1310.50359568199,1485.83407167637,1205.60267618404,1616.92560758071,330.663304189163,306.302443063773,567.561562706027,227.057609127888
"341",0,1.2746614218977,0,4.84211582009426,8.74879776463248,7.15866537657048,0,2.80314653954996,3.93726184994565,7.47252297759947,4.37697623891407,17.8899110614781,3.67070673053249,3.79510928028086,6.69175423300329,5.71317318910721,2.03892574733065,5.30248771373432,4.73764378903169,8.64586467697489,2.50989967392103,4.66040901838224,2.43541115961234,8.01336379579466
"342",1068.89291978208,1164.40320890355,1344.64570657356,968.826673670526,970.630507553948,925.094802981358,1146.33203289851,1701.50994950682,2063.12520937152,1102.19713919592,1212.4224181792,1130.64237908542,1086.65548876357,161.004491560852,1382.75876401708,405.82506956025,1159.29186304921,1014.01911447794,1622.27743269142,1143.24009534273,187.961647059646,116.826394207203,485.339090537252,63.8228562102437
"343",35640.9986030038,21522.6581087426,17252.4603400737,17305.3184313652,17967.1143426336,20529.4253306004,41408.6074215117,28142.1896838118,25281.158338501,16805.7041766212,18910.7258402282,20696.838107024,22664.2639958212,9351.79492743256,22083.4800236679,4174.0743208185,18693.4789600605,26635.0490315819,23409.6840663113,20757.2759810245,2450.28355215412,12858.2611586973,5895.40396217991,1877.49879462899
"344",149.259822131731,116.631520103639,132.824758820071,277.614640352071,385.919190284344,387.218718096312,101.974321944959,42.0471980932494,114.180593648424,141.97793657439,223.225788184618,216.467923843885,233.697191600233,134.089277583332,161.9327719908,76.0684762110253,175.69030642526,291.704076775205,99.4019094386876,224.463634542912,88.6396222343585,164.312072271311,51.5785348141535,8.68107796071655
"345",523.211849623058,604.189513979509,677.242288798635,302.632238755891,392.723810767947,399.583685564934,611.845931669755,1018.94376712641,1285.51599400725,336.263533991976,595.268768492314,432.93584768777,498.036244922779,151.85671427257,694.494026038084,374.10096998103,528.021347178012,468.051142667546,880.241098375213,508.746953700954,198.580876782439,124.577166763015,489.590523754588,81.6947596613868
"346",927.65781927033,488.832655297767,554.256401002273,346.211281136739,263.922065899747,357.607874947771,1640.38004094219,1091.82557715471,1135.90004370932,863.076403912738,450.828552608149,771.055166749706,608.535053204414,516.239331331458,820.203466223173,267.932039214657,463.100112478926,753.969993929902,1030.26734159226,610.13959085409,106.382873597721,769.081488717216,146.459027998056,160.119336767747
"347",52.9631626919047,29.9545434145959,34.4360485829814,92.8072198851399,58.3253184308832,80.6976824267945,54.5035169016162,19.6220257768497,15.7490473997826,102.747190941993,59.08917922534,60.8256976090255,58.4540549403352,24.8178525096479,52.7478659822209,31.95055734132,52.3992706275724,64.508839253098,46.039421372875,59.4563105915669,35.0659770225382,14.1495768208517,49.1485334217148,1.22770571271738
"348",1145.93024733394,1283.58405185098,1401.21921495989,1915.05680684728,2781.63164483287,2406.93853593145,777.114660339172,870.377000530262,1155.58635295905,1556.15291008509,2247.57729868238,1889.17460809209,1760.92415246027,749.407442488398,1579.96538713486,501.645763189237,1533.28669121938,1988.56161370116,1194.0387545248,1965.89201974491,335.813674215059,1065.73989419187,344.501219041483,252.234002703838
"349",1848.89586124467,6703.44441775999,4391.41610024878,15471.7705741562,18664.1018978826,36506.9156633442,1610.49101554453,6399.58354979255,5321.20939020154,21184.6026414945,28338.7326588492,53408.5404829367,13891.3566114894,12880.0227352101,21424.0042224606,17959.1499812985,8855.54369738832,18927.1695255904,10968.4651938295,31879.5432510918,5845.27264538554,17449.6996172556,8863.84910573308,19995.1234059719
"350",59.3829399878931,54.1731104306522,31.1564249084118,50.0351968076407,60.75554003217,31.888600313814,200.432287960782,613.889092161441,133.866902898152,78.4614912647944,109.424405972852,103.761484156573,71.4068600755784,64.3374730045153,185.135039421565,211.246566708588,45.1215773822349,97.692142768922,275.405828774796,94.8642500683344,12.2698693962373,90.1386605608779,294.441215872065,20.5110709088655
"351",415.680579915252,688.317167824757,933.052935415069,2888.7255963379,4355.92919814646,1455.16143472833,214.497711677328,473.731765183943,576.808861017037,1890.54831333266,2904.12373451949,944.587304046044,1755.94734068831,1570.13507341407,1424.29121979791,934.794223710352,1503.36523319257,2008.52944818404,980.362979844548,1868.21945975128,1205.98150931725,2125.44720188868,789.926723116772,984.580889072766
"352",1322.47412297362,741.85294754446,455.04778484654,2018.35527767596,1120.81820251347,1584.99359314886,1594.66741386341,2857.80789707118,681.146300040597,1847.58130621147,1229.93032313485,2409.7710199811,1252.62253659878,587.910756539085,1713.14323050633,815.378778238434,1071.75200335565,1433.49306984191,1795.51183444108,1630.77462657158,832.230508665109,270.827574659502,1089.26459109565,674.726070229062
"353",99.5065480878209,9.55996066423273,26.2369893965573,63.7545249645744,26.7324376141548,53.3645964435254,45.7126270787748,8.40943961864987,17.7176783247554,33.6263533991976,10.9424405972852,44.7247776536952,37.5601893603032,20.1586339521427,25.4968131589811,15.1370546834081,33.1838250084548,41.9365537121517,19.9178237808676,31.0758025370946,27.7570998789501,13.7117474645209,12.7516142184012,17.8001974315729
"354",814.509244428534,1890.96021938523,2027.62733680269,5856.539084404,3672.55088386461,7076.66611862067,754.258346799785,1053.98309887078,1216.6139116332,4244.3930512765,2761.87200675478,5195.23017225324,3546.4336649795,2476.23269413538,3003.08765096133,1654.70449233428,3258.37554686398,3834.49178309502,2171.66335392683,3834.51194799584,2251.11301384397,3164.31329824149,1796.87742876952,1241.99428873837
"355",382.779221273311,697.877128488989,794.4888351645,462.422060819002,495.765206662507,369.647448535639,383.282796275881,500.361657309668,673.271776340706,409.120633023571,428.943671413579,423.990892157031,533.913912657753,173.79461412322,494.933757150385,100.104782596702,651.596008157497,416.231817158009,527.584688891315,462.282825409454,170.802641169303,69.2145267379253,134.163246514494,62.0837498937611
"356",669.261783106795,2525.10427677934,145.94325351835,201.754825837261,92.3484208488984,94.3642254184291,541.518813087025,2548.06020445091,90.5570225487499,179.340551462387,87.5395247782814,96.6055197319817,600.17230258155,957.871678012092,600.37918759231,974.41736309461,957.600785378317,242.743819784784,939.31925948735,261.439115697271,1357.78464034875,258.748697260646,1393.91757279736,293.386565794534
"357",25.6791091839538,40.7891655007263,65.5924734913932,292.948007115703,313.498586565997,279.838737447755,112.523389732369,274.708360875896,307.10642429576,648.241368306754,776.913282407248,624.357896045586,184.198393308991,124.469249921769,469.254287540039,243.369871408805,133.109882035941,235.28690458204,410.018717826137,528.489857253941,138.978310155147,107.640172771832,206.941856640572,307.767356270945
"358",3049.39421559451,1722.06758098379,2505.63248737122,1836.77593442242,1061.52079544207,1655.92945915305,1979.70838810386,863.369134181387,1318.98271973179,1350.6585282011,757.216889332135,1302.38552527561,1793.60577424607,469.787352499283,1231.03642849468,375.04750479666,2021.49200092581,1565.71954756633,1177.67012737143,1284.40272961794,423.182595990016,465.693552608232,272.653030334765,518.428409617024
"359",202.222984823636,142.762079252542,273.848576826567,758.5981451481,902.584302717918,737.667927667513,1056.66495670553,1316.07730031871,1787.51687987532,1888.68018258826,2674.3324819765,2311.37650914297,645.354331386361,359.806933685644,1770.55628088135,720.578854804415,391.736267075736,898.972395696985,1664.09145426076,1877.02110750194,324.401981573237,159.529183969629,305.60414257983,1081.98269167954
"360",86.666993495844,35.6905198131355,53.293884711757,31.0702431789382,20.4138614508091,23.4283594142307,151.203304952871,33.6377584745995,57.0902968242119,78.4614912647944,21.8848811945704,30.4128488045128,52.5166955869568,49.7180946215915,45.6673286916076,20.9564770507032,40.0182159012769,65.0151752726368,56.3965155212019,34.9381418620133,11.7268612944084,74.6563264085869,22.4199187037777,15.8093554955476
"361",31.2964143179437,45.2504804773683,50.8341669558297,984.160040434158,340.231024180152,1102.43446799185,126.588813448915,163.984072563673,122.055117348315,2026.92185767385,709.07015070408,2264.86274038313,441.583165581379,479.660751922277,954.746184042405,949.561813964784,360.081562622452,523.084768540307,770.987015861947,1138.50535222286,540.475026471626,512.976904199868,1087.87350113843,984.580137012685
"362",747.904054982654,648.165333034979,985.526914208183,1944.51301141952,833.079964921115,1138.22779487471,759.53288069349,958.676116526086,1177.24129313375,1645.82318581628,684.996781390052,862.293713163244,1051.50764985867,470.101555139301,1063.42312331468,330.731872794868,1192.73508622089,910.280213496437,1260.58019849204,866.266048137321,672.55538487539,200.804303469195,351.072362296244,183.287721247944
"363",57.777995663896,99.4235909080204,93.4692747252353,590.334620399825,522.983688596919,333.528727772034,101.974321944959,322.361852048245,314.980947995652,719.230336593948,588.703304133943,406.100981095553,290.285704057832,226.571795698851,440.277187654196,174.993601966744,261.075828677694,319.495579437971,452.191045545948,428.363329762443,285.162019587181,210.855207764227,231.292253780195,150.449244381356
"364",614.693676090894,506.040584493386,1026.5222101403,628.668037308904,516.665112433574,414.226410198828,316.472033622287,215.842283545347,362.228090194999,392.307456323972,288.880431768329,347.064274592675,568.099064699547,247.91532574724,362.403600187478,118.596851793287,720.410277314198,415.787852084896,323.459276688106,401.34792368685,272.098804866736,100.105673048825,94.4047402226007,147.31190435002
"365",1715.68548235291,4999.85942739372,9519.92762135708,4313.11466674896,7946.33859188758,2907.39432452987,1508.51669359957,3915.99571575129,7618.60167964483,3919.33830175092,7298.60787838922,2674.54170369098,5199.19188758613,3030.30882995614,5104.37952780223,1993.27023308788,6277.63390516659,4120.74987000567,5151.31189904901,5057.44715655544,2828.82590452374,3386.08349842732,2136.73628211221,2315.28954422084
"366",163.704321047705,54.1731104306522,48.3744491999025,233.632088319548,125.399434626399,212.807598012595,131.86334734262,61.6692238700991,27.5608329496195,255.933911982782,102.858941614481,221.834897162328,134.375004655286,77.3549597814399,134.038802039099,89.5698415998896,112.059882650034,156.690126660538,115.0546562675,153.022947810698,105.32453186001,48.7065035196785,123.19118921808,61.6411294313827
"367",83.4571048478498,7538.34764910298,67.232285328678,31.0702431789382,8.74879776463248,1060.13326349394,124.830635484347,9799.80030226665,35.4353566495108,37.3626148879973,10.9424405972852,1996.51407446096,1471.72714572559,2999.19415295272,2225.296989098,3807.34097326884,2545.55005920353,397.904232247639,3290.86609126805,1159.72788692794,4323.92735295153,576.436653615256,5636.90246065266,1028.89811517891
"368",200.618040499639,1034.38774386998,458.32740852111,67.7896214813196,40.8277229016183,67.6819271966664,154.719660882007,2287.36757627277,255.922020246467,44.8351378655968,19.6963930751133,82.2935908827993,303.955680808784,389.992060217879,499.011733191921,883.745402108058,520.16825795747,87.7431036600972,862.708244794943,135.315221588899,486.25733983723,59.5372277239617,1238.29724866586,149.362999627632
"369",5858.04678258946,7582.32346815845,1223.29963061448,10141.4080755357,7021.39625043782,7630.81189754338,4543.13186044439,4971.38038789185,956.754629536792,7831.20408052424,5567.5137758987,6277.56979147266,6357.06186378905,3083.25082661402,5326.91408818555,2346.01812385541,6315.67705810289,6398.4466694752,4586.44636598429,6067.3818103868,4591.99949966504,1635.38730525556,3453.35264119694,434.719203989815
"370",10911.2139866944,5405.20175955719,7694.81704645907,7107.8225142467,4757.40180667904,4834.7022802311,7343.90935800163,3194.18548181718,4236.49375054152,5421.31542024841,3186.43870192944,3590.50515003865,6190.64246086245,1337.41950126647,4303.26349423961,1249.16562417971,6735.94710675432,5645.33781497059,4283.9982175357,4322.52877094352,1189.24473071227,1471.51378039724,1114.32465935762,1630.39994862267
"371",3617.54450628949,2233.84414187572,6429.70221399382,823.966708719373,457.367705362176,1010.3479997387,2433.31830296248,1446.42361440778,4533.75702021241,670.658937239552,372.042980307696,833.669855464879,2231.42451210871,2203.88500110538,1681.3294866235,1545.85517468809,3162.50435486297,1300.34466935445,2216.94652395325,1145.71244929376,2915.968961111,1019.39626364354,2043.56572325628,968.169848463204
"372",582.594789610951,973.841326329841,849.422531713542,1259.75713252786,1973.33994024488,1725.88914351499,859.749024673881,1690.29736334862,1484.34771742951,1520.65842594149,2516.76133737559,1856.97276818143,1273.66651650083,476.539078894774,1723.78402146291,435.630380390208,1027.67366352375,1519.65936947792,1565.10116890654,1882.46687401928,210.397389604005,584.738592522421,109.93262579983,621.939422689836
"373",1357.78289810156,2693.99691518078,1470.09131212585,1398.96796235557,1242.32928257781,1085.18859231193,1079.52127024491,1597.79352754348,1027.62534283581,898.570888056336,684.996781390052,812.201962191106,1495.01588913281,608.579765072225,1086.0340651916,375.108737536848,1854.35206322073,1135.67971504489,1174.66325281188,997.404877571323,728.0228298535,92.4046932037162,372.079541389253,435.612016163572
"374",13268.0747264841,10988.2187874691,9671.61021630593,3012.60305940198,7461.75240459099,5025.05770047172,9160.10719540065,8038.0227021595,7362.67965939836,2424.83370623103,6291.90334343898,4055.64283763708,7553.22489394006,3029.3911392247,5954.38452380084,2238.6603893687,7890.81068772567,7215.63910015446,5941.84535592963,5966.92369167204,4275.63407943099,2078.48199423125,3064.4820548403,1771.29299967286
"375",823.336438210518,1862.91766810349,1851.34756429457,1601.52980749618,2949.31693532166,1973.51388676818,1605.21648165082,3508.13789424677,3606.53185455021,1810.21869132347,3731.37224367425,2497.43158418234,1973.97372393915,500.671866324162,2854.6109986527,866.607995914528,1771.93167996474,2176.01576791356,2974.96281337349,2734.25918393191,147.685698126573,694.555085137312,1009.89702209859,902.318055507111
"376",454.199243691183,734.204979013074,487.844021592237,611.720631938575,999.307122449132,447.741979916408,502.838897866523,653.13314371514,507.906778642988,569.779877041959,881.960712141186,343.486292380379,630.609605462658,208.41045458625,597.812734897385,178.003885786405,611.256544181295,649.962666744021,576.939933133363,618.685536661408,123.181134385151,303.792822727637,72.8774593440353,269.435173551574
"377",6.41977729598845,5.09864568759079,40.1753900134783,20.1754825837261,29.1626592154416,65.0787761506407,21.0981355748192,19.6220257768497,23.6235710996739,28.021961165998,45.9582505085978,64.4036798213211,30.1315148709495,20.6421812804464,35.293500540565,16.8667909514096,21.8165060949317,38.4465236469672,23.7558526808405,46.8311484002895,17.5958579429697,23.4140297781503,4.20152977473722,17.1527486323143
"378",30054.1874111699,36925.6667309544,16133.2887611268,12912.7123632364,15660.8340430124,16081.9417684656,16604.2326973827,18021.4291027667,8278.09303951072,8542.96189414059,9889.77781182635,10179.359393981,19053.112727363,8854.27015826145,12327.4556615981,4877.13272549166,21990.5559517725,16115.6695029536,11614.1613454727,13040.7499777235,13034.0392270964,472.602819841544,5550.43682630321,5208.8716386681
"379",313.766615341435,96.874268064225,263.189799884215,105.31601908705,444.730553035484,351.099997332707,272.517584508081,56.0629307909992,141.741426598043,112.087844663992,520.860172430775,237.935817117659,255.621370318627,136.391755958616,220.718260320016,165.377824249695,155.126695678497,356.116044958757,103.297400684345,338.139119955687,93.6805297701439,86.2159914551543,43.5104020891431,158.48795525594
"380",63157.7690379343,38405.5486417776,47857.9084711578,30550.5227475814,24892.2738176604,29572.4466706127,45308.2461469241,24349.5324158007,35301.4897466127,22335.3711800448,18304.5146311386,21288.9941631589,36097.8244159523,9245.26377428445,26279.621092118,7557.5427276655,38937.9932868389,33257.6555450657,27328.7977808194,25230.4444034166,8665.96925457302,10695.2585229893,6977.61236075593,9528.9947408899
"381",1353.77053729156,1465.86063518235,1131.47016772653,670.633041083055,530.760397721037,635.81964299176,958.206990689703,724.613380473664,696.895347440379,509.999693221163,337.027170396384,447.247776536952,898.79181256574,356.621462961262,602.42919677238,207.242056699964,1089.32128133065,708.262343800833,643.836140378402,561.022253166359,399.285772439426,222.7411190946,116.731393718926,297.663151812813
"382",8606.51393743451,4315.36624383466,4702.16044341425,4695.64181653641,2869.1196224792,5049.13684764746,5267.50118184652,2960.12274576476,2803.3304371613,3243.07497227817,2186.29963133758,3812.34004720098,4483.15435929308,855.793395963332,3248.05369883931,806.46416227769,4571.05616792844,4395.25255065772,3002.17605173474,3493.93134594388,221.457955572624,1326.17194641782,222.868065115981,1181.06878974514
"383",11769.8592000328,8326.72573854671,6726.50815654237,4998.67756494397,3280.31311741692,3989.00358415352,11918.6884218083,12914.0961077067,8555.66999993189,4918.78825000485,3140.48045142085,4291.7896636486,6539.98609723529,3214.53820726802,6726.80176165802,3569.93467072214,6683.97048667769,6396.0017077929,8796.18478588113,4657.41873743491,1664.43181040056,4795.8953231156,4003.07662386723,1728.99483043746
"384",3043.77691046052,711.898404129864,801.867988432282,728.738430924186,706.708441654202,1695.30211872419,1642.13821890676,333.574438206445,415.381125169266,453.955770889167,409.247278338466,987.523090593591,1047.77560046191,482.483798917908,607.909550609808,320.338569256273,747.501607828777,1348.04959309505,400.970444754959,814.848656464657,47.829636529585,556.053463670135,61.4708638065184,352.550634221181
"385",316.976503989429,469.712733969302,118.88635820315,131.544146445894,92.8344651691558,115.840221548141,195.157754067077,259.291054908371,102.368808098587,95.2746679643932,56.9006911058829,69.7706531397646,187.329279900453,142.574941879588,128.489192519575,78.6505468673301,240.047746206115,134.610813594791,152.311510323784,104.666874715367,198.99638150981,53.6820752864325,92.7148797427101,71.8763793184237
"386",12118.9345905022,9888.18598037139,8338.44319259336,4660.9399864924,3344.95701201115,4179.35900439415,14912.865495468,15497.1956439019,12711.4498825495,5563.2933568228,4118.73464081814,4878.57874646508,7554.12511188841,4420.19722558979,8387.22956374098,4657.2493431137,7629.18971981905,7479.06050395777,11257.3129610914,5517.14616639054,2684.82877230799,6451.36800687072,5124.10863488176,1804.52297977133
"387",547.286014483015,240.273678027716,660.844170425787,271.965505228627,199.278171305518,327.346244037723,291.857542118332,96.7085556144736,259.859282096413,207.362512628385,140.06323964525,214.678932737737,331.927551857284,166.975731061125,208.433345763257,83.776488409543,391.02778456071,272.827319153857,187.976783446424,228.88990808009,234.204514343345,66.120873049995,83.285021221306,96.7183666129908
"388",622.718397710879,715.085057684608,334.521614806105,326.842817856362,177.892221214194,254.783408629758,274.275762472649,487.747497881693,212.612139897065,181.208682206787,133.497775286879,152.064244022564,347.233480443946,188.911863044513,252.393969956489,138.013125509218,458.816496782359,235.650464105534,293.856106661848,210.93183325113,221.968291566231,50.9607587365551,168.647407275064,118.405163362645
"389",82.6546326858512,107.071559439407,126.265511470932,1968.32008086832,5821.83886804266,3175.84427615127,131.86334734262,134.551033898398,181.1140450975,2499.55893600702,6265.64148600549,3348.9913507087,1888.53394055253,2302.15165379917,2386.39846537827,2287.78854277061,733.885717259551,3043.18216384552,938.408005000973,3834.38892575558,1069.09459379995,2847.30658404965,1352.19680540178,2228.55911308436
"390",13412.5197156439,10449.6743367173,10942.4643902017,3644.0956642726,4221.29492143517,3901.14723635016,8922.75317018393,6269.23723570348,7388.27186142301,2819.0092932994,3260.84729799098,2810.50502775821,7013.57161986014,3456.16369382728,4926.90705600587,2186.89193419285,8345.41146373053,5681.73177598976,5492.17279680863,4361.64131520311,4078.90772068673,2811.36770865794,2381.68259026263,2307.65092586777
"391",8.02472161998556,3.18665355474424,19.677742047418,27.0351466621929,24.302216012868,41.9758106171633,38.6799152205018,39.2440515536994,31.4980947995652,11.2087844663992,8.75395247782815,50.0917509721387,25.8095806858147,14.0011637981473,27.7677024925742,16.022111295867,16.633180754785,34.9859806168444,27.3169769398879,28.2184280452605,12.2122754215771,9.39802379233618,14.4777539722655,20.7739092442873
"392",1028.76931168215,2249.77740964944,1966.13439290451,2094.21509219077,8690.4724462016,3543.53936140239,966.997880512545,1698.70680296727,1250.08063735774,1772.85607643547,6884.98362381184,2951.83532514389,3251.85609714354,2788.60462174277,2968.38642714329,2069.50798734681,2103.37563158157,4400.33656270551,1573.8811722535,4362.89168203309,142.043221761858,3932.37726125458,282.859715208878,2189.34098257827
"393",4.81483297199133,16.5705984846701,0,13.7193281569337,8.74879776463248,13.6665429916346,3.51635592913653,16.8188792372997,11.8117855498369,7.47252297759947,4.37697623891407,14.3119288491825,9.37027055450123,6.50651206591482,10.6937272345557,4.55824444204411,10.0966422138679,8.64389889513452,12.0343959215787,9.35305854753259,8.85940594038914,5.07590653780604,4.6771530193607,4.96749866954765
"394",10983.4364812742,7946.23930411025,11974.7259417725,6937.13793158837,5622.07465241688,6143.76186250124,11788.5832524302,8298.71533033765,13699.7026068859,6566.47956656553,5245.80602233852,5871.46881037711,8402.0871574699,2807.64954544738,8014.04324899576,3062.92480435047,8952.70105915703,7851.47325578278,9521.63250126302,6506.45399672851,2665.34185206449,3419.60022964194,3720.5325614685,1671.20683673831
"395",24.0741648599567,54.810441141601,81.9905918642415,202.965354792284,360.158841310704,407.393138703011,3.51635592913653,33.6377584745995,33.466725724538,199.889989650786,240.733693140274,359.58721233571,185.139120623496,167.903864245272,175.409083324901,125.80112693039,113.255462599376,257.022778647617,88.9981579499744,261.820008699827,78.8707088612359,220.809645355852,96.0351813999494,89.1151429523399
"396",46.5433853959162,79.6663388686061,86.910027376096,228.386462847779,348.493777624527,129.506764539775,279.550296366354,406.456248234744,502.00088586807,717.362205849549,997.950582472409,334.54133684964,192.085611270523,110.496557212819,525.066145090822,290.645322816259,131.65427636416,252.516946176885,541.939779984121,508.192510197524,83.8507882027627,111.968430782052,159.25440360475,430.082126408871
"397",363.519889385346,1199.45639800573,18.0379302101331,1879.14444784825,1909.66813429117,2675.71388143359,237.354025216716,1126.86490889908,31.4980947995652,1599.11991720629,2057.17883228961,2091.33060308679,1319.89580283426,1037.31088716885,1370.9813598526,761.345545449317,1032.2129253547,1607.57868031383,919.160973634978,1822.80174607022,941.757480382847,1246.93352900455,804.186071792212,435.863942840747
"398",1065.68303113408,1342.21847725828,1249.53662001104,1095.932213948,1905.77977972911,939.737527615252,1315.11711749706,1372.1402311097,1281.57873215731,1156.37293078352,1781.42932923803,869.449677587835,1308.05362267646,329.41468291369,1294.83742059214,297.733107909203,1229.22910373911,1386.87814161381,1270.03063135018,1319.64420983411,124.392633570826,487.002712162896,108.346208732477,456.10029328975
"399",128.395545919769,56.0851025634987,44.2749196066904,83.5264978966259,42.7719001826477,54.6661719665382,87.9088982284132,53.2597842514492,59.0589277491847,63.5164453095954,39.3927861502266,57.2477153967299,61.538915074069,19.5246247907316,55.6690956552092,8.72630174889865,61.2955066889384,61.7823234591997,58.6117191034098,52.7264722070085,20.1378457866161,23.3948040640596,5.14293405509591,11.7449557923099
"400",64882.2817140692,42106.5280802576,36001.2489816698,21116.8706010827,38799.4599531843,28648.9788370351,39323.4083555338,24121.0759728274,22247.4980831179,13906.3652613126,28758.9223777849,19986.6086378833,34332.7491347939,7937.73778906981,23892.20324462,7076.97705042152,33074.8825543367,35590.615715251,20091.646439086,27692.760050154,10796.4876521736,6017.33931184184,5437.90869390891,7232.25161142218
"401",11528.3150792713,20088.0266783968,16604.7346643462,5698.76681059927,4970.28921895176,7622.02626276304,6471.85308757578,10332.3981447811,8240.68905193624,3769.88784219893,3243.33939303533,5293.62468309137,10242.6161204388,6433.33201351078,6853.75920591364,3177.68053757404,14130.5093844474,6354.72285643019,7447.65834630544,6259.86006552183,7506.93299140998,1329.74319162251,3352.35866859878,3598.28803563422
"402",77903.9974868198,185250.368428658,249903.224472615,258007.299357902,524331.003452673,371048.919980043,68009.8400254295,143421.591122804,214167.358327793,251960.397889443,580649.667854341,350044.733775517,276091.775952887,156973.064679349,302722.587487131,152307.375790298,231053.630753058,321129.921152715,203183.115780013,402262.059194248,39873.2132779008,232220.112998078,55096.8087264844,158851.705012186
"403",94.6917151158296,101.972913751816,72.1517208405325,47.6141388975935,17.497595529265,24.0791471757371,75.6016524764353,79.8896763771738,80.7138679238857,39.2307456323972,35.0158099113126,16.1009199553303,56.4861947785632,32.6462616973469,51.2395357631105,25.9200188509127,73.9129244966473,39.0594650604791,66.6114299778189,35.867641548402,27.2221505331915,31.817099198009,23.7159488392123,20.2061084449845
"404",6.41977729598845,2.5493228437954,1.63981183728483,6.05264477511782,7.77670912411776,7.15866537657048,0,2.80314653954996,3.93726184994565,11.2087844663992,4.37697623891407,0,4.19619232614771,3.22174031057989,4.42039357015943,3.70197746494542,3.41392648539935,4.97845816689608,5.98306428529827,2.8577228550206,2.33000605731231,4.3225315277186,4.56099418358461,2.47651077987944
"405",2291.86049466788,2571.6294186786,3969.16455214793,2527.98796774088,2957.57968876604,2585.2543825842,2169.59160827724,2269.14712376569,4124.28178781806,2574.28416578302,3273.97822670773,2763.99125899837,2796.86793636581,626.321377255448,2967.09174990645,654.968479988535,3022.9273128558,2570.80855987583,2989.23769245559,2944.9458073573,819.755956872152,394.192611667694,994.746690075259,285.424190839487
"406",32.0988864799422,98.1489294861227,208.256103335173,660.141790139517,730.038569026555,264.219831171601,28.1308474330922,131.747887358848,202.768985272201,689.340244683551,844.756414110416,350.642256804971,331.489345098677,294.292256292456,425.12418888811,281.32822881378,322.182274320271,340.796415877083,341.285705771533,508.962672004688,297.814326691717,357.164657268883,303.508600586783,290.963548292107
"407",191.790846717655,152.322039916775,194.317702718252,472.10629245919,468.060680407838,467.916400523107,189.883220173372,121.936874470423,187.019937872418,504.395300987964,575.572375417201,475.871634235317,324.101056033089,159.799219903506,364.816196502735,183.572002727419,272.915345031406,375.286767034772,271.117371110268,458.515021895202,173.777685783928,160.564197739601,204.628677636993,126.630940579861
"408",24085.3994702246,10642.7855421348,11208.1139078418,2124.88182571803,966.256108671632,1915.26838211336,14075.9727843335,6067.41068485588,7055.5732351026,1634.61440134988,746.274448734849,1529.58739575638,6822.2130918022,5777.28637145365,3975.94554293363,2961.64978339795,7991.92709189822,5652.49909170617,4919.19944043612,3032.69164543114,5088.8666868787,7310.35825808657,2887.12494805289,3305.10958783858
"409",97.9016037638238,168.255307690496,91.8294628879505,102.894961177003,187.127063299084,105.753011244791,316.472033622287,505.967950388767,287.420115046032,173.736159229188,367.666004068782,178.899110614781,162.055306653602,84.9860254861686,279.290774333525,137.275800745602,120.993243918483,203.117369388721,322.374741554662,236.206807112388,41.3024008634924,106.265676559095,168.851592234258,114.158086797588
"410",269.630646431515,438.483529132808,701.839466357907,1148.79197831736,1736.15031195929,990.824366893505,738.43474511867,1365.13236476083,2775.76960421168,2109.11961042745,2934.76256819189,2080.5966564499,959.087399629924,453.147727584731,2037.41136727861,770.994259588957,763.038324602693,1155.13647465716,2083.34052646665,1991.48220809057,359.087034621957,518.756146611609,705.671861567948,990.847683348896
"411",5121.37733787478,2767.92727765085,3334.5573711187,782.808724248572,1446.95394140616,1275.86940643331,3723.82092895558,1599.19510081325,2240.30199261907,668.790806495152,1032.96639238372,1082.33961921942,2221.9896083022,1213.12964020657,1474.26391997214,657.061783333973,2295.09779100604,2148.88142559835,1502.76263330916,1445.76520663511,1339.97428400006,1366.6174698697,790.181161266104,672.683187087062
"412",202.222984823636,272.140213575158,528.839317524358,1529.70508949811,784.961577215637,1191.26699743748,133.621525307188,249.480042019946,305.137793370788,1186.26302269391,588.703304133943,908.807481923087,740.089120092988,540.457953086951,663.080127372445,359.096732538865,776.894873532542,703.283366653434,580.29361936155,745.866635383339,664.466721091941,533.532551715365,525.522249436306,160.130277966766
"413",20.8642762119624,449.955481929887,3.27962367456966,0.807019303349043,0,76.1421680962497,31.6472033622287,284.519373764321,0,3.73626148879973,0,66.192670927469,93.6385827277141,177.009272707323,74.6811481513839,110.137408923279,151.347374969269,35.9297904861595,96.0852117510401,53.2770845517277,258.605161588177,38.2513118069816,163.19946376356,48.1368395554347
"414",152.469710779726,188.649890440859,162.341371891198,324.421759946315,421.886469983389,303.267096861986,344.60288105538,269.102067796796,169.302259547663,422.19754823437,564.629934819915,357.798221229562,290.861578363188,98.2858129495707,345.648601665249,137.054150535051,225.137674092791,356.585482633585,286.86729185961,404.429911470888,86.98293979222,60.2106799111681,127.380175653375,142.717077290445
"415",271.235590755512,517.512537290465,401.753900134783,388.17628491089,556.520746694677,594.494620136103,3525.14681895937,11641.467578751,6185.43836626461,1208.68059162671,2357.00170465523,2350.73431347822,997.267484687714,1241.16485002542,4123.43167324391,4130.47558141684,435.814240778713,1558.72072859672,6345.1955122141,1901.66783427372,71.0777507275216,1703.0807909228,5218.22794049271,783.239946821222
"416",722.2249457987,1607.348053013,392.734935029717,1073.7391831059,1025.06747142277,3452.10368091074,567.891482555549,1163.30581391323,230.32981822182,801.428089347543,744.085960615392,2903.5325652779,1353.14746767295,1113.10015642096,1199.30495250814,920.195452418916,1024.60739038287,1681.68754496302,731.687907160865,1666.92199785541,608.795291035008,1550.17174597437,470.381570528299,1113.3926762111
"417",362.717417223347,1966.1652432772,798.588364757712,984.160040434158,1836.27544193231,756.215378870445,281.308474330922,1067.99883156853,578.77749194201,827.581919769141,1341.54321722716,583.211100604186,1103.78549060046,661.055115015192,917.149675285248,307.158383541924,1249.63788282302,957.933098377891,824.786081093228,1009.51326947727,627.429522267571,796.867678071664,244.622652920614,387.856079663702
"418",324.198753447416,1706.13431321007,484.564397917667,645.615442679234,576.448563825229,1169.46560742701,358.668304771926,2096.75361158337,411.44386331932,440.878855678368,505.540755594575,1164.63321010222,823.482771638523,514.268160728232,907.122177986063,650.058135214971,945.43805126899,701.527492008056,983.025443527019,831.218912445108,663.685514346249,419.620805257217,964.629166537799,329.614322812532
"419",263.210869135526,442.307513398501,990.446349720038,2185.81178312088,4268.44122050014,1046.4667205023,281.308474330922,552.219868291342,1234.33158995796,1967.14167385306,3974.29442493398,1068.02769037024,1535.79701026213,1496.407419565,1721.96870961145,1200.1234920471,1206.18854874647,1865.40547177779,1251.23104403412,2192.70637518878,891.549385601053,2115.9637030557,707.612268565605,1560.52684001404
"420",1.60494432399711,3.82398426569309,0,12.1052895502356,7.77670912411776,8.4602408995833,14.0654237165461,5.60629307909992,0,13.0769152107991,4.37697623891407,0,7.70527459269598,5.19273293502239,5.12757652025151,4.96413467258593,5.30975793864291,10.1007912467491,6.22773609663299,4.02741694387002,6.18790362959736,3.45044010054436,6.56056944370208,3.86451263586695
"421",35.3087751279364,3612.39046965808,3.27962367456966,8.47370268516495,6.31857616334568,501.106576359934,24.6144915039557,1447.82518767755,3.93726184994565,7.47252297759947,0,250.458754860693,692.697240007508,1443.76066336695,400.398494562217,579.122515918405,1208.04793200594,177.346548009078,486.411657501699,314.385331622734,2082.22333657724,280.533602439793,832.61041701489,350.745380569566
"422",1174.81924516589,1246.61887061595,1735.74082976599,1369.10824813165,1855.7172147426,1573.60480732249,3273.72737002611,4651.82168238316,8327.30881263504,2540.65781238382,4018.06418732312,3484.95467477593,1842.41955676747,736.405140777526,4144.20445437809,2283.68712870365,1450.4893161712,2234.34979736373,5173.262769134,3115.14613962217,254.513715557998,911.112592669115,2928.35415462185,1133.98684036493
"423",280.865256699494,376.025119459821,514.081010988794,1048.31807505041,1488.26770862804,1475.98664309653,1083.03762617405,2103.76147793224,2153.68223192027,1860.65822142227,2958.83593750591,2543.94535294219,997.619363899607,468.961924742238,2103.08376427041,664.83878811336,646.141401833007,1349.09732596621,2039.36731042493,2166.8002181159,355.069591286872,230.496266852126,156.766464171402,1033.5721802029
"424",6329.09794168261,7432.55075108547,3732.21174166027,2073.63609995537,2655.74616588622,3992.58291684181,4035.01842868416,4203.31823605516,2228.49020706924,1726.15280782548,2276.02764423532,3030.55093381439,3986.95768401888,1863.98884907824,2908.58291883641,1011.42484762471,4412.79953090037,3561.1158371374,2719.32041698329,3097.84542068953,2743.51806330326,784.360168788825,1309.49336039832,857.447847528519
"425",27.2840535079509,75.842354602913,23.77727164063,10.8947605952121,9.23484208488984,13.9919368723878,33.405381326797,56.0629307909992,21.6549401747011,3.73626148879973,24.0733693140274,8.94495553073905,27.857757853805,25.2062106566154,23.7217025255119,18.3587977859301,36.8381289462517,18.8773867613582,27.1513774848333,20.2920275661905,34.3873085165973,12.8044702067042,26.5928222908663,10.0073688843918
"426",2723.5905178231,3770.44848597339,1600.45635318999,846.159739561471,899.181992476116,1558.31129492709,2060.584574474,2385.47770515701,1118.18236538456,683.735852450351,800.986651721275,1339.95433850471,1789.19040676701,1074.18675236183,1352.92121999749,642.528597347638,2072.35485957495,1506.02595395907,1395.79864099731,1310.04379899767,1518.18388818486,582.463996336209,884.185744443551,494.780401442726
"427",7775.955249766,3878.79470683469,8365.50008790856,9790.35467857891,8212.20483506836,8657.75498520049,6106.15207094558,3351.16168803197,7963.11209151507,8165.59948377182,7445.23658239284,7794.63424948601,7501.7935607561,2140.0171874135,7036.92294265897,1826.11742472838,7344.88315777406,7658.70396373814,6493.29108777295,7580.55479754498,3085.10607815032,1362.87995396918,2723.04666863115,187.542479875689
"428",1022862.31409768,408361.367741233,545916.317997842,344030.71497909,127339.723552866,290000.137555916,1829647.89882796,533733.11686301,827232.495090055,667697.950009678,195987.865049855,419768.873146522,590882.693442485,622288.283671211,539217.165600268,216441.119414855,432769.466906055,748995.919978915,676221.187320914,402213.143879621,103132.272617213,939399.34379032,146935.208291319,198031.901711266
"429",5596.44085777793,4859.00934027402,3174.67571698343,1591.44206620431,1766.28505981525,1901.60183912172,4673.23702982244,4058.95618926834,2815.14222271114,1507.58151073069,1687.32434010137,1695.96356862812,2994.3751753702,1483.14032955083,2459.89050113498,1005.60667979374,3208.37570782059,2780.3746429198,2793.89330757006,2125.8876946999,1634.04428938743,1640.66257027566,1275.82005975246,752.144625140781
"430",211.852650767619,241.548339449614,167.260807403053,410.772825404663,311.554409284968,312.378125523076,221.530423535601,187.810818149847,157.490473997826,302.637180592778,223.225788184618,304.128488045128,277.507488433496,85.6920382030847,242.133372900615,62.013369761489,273.193990752443,281.820986114548,215.979490913484,268.287254887747,124.802288290677,52.2147831478278,76.5636807029869,41.2319201730716
"431",5770.57731693161,4003.07419546972,5977.93405282185,5154.02878083866,3355.16394273656,4866.91627442567,3838.10249665252,2231.30464548177,3756.14780484815,3979.11848557171,2823.14967409958,3932.20245131289,4532.53662382416,973.243199812985,3542.40994752304,849.119509133825,5045.01234304341,4020.06090460491,3322.19031196721,3762.62958307887,991.933113585484,772.12720762857,951.289984244092,867.218054587779
"432",1471.73394510535,1158.02990179406,1455.33300559029,550.790674535722,679.003915399532,529.415843985462,1141.0574990048,779.274737994888,1230.39432810801,567.911746297559,647.792483359283,563.53219843656,918.938473384977,384.460645473183,784.640661263547,257.429145859664,1054.71786064002,783.159086129932,859.193604133487,710.087718393607,461.036051250839,318.845735789439,338.394831039455,185.711947109398
"433",262223.828376268,428242.261938571,855258.622042439,340193.338191666,381676.023368497,195552.611304014,172290.891459902,240232.461585971,576013.534123348,289829.276209173,325032.06701364,149423.69314989,395535.624717515,247184.640378965,329344.442799923,146368.971783021,541231.407390892,249839.842044138,368691.757306164,289997.128293681,275495.865485498,114764.371353519,181250.380309029,126741.295217148
"434",60.9878843118902,661.549277964905,400.933994216141,1002.72148441119,1578.18590787565,1213.3937813287,80.8761863701401,459.716032486193,344.510411870244,801.428089347543,1192.72602510408,1016.14694829196,822.943438694453,549.539199031057,772.911824299079,322.596653030691,688.401585530744,957.485291858162,535.218177901327,1010.60547069683,301.791038062797,780.76947094904,237.631798102712,184.953565208682
"435",1.60494432399711,3.82398426569309,0,14.5263474602828,5.83253184308832,9.76181642259611,7.03271185827305,0,0,3.73626148879973,8.75395247782815,14.3119288491825,6.82956530832223,4.99099941991386,5.60528468735543,5.54166590518869,6.11677724199196,7.54235337465249,1.24542049626658,9.96514887844428,7.52969902176309,2.0136087462818,2.15713157632136,3.88544573762751
"436",168.519154019697,165.705984846701,373.877098900941,234.035597971222,315.928808167284,130.808340062788,109.007033803232,89.7006892655987,228.361187296847,179.340551462387,262.618574334844,94.8165286258339,221.560477292028,106.099308297162,179.399668046257,72.5263653173536,257.872893906288,185.248060677768,165.800809341611,192.998526750902,106.112985490786,113.696603124147,70.3148411865612,87.4712547072894
"437",24.0741648599567,17.8452599065678,36.0758604202663,38.7369265607541,69.9903821170599,34.1663574790864,207.464999819055,711.999221045689,279.545591346141,220.439427839184,415.812742696837,232.568843799215,67.3799643837982,70.6934687302844,321.290965185144,221.74013060099,30.886015629196,103.8739131384,403.994746743671,238.587183626617,11.3717325247281,91.48319580707,268.371853560828,174.294335999321
"438",5116.56250490279,3148.41371208731,2704.04971968269,1249.26588158432,1919.87506501657,1332.81333556512,3512.83957320739,2206.07632662582,1673.3362862269,876.153319123537,1468.47552815567,1044.77080599032,2311.20954785723,952.604336233248,1596.67030232991,587.876073030376,2367.24310445144,2255.17599126303,1585.18864399208,1608.15196066774,993.362795042025,1128.02864881991,669.328997276111,644.66960613545
"439",22.4692205359596,33.1411969693401,19.677742047418,20.1754825837261,20.4138614508091,17.571269560673,116.039745661505,140.157326977498,74.8079751489673,56.043922331996,70.0316198226252,84.0825819889471,37.8365497122453,38.7134948767528,77.1599959970464,34.8285907012361,24.3314738668281,51.3416255576625,90.3364081528204,63.9835838412725,7.63350196617335,56.0482394093867,44.1544491974575,23.7088154440123
"440",1417.16583808945,1548.07629689475,853.522061306754,218.298721555916,138.03658695309,234.934381903813,842.167245028198,762.455858757589,543.342135292499,158.791113273989,118.17835845068,130.59635074879,639.172548940421,548.62357036501,392.089394243995,289.459064558371,873.299026585808,405.046071295034,488.196369108025,295.982419379964,665.109349081222,381.645759914836,305.587259029233,297.276219035381
"441",5764.15753963563,6222.25973099361,3432.94608135579,5386.04683055151,11686.9356805882,7583.62978483416,8499.03228072298,8417.84905826852,4474.69809246323,6172.30397949716,14205.4763833956,8941.37754852675,7135.14173150771,2841.79894681234,8224.47446560983,3340.13772357386,5013.75088096697,9256.53258204846,6354.95037674297,10093.9985544767,1431.44013656588,2153.98116250204,1977.91042886248,3673.39208497262
"442",27.2840535079509,49.7117954540102,26.2369893965573,339.351617058273,382.030835722285,397.956716161168,70.3271185827305,193.417111228947,66.933451449076,302.637180592778,442.074600130321,379.266114503336,210.935845395837,179.23090580108,265.877383883383,136.456218558078,138.433467302947,283.438223488728,187.662581090267,344.092186676498,174.395653058459,184.731333813811,117.957186919236,119.516462816332
"443",4594.95559960373,5700.2858787265,8532.76089531161,2242.30313435532,2630.95790555309,2508.7868206072,3222.74020905363,3841.71233245322,6053.54009429143,1804.61429909027,1715.77468565432,1790.78009725396,4139.63914060123,2494.45476699087,3224.3434415574,1764.64039709871,5491.78330279781,2787.49497840464,3899.95557527831,2548.7313078365,3150.40786307432,381.85108563579,2125.0616014089,1378.27691419628
"444",2399.39176437568,1451.83935954148,1754.59866589477,1842.02155989419,1952.92607879407,1588.89831971789,1777.51792217851,1108.64445639201,1395.75932580573,1647.69131656068,1529.75319550047,1254.08276540961,1727.96698433682,180.20329683011,1443.98300733422,236.786852976003,1682.81986177681,1773.11410689683,1384.03169958614,1503.9343150823,204.755182861079,182.053831424342,269.714723878742,237.994798633494
"445",9355.22046457916,7929.03137491463,12420.7547615139,2116.00461338119,3966.60769762032,2952.62407395457,5325.52105467727,3687.53927277797,6272.05812696341,1253.51572949231,2733.42166120184,1674.49567535435,5785.09059601032,3837.49042324142,3567.68684363337,2091.90951925362,7488.59691660326,4081.58427541739,3737.70437641123,3397.6693108555,5166.47421245007,1190.61947336761,2509.64725649256,2134.28356960444
"446",9.62966594398267,458.878111883171,1.63981183728483,5.6491351234433,1.94417728102944,90.7848927301438,7.03271185827305,386.834222457894,0,0,0,75.137626458208,94.3214734522243,181.944836013657,92.7155537280544,150.070567074278,155.389019614633,33.2539272898154,128.944740819298,56.4863666368108,262.836908581708,49.888197846867,223.338842467825,49.8501475247929
"447",41.7285524239249,44.6131497664194,59.0332261422539,114.596741075564,94.2925981299279,158.792213807563,159.994194775712,128.944740819298,188.988568797391,226.043820072384,175.079049556563,259.403710391432,105.220353949573,48.7523010006086,180.613373931107,57.8383442035407,72.7477056614125,137.693002237734,181.325709896358,179.901037965856,36.9525503110734,37.5906570453701,49.0009933863806,77.2046988860384
"448",27.2840535079509,38.2398426569309,88.5498392133808,91.1931812784419,69.0182934765451,86.5547722803522,21.0981355748192,32.2361852048245,31.4980947995652,93.4065372199933,70.0316198226252,87.6605642012427,65.7756774134117,29.5340557029257,63.4347797769438,26.5612391508759,72.6609543829179,58.8904004439055,52.3802724081277,74.4892871457598,29.8388423645738,33.8832330978092,35.531704120005,11.6034549123031
"449",24.0741648599567,28.0425512817494,9.83887102370898,56.491351234433,87.4879776463248,50.7614453974998,7.03271185827305,25.2283188559496,0,74.7252297759946,56.9006911058829,42.9357865475474,39.9424847403315,30.9269394343565,39.9554185042844,25.7615517089825,31.4575911799638,48.4273783006992,33.3178495439814,46.5929874645873,23.512982596489,40.2783856449807,38.0137523974319,9.05132751008687
"450",5459.21811807617,1307.80261886704,3222.23026026469,100.87741291863,183.238708737025,198.490267259454,5708.80385095315,1729.54141490232,4586.91005518668,134.50541359679,157.571144600907,250.458754860693,1786.9071865,2263.11662327684,1440.98232827457,1724.59642761933,1543.63676401679,2030.17760898321,2150.3189612286,731.645695320533,1573.98354737994,3185.79290343735,2255.82957705853,915.062641631531
"451",2535.00955975344,1238.33357137361,7020.03447541636,1592.24908550766,706.708441654202,682.676361820221,1664.99453244615,852.156548023187,5207.02879655312,1206.81246088231,619.342137806341,558.165225118117,2150.83274470303,2422.01622107588,1765.72298551435,1783.8309681498,3283.53904409921,1018.12644530686,2421.99926848621,1109.4467025425,3240.73489026434,560.333049921847,2418.41628101635,902.385350206111
"452",219.877372387604,294.446788458368,87.7299332947384,198.526748623865,69.5043377968025,136.340036035592,154.719660882007,222.850149894222,78.7452369989129,93.4065372199933,83.1625485393674,50.0917509721387,156.877917515229,81.8558100408537,114.18902352331,63.8574322894547,193.56782345899,120.188011571467,131.667308037709,96.7107390089116,103.447608750896,44.8450526016664,79.3061877649876,54.66705077093
"453",358.705056413354,674.933222894831,392.734935029717,486.632639919473,535.620840923611,462.059310669549,351.635592913653,616.692238700991,389.788923144619,530.549131409562,551.499006103173,400.734007777109,483.936090391806,114.418665701564,495.53323292121,88.7029102670744,518.100265948007,449.771914835604,512.343431085057,478.723034757363,143.706739697219,92.606036215824,114.54197613036,75.5175684317917
"454",2560.68866893739,1456.93800522907,2459.71775592725,1375.16089290677,1480.49099950392,1390.73344633919,2020.14648128893,965.683982874961,2006.03491254731,932.197241455533,1293.39647859911,1003.62401054892,1697.19793019919,444.532858154035,1316.35575937084,444.876349207258,1763.93888468769,1630.45697571068,1301.30537895927,1331.40613978241,603.947888706038,340.451960863639,610.543304849161,348.345728066544
"455",4.01236080999278,7.64796853138619,9.01896510506657,25.4211080554949,9.7208864051472,41.6504167364101,3.51635592913653,2.80314653954996,17.7176783247554,13.0769152107991,8.75395247782815,28.623857698365,16.1626167937736,14.5622965571861,14.5230278408452,8.76876885678979,14.0293472306492,18.2958863568979,11.1992466917015,17.8468089899889,9.8893411772032,20.4621508288499,7.63249919054588,10.0414471508654
"456",4867.79613468324,3602.19317828289,4740.69602159044,8876.00180788445,12756.2331851544,9083.69557510643,3607.78118329408,2665.79235911201,3933.3245880957,7717.24810511585,10583.5285456942,7232.89104215559,7111.10015855212,3716.93489876735,6540.64746645425,2840.65234130138,5739.63033591926,8482.56998118498,4772.12168410785,8309.17324880065,2775.18768530574,4603.75471678674,2628.11466923869,1970.59058843108
"457",48.1483297199133,6.37330710948849,45.9147314439752,13.7193281569337,9.7208864051472,8.4602408995833,38.6799152205018,5.60629307909992,15.7490473997826,3.73626148879973,0,3.57798221229562,20.4780682059383,17.2226656329702,8.19127539765269,8.03733717495382,22.0024555701325,18.9536808417441,8.36386732256075,8.01868347274464,21.0318498807748,17.095044569902,6.46373871044661,10.9374444055812
"458",20.8642762119624,31.8665355474424,40.9952959321208,176.73722743344,146.785384717723,170.831787395432,198.674109996214,326.56657185757,401.600708694456,693.07650617235,781.290258646162,815.779944403401,127.648390170395,72.6199966853385,524.327063324056,279.634110917067,83.1996863043345,172.097094036456,473.747928908125,574.906197739986,81.1343778363993,25.9674932064792,193.613788316524,387.720317277643
"459",19967.9148070101,22187.3940402623,17678.8114177678,12959.1159731789,22568.49592251,14391.8459518334,10527.9696518348,10562.2561610242,8809.62338925338,8417.7971342658,14100.4289536617,9481.65286258339,16718.9388262312,4958.27398382151,11348.4495545033,3333.25479007085,17608.4404770697,15829.4371753927,9263.22556151447,13433.6735474921,4614.54148023657,6147.64748609142,1141.92483437897,3664.42343468187
"460",219.877372387604,406.616993585366,469.806091382104,999.896916849464,1208.3061801598,992.125942416518,666.349448571372,1379.14809745858,1665.46176252701,1266.59264470311,1748.60200744617,1402.56902721988,790.516928827437,323.940178724472,1375.48174469703,340.027933009787,625.440000605645,955.593857049229,1437.0675015629,1313.89598783116,325.824649331837,272.819023666724,205.645657180631,485.158670337645
"461",12.8395545919769,448.68082050799,0,4.43860616841974,33.5370580977578,30.2616309100479,3.51635592913653,290.125666843421,0,24.2856996771983,15.3194168361993,50.0917509721387,86.7390786022253,177.901679984238,77.7602688218637,108.397672605161,151.039808892136,22.4383483123141,104.803788840206,50.7167488035211,257.774230971525,16.4685595188914,160.95215951388,35.7139326931425
"462",475.063519903145,1526.40705272249,594.431791015751,344.597242530041,796.140596581556,632.565704184228,416.688177602678,1358.12449841195,582.714753791956,272.74708868238,665.300388314939,610.045967196403,718.471760772791,427.179853259,701.234076195071,357.507089151499,821.812028756095,615.131492789487,737.862113628764,664.606038761378,622.852258768419,190.326031751959,559.074286509466,54.2162316022082
"463",35770.9990932476,20957.345768131,23193.4986265566,22299.5573901408,25397.7599107281,31694.665560885,25307.2136219956,17392.1227046377,20085.9413274977,17945.2639307051,21044.5017566989,24591.4717451078,24808.3401464062,3788.12961423416,20977.9402685089,3180.71937997314,22150.1339282761,27466.5463645362,18474.4426542802,23481.4378827376,1125.54006138298,3661.93850460392,1422.73935923986,2113.23241449326
"464",924.447930622336,571.048317010169,483.744491999025,736.808623957676,370.851816356366,654.041700313939,580.198728307527,264.897347987471,255.922020246467,439.010724933969,249.487645618102,379.266114503336,566.115612990784,128.064607429529,359.116577713355,127.422574053436,597.200477655623,535.030748325944,319.943364389302,398.289791037407,128.543048628915,146.898731804221,103.212966178285,159.168912267106
"465",393.211359379292,295.721449880266,117.246546365865,524.562547176878,252.25700221357,574.645593410158,337.570169197107,173.795085452097,114.180593648424,541.757915875961,203.529395109504,522.38540299516,350.333884707307,171.91019872787,317.663712964742,183.481185199118,312.510181141003,388.157588273611,276.577864992161,358.749560937324,204.176338619778,167.041659953577,231.578963743048,159.594505375344
"466",117.160935651789,105.796898017509,159.881654135271,276.404111397047,241.077982847651,323.441517468684,1990.25745589127,3191.38233527763,4197.12113204206,1401.0980582999,2030.91697485613,1749.63330181256,516.143269959573,726.441857105733,2181.04917870797,1317.13431213117,180.694221183276,851.59231873587,2929.86717520653,1432.23118220942,87.1870261256146,986.972471190898,1416.23758297642,805.725091708043
"467",168.519154019697,304.64407983355,114.786828609938,133.965204355941,162.338802965958,139.919368723878,172.30144052769,238.267455861746,94.4942843986955,112.087844663992,164.136608959278,110.917448581164,171.325954169492,68.4606676070138,148.538266105728,53.8119421961085,184.465370933143,158.186537405842,148.283194974811,148.793337236645,104.518630295227,16.5855547250645,78.4235853951358,32.9978617067785
"468",93815.4155149272,130420.170035018,151580.926614935,57436.3708386547,99915.6448709853,71728.850891594,80382.1383620964,106820.9067559,149560.828632035,48900.1903654109,89202.7757490688,60988.495799685,98577.3502688805,36248.0983010032,92341.7579284968,35784.3554150609,113145.822496203,84008.8780415585,101760.641917782,82922.8739392114,49392.3238747391,14439.1401834078,50520.7455827304,19565.4892638206
"469",104.321381059812,72.6557010481688,55.7536024676842,150.912609726271,165.255068887502,112.911676621362,59.7780507953209,92.5038358051486,64.9648205241032,194.285597417586,186.021490153848,101.972493050425,102.877784924385,47.5196779008011,123.771003645916,53.2821463834261,93.1073044140413,112.648265434728,117.251417915613,130.290589376219,50.7691857900653,52.7390024127735,68.119732451905,48.2664983654158
"470",20.0618040499639,5.09864568759079,31.9763308270542,2.82456756172165,6.31857616334568,6.50787761506407,26.3726694685239,8.40943961864987,37.4039875744836,1.86813074439987,13.1309287167422,3.57798221229562,13.1831112205501,12.5816385648281,12.9289300145202,12.8789840659651,13.2998480254555,13.0663744156446,15.8938526458445,9.96400738319596,16.2142257049002,11.5239782534339,18.9132654222713,5.53052157268693
"471",7528.79382387045,917.756223766342,6639.59812916628,695.2471298352,1006.11174293274,702.85078242692,4523.79190283414,496.156937500343,4393.98422453934,439.010724933969,588.703304133943,450.825758749248,2414.22598516027,2545.97482202275,1463.81782250285,1628.97061583986,2750.86716092261,2077.58480939793,1776.38396232455,1151.25168268115,3369.57697370954,2123.89704565098,2267.08839085795,1095.93823773162
"472",5358.10662566436,8374.52554186787,4409.45403045891,11278.0947643029,13283.5912726337,14983.7374209235,2707.59406543512,4228.54655491111,2478.50633454078,7298.78681837028,9233.23137598923,9889.54283478509,9172.83284927033,4903.53870888279,7050.2411279778,3041.61044402141,8020.69144554322,10324.9742529974,4668.61323594072,9431.86902001488,3447.9639366511,6651.38969861083,2440.08606375086,397.505957253712
"473",16464.3213477244,22717.0158610608,11594.2895955224,17669.6876468273,29699.738189326,35275.6252185741,8416.39791638827,9049.95860293704,4998.353918506,10610.9826281912,18483.9706569341,20716.5170091916,20895.4590712831,10394.8727799598,14125.8736478405,6777.72624255301,17326.9977011368,24463.9204414294,8219.76504987809,20031.982245803,5569.27618220558,14174.4440255875,2896.94947485303,1343.59963339179
"474",402.841025323275,461.427434726967,486.204209754952,548.369616625675,506.458181708169,785.17543425748,242.62855911042,316.755558969145,366.165352044945,429.670071211969,380.796932785524,509.862465252126,505.043906030611,174.052828477428,418.04904771572,78.0677475091029,498.667087035864,511.420725025357,370.86366074202,465.23443468942,44.7909391609098,271.307478813414,56.6036866928159,73.1647006695895
"475",44.9384410719191,14.0212756408747,37.7156722575511,25.4211080554949,13.6092409672061,14.9681185146474,186.366864244236,78.4881031073988,145.678688447989,85.9340142423938,26.2618574334844,32.2018399106606,48.6837132800017,68.0977845551976,69.5413694036547,44.3802943616654,25.7193519846402,71.6480745753631,103.366935265927,35.7158035413822,11.8500134952685,99.351709418437,36.8316947907959,11.6166199989078
"476",3.20988864799422,0,1.63981183728483,800.563148922251,439.384065512654,320.838366422659,0,0,3.93726184994565,616.483145651956,332.65019415747,311.284452469719,260.404232115808,325.587921817569,254.126547707483,231.495003631466,267.400986919845,253.407477311771,206.806802500634,301.446292914332,461.732704591114,227.320880829986,354.795582147099,37.1141724333069
"477",6.41977729598845,48.4371340321125,0,19.368463280377,0.97208864051472,30.9124186715543,3.51635592913653,30.8346119350495,3.93726184994565,18.6813074439987,0,7.15596442459124,17.2010767589492,19.5699689144129,12.968370402089,11.4304825364106,22.6018657708298,11.8002877470685,17.8177270763313,8.11901372784681,24.3799129830309,16.6004061807235,13.4694539120458,8.64088296340086
"478",11.2346102679798,49.7117954540102,18.0379302101331,14.5263474602828,9.7208864051472,13.6665429916346,45.7126270787748,11.2125861581998,23.6235710996739,3.73626148879973,13.1309287167422,35.7798221229562,25.2293549333305,17.6603312893001,18.7854207532837,11.5718621057131,27.425357708142,23.0333521585189,12.8574729155578,24.7133685910096,19.3803194994975,19.7396601960631,10.0451734789943,11.3332596617481
"479",12.8395545919769,196.297858972245,100.848427993017,40.3509651674521,31.5928808167284,58.5708985355767,10.5490677874096,105.117995233123,70.8707132990216,11.2087844663992,24.0733693140274,28.623857698365,73.0350165454049,67.6264985190244,52.1549560927236,36.3599149773678,112.499084044238,33.5709490465715,62.3991643328481,41.9107478525991,78.6235445757743,24.0719467958626,47.5243129684372,27.0502645528741
"480",1141.91788652394,2342.82769344797,3685.47710429766,1027.73908281501,997.84898948836,1175.32269728057,669.865804500508,1153.49480102481,2120.21550619573,665.054545006352,680.619805151138,747.798282369784,1649.84689530501,1150.79696617204,1169.5049725088,601.024239183002,2352.01462685354,947.67916375648,1312.92161740896,1026.08832760864,1328.89282770195,256.436007953631,740.564675149436,541.234052911789
"481",689.323587156759,969.380011353199,1833.30963408444,426.106192168295,386.405234604601,415.202591841088,770.081948480899,1244.59706356018,1789.4855108003,326.922880269977,323.896241679641,495.550536402943,800.080935422087,557.895992719854,830.088861355854,585.573619603515,1076.26527920198,523.896591642196,1120.33515154348,539.842571168224,709.664517287916,213.688428295266,739.157039565664,241.162401498209
"482",1092.16461248003,465.25141899266,1829.21010449123,574.194234332844,625.052995850965,460.432341265783,692.722118039896,211.637563736022,897.695701787607,394.175587068372,356.723563471497,313.073443575867,774.477202162229,524.562867405195,491.297176966932,276.718827236596,956.218585938911,592.735818385548,501.169617530667,481.424736403198,757.992597491409,119.469389669238,355.323421846389,254.727587841035
"483",0,175.265945510933,3.27962367456966,357.106041731952,160.880670005186,326.370062395463,28.1308474330922,385.432649188119,0,424.06567897877,140.06323964525,459.770714279987,175.172198458533,146.514975438429,264.084080091777,185.278028337213,178.550536972485,171.793859944581,269.83277605563,258.335384127923,176.93607584275,149.418809462975,234.479046021424,175.329130273156
"484",1269.51096028172,1794.08595132101,3128.76098553946,3334.60376143825,3661.37186449869,2890.47384273071,1916.41398137941,3735.19276395032,6756.34133450673,3736.26148879973,4131.86556953488,3177.24820451851,2787.61839781792,766.250543062932,4054.08795985468,1405.96753711909,2752.48356609957,2822.75322953627,4742.59852908559,3365.57739062377,836.353575413745,874.447862684568,1743.95250804953,691.629255035939
