"","X.x","Geneid","Length","E1_cpm","E2_cpm","E3_cpm","E4_cpm","E5_cpm","E6_cpm","CPM_mean_E","CPM_sd_E","X.y","L1_CPM","L2_CPM","L3_CPM","L4_CPM","L5_CPM","L6_CPM","CPM_mean_UN","CPM_sd_UN"
"1",4,"txnl4b",3661,70.2843665687769,50.0863772618978,27.4550825792639,105.172328112365,46.7297288541903,70.9754284979256,61.7838853124032,26.7627563403981,35,4.3937826607045,4.97753227211765,1.59563132470686,4.60623894127145,2.26523385122466,3.12360404134088,3.49367051522767,1.37828986007587
"2",8,"abcb6a",7025,22.7334878389575,24.173633470152,26.1204605094386,115.743773463865,82.1212219378665,85.3207990316738,59.3688960419923,40.1387954823142,70,4.31776565965425,9.74621703631428,5.84446357305418,6.11737661765695,5.75906911328304,5.52516895754769,6.2183434929184,1.83845001211027
"3",10,"ugt5b6",2038,1333.41378462085,605.036480882438,448.147025017777,817.705815650257,488.83993650588,877.458497647598,761.766923387467,328.847942493139,109,56.359004578656,31.5185697370807,23.2850850291524,22.1026643268915,17.6803421777789,24.2981862110336,29.2073086767655,14.0362079092647
"4",11,"ugt5b4",2310,213.789508552196,131.563695828561,104.577172185599,64.964694083153,35.6344552787586,74.8008606402585,104.221731094754,63.029713957668,110,14.230382596607,22.2596635525821,12.746496745042,2.3122227096501,1.55494866058642,3.81425016103435,9.48632740425031,8.28057832949583
"5",12,"ugt5b3",2089,34.0055088924406,42.1734252986465,6.76844049697131,11.8364046243297,4.04936991804075,11.4762964269986,18.3849076095712,15.7541010989832,111,1.94603522688642,4.97753227211765,0.575169430998983,0.182064780287409,0.0383937940885536,0.690646119693462,1.40164027067875,1.87711169292476
"6",13,"ugt5b2",2019,734.954717260296,244.69282224823,210.107645849645,224.53027092717,85.7656548641031,198.854160113052,283.150878543749,228.229833070976,112,29.7226474106481,10.4075674780642,10.6870191050134,6.48150617823177,2.8987314536858,6.24720808268177,11.0741132847208,9.58738621532972
"7",14,"ugt5b1",2289,36.9419177383059,18.1737028606539,12.297589071962,21.5043076380952,17.5742654442969,28.0759394731929,22.4279537044178,8.80555784526717,113,1.77879782457587,0.870197949670918,0.723600251901946,0.527987862833487,0.614300705416858,1.0516656822605,0.927758379443263,0.456658971298343
"8",18,"cyp4v2a",2471,4786.15697302852,2882.22753597719,2510.04279275007,2609.43027137894,2809.04791214487,3242.94178737442,3139.97454544233,845.547873879399,185,287.84597617688,186.692268122399,179.156000829877,97.1315602833328,129.13752641685,112.543924504594,165.417876055655,69.8640321964164
"9",19,"clockb",5541,5.49392622774806,9.21728470444646,10.867636854292,79.6020799544615,107.470277624802,87.8483166971437,50.0832536771489,46.4476732517953,197,0.85139041176281,3.42857992170342,2.54187780796325,4.93395554578879,10.7118685507065,4.83452283785423,4.55036584596316,3.38132663183803
"10",23,"dnajb14",5422,24.6279451588706,26.9562099847019,14.2995221767,36.3224019769506,30.9371861738314,47.6129679143928,30.1260388975746,11.2747598055751,278,2.59978143591858,5.60407479588071,3.11704723896223,1.6021700665292,2.82194386550869,2.07193835908039,2.96949262697997,1.39974477803328
"11",27,"nr3c2",3540,4.92558903177412,11.4781281225182,2.85990443533999,19.1550975599839,13.119958534452,28.2808733379607,13.3032585036715,9.39347280007907,353,0.364881605041204,0.939813785644592,0.278307789193056,0.291303648459855,0.307150352708429,0.816218141455909,0.499612553750508,0.297179659107632
"12",29,"txna",656,2172.46893161037,1932.93416693529,1938.63388656914,2006.67717787586,1433.07201399462,1914.97034367887,1899.79275344403,247.565010901665,378,120.137268459816,128.35419757646,116.314102030085,81.728879871018,70.4910059465844,72.1254299998058,98.1918139806283,26.2206369857779
"13",31,"dnaja1",2399,36.9419177383059,14.4346156692275,17.9220677947973,37.7680697173268,25.9159674754608,33.2675973806446,27.7083726292938,9.92509892145422,425,2.37173043276783,2.38434238209832,1.16889271461084,1.49293119835676,1.30538899901082,2.19751038084283,1.82013268461457,0.558774007470232
"14",37,"cyp2u1",2205,320.068564199322,302.25737389298,139.468006296747,1590.05380594621,1497.61897048819,1802.59827449785,942.01083255355,762.81616455671,478,14.4888404001778,15.767986848037,6.03000209918288,45.5890209839673,54.9415193407202,51.563011436205,31.396730184715,21.615098255898
"15",40,"prdx2",1022,20332.6420774316,11196.3922504201,8344.81982173072,9116.10970811065,5576.87323852409,9667.75507042245,10705.7653611066,5067.57414863352,511,1355.97606133417,761.823497018902,684.117653541758,387.324613583435,262.959095712504,380.247778399412,638.741449931696,400.718220081647
"16",41,"abca1a",9626,300.176762340234,391.386777874656,1316.22335129131,7187.13717128,4792.10534840779,3573.02193222714,2926.67522390352,2755.6801893171,527,74.0405590229444,94.7993646371498,308.049614931487,328.299211814256,301.890402918297,166.649769381488,212.288153784271,114.591676172057
"17",44,"dnajb1b",2169,17.6184530751921,24.5214555344708,10.6769765586026,59.814502758063,34.0147073115423,39.2106794589117,30.9761291161304,17.5547058415877,588,1.82440802520602,2.90646115190087,1.85538526128704,2.91303648459855,2.07326488078189,2.00915234819916,2.26361802532892,0.509026155505237
"18",50,"cyp3a65",2012,1468.58331439665,10054.4924132617,1502.3077998841,1221.95065755294,2870.43636010237,3568.10351947271,3447.64567744507,3366.09120775372,655,75.6217126447896,673.098114070455,88.0194767954572,39.7629480147702,110.746899048433,124.316301544823,185.260908686455,240.789546149058
"19",53,"abcf3",2407,104.005706863231,141.824446725964,126.693766485562,336.117749637454,289.286986944831,220.372215913675,203.050145428453,94.6916235451877,694,4.89549486763616,8.02322509596586,6.75360235108483,10.960299773302,10.059174051201,6.46695912076605,7.859792543326,2.29903617605681
"20",54,"slc22a23",6948,89.6078312318908,98.0858221378831,158.72469616137,214.049179809443,265.962616216917,315.256595301181,190.281123476447,91.1508319964741,706,14.0935519947165,21.1632141359967,39.2970598340595,11.7795912845954,19.4272598088081,16.7167753971258,20.4129087425503,9.86179969573862
"21",56,"cyp8b1.2",2911,66.7796205269376,46.173379038312,54.9101651585278,30.359022547899,14.90168129839,30.7400797151747,40.6439913808735,18.8875807425992,726,4.241748658604,2.95867302888112,3.06138568112362,1.31086641806935,0.614300705416858,1.39698874210723,2.26399387236703,1.37197406730341
"22",57,"cyp8b1.1",1975,3100.46884976982,1144.85632470511,1066.74435438182,1584.36148921848,1257.24837215329,1330.02078234323,1580.61669542863,765.673802905012,727,180.479563893506,76.3685720631198,69.5769472982641,55.165628427085,53.0602234303811,46.2732900194619,80.1540375219696,50.3940794747119
"23",58,"cyp8b1.3",1951,13.1664783733962,11.7389946707573,4.95716768792265,15.3602197414965,11.9051475590398,15.1651059928195,12.048852337572,3.8035229167365,728,0.790576810922609,0.348079179868367,0.204092378741575,0.364129560574819,0.115181382265661,0.282537048965507,0.35076606022309,0.234643476876473
"24",61,"aldh9a1b",6226,308.985988877831,329.996183522399,543.381842714598,621.998545296836,472.561469435356,463.355468240067,456.713249681181,120.835853571908,764,16.966994634416,20.0145528424311,32.9887499456836,20.3366359581036,18.0834770157087,13.5303853449037,20.3201326235411,6.67733999445122
"25",62,"prdx1",1921,116.130233710675,194.867311534571,146.236446793718,150.801216167987,60.0926495837248,100.485905024493,128.102293802528,46.5466712725448,765,5.41241047477786,11.0863218788075,7.34732563469668,4.36955472689782,1.61253935171925,3.29626557126425,5.52073627302723,3.34279518788905
"26",65,"mtf2",5259,1.70501158792181,2.43475445023114,2.28792354827199,23.9438719499799,5.9120800803395,14.618615686772,8.48370955058605,8.99105489816731,816,0.182440802520602,0.469906892822296,0.0742154104514817,1.49293119835676,0.47992242610692,1.34989923394631,0.674885994034061,0.601361034945036
"27",67,"abcd3b",1980,40.4466637801452,35.1300284961922,27.2644222835746,136.254184530452,105.36460526742,129.928070262805,79.0646624367648,50.3076166112868,854,1.94603522688642,1.37491276048005,1.41009279857815,3.95080573223678,3.16748801230567,2.91954950597691,2.461480672744,1.04671799926125
"28",68,"tfa",2224,409269.276553164,445031.722676599,427221.008934246,374326.748015595,390244.338980855,352071.188013227,399694.047195614,34367.5923729522,867,24379.6252544289,29373.7406386498,30624.4325072255,17112.7420676423,32986.7576732685,12868.3696461721,24557.6112978979,8039.25440958225
"29",71,"dnajc1",2039,310.596277599757,315.822434401411,517.07072190947,605.373366282511,416.842139363115,442.24728016898,434.658703287541,114.737786011671,894,17.2406558381969,20.049360760418,32.5805651882005,23.1404335745297,20.4830891462433,15.6337167094247,21.5213035361688,6.01931853917628
"30",72,"cyp7a1",1981,121.24526847444,18.7823914732117,62.6319071339458,442.735745490194,4439.16226635136,621.222855399553,950.96340572045,1725.17140936399,906,4.83468126679596,0.591734605776224,3.41390888076816,11.4882876361355,147.259397226647,16.7795614080071,30.7279285040217,57.3916544998712
"31",77,"dnajb6a",3972,61.0015257012026,82.2599182113807,105.62580381189,175.467921988155,140.432148757653,123.165252725467,114.658761865958,41.0968616991115,1005,12.6492289747617,13.5054721788926,13.9896048701043,12.0708949330552,11.095806491592,9.70043868114908,12.1685743549258,1.58660282709544
"32",79,"abcf2a",2419,68.5793549808551,186.606537507001,308.869679016719,791.412733622166,650.490783634067,514.930490873305,420.148263272352,279.42942313378,1041,4.37857926049445,12.6178702702283,18.7022834337734,26.2901542735019,26.7796713767661,19.086947307892,17.975917653776,8.50871185865735
"33",83,"keap1a",3068,369.60862311505,1443.98330001923,471.312250944031,846.61917045778,943.179241310052,814.543801163874,814.874397835002,381.980246207293,1154,19.2018944652934,74.9066395076726,23.6561620814098,29.2578101921867,37.9714623535795,30.0901957148265,35.8473607191614,20.1613643551246
"34",84,"cyp7b1",3752,102.300695275309,10.7824839938808,47.0930930352652,68.3078007327728,24.4581943049661,52.4630693805649,50.9008894537931,32.4671615692905,1164,13.3789921848442,6.03917377071617,10.4829267262718,4.15107699055293,2.03487108669334,3.10790753862058,6.53249138294983,4.47998598754731
"35",85,"slc39a6",2935,25.3857280868359,50.9559324226946,56.7214379675765,123.785300269707,107.713239819884,81.0171878715494,74.263137739708,37.0321733873803,1165,1.48993322058492,2.43655425907857,3.26547805986519,3.75053447392063,4.37689252609511,2.68410196517232,3.00058241745279,1.02246525022933
"36",88,"slco5a1a",5859,14.5873213633311,30.9561637243674,28.4083840577106,70.8377192784311,97.9137646182254,83.0665265192277,54.2949799268822,34.0457833880987,1173,1.91562842646632,6.96158359736734,5.9557866887314,7.06411347515148,9.65603921327123,6.93785420237523,6.4151676005605,2.52796498729183
"37",90,"per2",5482,31.4479915105579,153.650396912801,95.9974588795791,338.828376650659,370.922284492533,303.302119856391,215.69143805042,140.752506144336,1234,2.55417123528843,14.0972067846689,7.94104891830854,14.4923565108778,19.2736846324539,12.4630231599229,11.8035818735867,5.81718626670166
"38",92,"hsd11b1lb",2915,259.06703849812,436.255824171773,364.542485358004,677.927816002638,716.495513298131,775.264810416706,538.258914624229,212.592386370333,1280,33.9035824684119,88.9516344153613,84.4942447990119,46.7724420558354,70.2798400790974,52.4420155885422,62.8072932343767,21.9529921848337
"39",94,"gpx4b",879,3652.13482132852,4639.1637383672,1405.35703952607,1639.47757182032,901.389743755872,2678.14405607428,2485.94449514538,1444.18024631009,1302,197.993880935483,299.278478850822,84.5684602094633,65.8892439860134,40.1983024107156,101.415104075897,131.557245078066,98.3051129724707
"40",98,"txn2",1205,160.839426460624,152.867797268084,193.329539828983,240.432616071308,157.439502413424,175.833255970799,180.12368966887,33.0433283222856,1415,13.8807043917758,15.5243314221292,17.9230216240328,11.4336682020493,11.2109878738577,9.48068764306479,13.2422335261516,3.13277793443513
"41",100,"cyp2k22",4059,4482.75963324443,9919.62440782207,9853.22875107687,5.24054555886352,7.77479024263825,11.3396738504867,4046.66130029923,4844.12240897359,1462,196.397523913428,493.489257258378,522.235289494464,0.145651824229927,0.42233173497409,0.470895081609178,202.19349155118,248.813385969847
"42",102,"dnaja3a",2354,561.327703890259,534.776423890054,498.767333523294,1088.13603733437,1060.36800673815,996.456761789452,789.972044527597,285.255991859284,1486,32.1855982446762,43.2488380986446,36.0130279215815,45.6982598521397,53.1754048126467,39.0215057626806,41.5571057820616,7.48314383039392
"43",103,"hmox2b",9161,1.5155658559305,4.69559786830291,6.86377064481598,16.9865959494197,22.352521947585,13.9355028042125,11.0582591783778,8.00155320052774,1487,1.55074682142512,4.87310851815714,5.2692941420552,3.27716604517337,5.41352496648606,2.52713693796926,3.81849623854436,1.60402449484928
"44",104,"abca3b",7179,28.7957512626795,50.5211548422962,57.7700695938678,176.190755858343,217.046227606984,247.628419927796,129.658729848661,95.2079069056212,1489,3.04068004201004,5.55186291890046,7.64418727650261,7.88340498644482,12.5163768728685,8.91561354513378,7.59202094031003,3.19267140332046
"45",105,"cyp2k18",4825,26.2382338807968,41.3038701378497,20.6866420822926,96.0465505012401,82.6071463280314,85.6623554729535,58.7574664005273,33.1501802473432,1490,1.56595022163517,12.6178702702283,3.4510165859939,3.85977334209308,5.43272186353033,4.23805573448261,5.19423133632723,3.84878069485511
"46",107,"cyp2k19",4943,358.336602061567,190.693446762746,164.158514588516,598.596798749497,322.005895882601,407.203589293681,340.165807889768,158.278965989396,1491,77.3853070691554,103.483940174866,68.0926390892344,50.7778672221584,42.0795983210547,39.4767043415695,63.5493427030063,24.5373183322817
"47",108,"cyp2k21",3070,26.4276796127881,39.9125818805748,13.155560402564,124.508134139895,58.3919142181477,88.6680521562151,58.5106537350308,41.7071701145647,1492,1.64196722268542,11.7128644025706,1.26166197767519,7.57389485995623,3.53222905614693,4.42641376712628,5.02483854769343,3.98544074173833
"48",110,"cyp2k16",1872,19.7970789930921,76.6947651822809,7.14976108834998,14.0952604686674,12.7960089410088,22.6793477009733,25.5353703957288,25.6498210668287,1493,0.973017613443211,4.47281746130852,0.90913877803065,0.327716604517337,0.556710014284027,0.612163606091932,1.30859401294595,1.56824432950815
"49",112,"cyp2k6",2125,0.189445731991312,0,0.0953301478446664,7753.11609163726,4585.10155819755,6928.13085491782,3211.10554677208,3667.85413074647,1494,0.0304068004201004,0.0348079179868367,0.0742154104514817,245.259465525169,173.386374103908,203.316799736123,103.68367824901,115.802364433683
"50",117,"dnajc7",3756,151.746031325041,146.520044594267,150.430973298884,358.254536911963,465.839515371408,348.11432495229,270.150904408975,138.399236151789,1582,9.13724352624016,14.3582661695702,13.1361276499123,17.3143606053326,26.702883788589,14.5349615190033,15.8639738764413,5.93816580320318
"51",121,"nfe2l1a",4448,16.2923329512529,68.5209466707907,43.6612077128572,144.386065570067,94.593281285432,100.759150177517,78.0354973946529,45.3370914869049,1655,3.13190044327034,15.2110601602476,9.23981860120947,9.50378153100276,8.65780056696884,5.8077060065132,8.59201121820204,4.06527445151623
"52",124,"hmox1a",1413,16.2923329512529,122.520322156274,26.1204605094386,142.578980894597,223.201269882406,857.648224053375,231.393598407891,316.357080685276,1690,1.26188221743416,9.85064079027479,2.11513919786723,8.30215398110586,12.6507551521784,40.889389586397,12.5116601542096,14.5928817787574
"53",127,"naa60",1564,47.3614329978281,38.6082491393795,28.7897046490892,76.4396817723886,75.5612426706405,83.4080829605074,58.3613990316389,22.959384120482,1722,3.74003645167234,5.04714810809133,2.89440100760778,4.04183812238049,4.5496645994936,4.7403438215324,4.16890535179632,0.783232507755694
"54",130,"sult3st1",4264,303.776231248069,146.259178046028,62.7272372817905,551.251180252179,309.857786128478,592.327180467289,327.699798903972,211.671775631497,1734,20.7982514873486,31.1704905572123,6.15987906747298,27.054826350709,22.191612983184,29.9960166985047,22.8951795240719,9.1778833881965
"55",133,"hsd17b14",2117,89.1342169019125,69.9122349280656,87.8943963127824,71.7412616161662,81.2303605558975,60.2505562417424,76.6938377594278,11.3286825243342,1744,11.6762113613185,10.5816070679984,12.319758134946,4.58803246324271,6.89168603889537,4.26944873992322,8.38779063438736,3.5978921864523
"56",136,"aldh16a1",3631,309.459603207809,311.387703081347,133.366876834688,547.727365135012,739.414947034241,469.161927741822,418.419737172487,213.033545531829,1779,17.1342320367265,17.3865550344249,7.75551039217983,17.077676390959,28.4498014196182,13.3420273122601,16.8576337643614,6.78219982937356
"57",137,"fthl27",889,850.042999445019,1419.98357758123,740.905909048747,1200.53670414861,753.101817357219,1136.6998365789,1016.87847402662,277.183796687406,1780,106.271767468251,195.568287209042,99.7640654994042,111.714949184354,79.2255941017304,94.2888918408778,114.472259217277,41.2733406994038
"58",139,"fthl31",883,42.2463982340627,29.9126975314112,40.8013032775172,19.6068687288515,16.6834040623279,18.3757365408489,27.9377347291699,11.5030849913565,1781,3.58800244957184,3.56781159365076,3.80353978563843,1.34727937412683,1.11342002856805,1.3185062285057,2.45642657667694,1.31598567118343
"59",142,"hsd3b7",4524,2032.84742713278,1858.67415620324,1083.9991111417,680.27702608075,432.391719848392,1679.91120079017,1294.6834401995,659.818485051793,1805,100.646509390532,112.272939466542,58.6301742566705,22.7034781018399,16.989253884185,55.7068881543658,61.1582072090225,39.084043602213
"60",143,"rarab",5306,3.031131711861,8.78250712404804,7.81707212326264,75.084368265786,72.0787845411254,55.4004547755704,37.0323864236089,34.121151417243,1820,0.973017613443211,2.48876613605883,2.91295486022066,5.26167215030613,7.21803328864808,4.55198578888873,3.90107163959427,2.22807717756143
"61",145,"aldh3b1",1943,8.71450367160037,5.56515302909975,2.47858384396133,74.0001174605039,69.6491625903009,65.9887044552417,37.732704175118,35.3611296299458,1833,0.334474804621104,0.417695015842041,0.111323115677222,2.43966805585128,2.80274696846441,2.13472436996161,1.37343872173628,1.21203553997132
"62",146,"clpp",1182,350.474604183928,202.954174529982,332.892876273575,475.805395051299,364.68625481875,387.734872140737,352.424696166378,88.7092812399904,1834,17.7575714453386,11.4344010586759,22.1718538723801,17.077676390959,13.8985534600564,12.7141672034478,15.8423705718096,3.95602351387054
"63",147,"thraa",5411,90.9339513558299,35.999583656989,86.9410948343357,188.930702820407,148.449901195374,168.455636839157,119.951811783682,58.1421874692411,1846,6.96315729620298,6.71792817145949,15.9748670996814,10.2684536082099,13.2074651664624,9.33941911858204,10.411881743433,3.61861392705674
"64",151,"abcc1",7189,6.72532348569159,15.9998149586618,16.2061251335933,334.401019195757,140.027211765849,252.888389123504,127.707980610509,140.065764342625,1882,0.456102006301505,1.02683358061168,1.3173235355138,10.6689961248422,5.45191876057461,8.83713103153225,4.62638417322934,4.38686575545854
"65",153,"abcc6b.2",8282,60.7173571032156,14.4346156692275,91.3262816351904,29.3651259763904,16.9263662574103,30.9450135799425,40.6191267035628,29.8072841406909,1884,3.08629024264019,1.11385337557878,4.84255553195918,0.600813774948451,0.47992242610692,0.769128633294991,1.81542733075475,1.7677332438186
"66",157,"cyp3c4",2312,35.6157976143667,39.3908487840967,71.6882711791891,140.681541985354,24.7011565000486,34.4288892809957,57.7510842240084,43.6692057700818,1945,1.42911961974472,3.44598388069684,3.72932437518695,4.16928346858167,0.53751311723975,1.33420273122601,2.44090453211266,1.51847952901584
"67",158,"cyp3c3",2395,19.5129103951052,102.172731393628,232.033579853918,53.2186436925968,22.6764715410282,43.3093567542684,78.8206156050908,80.753468045221,1946,2.15888282982712,22.2770675115755,19.611422211804,2.03912553921898,1.09422313152378,4.83452283785423,8.66920734363394,9.62635367781951
"68",159,"cyp3c2",2152,23.3018250349314,33.5648292067579,22.7839053348753,128.75478312725,82.3641841329489,124.189922049306,69.1599081476783,49.5477780059175,1947,1.15545841596381,1.25308504752612,0.612277136224724,3.45923082546078,2.55318730688881,2.96663901413782,1.99997962436701,1.14600776259851
"69",160,"cyp3c1",1881,2710.40008759971,2284.75618499369,5254.97906978939,9300.7937619437,3066.1019145421,3366.2436626764,4330.5457802575,2641.84654752294,1948,135.006193865246,126.666013554099,261.961845041117,278.413462015506,113.06972359079,95.0894134796134,168.367775257729,80.1866920852158
"70",162,"mafk",4664,0.568337195973937,0.869555160796836,0.762641182757331,4.69842015622247,1.6197479672163,0.956358035583214,1.57917661642501,1.56916017910063,1960,0.714559809872358,1.705587981355,2.05947764002862,1.56575711047172,1.40137348423221,0.65925311425285,1.35100152336879,0.558551909295895
"71",164,"slc16a5b",5399,2.65224024787837,1.73911032159367,2.47858384396133,21.5043076380952,30.4512617836665,13.7988802277006,12.1040640104826,11.97727643703,2003,0.456102006301505,0.330675220874949,0.259753936580186,0.98314981355201,1.80450832216202,1.00457617409958,0.806460912261708,0.585590157293277
"72",165,"dnajb1a",2988,35.2369061503841,26.7822989525426,34.8908341111479,43.9121576139254,45.0289934886132,34.7021344340195,36.7588874584388,6.76952774272377,2009,2.37173043276783,1.705587981355,2.18935460831871,2.38504862176506,2.11165867487045,1.89927682915702,2.11044285803901,0.267733683966222
"73",174,"dnajc2",2042,4.5466975677915,41.9995142664872,24.5951781439239,147.819526453461,134.925005669118,76.5086428466571,71.7324274912397,59.0343112242086,2220,0.425695205881405,1.77520381732867,1.78116985083556,5.88069240328332,5.77826601032732,2.62131595429109,3.04372387365789,2.26988103145532
"74",178,"aldh1l2",4609,2.27334878389575,3.13039857886861,12.7742398111853,34.1539003663864,40.8176487738508,14.2087479572363,17.8930473785705,16.0725836500149,2318,0.486508806721606,0.730966277723571,1.48430820902963,1.49293119835676,1.45896417536504,0.612163606091932,1.04430704554809,0.482260189926603
"75",179,"hspa14",2242,271.665179675542,218.693122940404,133.080886391154,716.780136525247,651.8675694062,670.95347324988,443.840061364738,263.157302458236,2332,17.1798422373567,19.3532024006812,10.3530497579817,29.4580814505028,29.8511749038504,25.396941401455,21.9320486919713,7.67680065164008
"76",181,"hsp90b1",2720,2124.06554708659,2121.97545889252,10840.9444128955,7164.91002977172,3798.38997052059,4195.06452308577,5040.89165704211,3389.37299002216,2340,106.925513677283,125.378120588586,643.354839351282,249.15565182332,156.454710910856,131.787836839689,235.509445531836,206.007108443617
"77",182,"mgst1.1",4435,70.6632580327595,105.303129972497,114.777498004978,113.123500684433,71.9168097444038,48.0228356439285,87.3011720138334,27.5757071726391,2379,15.9939770209728,33.8681042011921,30.3169951694303,12.58067631786,9.0993291989872,6.87506819149401,18.1223583499894,11.3118921261201
"78",183,"mgst1.2",2149,4620.6761261341,4938.46462471347,4831.04590232416,8523.92805995907,3337.08574945738,4552.12762679958,5133.88801489796,1757.98777735902,2380,254.58093651729,303.124753788368,278.511881571798,317.957932293932,155.648441234996,160.873456380416,245.116233631133,70.6782608333942
"79",185,"abcc9",5739,7.95672074363512,15.4780818621837,23.4512163697879,70.6570108108841,41.4655479607373,47.9545243556726,34.4938503504834,23.3466355217636,2411,0.304068004201003,0.452502933828877,0.853477220192039,1.56575711047172,0.883057264036733,1.24002371490417,0.88314770793909,0.472225507897735
"80",186,"akr1b1.1",2607,1075.48342051468,695.904995185708,240.231972568559,101.829221462745,129.984774369108,177.131170447662,403.427592424744,395.165155409346,2415,52.6341715271937,38.2539018675336,11.7631425565598,4.29672881478286,6.21979464234568,5.99606403915687,19.8606339079288,20.4866804327333
"81",187,"akr1b1.2",1615,111.2046446789,62.9557936416909,35.6534752939052,110.774290606322,70.2160743788267,145.84460042644,89.4414798376809,40.1853042603335,2416,7.84495450838589,6.78754400743316,1.92960067173852,5.04319441396124,4.95279943742341,6.81228218061278,5.56172920325917,2.102933852226
"82",190,"dnajb9b",1106,22.3545963749749,6.08688612557785,104.672502333444,48.2491608350538,11.824160160679,10.3833158149035,33.9284369407721,37.8467526722681,2464,0.942610813023111,1.0442375396051,6.4567407092789,2.73097170431114,0.595103808372581,0.674949616973156,2.07410236526067,2.28582396606863
"83",191,"pparaa",5665,23.680716498914,90.2598256907116,74.1668550231504,109.057560164625,90.5439113673912,103.218356554731,81.8212042165873,30.9381917362867,2475,3.67922285083214,25.2183365814632,20.8359764842535,8.92117423408305,9.36808575760708,9.65334917298816,12.9460241802045,8.22894130566202
"84",197,"slco1d1",3268,7883.40524535448,6274.01439618133,6831.26306440095,7055.31034420445,6927.9050179792,7166.74218479583,7023.10670881937,523.218584293683,2682,494.201727227891,468.671211733763,551.531822770186,253.852923154735,300.412241845888,237.221245611984,384.315195390741,136.271147347239
"85",200,"hspa5",2340,788.852028011825,441.820977200872,10612.7240389553,4415.97282144648,1053.07914088568,1055.68264870736,3061.35527586792,3973.41881925406,2774,41.3836553717566,26.001514736167,567.339705196352,149.984966000768,39.0848823821476,34.4381269683512,143.03880844259,212.937326514116
"86",204,"hspb1",943,36.373580542332,59.1297509341848,48.2370548094012,76.8010987074827,49.7262625935404,86.8919586615605,59.5266177080836,19.0104781809822,2791,2.52376443486833,4.59464517426245,3.52523199644538,3.78694742997811,2.38041523349032,3.65728513383129,3.41138156714598,0.832508104495748
"87",205,"prdx4",1135,1777.2851346765,1604.5901382184,1168.65228242777,4046.5143595466,3061.40464543717,4407.92249729129,2677.72817626629,1360.44761826826,2801,61.7866184536439,55.7970925328993,41.9317069050871,106.052734517416,92.4906499593256,104.114902543789,77.0289508186935,27.3131103094676
"88",208,"ugt2b1",3412,104.858212657191,129.563718958729,90.8496308959671,181.250592949659,209.109462567624,166.064741750199,146.949393296562,46.1019642903194,2838,8.62032791909845,8.44092011180791,4.41581692186316,5.62580171088095,8.25466572903902,4.33223475080444,6.61496119058232,2.05279149750104
"89",211,"ugt2b5",1683,30.8796543145839,55.2167527105991,54.9101651585278,56.7424588097637,82.3641841329489,50.0721742916068,55.0308982363384,16.4800400605834,2840,1.44432301995477,2.43655425907857,2.26357001877019,2.13015792936269,2.57238420393309,1.8521873209961,2.11652945868257,0.413222541781942
"90",212,"ugt2b6",1952,75.1152327345554,96.6945338806082,42.6125760865659,203.477734457942,175.985616638051,221.601819102282,135.914585483334,74.0983229800797,2841,3.16230724369044,4.12473828144015,2.04092378741575,5.48014988665102,5.49031255466316,5.28972141674311,4.2646921951006,1.4289963737537
"91",214,"gstt2",1457,181.678456979669,129.12894137833,222.119244478073,227.511960641696,183.84139427905,223.99271419124,194.71211865801,38.1406229157805,2847,20.1901154789466,28.1073937743707,41.4678605897654,12.5442633618025,11.6909102999646,12.2589686245589,21.0432520215681,11.8714558041006
"92",215,"hspb8",3074,136.969264229719,56.8689075161131,77.2174197541798,111.135707541416,121.319122744501,130.337937992341,105.641393296378,31.7931160722608,2893,20.9958956900793,14.5845176364846,15.9563132470686,11.7795912845954,14.3784758861633,10.2341197736395,14.6548189196718,3.73614680461761
"93",216,"slc39a14",2385,14.5873213633311,27.8257651454987,22.4979148913413,55.6582080044816,55.0714308853542,59.4308207826711,39.1785768454463,19.7290400175618,2898,1.00342441386331,1.65337610437474,1.46575435641676,1.65678950061542,2.55318730688881,2.35447540804589,1.78116784836749,0.576344831912478
"94",218,"npas2",8336,0.947228659956562,5.21733096478102,5.14782798361199,27.9194582360143,31.990022352522,30.6034571386628,16.9708875559248,14.6012399337144,2972,0.516915607141706,4.24656599439408,0.797815662353428,2.67635227022492,4.47287701131649,3.06081803045966,2.62855742931505,1.67446986319802
"95",221,"abca2",9940,2.84168597986969,12.3476832833151,2.09726325258266,15.3602197414965,8.74663902296803,21.5863670888782,10.4966430615184,7.51362988520625,3027,0.334474804621104,1.58376026840107,0.371077052257408,0.801085033264601,0.499119323151197,1.36559573666662,0.825852036393666,0.533176835688931
"96",222,"cyp1d1",2271,227.808492719553,647.644683761484,371.882906742044,363.766145172147,442.839094236937,358.634263343705,402.095930995978,138.997282237833,3031,14.6256710020683,51.3416790305842,34.1205349550687,13.3999678291533,20.9822084693945,13.8600119020302,24.7216788647165,15.2251953565082
"97",223,"abcb9",3243,6.062263423722,40.6082260092122,2.85990443533999,33.3407122624248,9.88046260001944,43.2410454660124,22.6654356994552,18.388262052115,3073,0.243254403360803,2.61059384901275,0.296861641805927,0.837497989322083,0.42233173497409,1.28711322306509,0.949608806923457,0.904255040570697
"98",231,"ar",8433,32.2057744385231,100.433621072035,104.958492776978,734.579920578629,930.302244970683,532.554803243338,405.839142846697,380.155887848113,3186,7.14559809872358,45.4069290138285,42.3398916625703,56.9316567958729,98.4224911460071,43.5734915515693,48.9700097114286,29.4753916640056
"99",233,"hsd20b2",2523,82.6930620142079,132.085428925039,224.883818765568,300.427827296918,144.805468269137,254.117992312111,189.835599597164,82.9862191058531,3233,9.63895573317181,15.9072185199844,27.4225941618225,15.0567573297687,9.73282680144834,12.8083462197697,15.0944497943276,6.57846248589699
"100",234,"akr1a1a",1086,1055.11800432561,1225.29017707882,832.518181127472,675.307543223206,432.715669441835,659.887044552417,813.472769958228,288.445106842679,3274,40.3802309578933,55.4490133530309,36.5696434999676,23.0676076624148,16.0294090319711,19.1026438106123,31.766424719315,15.1117702523638
"101",236,"slc30a5",2694,547.687611186884,387.734646199309,476.841399519021,702.594521822806,334.234993035084,434.664727172571,480.626316489279,131.113063198468,3378,18.5025380556311,13.2096048760045,16.7726827620349,14.9111055055388,11.0190189034149,9.84170720563183,14.0427762180427,3.33413031444369
"102",237,"slc31a1",4270,281.895249203073,126.607231412019,310.966942269302,646.755605350778,574.929540963426,485.966504652784,404.52017897523,197.674249377098,3398,141.513249155147,125.064849326704,270.403847979973,122.493184177369,146.203567889212,92.5622765416442,149.706829178342,62.0652680364044
"103",242,"aldh2.1",3800,832.803437833809,1044.68357018132,1765.13301749184,955.767084856179,950.711069357608,1031.29551879998,1096.73228308679,336.036425917301,3540,45.5493870293103,60.4961614611222,98.8363728687607,32.8808993199061,37.3187678540741,35.5682751642133,51.7749772828978,25.1325181732772
"104",243,"aldh2.2",1940,1891.42618820126,2546.84011045785,1735.77133195569,1619.59964039015,1639.02296802618,1855.81276804923,1881.41216784673,344.110311813877,3541,100.312034585911,149.273756286549,103.530497579817,57.1865474882753,63.1002005845378,60.7768585330246,89.0299825096858,35.9206316044603
"105",244,"ugt2a5",4091,204.127776220639,222.953943228309,166.637098432477,135.260287958943,95.2411804723185,106.975477408808,155.199293953582,51.8335568160757,3553,9.66936253359191,12.2175792133797,6.23409447792446,3.95080573223678,3.57062285023548,4.17526972360138,6.63628908849495,3.55468257772153
"106",245,"ugt2a1",2126,709.853157771448,270.257743975657,305.056473102932,512.39885972957,501.473970650167,514.930490873305,468.99511601718,160.893652823181,3556,30.8476990261918,10.9296862478667,10.7983422206906,16.0581136213495,19.9263791319593,14.2053349618769,17.1275925349891,7.539646608438
"107",246,"ugt2a2",2108,7.38838354766118,14.3476601531478,13.441550846098,50.056245510524,37.4971654410574,40.8501503770544,27.2635259792571,17.6732547997695,3557,0.319271404411054,0.696158359736734,0.426738610096019,1.5111376763855,1.42057038127648,1.27141672034478,0.940882192041762,0.52443846139825
"108",247,"ugt2a3",2131,300.366208072226,228.258229709169,213.348870876363,349.219113534612,296.575852797305,282.740422091351,278.418116180171,50.1854691852604,3558,10.5663631459849,10.5119912320247,7.88538736046993,8.77552240985313,8.96495091967727,5.76061649835228,8.74413859439369,1.79635219659194
"109",248,"ugt2a4",2097,6.34643202170897,21.0432348912834,5.05249783576732,9.75825724753898,8.66565162460721,11.4762964269986,10.3903950079841,5.70759669586485,3559,0.425695205881405,0.696158359736734,0.166984673515834,0.273097170431114,0.42233173497409,0.266840546245201,0.37518461513073,0.186175086802892
"110",249,"dnajc25",5267,19.8918018590878,8.86946264012773,17.7314074991079,111.49712447651,56.5292040558489,61.2069142773257,45.954319134668,38.7076305420775,3560,5.22996967225726,5.25599561601234,7.38443333992242,8.99400014619802,6.9492767300282,5.21123890314158,6.50415240125997,1.55083424601549
"111",254,"keap1b",3085,86.7661452520211,138.954914695334,107.723067064473,217.482640692836,196.880365415141,222.011686831817,161.636469991937,58.3656872615593,3593,5.32119007351756,10.3031437241037,8.07092588659863,8.39318637124957,8.8497695374116,8.31914644176215,8.2095603391072,1.62484393980881
"112",255,"hmox1b",1157,5230.50193741414,6865.39886103926,2120.6191388046,1513.61412417382,1945.64125822022,1656.95860793617,3222.1223212647,2259.13715839319,3598,217.667080807288,287.269747145363,93.2516632322867,49.3031425018304,68.4561348598911,45.8965739541746,126.974057083472,101.081955971911
"113",259,"abcc4",5795,188.024889001378,184.345694088929,153.00488729069,594.350149762142,276.24801580874,279.803036696346,279.296112108037,162.827568931675,3667,20.311742680627,26.2973820390551,18.6280680233219,25.3980368500936,13.3802372398609,11.5997155103061,19.2691970572108,6.03252524386792
"114",262,"cyp27a2",3321,121.90832853641,106.520507197612,79.6960035981411,553.690744564063,573.795717386375,494.30048182001,321.651963850435,241.639288672595,3700,15.6899090167718,22.5555308554702,16.6613596463576,27.0184133946515,36.4933012811702,23.0110729879685,23.5715978637316,7.61669151423646
"115",263,"cyp20a1",2063,959.92152399998,430.603715626593,653.297503179499,662.838658962462,405.260941397519,632.972396979575,624.149123357605,200.269480679243,3710,38.190941327646,19.2835865647075,29.6490564753669,19.043976018063,13.7641751807465,17.2347599868959,22.8610825922377,9.19629457144393
"116",265,"nfe2l2b",2911,10.2300695275309,23.6519003736739,41.0872937210512,22.5885584433773,17.4932780459361,21.7913009536461,22.8070668442026,10.2213225907744,3727,1.09464481512361,1.8970315302826,2.70886248147908,0.98314981355201,1.15181382265661,0.643556611532544,1.41317651243774,0.756297356876457
"117",268,"slc15a1b",4835,3.97836037181756,797.729904515017,1.143961774136,5.9633794290516,0.64789918688652,284.721449450774,182.36415912128,321.85471965164,3745,2.58457803570853,244.421200103567,0.111323115677222,0.801085033264601,0.115181382265661,50.1503261913775,49.6972823103102,97.4117102851868
"118",270,"aldh1l1",2770,11398.0971881233,16811.1099236852,12581.9589029826,6431.05294306328,26700.249441187,12162.8248739708,14347.5488788354,6898.09893118425,3796,451.723427041011,679.833446200908,503.996852376012,184.449828909174,995.723852789593,323.944423141674,523.278638409729,285.567825745036
"119",274,"slco2a1",1764,336.455620016571,530.42864808607,987.14368093152,877.158901473226,669.036897858693,1037.10197830174,739.55428777797,275.66825600964,3860,77.5069342708358,116.293253994021,247.526947708304,73.0808028073661,65.3462375387182,91.165287799537,111.819910686464,68.8490018370737
"120",277,"dnajc6",7534,3.78891463982625,1.73911032159367,3.05056473102932,19.1550975599839,26.4018918656257,18.1708026760811,12.0510636323567,10.4830648430683,3900,0.273661203780903,0.0348079179868367,0.519507873160372,0.801085033264601,1.67013004285208,1.22432721218386,0.75391988053811,0.610846637268795
"121",278,"akr1a1b",1686,220.89372350187,244.69282224823,282.272567768057,338.376605481791,226.683728011921,286.292609080661,266.535342682088,44.6039934573613,3921,8.2706497142673,10.1987199701432,12.1156657562044,9.32171675071536,7.54438053840078,8.24066392816062,9.2819661096486,1.67320926026809
"122",281,"hsd17b7",1740,19.5129103951052,10.0868398652433,6.48245005343731,14.2759689362144,4.8592439016489,17.2144446404978,12.0719762986912,5.89706949860766,3932,1.94603522688642,1.0442375396051,0.259753936580186,0.436955472689782,0.345544146796982,0.816218141455909,0.808124077335731,0.632947549437534
"123",282,"vdrb",3726,10.6089609915135,56.1732633874756,20.5913119344479,31.0818564180871,19.5989504033172,33.4725312454125,28.587812396709,15.8683370118278,3971,1.44432301995477,7.74476175207117,3.50667814383251,2.07553849527647,1.30538899901082,2.19751038084283,3.04570013183143,2.43094268902192
"124",285,"gpx1b",870,90.7445056238386,2425.71107655885,24.4045178482346,21.5043076380952,8.90861381968966,403.17322328658,495.741040795882,957.229308178432,4046,7.26722530040399,189.859788659201,1.74406214560982,0.546194340862228,0.499119323151197,19.5107528813403,36.5711904417614,75.444149899696
"125",291,"ncoa5",2464,39.0258207902104,112.78130435535,82.3652477377918,190.557079028331,153.06618290194,254.391237465135,138.69781204646,77.537515244588,4161,2.91905284032963,6.75273608944632,6.04855595179576,7.77416611827238,6.56533878914267,8.63307649616827,6.44882104752584,1.96229090104838
"126",293,"cyp24a1",3604,4156.81825135338,3453.43832110463,1788.39357356594,2074.89462437486,5107.065340633,2121.54367936485,3117.02563173278,1341.40856806294,4162,226.409035928067,191.147681624714,90.8396623926135,70.6411347515148,196.230681586597,63.6650150335609,139.822201886178,72.5241030504135
"127",299,"arnt2",7553,2.27334878389575,4.52168683614355,3.90853606163132,35.6899223405361,27.9406524344812,39.3473020354236,18.9469080820186,17.2605866532776,4272,1.42911961974472,3.30675220874949,2.67175477625334,2.27580975359262,2.41880902757888,2.19751038084283,2.38329262779365,0.615428820291117
"128",300,"fth1a",1165,4697.96998478656,10660.3114937888,5165.75005140678,4319.20343707505,5645.63153973242,5414.62595231913,5983.91540985146,2341.00503798749,4283,343.414403944613,919.016054647457,389.352597081086,236.975518022092,378.006099698854,269.603130723975,422.727967353013,250.462634236441
"129",302,"clpxa",3589,300.555653804217,362.952324116599,1054.25610501417,1811.33132445754,1501.26340341443,1375.58441160994,1067.65720373615,619.857732757066,4292,36.8378387089516,55.8319004508861,140.693864363396,89.7215237256353,95.3317907218786,69.4727210400741,81.314939835137,36.2238468593831
"130",303,"slc39a1",1888,117.077462370631,179.302274156308,133.462206982533,124.688842607442,136.544753636334,150.694701892612,140.29504027431,22.2399588438962,4296,8.1490225125869,13.7839355227873,10.167511231853,4.33314177084034,5.8742504955487,6.5925311425285,8.15006544602413,3.4054290116186
"131",307,"dnajc3b",3682,11.3667439194787,17.5650142480961,32.2215899714972,44.6349914841135,17.1693284524928,21.927923530158,24.1475986009727,12.2084108600328,4383,2.25010323108743,6.80494796642658,8.92440310679067,3.2043401330584,1.5741455576307,1.5853467747509,4.05721446162411,3.08247859309023
"132",308,"ugt5g1",3094,156.861066088807,65.5644591240814,103.242550115774,137.24808110196,92.3256341313292,161.214640284027,119.409405140996,38.3736863442366,4399,11.204905954807,6.87456380240025,9.64800335869261,5.40732397453606,4.97199633446769,6.38847660716452,7.41587833867802,2.47768190089375
"133",311,"txnb",636,4975.41325928784,2198.6702240748,4031.32129205525,2515.91363942336,1237.08250996145,1540.89772918932,2749.88310899867,1463.13751404856,4430,284.425211129619,135.768284107657,244.020269564472,96.0755845576659,56.7652245599265,53.8390043306494,145.148929708331,97.7944742159698
"134",313,"cyp26b1",3323,0.189445731991312,1.0434661929562,2.09726325258266,11.5653419230092,6.31701707214357,51.096843615446,12.0515629646881,19.5889329527057,4457,0.212847602940702,0.417695015842041,0.333969347031667,0.655433209034673,0.729482087682518,3.45323059846731,0.967109643499819,1.2333726729369
"135",314,"nat16l",2339,1.32612012393919,5.21733096478102,0.571980887067998,15.7216366765906,6.96491625903009,30.8083910034307,10.1017293191399,11.505421002272,4473,0.152034002100502,0.487310851815714,0.0742154104514817,0.764672077207119,0.345544146796982,1.28711322306509,0.518481618572814,0.450319795365055
"136",318,"cyp2r1",3592,21.217921983027,19.8258576661679,403.341855530783,105.714453515006,212.348958502057,35.1120021635551,132.926841560099,151.664844034765,4497,1.18586521638391,2.15809091518388,40.7442603378634,4.69727133141516,10.9998220063706,1.78940131011488,10.2624518528886,15.3656322627706
"137",320,"aldh1a2",5282,11.840358249457,121.911633543716,9.34235448877731,14.6373858713085,8.74663902296803,15.6432850106111,30.3536093644731,44.9384903634459,4538,1.88522162604622,26.1059384901275,1.29876968290093,0.473368428747264,0.499119323151197,2.05624185636008,5.38644323455554,10.1723113572506
"138",322,"slc39a13",1594,10.9878524554961,10.434661929562,6.38711990559265,74.9940140320125,43.0852959279536,63.256252925004,34.8575328626035,29.8728076624767,4567,0.790576810922609,0.278463343894694,0.296861641805927,2.16657088542017,1.63173624876353,1.74231180195396,1.15108678879348,0.804104295789448
"139",323,"nr1h3",5925,77.1991357864598,63.1297046738503,65.2058211257518,343.436442573108,419.3527487123,383.089704539333,225.235592901801,173.420570343878,4588,21.7712691007919,32.1625162198371,39.092967455318,34.0097009576881,50.0271136973853,37.3890694797688,35.7421061517982,9.26284168060683
"140",324,"hsd11b2",2561,2200.60162281108,1708.5889354497,1624.52104942096,353.917533690835,542.5345816191,319.491895173049,1124.94260302746,816.050684212968,4602,200.563255570982,165.459438150428,171.103628795891,14.0371945601593,26.2997489506592,15.7906817366278,98.8756579607912,88.7227003399098
"141",325,"abcc12",5866,140.00039594158,492.08126549493,93.6142051834624,520.350032301639,491.512520651787,583.856580723552,386.902500049491,212.406994135188,4619,8.58992111867835,33.3285814723962,4.6384631532176,17.9515873363386,17.0276476782735,16.3400593318385,16.3127100151238,9.88602237812064
"142",327,"slc67a1",2064,1652.9140116242,963.641029195054,1396.30067548083,593.536961658181,417.733000745084,683.317816424206,951.240582521259,484.756162893529,4654,79.4225626973021,62.1147296475101,75.3471954608668,17.49642538562,16.3749531787681,21.9437108029877,45.4499295288425,30.0166515122334
"143",328,"dnajb6b",4181,7.5778292796525,19.9997686983272,17.3500869077293,38.4005493537413,14.4157569082251,30.5351458504069,21.3798561663471,11.2308649010979,4665,1.06423801470351,3.01088490586138,1.89249296651278,2.4032550997938,1.0750262344795,2.73119147333324,2.02951478244737,0.831468812050365
"144",330,"abcf2b",6145,5.87281769173068,25.7388327595863,4.00386620947599,22.0464330407362,48.8354012115715,51.5750226332376,26.3453955910564,20.393399971206,4679,0.410491805671355,2.69761364397985,0.111323115677222,1.40189880821305,2.32282454235749,2.40156491620681,1.55761947201763,1.09811596682187
"145",331,"dnaja2a",2338,1814.70066674478,1976.32496945905,2531.58740616296,2119.25855315765,2844.35841783019,2717.83291455098,2334.01048798427,422.031116706051,4689,116.488452409404,164.467412487804,206.912564338731,83.3128434595185,144.859785096113,103.957937516586,136.666499218026,44.9402860281089
"146",332,"hsd17b12b",2256,468.309849482524,635.210044962089,214.111512059121,779.395620530289,445.349703586122,606.467617136269,524.807391292736,194.786924934603,4733,46.8568794473746,82.3555339568557,28.6471484342719,37.7784419096374,25.0711475398255,30.4355187746732,41.8574450104397,21.3001405471182
"147",333,"per1b",6990,23.3018250349314,87.390293660082,34.7001738154586,244.227493889795,273.25148206939,200.971810048987,143.973846419774,109.285350784561,4743,7.05437769746328,15.767986848037,7.97815662353428,11.2151904657044,16.7013004285208,12.3845406463214,11.8502587849302,3.93861949508228
"148",336,"cyp2x10.2",4199,1711.16857421153,469.385875798132,2425.58028175969,298.259325686353,205.70799183647,385.275665763523,915.896285842617,925.027177590077,4760,58.168209203652,17.6128065013394,86.2939685024603,8.15650215687594,5.79746290737159,8.7115590097698,30.7900847135782,33.5507227304549
"149",337,"cyp2x12",1701,284.35804371896,1755.19709206841,43.9471981563912,2546.27266197126,1481.66445301111,3832.39989373496,1657.30655711018,1417.71933087865,4761,12.436381371821,84.2525654871383,2.07803149264149,80.3451875408337,55.0375038259416,107.803580683061,56.9922084002396,42.1304964938888
"150",340,"slc22a31",3342,73.5996668786249,225.997386291098,237.848718872443,322.203197636333,227.736564190612,235.127454176959,220.418831341011,80.6482961134968,4786,6.87193689494268,23.9130396569568,29.3150871283353,14.055401038188,11.7485009910974,9.55917015666632,15.9105226443644,8.79229479408383
"151",343,"nqo1",1544,409.392226833226,749.556548606873,554.344809716735,246.938120903,181.978684116751,220.850394931466,393.843464184675,223.1271885245,4791,28.3391379915335,50.4366731629264,35.512073901034,9.3399232287441,8.38904400834896,8.9627030532947,23.4965925576469,17.5126995919733
"152",344,"cyp7a1b",4056,96.9014919135563,108.520484067445,63.2038880210138,222.452123550379,125.287505264181,305.556392368837,153.653647530902,91.7074487986972,4806,6.49185188969143,7.32706673622913,5.15797102637798,8.83014184393935,4.76083046698065,12.8554357279306,7.57054961519152,2.98176201738889
"153",347,"hspa12b",13575,9.28284086757431,6.43470818989659,6.29178975774798,47.4359727310922,16.6024166639671,58.2695288823201,24.0528761820997,22.8782335455579,4832,0.364881605041204,0.522118769802551,0.204092378741575,1.54755063244298,0.595103808372581,2.46435092708803,0.949683020248154,0.87841906347778
"154",350,"bmal1b",4360,8.33561220761774,16.6085035712196,8.38905301033064,82.7644781365343,111.519647542842,84.7059974373703,52.0538819843192,46.0863491404755,4877,0.82098361134271,0.800582113697245,0.89058492541778,3.04048183079973,4.56886149653788,3.97121518823741,2.34878486100546,1.7260892555006
"155",353,"hnf4b",2338,545.982599598962,1200.76872154435,1244.15375952074,2576.54133028538,2198.40292850432,2915.86733920496,1780.28611310979,921.430652237242,4894,32.4592594484571,76.8210749969487,95.7378794824113,101.865244570805,99.3055484100439,105.653159810379,85.3070277865076,27.7769648853758
"156",354,"sod3a",1122,952.817309050306,983.119064796903,734.42345899531,313.438836960303,272.036671093978,332.402728653423,598.03967825837,331.841053951602,4910,64.5232304914529,70.1553587024694,52.2105412526173,12.1255143671415,15.1271548708901,13.9855839237926,38.021230601394,27.2350283928451
"157",358,"hsd17b4",3825,901.193347082673,2040.67205135801,1124.99107471491,984.499731196155,2441.52709838349,1314.44580862087,1467.88818522602,628.010273629083,4964,47.3585916543063,119.217119104916,64.4004224192732,33.7548102652857,102.242673657818,41.5643392033702,68.0896593841616,34.9465524330694
"158",362,"abcd1",3722,11.9350811154527,14.7824377335462,40.2293223904492,199.592502405681,135.005993067479,192.432899016994,98.9963726216003,87.4892908394478,5049,0.440898606091455,0.939813785644592,2.26357001877019,7.61030781601371,5.33673737830895,6.41986961260513,3.835199536239,3.01864653804247
"159",363,"nr1h5",2205,707.863977585539,836.077287106158,1157.30799483425,962.001526986551,606.676601120866,670.475294232089,823.400446977575,207.156566700497,5070,31.0605466291325,39.8376621359346,57.7952508890913,32.9901381880786,24.0345150994346,21.1431891642521,34.4768836843206,13.2151158675676
"160",364,"ugt5e1",4442,109.878524554961,46.434245586551,84.0811903989958,43.3700322112843,24.1342447115229,42.3529987186852,58.3752060303334,31.9696286754937,5109,7.48007290334469,5.72590250883464,6.97624858243928,1.89347371498906,0.998238646302394,2.00915234819916,4.1805147840182,2.86927473659279
"161",366,"gclm",1826,71.0421494967422,87.2163826279226,69.4956777787618,109.780394034813,95.7271048624834,76.0987751171214,84.8934139863075,15.8013942319129,5126,5.32119007351756,12.7396979831822,7.16178710856798,5.17063976016242,4.99119323151197,3.87703617191557,6.54359072147629,3.21476657910062
"162",368,"aldh9a1a.2",4146,49.7295046477195,40.6951815252919,33.3655517456332,16.8962417156462,73.4555703132593,25.2751766546992,39.9028711003749,20.0448751153092,5197,1.39871281932462,2.12328299719704,1.98526222957713,0.20027125831615,2.38041523349032,0.596467103371626,1.44740194021281,0.882996983490722
"163",369,"aldh9a1a.1",2075,11250.4242400361,6860.79021868704,8458.73934840509,2535.61086238598,9628.67277851566,3694.47940274621,7071.45280846268,3404.40686212697,5198,580.830701624757,420.549265116961,486.834538709107,86.9541390652667,457.75001002078,125.258091708041,359.696124374152,203.829207227357
"164",373,"ppardb",3926,125.981411774223,141.563580177725,153.767528473447,389.155684862503,397.081214163076,372.228209706638,263.296271526269,135.111756974604,5243,12.9837037793829,16.6555887567014,18.2569909710645,18.1882715507122,23.9193337171689,16.7010788944055,17.7841612782392,3.56422079762198
"165",375,"gstm.1",1040,435.346292116036,403.212728061493,223.453866547898,480.865232142615,512.326282030516,681.541722929551,456.124353971352,149.633339685409,5265,29.9050882131687,26.8020968498643,20.9472995999307,22.0480448928053,27.73951622898,31.2988264242901,26.4568120348398,4.16874606053011
"166",376,"gstm.2",1546,33.7213402944536,1.21737722511557,26.6924413965066,40.9304678993996,11.5811979655966,40.098726206239,25.7069251645518,16.1453176488934,5266,5.62525807771857,0.226251466914439,5.60326348908687,2.73097170431114,0.998238646302394,3.57880262022976,3.12713100076053,2.26627911604598
"167",377,"gstm.3",1001,203.369993292674,173.563210095048,79.2193528589178,94.8719454621845,58.7158638115909,93.5181536223871,117.209753190467,57.4880409055414,5267,12.2235337688803,10.4249714370576,4.67557085844334,4.06004460040923,2.3996121305346,2.96663901413782,6.12506196824382,4.14488873192788
"168",381,"hsd17b3",4730,653.114161040049,1379.37535157202,1491.24950273412,5.9633794290516,3.07752113771097,4.44023373663635,589.536691608264,702.538715156956,5331,64.9033154967042,117.946630098396,177.133630895074,0.291303648459855,0.115181382265661,0.313930054406119,60.1173319292177,74.5866022755079
"169",382,"gstt1a",1108,19510.3528777233,9744.75686498582,10541.2264280718,6826.26236158861,8434.67556448217,10423.9610314157,10913.5391880446,4438.4717643967,5342,823.857053982409,434.228776885788,456.313451160935,211.905197776516,315.980925348796,290.605051363744,422.148409419698,217.007105061714
"170",384,"slc15a4",6513,8.14616647562643,15.651992894343,17.0640964641953,61.0794620308921,48.9163886099323,54.717341893011,34.262574728,23.1364880500892,5368,0.562525807771857,2.64540176699959,1.91104681912565,2.29401623162136,2.07326488078189,2.51144043524895,1.99961599025822,0.754211095621825
"171",387,"gpx8",1581,9.09339513558299,7.82599644717152,4.95716768792265,79.1503087855939,44.3810943017267,71.4536075157172,36.1435949789525,33.6761748369306,5408,0.699356409662308,0.870197949670918,0.259753936580186,4.95216202381753,2.87953455664152,3.13930054406119,2.13338423673894,1.82629034036185
"172",389,"sult1st1",1290,37.9838692642581,53.5645979050851,35.6534752939052,113.03314645066,157.277527616703,269.146475728419,111.109848709838,91.0639974725458,5465,2.46295083402813,3.62002347063102,2.70886248147908,4.58803246324271,7.16044259751525,10.3439952926816,5.14738452326297,3.06122350675219
"173",390,"sult1st2",5598,29.3640884586534,204.693284851575,1.81127280904866,60.7180450957981,3.32048333279342,54.1708515869634,59.0130043558054,75.5007959380698,5466,2.67579843696883,88.5513433585126,0.259753936580186,2.20298384147765,0.287953455664152,16.826650916168,18.4674139908952,34.9009104149631
"174",391,"sult1st3",1806,1192.27671428732,982.075598603947,1829.48086728699,1246.43665490556,897.907285626356,1030.3391607644,1196.41938024576,336.428626155994,5467,104.675410446195,109.453498109608,161.474179289811,69.9128756303652,53.4249644742223,57.9043985352086,92.8075544142352,41.0522199580567
"175",395,"sult1st4",2015,495.021697693299,379.2130056235,401.721243017424,579.441701189513,299.167449544851,727.105352196266,480.278408210809,155.023150973397,5534,31.6990894379546,31.988476629903,35.0482275857122,26.6906967901342,18.5058087506828,35.6624541805351,29.9324588958203,6.44095463011236
"176",396,"slc15a1a",2773,5.3992033617524,533.646002181018,0.381320591378666,3.9755862860344,1.45777317049467,58.1329063058082,100.498798649414,213.356352823514,5590,0.577729207981907,41.7869055431975,0.0556615578386112,0.163858302258668,0,2.33877890532559,7.48715558610038,16.8263726798812
"177",397,"nfe2l2a",8286,388.647919180177,284.083671032326,141.660599697174,420.147187046817,671.790469402961,617.05586681594,420.564285529233,199.577849220067,5598,89.4568068359352,142.642847910057,69.447070329974,26.3811866636456,67.7650465662971,49.5538590880059,74.2078028989858,39.6869332562997
"178",399,"dnajb2",8606,36.1841348103407,28.869231338455,30.1243267189146,81.7705815650257,75.2372930771972,68.9944011385033,53.5299947747394,24.3505351659448,5641,5.92932608191957,8.51053594778158,7.55141801343826,8.04726328870349,10.6542778595736,5.91758152555534,7.76840045282864,1.7782926982448
"179",400,"nr1i2",6157,68.6740778468507,40.0864929127341,53.9568636800812,270.159158982792,187.647802002008,376.258575713739,166.130495189701,136.679577849146,5662,16.069994022023,18.2567529840959,23.0067772399593,17.7331095999937,16.989253884185,29.5408181196158,20.2661176416454,5.14451648985765
"180",401,"ugt1a6",1882,5.96754055772634,0.95651067687652,0,29.0940632750699,20.3278369885646,54.5124080282432,18.4763932544134,21.0691808590547,5668,0.425695205881405,0.0348079179868367,0,0.910323901437046,0.42233173497409,1.09875519042142,0.481985658450132,0.447857927947499
"181",402,"ugt1a5",1872,279.432454687186,32.1735409494829,46.3304518525079,82.5837696689873,91.1108231559169,133.138700810835,110.794956854153,89.9535260178239,5669,10.4903461449346,0.696158359736734,1.74406214560982,2.33042918767884,2.99471593890718,3.29626557126425,3.59199622468857,3.50495993332008
"182",403,"ugt1a4",1899,574.115290799672,239.12766921913,140.897958514417,120.261485152541,126.502316239593,109.776240227302,218.446826692109,180.468851174989,5670,20.5245902835677,9.22409826651173,5.17652487899085,3.78694742997811,3.68580423250115,2.52713693796926,7.48751700491981,6.79815098903532
"183",404,"ugt1ab",1918,1398.67783929186,931.815310309889,137.561403339854,893.061246617363,1163.70792704655,1782.78800090362,1051.26862125152,555.448631652125,5671,44.0746572089355,33.5548329393106,4.93532479502353,21.083101557282,38.7201413383063,41.2190161435234,30.5978456637302,14.9548955550147
"184",405,"ugt1a2",1894,11.7456353834614,44.9560018131964,0.953301478446664,55.025728368067,28.1836146295636,52.6680032453327,32.255380819678,22.4210560154417,5672,0.243254403360803,1.77520381732867,0.111323115677222,1.49293119835676,0.691088293593965,1.27141672034478,0.9308695914437,0.685091530467465
"185",406,"ugt1a1",1965,202.043873168735,135.476694052147,88.4663771998504,64.0611517454179,24.7011565000486,93.5181536223871,101.377901048098,61.3134759054019,5673,7.17600489914368,4.57724121526903,3.30258576509093,1.07418220369571,0.95984485221384,2.19751038084283,3.21456155270934,2.37726909520569
"186",408,"abcb6b",4496,3.22057744385231,2.43475445023114,1.33462206982533,13.3724265984793,5.83109268197868,16.8728881992181,7.17772690726415,6.42620532232374,5706,0.212847602940702,0.10442375396051,0.222646231354445,0.455161950718523,0.53751311723975,0.455198578888872,0.331298539183801,0.173508462745975
"187",409,"dnajc15",2423,60.62263423722,37.7386939785827,41.7546047559639,93.0648607867143,44.7860312935307,55.878633793362,55.6409098075623,20.2808943836521,5724,5.01712206931656,4.03771848647306,3.15415494418797,3.75053447392063,2.3996121305346,2.95094251141752,3.55168076930839,0.924063747442979
"188",411,"cyp27a3",3045,344.507063626202,434.777580398418,433.180191806164,490.442780922607,527.308950727267,684.547419612813,485.793997848912,115.395762814115,5778,19.5211658697044,32.7542508256134,29.2223178652709,16.4586561379818,21.2509650280144,22.1791583437923,23.5644190117295,6.1737445144046
"189",412,"slc39a10",7165,5.30448049575675,10.2607508974027,4.19452650516532,32.3468156909162,14.5777317049467,30.6034571386628,16.2146270721418,12.401033216798,5803,1.15545841596381,7.24004694126204,0.964800335869262,1.21983402792564,0.998238646302394,2.66840546245201,2.37446397162919,2.46822169985206
"190",413,"dnajc3a",3236,210.095316778365,118.25950186837,785.806408683585,1000.13101363897,397.810100748324,414.103029407531,487.700895187524,340.147122435771,5837,13.4702125861045,9.32852202047224,59.5393130347012,41.7656605979317,18.1986583979744,17.5800830467427,26.6470749473211,19.6856242977188
"191",414,"hspd1",2729,763.65574565698,409.908302799628,326.982407107206,924.414165736771,1560.70815381127,743.021882359901,788.115109578626,441.314595796077,5867,54.2153251490389,40.516416536678,30.8365030425906,30.8599802587159,65.0774809800983,23.3250030423746,40.8051181682494,15.9555512392816
"192",415,"hspe1",1242,2129.37002758235,805.903723026508,1042.91181742065,805.869411025927,862.43480514432,763.856825277964,1068.39110157962,529.01830946347,5868,126.857171352659,50.8543681787685,64.6972840610791,29.658352708819,35.7638191934877,27.139253203409,55.828374783037,37.5739547532383
"193",416,"dnajb11",2372,171.82727891612,96.2597563002097,696.291399857443,532.186436925968,210.567235738119,145.093176255625,308.704213998914,245.126706722994,5871,13.2573649831638,11.1385337557878,51.4869410007154,22.5942392336675,9.13772299307576,5.79200950379289,18.9011352450338,16.9396415249487
"194",420,"dnajc28",1375,88.2817111079516,155.998195846952,129.267680477368,148.361651856102,128.688975995335,142.97552631969,132.262290267233,24.0557007374107,5919,5.00191866910651,8.21466864489347,8.36778752840456,5.13422680410494,6.10461326008002,4.33223475080444,6.19257494289899,1.72202083407632
"195",421,"slc15a2",3229,3.97836037181756,7.30426335069342,2.85990443533999,69.1209888367344,68.4343516148887,43.3093567542684,32.5012042272904,31.8623946732384,5923,0.152034002100502,0.417695015842041,0.0371077052257408,2.09374497330521,3.41704767388127,1.80509781283518,1.32045453053166,1.34578752969049
"196",422,"cyp27a1.1",2671,310.027940403783,985.466863731054,244.045178482346,683.800841197916,285.399591823512,765.42798490785,545.69473342441,308.233800053362,5938,19.9772678760059,81.1024489093296,18.5909603180962,24.8700489872601,12.8427241226212,27.70432730134,30.8479629191088,25.1544270839751
"197",423,"cyp27a1.2",2986,31.9216058405361,62.6079715773722,7.53108167972864,86.6497101887952,19.1940134115132,106.224053237993,52.3547393226563,39.2669931403717,5939,1.58115362184522,3.42857992170342,0.482400167934631,2.8037976164261,0.825466572903902,3.02942502501905,2.02513715430539,1.23295791769117
"198",425,"cyp27a1.4",4176,54.6550936794936,88.1728933047992,23.1652259262539,80.415268058423,46.4867666591078,133.411945963858,71.0511989319893,38.5616674697016,5941,2.02205222793667,4.61204913325587,1.66984673515834,1.87526723696032,1.76611452807347,3.06081803045966,2.50102464864072,1.1508022881637
"199",426,"dnajc10",2840,95.6700946556128,63.1297046738503,58.9140313680038,170.588793364385,95.4841426674009,140.174763501197,103.993588371742,43.7897554825923,5981,4.2721554590241,3.41117596271,3.19126264941371,6.09917013962821,3.89697009998819,4.7403438215324,4.26851302204943,1.05900730823013
"200",433,"hsdl2",1471,2299.39757204455,3937.69359015239,4660.11894723867,2803.78222822576,2217.11101752567,3083.09337285551,3166.86612134043,960.974840128068,6204,86.4617369945554,159.228820830785,181.69787863784,79.7261672878565,78.3617337347379,84.2902196080429,111.627759515636,46.2183783094605
"201",434,"aldh7a1",2816,2377.16504502699,2831.09769252234,2097.45391287835,1901.95662093237,2754.13845605624,2153.03518325084,2352.47448511119,373.845320235414,6239,88.468585822282,117.076432148725,87.9452613850058,50.3227052714399,94.4871272519304,56.1306937278141,82.4051342678662,25.0406085406905
"202",436,"per1a",6203,6.44115488770462,32.695274045961,7.62641182757331,73.1869293565423,69.8921247853834,69.9507591740865,43.2987756795419,31.7939370672903,6305,1.48993322058492,5.34301541097944,1.5028620616425,3.56846969363322,3.7241980265897,3.04512152773935,3.11226665686152,1.46870545814699
"203",437,"bach1b",3282,43.3830726260105,78.7816975681933,103.337880263618,249.377685214885,174.041919077392,143.726950490506,132.108200873434,73.741656759338,6334,2.70620523738893,5.88253813977541,8.2750182653402,10.3594859983536,9.80961438962544,6.16872556908024,7.2002645999273,2.86152151697501
"204",438,"sod1",748,7155.55474304386,5387.06813216856,4791.0072402294,3949.20284977253,2990.4596844731,4658.28336874932,4821.92933640613,1407.75411078546,6337,383.551380499146,338.994313273803,273.261141282355,154.791476200355,139.446260129627,169.098423805856,243.190499198524,103.77926705195
"205",439,"ugt5d1",1817,707.863977585539,242.605889862317,306.009774581379,271.243409788074,181.897696718391,485.078457905457,365.783201073526,196.340408129214,6339,27.3205101774602,11.399593140689,11.744588703947,7.48286246981252,5.98943187781436,12.9967042524133,12.8222817703561,7.59752264294357
"206",440,"hspa8",2333,32178.8731445803,31584.8521056235,34746.2182768675,42236.3576401281,63792.8018400337,54292.2407461943,43138.5572922379,13235.184705534,6396,1760.93382932906,2026.39515748068,2150.66982562087,1595.87062513126,3208.03185886318,1902.588791231,2107.41501460934,573.318984462096
"207",451,"pparg",1712,18.0920674051703,43.1299359755231,35.5581451460606,106.256578917647,110.142861770708,93.5181536223871,67.7829571395827,40.1304769825106,6585,1.29228901785427,2.66280572599301,1.78116985083556,3.65950208377693,4.91440564333486,2.91954950597691,2.87162030462859,1.30560329963596
"208",452,"dnajc14",7147,3.97836037181756,5.21733096478102,8.38905301033064,87.8243152278508,64.1420195017655,52.6680032453327,37.036513720313,36.0123078671189,6609,0.775373410712559,3.1327126188153,1.39153894596528,5.88069240328332,5.31754048126467,3.26487256582364,3.2937884043108,2.0384010098614
"209",454,"dnajc16l",5244,29.9324256546274,32.3474519816423,27.0737619878853,121.616798659143,85.4417052706599,105.267695202409,66.9466397927279,42.3235141147609,6627,4.16573165755375,7.91880134200535,4.74978626889483,6.59074504640422,5.2983435842204,6.37278010444422,5.84936466725379,1.37502681695463
"210",460,"abcc10",4952,23.3018250349314,59.1297509341848,46.3304518525079,87.5532525265303,50.9410735689527,75.8938412523536,57.1916991949101,22.7196420214651,6699,1.12505161554371,1.91443548927602,1.59563132470686,2.84021057248358,1.80450832216202,1.89927682915702,1.86318569222154,0.561849983002722
"211",462,"abcb11b",5354,787.336462155894,781.556178524196,1112.31216505157,4436.12181557797,1825.37497165441,4199.77800197543,2190.41326582324,1692.91531285238,6715,47.7082698591375,48.2437743297557,76.9057190803479,141.974115668122,75.251836413565,124.253515533942,85.722871814145,39.2071177602098
"212",463,"ncoa3",6521,30.6902085825926,40.6951815252919,33.5562120413226,179.895279443057,186.432991026596,251.180606917105,120.408413255994,96.8980486615574,6769,5.16915607141706,8.85861512764995,5.90012513089279,8.68449001970942,10.5198995802637,11.5055364939843,8.43963707065286,2.49430927594512
"213",465,"ugt1b7",1730,98.7012263674738,33.2170071424391,39.9433319469152,42.6471983410963,34.0956947099031,70.7704946331578,53.2291588568309,26.1934119047089,6887,3.84646025314269,1.06164149859852,1.28021583028806,1.25624698398312,0.883057264036733,1.53825726658998,1.64431318277319,1.10117016840947
"214",467,"ugt1b5",1915,56.7389967313981,41.4777811700091,33.9375326327012,68.8499261354139,42.2754219443455,77.3283783057284,53.4346728199327,17.1294621436118,6888,7.44966610292459,8.63236366073551,7.0875716981165,2.51249396796625,2.57238420393309,4.19096622632169,5.4075743099996,2.65675459254583
"215",468,"ugt1b4",1697,59.7701284432591,21.7388790199209,37.6554083986432,20.3297025990395,14.90168129839,24.7286863486517,29.8540810179841,16.5060280993284,6889,2.15888282982712,1.06164149859852,1.46575435641676,0.58260729691971,0.633497602461134,0.455198578888872,1.05959702718535,0.655404400149085
"216",469,"ugt1b3",1728,23.8701622309054,11.2172615742792,4.76650739223332,33.2503580286513,14.9826686967508,32.5844844980852,20.1119070701509,11.6894282084412,6890,1.04903461449346,0.417695015842041,0.259753936580186,0.600813774948451,0.748678984726795,0.957486665938663,0.672243832088266,0.306340453528103
"217",471,"ugt1b1",1714,38.4574835942364,9.30424022052614,14.2995221767,32.8889410935573,9.63750040493699,32.7211070745971,22.8847990940923,13.2134310154496,6891,1.48993322058492,0.20884750792102,0.500954020547501,0.873910945379565,0.383937940885536,0.65925311425285,0.686139458261898,0.455080746356994
"218",472,"gpx1a",990,13817.8875228483,8959.4615992702,10904.43429136,7988.48887061726,4819.80303864719,7293.86949224014,8963.99080249719,3106.15055176364,6936,937.183199148123,656.338101559793,803.251941168999,362.909726546893,267.278397547466,300.195614525851,554.526163416188,283.749451536515
"219",477,"per3",5041,5.11503476376544,27.47794308118,15.157493507302,153.602197414965,163.594544688846,180.956602589995,90.9839693410091,82.9994657902415,6978,0.456102006301505,1.75779985833525,0.575169430998983,5.75324705708213,6.75730775958543,7.48723179758594,3.79780965164821,3.22205711320943
"220",478,"akr7a3",1308,713.168458081296,947.032525623834,529.368310981433,333.136059922928,437.979850335288,377.966357920137,556.441927144152,233.92712737071,6990,34.9678204831154,51.2720631946105,30.7622876321391,12.1619273231989,17.0276476782735,11.4270539803827,26.26980004862,15.6569967152573
"221",479,"aldh4a1",1960,207.82196799447,419.995142664872,293.521525213728,256.154252747898,322.89675726457,269.078164440163,294.91130172095,72.3672527346424,6992,12.5732119737115,25.044296991529,18.0900062975487,10.5597572566697,13.3418434457724,9.35511562130235,14.8273719310889,5.8391180296908
"222",481,"sult6b1",2253,84.4927964681253,2823.35865159125,59.6766725507612,133.362849049699,155.171855259322,489.655314218605,624.28635652296,1088.60277095793,7015,4.68264726469546,179.104142001268,3.74787822779982,3.58667617166196,6.02782567190291,19.1183403133326,36.0445849417769,70.3330714550478
"223",484,"sult2st1",2957,24.249053694888,69.5644128637469,60.4393137335185,17.7094298196078,19.7609252000389,28.9639862205202,36.7811869220534,22.3876353617952,7074,1.64196722268542,4.57724121526903,4.6384631532176,0.728259121149637,1.22860141083372,1.0673621849808,2.31364905135603,1.80132102291687
"224",485,"sult2st2",864,2925.98933060582,2235.45240737651,1213.5527820626,576.460011474988,580.598658848683,883.469891014121,1402.58718023045,967.242119662977,7075,125.519272134174,97.3577466091823,48.0915859725601,17.9697938143673,21.0973898516602,25.1144043524895,55.8583654557389,45.2199598611268
"225",486,"abcc3",8779,12.408695445431,14.7824377335462,19.1613597167779,76.7107444737092,41.5465353590981,70.9754284979256,39.2642002044147,28.7671818451683,7076,0.82098361134271,1.47933651444056,1.15033886199797,3.14972069897218,2.11165867487045,2.22890338628345,1.82349029131788,0.846508381690927
"226",487,"slc39a11",3044,2.27334878389575,8.34772954364963,4.28985665300999,22.8596211446978,11.4192231688749,16.4630204696825,10.9421332939684,7.73131123209471,7091,0.83618701155276,5.81292230380173,3.06138568112362,3.53205673757574,2.68756558619875,3.61019562567037,3.2567188243205,1.60972033260418
"227",493,"cyp26a1",1832,0.189445731991312,43.2168914916028,0.571980887067998,37.2259443146857,14.5777317049467,13.6622576511888,18.2407086302472,18.2025302083255,7159,0,3.44598388069684,0,1.27445346201187,0.53751311723975,0.313930054406119,0.928646752392428,1.32001516799972
"228",494,"dnajc9",1124,55.1287080094719,45.6516459418339,26.2157906572833,89.631399903321,30.6132365803881,79.3777169534067,54.4364163409508,25.699628054887,7167,3.81605345272259,3.06309678284163,2.24501616615732,3.75053447392063,2.28443074826894,2.48004742980834,2.93986317561991,0.71608916079009
"229",495,"raraa",3455,15.5345500232876,18.0867473445742,45.9491312611292,28.1905209373348,71.8358223460429,66.7401286260571,41.0561500897376,24.394532946182,7192,1.87001822583617,2.01885924323653,5.97434054134427,2.14836440739143,4.03134837929813,2.66840546245201,3.11855604325976,1.60628652720857
"230",496,"sult1st6",1600,540.488673371214,711.991765660449,291.3289318133,221.729289680191,245.229842236548,354.194029607069,394.160422061462,193.138893565774,7225,24.4622709379707,33.1023300054817,13.7112970809112,6.99128756303652,9.61764541918268,12.2746651272793,16.6932493556437,10.0222131663855
"231",499,"maff",1475,42.6252896980453,28.3474982419769,42.5172459387212,36.7741731458182,30.1273121902232,28.6224297792405,34.8356581656709,6.72773273035399,7280,8.2402429138472,6.85715984340683,10.7612345154648,4.49700007309901,4.70323977584782,2.51144043524895,6.26171959281911,2.97060351598381
"232",501,"thrab",8977,0.378891463982625,0.173911032159367,0.762641182757331,2.80098124697878,5.02121869837053,4.64516760140418,2.29713520427547,2.17853894570745,7312,0.273661203780903,1.0442375396051,0.408184757483149,0.910323901437046,1.30538899901082,0.941790163218357,0.81393109408923,0.394140353190602
"233",504,"slc16a5a",7380,2.46279451588706,2.08693238591241,1.143961774136,10.30038265018,8.5846642262464,12.2960318860699,6.14579457307196,4.81853274982966,7363,0.760170010502509,1.46193255544714,1.79972370344843,1.36548585215557,1.13261692561233,1.63243628291182,1.35872755501297,0.371345706364338
"234",505,"nfe2l1b",5980,5.49392622774806,4.34777580398418,5.43381842714598,30.7204394829931,15.5495804852765,39.6205471884474,16.8610146025992,15.0211350887393,7391,1.20106861659396,3.48079179868367,1.59563132470686,2.0027125831615,1.42057038127648,2.26029639172406,1.99351184935776,0.824353978350533
"235",506,"aldh18a1",4493,83.3561220761775,67.3035694456751,173.310208781604,518.633301859942,346.950014577732,374.20923706606,260.627075634532,180.744556881794,7410,9.51732853149141,11.2255535507548,22.6913617455405,29.2578101921867,19.6768194703837,18.6160522262829,18.49748761944,7.32532982984319
"236",508,"nat9",1471,95.6700946556128,112.69434883927,71.8789314748785,90.173525305962,76.2901292558878,112.440380469284,93.1912350001491,17.3551953295574,7421,3.64881605041204,5.83032626279515,4.78689397412057,3.75053447392063,2.95632214481863,4.14387671816077,4.18612827070463,1.0056799835362
"237",510,"abca5",11152,22.5440421069662,82.9555623400182,31.7449392322739,154.867156687794,118.727525996955,172.759247999282,97.2664123938816,62.544208147305,7485,2.67579843696883,10.3727595600773,3.54378584905825,7.31900416755385,5.68228152510593,7.22039125134074,6.13567013168416,2.80798731047946
"238",511,"dnajb12b",1071,1.98918018590878,3.04344306278893,3.05056473102932,14.2759689362144,13.119958534452,14.7552382632839,8.37239228561289,6.2545546665016,7535,0.243254403360803,0.261059384901275,0.148430820902963,0.655433209034673,0.825466572903902,0.439502076168567,0.428857744545364,0.264572279310529
"239",514,"slc30a6",2338,126.833917568184,205.388928980213,181.222611052711,286.33256682825,210.162298746315,239.362754048827,208.217179537417,53.7322716616786,7564,4.25695205881405,7.24004694126204,5.08375561592649,8.92117423408305,6.60373258323122,5.91758152555534,6.33720715981203,1.65152832517258
"240",516,"abcc2",5845,2402.26660451584,5421.06773895571,2820.4377541323,8307.07789890265,5349.21766173183,7166.40062835455,5244.41138109881,2326.78300519674,7579,98.1379483558739,243.446578399936,121.212319119882,233.82579732312,181.83300880339,188.075495594706,177.755191266151,58.512238452551
"241",518,"gsta.2",1055,46.9825415338455,72.9556779908545,22.3072545956519,105.443390813685,74.5893938903107,125.282902661401,74.5935269142914,37.4700687724984,7584,2.66059503675878,4.49022142030194,1.26166197767519,4.44238063901279,3.57062285023548,3.7043746419922,3.3549760943294,1.22506673340508
"242",520,"gsta.1",2140,550.813465764741,488.776955883902,281.033275846077,873.002606719644,651.300657617675,1053.42837619491,649.725889671158,277.291593913326,7586,46.7048454452741,55.9363242048466,30.3169951694303,52.0887336402278,40.9661782924867,53.0227861891935,46.5059771569098,9.54336914517229
"243",522,"gclc",3017,53.992033617524,92.2598025605443,77.4080800498691,264.557196488835,352.862094658071,216.136916041806,176.202687236108,120.293004219609,7604,5.07793567015676,13.7665315637939,6.97624858243928,11.9070366307966,17.7187359718675,10.8148903742908,11.0435631322241,4.58043940893141
"244",524,"ncoa4",3005,293.546161720539,1035.72715202511,546.527737593472,1283.03011958383,1397.51854611422,1380.22957921134,989.429882708087,466.480816220765,7617,50.4904920975766,180.113571622887,84.5499063568505,75.5932967753323,104.066378877025,83.11298190402,96.3211046056151,44.5516991285475
"245",528,"abcg2c",2701,147.388779489241,379.560827687819,493.142854800459,138.603394608563,118.565551200233,169.821862604276,241.180545065099,156.255926936911,7634,5.95973288233967,15.9942383149515,20.7432072211891,3.95080573223678,3.01391283595146,4.30084174536383,8.99378978867206,7.47629545675954
"246",530,"prdx3",1182,1454.94322169328,1101.81334424567,969.412273432412,787.979272738772,664.420616152127,819.32559134179,966.315719934009,283.434885045023,7684,72.8242870061404,66.9878381656673,54.399895860936,27.2186846529677,26.7988682738104,27.0450741870871,45.8791080244348,21.4998268077501
"247",531,"abcg8",2707,421.706199412661,612.427699749212,366.258428019208,893.784080487551,497.100651138683,954.103763070767,624.23013697968,247.120411644825,7694,22.9115241165456,33.5200250213238,18.3126525289031,25.7439599326397,17.3731918250705,27.4060937496542,24.2112411956895,6.04071680881243
"248",532,"abcg5",2054,221.083169233862,413.038701378497,242.710556412521,499.207141598637,374.64770481713,679.833940723153,405.0868690273,170.621090083231,7695,7.52568310397484,16.4293372897869,8.60898761237187,13.5456196533833,11.3261692561233,17.4388145222599,12.4791019063167,4.05423149555736
"249",533,"nat8",4149,147.483502355237,78.4338755038746,83.6045396597724,197.604709262664,113.220382908419,179.52206553662,133.311512537765,49.7108988811371,7701,35.9560414967687,43.5621093605262,46.4217392374018,19.6812027490689,17.5843576925575,17.7841375821066,30.1649313530716,13.407226344901
"250",534,"slc39a8",7810,127.686423362145,6.60861922205595,201.337272247935,27.4676870671468,10.0424373967411,8.74384489676081,63.6477140321308,81.8654798452285,7702,10.2622951417839,1.46193255544714,24.8992702064721,1.34727937412683,0.42233173497409,0.50228808704979,6.48256618330897,9.77271137803103
"251",535,"adh8b",2561,1458.44796773512,4055.3444034082,1260.26455450649,611.336745711562,1242.18471605818,2351.20623048133,1829.79743631681,1226.14271014436,7719,56.7999031847475,186.378996860517,57.8880201521557,19.1532148862355,45.151101848139,64.387054158695,71.626381848415,58.4525641376152
"252",536,"adh8a",1480,38532.219935507,36908.0948889895,40205.2991931924,16348.8757674463,43639.8976319285,36491.6169411722,35354.334059706,9666.39969214155,7720,1817.15600330583,1888.99090122764,2048.01135911386,559.976644729985,2102.5785425685,1142.97223858452,1593.28094825506,612.245689308287
"253",542,"nfkb2",3706,147.009888025258,66.2601032527189,203.053214909139,348.586633898198,309.614823933396,222.011686831817,216.089391808421,103.661308745442,7791,10.2470917415738,6.3524450325977,13.5443124073954,13.0358382685785,14.0905224304992,8.25636043088093,10.9210950519209,3.15678102302118
"254",544,"abcb10",3504,15.155658559305,39.4778043001764,23.8325369611666,96.4079674363342,77.6669150280216,88.2581844266794,56.7998444519472,34.9714164757769,7815,1.21627201680401,4.31618183036775,3.00572412328501,3.71412151786315,2.68756558619875,2.85676349509568,2.96610476160239,1.05216548818497
"255",545,"gsto1",1413,5.11503476376544,198.780309758157,0,0.722833870188072,1.13382357705141,35.5218698930908,40.2123119770421,78.8685060164815,7838,0.608136008402007,27.8463343894694,0,0.109238868172446,0.0383937940885536,3.4218375930267,5.33732344219318,11.1048495613596
"256",546,"gsto2",1160,66.4954519289506,409.908302799628,20.2099913430693,169.233479857782,79.2056755968771,181.024913878251,154.346302567427,139.715244751703,7839,3.49678204831154,26.5236335059696,0.779261809740557,4.87933611170257,2.30362764531322,7.3930527812641,7.56261565038359,9.55981993359413
"257",547,"cyp17a1",2799,1.13667439194787,1.39128825727494,0.571980887067998,33.9731918988394,10.8523113803492,17.2144446404978,10.8566485759962,13.1502205181466,7868,0.0608136008402007,0.0348079179868367,0.0371077052257408,0.98314981355201,0.345544146796982,0.376716065287343,0.306356541614852,0.366349611864448
"258",548,"hif1an",2160,48.1192159257933,64.5209929311252,64.4431799429945,356.718514937814,423.32113123198,341.624752567975,216.457964589614,174.736023143323,7882,4.43939286133465,7.83178154703826,7.88538736046993,19.0075630620055,25.5318730688881,16.9679194406507,13.6106528900645,8.1584238495664
"259",549,"dnajb12a",2028,100.879852285374,101.042309684592,157.485404239389,199.773210873228,142.780783310117,168.865504568693,145.137844160232,39.0108424558346,7884,8.9395993235095,11.9043079514982,15.8820978366171,10.1410082620087,6.33497602461134,7.15760524045951,10.059932439784,3.48883516330413
"260",554,"ephx5",2207,892.289397679081,862.511763994382,810.782907418888,784.545811855379,782.095305970391,842.346495484043,829.095280400361,44.3051876960044,7951,34.3596844747134,39.8376621359346,32.3950266620717,21.993425458719,27.393972082183,22.7442324417233,29.7873338758909,6.99705676271248
"261",555,"esr2b",3076,208.579750922435,559.645701488844,861.593876220095,1663.06002683521,1771.51835174447,2041.00467051109,1184.23372962036,742.205047339234,7991,15.4314512132009,48.0871386988149,68.0184236787829,66.5264707170194,81.5292217470436,76.237913712526,59.3051032945646,24.3287553559018
"262",556,"mgst3b",1078,3885.9108546058,2005.80288941006,1535.3873611862,1664.50569457558,752.615892967054,1934.57568340833,1963.13306269217,1042.80460139418,8051,249.807068851334,186.970731466293,120.303180341852,66.0713087663008,40.6590279397783,84.8395972032536,124.775152428135,79.5459375976217
"263",558,"dnajc12",704,47.929770193802,50.5211548422962,48.5230452529352,61.6215874335332,33.285820726295,54.4440967399872,49.3875791981415,9.36657432380562,8092,3.04068004201004,3.65483138861786,3.09849338634936,1.98450610513276,1.28619210196655,1.49116775842907,2.42597846375094,0.970370621062256
"264",562,"gstp1.2",2329,5907.67570641709,4008.21451369302,2638.1665114533,2696.17033580151,2201.88538663384,4393.71374933405,3640.9710338888,1400.6193066665,8156,329.427275751367,288.157349054028,153.867099718534,108.110066534664,107.176276198197,170.024517466354,192.793764120524,94.125805708692
"265",563,"abca1b",8528,13.4506469713832,81.1294965023448,235.560795324171,602.210968100438,380.640772295831,143.726950490506,242.786604947445,217.615566575886,8177,1.30749241806432,14.7063453494385,22.6728078929276,18.5159881552295,19.0433218679226,5.8077060065132,13.6756102816826,8.35616924719761
"266",565,"dnajc4",3151,90.9339513558299,108.172662003126,78.7427021196944,112.400666814245,74.7513686870323,105.540940355433,95.0903818892269,15.9887722861052,8203,9.33488772897081,8.75419137368944,7.01335628766502,6.19020252977192,4.33849873200656,6.95355070509553,7.09744789286654,1.80075586358706
"267",567,"abcb7",2984,203.654161890661,161.389437843893,202.86255461345,589.109604203279,480.174284881272,555.439084809079,365.438188040272,196.740649209887,8228,9.88221013653262,10.7904545759194,12.6908351872034,19.0621824960918,18.1218708097973,16.8580439216086,14.5675995211922,3.94517928747152
"268",568,"hspa9",3054,309.838494671791,329.474450425921,561.58990095293,1364.07786727867,1423.75846318313,918.513581889421,817.875459733643,497.569835683312,8238,35.150261285636,44.1886518842892,59.4094360664111,62.8305556771849,79.0912158224204,43.5734915515693,54.0406020479185,16.1064410239296
"269",574,"hspa4b",2943,283.031923595021,504.341993262165,473.409514196613,660.670157351898,764.197090932651,685.367155071884,561.836305735039,175.974239750076,8324,18.0616394495396,38.149478113573,30.7251799269134,25.1249396796625,36.1669540314175,25.7736574667424,29.0003081113081,7.52499216225323
"270",575,"nr3c1",3988,96.8067690475606,106.520507197612,70.3536491093638,198.417897366626,267.33940198905,278.710056084251,169.691380132411,91.0122312619093,8327,11.813041963209,18.1001173531551,10.594249841949,10.1410082620087,14.8200045181817,12.0863070946356,12.9257881721898,3.01647943063151
"271",577,"cyp4v2b",4562,5513.43913814316,5059.15888103207,4824.27746182719,6819.93756522446,3246.13690109819,4692.64394674206,5025.93231567786,1164.18549009206,8377,342.000487725079,375.17714402112,343.506027274683,257.293947502167,179.203033908324,184.308334941832,280.248162562201,85.7529978127401
"272",583,"gsr",2205,194.750212487069,494.081242364762,157.485404239389,94.2394658257699,67.3815154361981,163.19566764345,195.18891799944,153.822924877506,8490,11.0224651522864,36.356870337251,9.10994163291937,3.22254661108714,2.86033765959724,6.52974513164727,11.5169844207981,12.5830530801282
"273",584,"adh5",1291,5842.60109747807,5834.88903997893,5883.01408379005,8593.22975726335,8279.74667141793,11039.7189837548,7578.86660561386,2118.00170412141,8507,251.084154468979,273.416195786602,261.20113708399,261.00806902003,309.588358633052,312.878388723859,278.196050619419,26.5725320639422
"274",585,"slc30a9",3216,144.547093509371,77.3904093109184,105.149153072667,245.763515863945,164.809355664259,213.199530646801,158.476509677993,63.6655741844747,8511,10.7336005482954,9.08486659456439,10.0932958214015,11.105951597532,9.04173850785437,9.05688206961653,9.8527225232107,0.925749917364451
"275",586,"mgst2",1095,480.150207731981,914.685073642192,516.689401318092,757.258833255779,811.81768116881,826.088408879129,717.781600999331,177.65659585336,8541,21.8624895020522,47.9827149448544,22.8954541242821,23.0311947063573,29.6208121393191,23.0895555015701,28.0803701530725,10.143215341471
"276",589,"gpx3",4460,1018.3655323193,200.867242144069,406.678410705347,628.775112829849,546.098027146976,764.130070430988,594.152399262755,283.611303414765,8567,386.576857140946,207.124515980672,461.360099071636,106.362244643905,119.327912027225,124.787196626432,234.256470915136,153.011587623458
"277",590,"nfkb1",7447,1.70501158792181,1.91302135375304,5.81513901852465,57.9170638488193,41.1415983672941,28.1442507614489,22.7726808229603,23.528403506572,8580,0.516915607141706,2.50617009505224,4.06329372221862,5.60759523285221,6.20059774530141,3.57880262022976,3.74556250379932,2.07766119630533
"278",592,"cyp2y3",2246,4241.3110478215,2824.14125123596,2581.73106392926,4280.26076231867,1772.32822572808,3224.56605083357,3154.05640031117,979.898320137865,8597,225.603255716935,176.180276890374,161.010332974489,155.064573370786,74.8487015756352,105.951393362065,149.776422315047,53.1711086745768
"279",596,"dnajc30b",1305,114.425222122753,71.1296121531812,48.8090356964692,98.9378859819924,49.7262625935404,77.2600670174725,76.7146809275681,26.2851515470725,8662,6.47664848948138,5.46484312393337,3.59944740689686,4.04183812238049,2.28443074826894,3.31196207398456,4.19652832749093,1.52489866355726
"280",600,"bach1a",6440,1.89445731991312,4.95646441654196,4.00386620947599,22.7692669109243,24.0532573131621,25.9582895372587,13.9392669512127,11.3947266100072,8715,3.34474804621104,4.47281746130852,6.04855595179576,6.90025517289281,9.56005472804985,7.58141081390777,6.31797369569429,2.22547400359981
"281",603,"aldh3a1",6095,1.89445731991312,20.347590762646,4.00386620947599,6.32479636414563,3.88739512131912,10.5199383914153,7.82967402815253,6.80596186175112,8832,0.395288405461305,3.72444722459153,0.44529246270889,0.527987862833487,0.0767875881771072,1.16154120130264,1.05522412417916,1.35490982692046
"282",604,"aldh3a2a",2204,341.002317584362,326.170140814893,306.200434877068,510.5917750541,174.446856069196,318.12566940793,329.422865634592,107.379056747719,8833,15.3554342121507,20.5714795302205,15.0657283216508,16.5314820500968,6.21979464234568,10.4067813035628,14.0251166766712,5.02005486559904
"283",606,"hif1al",4005,418.580344834805,644.079507602216,763.213163644399,1688.26885805802,1464.00920016845,1336.64697730405,1052.46634193532,511.200481634623,8914,58.9587860145746,91.2141490845056,104.012897747752,80.2905681067475,78.6688840874463,58.2968111032163,78.573682690707,17.9208677535437
"284",608,"slc47a3",2810,20.6495847870531,33.9126512710766,20.4959817866033,114.930585359904,58.229939421426,140.994498960268,64.8688735977217,51.4352952742277,8926,1.15545841596381,3.51559971667051,1.83683140867417,4.64265189732894,2.95632214481863,5.06997037865882,3.19613899368581,1.534620816046
"285",609,"slc47a4",2874,12.5034183114266,12.5215943154744,11.0582971499813,47.4359727310922,31.4231105639962,58.406151458832,28.8914240884671,20.3763948188351,8927,1.24667881722411,0.452502933828877,0.667938694063335,2.03912553921898,1.67013004285208,1.44407825026815,1.25340904624259,0.601935706181193
"286",613,"hspa13",2427,63.9379345470679,58.3471512894677,166.827758728166,230.222587654901,92.4876089280508,131.294296027924,123.852889529263,66.4549636862926,8964,4.53061326259495,3.96810265049939,11.4662809147539,7.86519850841608,3.1482911152614,3.65728513383129,5.7726285975595,3.25445131219837
"287",614,"hsph1",3354,2.27334878389575,2.26084341807177,0.571980887067998,20.5104110665866,7.93676503935988,23.3624605835328,9.48596829641912,10.0017887259522,8983,0.364881605041204,0.174039589934184,0.0742154104514817,1.16521459383942,0.42233173497409,0.941790163218357,0.523745516243123,0.435002977598817
"288",617,"clpb",2707,3.22057744385231,22.9562562450365,9.15169419308797,83.9390831755899,94.8362434805144,95.4308696935535,51.5891207052724,44.2701360466092,9124,0.0608136008402007,2.07107112021679,1.11323115677222,4.005425166323,5.25994979013184,3.6886781392719,2.69986149559266,1.95518049744839
"289",620,"mtf1",5120,0.473614329978281,2.08693238591241,1.71594266120399,17.8901382871548,12.1481097541223,15.7115962988671,8.33772228620647,7.80904931207816,9171,0.121627201680401,0.10442375396051,0.111323115677222,0.837497989322083,1.15181382265661,0.784825136015297,0.518585169885354,0.462284613721148
"290",621,"arnt",6740,13.0717555074006,14.1737491209884,24.2138575525453,169.504542559103,94.593281285432,187.856042703846,83.9022047882191,79.6117687740751,9178,1.88522162604622,6.38725295058454,5.62181734169974,9.8314981355201,7.88992468519776,9.68474217842877,6.88340948624619,2.97897406215296
"291",622,"cyp4t8",3922,1677.92084824705,1777.97943728129,1726.90562820613,3150.47142321471,2665.45725485115,3085.00608892668,2347.2901134545,699.657369778315,9179,73.7668978191635,89.1256740052954,86.479507028589,93.4720581995559,93.2393289440524,89.3444934839815,87.5713265801063,7.26992881091256
"292",627,"rxrbb",2272,67.4426805889072,51.6515765513321,72.6415726576358,182.154135287394,171.207360134763,180.000244554412,120.849594962407,62.8611616090944,9329,4.19613845797385,4.28137391238092,5.58470963647399,7.70134020615741,8.21627193495047,7.94243037647481,6.32037742073524,1.8624534132037
"293",629,"ahr1a",5044,29.742979922636,74.1730552159701,10.6769765586026,80.8670392272906,66.0047296640643,154.793379187969,69.3763599627554,49.9577851489363,9334,2.49335763444823,4.96012831312423,1.11323115677222,2.3122227096501,3.2250787034385,6.5925311425285,3.44942494332696,1.99382885494474
"294",640,"abcb4",4655,164.62834110045,1337.81061488593,338.803345439944,856.91955310796,708.072823868606,946.043031056566,725.379618243243,425.499601999975,9494,7.54088650418489,107.800122005233,18.4054217919674,25.6347210644672,27.73951622898,28.1595258802289,35.8800322458436,36.0882505080141
"295",643,"gstk1",7206,4984.12776295944,2401.18962102438,2844.556281537,2214.9436867238,735.527551912922,1710.78790308186,2481.85546787323,1422.31317059838,9547,184.75171935253,88.7601908664336,102.973882001431,63.2310981938172,23.439411291062,46.0064494732167,84.8604585297484,56.6949315250151
"296",647,"aldh5a1",4617,132.13839806394,96.4336673323691,44.2331885999252,80.1442053571025,70.944960964074,96.4555390173927,86.7249932224673,29.4930122599239,9604,12.8772799779125,24.2263109188384,9.46246483256391,4.11466403449545,4.91440564333486,5.82340250923351,10.2364213193964,7.59690268771001
"297",649,"sult2st3",2957,24.8173908908619,14.5215711853072,26.6924413965066,56.2906876408961,94.9172308788752,45.017138960667,43.7094101588523,29.2597168900168,9697,2.91905284032963,2.15809091518388,2.96861641805927,3.24075308911589,7.54438053840078,2.95094251141752,3.63030605208449,1.95163506466269
"298",659,"slc39a3",5099,18.9445731991312,18.2606583767336,25.5484796223706,45.8999507569426,30.6132365803881,41.3966406831019,30.110589869778,11.5138626749692,9795,3.67922285083214,4.73387684620979,5.30640184728094,3.36819843531707,2.150052468959,2.85676349509568,3.68241932394911,1.17230395951654
"299",662,"dnajc17",1243,4.64142043378715,27.1301210168613,9.72367508015597,21.8657245731892,14.2537821115035,18.0341800995692,15.9414838858444,8.1714444703226,9833,0.243254403360803,1.14866129356561,0.686492546676205,0.946736857494528,0.767875881771072,0.627860108812238,0.736813515280076,0.307458912480337
"300",663,"ephx2",2364,686.551332736516,502.255060876252,820.887903090422,697.896101666584,821.860118565551,700.463949776448,704.985744451962,117.135133040244,9862,32.3376322467767,27.080560193759,44.8261079126949,23.7958667835644,32.596331181182,23.0424659934091,30.6131607185644,8.06454979232063
"301",664,"slc22a3",2951,76.3466299924989,82.0860071792213,42.7079062344105,135.350642192717,93.0545207165765,144.546685949577,95.6820653775002,38.2968001747374,9864,3.13190044327034,3.81146701955862,1.8182775560613,3.71412151786315,3.07150352708429,4.01830469639832,3.260929126706,0.801980932648765
"302",665,"dnajc5gb",1241,37.8891463982625,66.0861922205595,43.0892268257892,95.2333623972785,73.6175451099809,93.9963326401787,68.3186342653416,24.4101854539108,9867,2.75181543801908,5.18637978003867,4.23027839573445,6.09917013962821,5.10637461377763,5.43098994122586,4.80083471807065,1.17036614969831
"303",666,"npas3",7577,2.84168597986969,6.08688612557785,5.33848827930132,24.9377685214885,12.1481097541223,12.6375883273496,10.6650878312849,8.00422059277679,9897,0.152034002100502,1.49674047343398,0.983354188482132,1.82064780287409,0.95984485221384,0.423805573448261,0.972737815425468,0.627485525535152
"304",668,"bach2a",5437,0.189445731991312,0,0.190660295689333,10.481091117727,15.0636560951116,8.40228845548109,5.72119028266673,6.49685445103769,9968,0.0456102006301505,0.0870197949670918,0.259753936580186,0.98314981355201,1.24779830787799,0.690646119693462,0.552329695550149,0.499458211033834
"305",669,"slc22a15",2416,400.677723161626,437.386245880808,310.013640790855,519.175427262583,493.618193009168,505.23028794096,444.350253007667,79.6675943003872,9994,22.2273711070934,25.4967999253579,20.3535763163188,15.3844739342861,21.4813277925457,15.6651097148653,20.1014431317445,3.93771380631273
"306",676,"dnajc27",4504,2.08390305190444,1.91302135375304,1.90660295689333,14.0049062348939,7.61281544591662,14.4136818220041,6.98915514422758,6.00656775558419,10184,0.440898606091455,0.435098974835459,0.333969347031667,1.09238868172446,1.17101071970088,1.02027267681989,0.748939834367301,0.383486230047334
"307",678,"aldh6a1",2109,29565.2798260282,15009.0438084499,11991.960617972,17903.601067987,14257.264569633,23386.0279779811,18685.5296446752,6618.23249641698,10274,1413.29288012605,765.217269022619,636.675452410648,578.001057978438,587.655412319401,719.79452524507,783.439432850372,317.229904354403
"308",679,"gstz1",1071,8358.91403265268,5415.41563041054,4400.34429436196,2717.31322650451,2885.2570540024,3492.20967822036,4544.90898602541,2122.64183940826,10275,321.004592034999,226.703969848268,181.605109374776,78.779430430362,96.9059362795093,90.2234976363186,165.870422600705,95.9982394755201
"309",680,"slc39a9",1882,141.705407529502,128.694163797932,163.205213110069,354.82107602857,292.688457675986,324.888486945269,234.333800847888,100.917420484825,10291,9.97343053779292,8.04062905495928,11.1879731255609,17.3689800394188,16.2405748994582,14.0483699346738,12.8099929319773,3.67452581817419
"310",687,"slc30a4",3471,126.170857506214,158.867727877582,156.341442465253,216.940515290195,161.731834526548,194.208992511648,169.04356169624,31.8867954405558,10371,9.91261693695272,21.1284062180099,19.4444375382882,10.7418220369571,10.6350809625293,9.92018971923336,13.6304255686618,5.19473810223798
"311",688,"cyp1a",2608,4207.02137033107,2936.48777801092,2005.93697094747,3875.02202384448,2993.78016780589,4309.82748735575,3388.01263304926,897.454528233063,10383,358.070481747102,349.454092628847,238.268575254482,163.785476346553,165.880387359596,181.59283997122,242.8419755513,90.0989909721015
"312",690,"ugt5f1",1682,17.6184530751921,15.9128594425821,15.443483950836,62.1637128361742,64.3039942984872,81.2904330245731,42.7888227713074,29.7465810931492,10390,0.88179721218291,0.522118769802551,1.07612345154648,1.38369233018431,1.95808349851623,1.89927682915702,1.28684868189825,0.570663957349262
"313",692,"dnaja2b",2585,61.7593086291678,82.43382924354,78.7427021196944,67.7656753301318,65.4378178755386,83.886261978299,73.3375991960619,9.49463551818919,10437,5.29078327309746,12.6526781882151,12.1156657562044,3.27716604517337,5.22155599604329,3.79855365831404,7.05940048617461,4.2022535037957
"314",695,"hsbp1b",666,109.499633090979,66.6948808331173,64.4431799429945,77.5239325776708,43.9761573099226,75.0741057932822,72.8686482579943,21.5046261004429,10495,14.1847723959768,13.5576840558729,10.7055729576262,8.41139284927831,3.95456079112102,6.76519267245186,9.59652928705452,3.98059100392847
"315",696,"bmal2",3630,6.25170915571331,4.08690925574513,4.00386620947599,20.7814737679071,9.71848780329781,16.9411994874741,10.2972742799356,7.05602424743316,10516,0.471305406511556,0.243655425907857,0.148430820902963,1.00135629158075,0.518316220195474,0.533681092490402,0.486124209598167,0.297257334213459
"316",697,"nr1h4",2396,135.264252641797,175.128409384483,162.919222666535,428.821193489074,463.490880818945,505.298599229216,311.820426371675,170.97091453554,10517,6.71990289284218,10.8078585349128,10.8911114837549,15.1659961979412,19.7152132644723,16.5755068726431,13.3125982077611,4.70480790103958
"317",701,"mt2",920,218.241483253992,914.598118126112,510.588271856033,3464.45238557766,3109.9160970553,7664.0483632991,2646.97411986137,2811.3211583311,10545,13.926314592406,79.4664767639482,50.1510636125887,206.461460845922,248.58061982634,468.603392212014,177.864887975537,169.243186369237
"318",705,"slco3a1a",6492,7.00949208367856,7.39121886677311,3.62254561809732,11.2039249879151,10.1234247951019,6.69450624908249,7.67418543344141,2.69648951778945,10624,1.73318762394572,7.62293403911724,1.26166197767519,0.764672077207119,0.95984485221384,0.910397157777745,2.20878295465614,2.67459788815577
"319",709,"nat10",3453,49.0664445857499,93.9119573660583,108.48570824723,646.845959584551,725.809064109625,305.488081080581,321.601202495632,296.972584792447,10697,1.85481482562612,5.88253813977541,5.43627881557103,18.4249557650858,25.4742823777553,8.28775343632154,10.8934372266892,9.08516138900389
"320",712,"ugt5c3",9765,156.103283160841,101.216220716752,52.9082320537898,451.951877335092,186.75694062004,332.744285094702,213.613473163536,150.655472802389,10712,13.7894839905155,35.48667238758,6.41963300405316,18.0062067704248,10.7886561388836,21.1431891642521,17.6056402426182,10.1839785470863
"321",716,"abcc5",5691,96.143708985591,257.997016208421,235.75145561986,1311.40134898871,611.940782014319,1485.63389699027,666.478034801195,594.57213043503,10758,6.52225869011153,13.0877771630506,11.4662809147539,41.3651180812994,24.2264840698773,45.5826438997685,23.7084271364769,16.4227964302893
"322",720,"dnajc8",955,45.182807079928,95.2162901072535,92.3749132614817,103.545951904441,82.6071463280314,77.6016234587522,82.7547886899814,20.5831921451837,10811,3.31434124579094,6.21321336065036,6.34541759360168,3.98721868829426,3.76259182067825,3.72007114471251,4.55714230895467,1.35217349850952
"323",722,"cyp51",2474,78.9988702403773,344.517754707706,16.9687663163506,45.1771168867545,15.3876056885549,19.8102735942237,86.8100645723279,128.588893152549,10830,4.68264726469546,31.6403974500346,0.853477220192039,1.74782189075913,0.767875881771072,0.847611146896521,6.7566384757248,12.2818592892542
"324",726,"hsf1",6050,3.031131711861,5.56515302909975,7.62641182757331,65.5971737195676,52.2368719427257,58.7477079001117,32.1340750218232,29.6165539990034,10875,0.973017613443211,3.41117596271,2.89440100760778,6.3176478759731,6.81489845071826,5.47807944938678,4.31487005997319,2.26347918669235
"325",728,"hsd17b8",920,359.946890783494,234.953804447305,291.3289318133,411.292472137013,176.87647802002,347.636145934498,303.672453855938,86.7565808554685,10936,17.1190286365165,10.7208387399457,12.4310812506232,13.1632836147797,6.64212637731977,11.4270539803827,11.9172354332613,3.41683317066305
"326",729,"rxrba",6741,23.8701622309054,19.4780356018491,31.8402693801186,169.865959494197,150.393598756034,154.861690476225,91.718285989888,73.4089085592843,10937,9.13724352624016,16.3423174948198,16.8468981724863,18.4067492870571,23.4586081881063,20.2798815146353,17.4119496972242,4.81063190295738
"327",733,"hsbp1l1",3701,10.2300695275309,4.86950890046228,6.19645960990332,6.9572760005602,3.40147073115423,4.91841275442795,6.09553292067314,2.3661740489951,11007,1.30749241806432,0.417695015842041,0.538061725773242,0.764672077207119,0.191968970442768,0.266840546245201,0.581121792262448,0.409897571116653
"328",735,"thrb",7211,3.69419177383059,6.17384164165754,5.91046916636932,220.373976173589,56.6911788525705,231.438644611138,87.3803837031924,109.194444580513,11058,1.09464481512361,2.03626320222995,1.15033886199797,19.7540286611839,6.21979464234568,19.8717724439073,8.35447377113141,9.0739113555796
"329",737,"slc39a7",1964,88.2817111079516,88.4337598530382,114.586837709289,435.41705255454,138.812400790437,238.952886319291,184.080774722425,135.192690770224,11072,6.56786889074168,11.9043079514982,11.0952038624965,16.0399071433208,6.00862877485864,7.56571431118747,9.86360515568387,3.86861815835965
"330",738,"nfe2l3",4008,6.82004635168725,13.5650605084306,10.867636854292,132.188244010644,87.142440636237,70.0190704623424,53.4337498039388,51.3572638757981,11084,0.88179721218291,4.00291056848622,2.96861641805927,7.00949404106526,5.16396530491046,3.56310611750945,3.93164827703559,2.06696218257921
"331",739,"txnl4a",794,72.5577153526726,69.0426797672688,119.353345101522,140.771896219127,86.0896044575464,86.9602699498165,95.7959184746589,28.3048476614081,11099,2.73661203780903,2.68020968498643,3.41390888076816,3.82336038603559,2.53399040984454,3.04512152773935,3.03886715453052,0.496189259708354
"332",740,"abcf1",3710,202.517487498713,682.166023645118,1106.87834662442,965.796404805038,1324.06297580097,610.361360566858,815.297099823519,400.433209111088,11185,13.0445173802231,48.6266614276109,71.8034096118085,38.1971909042985,64.0216516426631,23.4662715668574,43.1932837555769,22.825187275921
"333",747,"slc30a8",3822,19.3234646631139,7.39121886677311,5.62447872283532,52.3151013548617,20.8947487770903,44.6755825193873,25.0374324840103,19.3276539763744,11345,1.14025501575376,0.765774195710408,0.259753936580186,2.49428748993751,0.90225416108101,1.94636633731794,1.25144852273014,0.822337870922531
"334",751,"hsd3b2",3383,0,0,0,18.7936806248899,11.5002105672357,10.3833158149035,6.77953450117151,7.96866354563545,11400,0,0,0,0.546194340862228,0.499119323151197,0.408109070727955,0.242237122456897,0.269045880610011
"335",755,"cyp46a1.1",2129,9.85117806354824,1028.5098441905,7.81707212326264,6.9572760005602,1.45777317049467,222.558177137865,212.858553447705,408.832665101599,11452,1.07944141491356,121.688481281981,0.333969347031667,0.364129560574819,0.095984485221384,17.5172970358614,23.5132171875973,48.5780452668533
"336",756,"cyp46a1.5",2530,23.680716498914,141.128802597326,53.2895526451685,15.1795112739495,6.80294146230846,14.2087479572363,42.3817120724839,51.0278760325717,11453,1.33789921848442,28.4032610772588,2.41200083967315,0.436955472689782,0.172772073398491,0.722039125134074,5.58082130110645,11.2091184719916
"337",757,"cyp46a1.2",3024,691.47692176829,1034.5097748,142.232580584242,2270.8729574296,1169.94395672033,1601.96802089014,1151.83403536543,734.872156898517,11455,39.2855861427697,61.7318425496549,9.01717236985502,76.321555896482,48.8369060806402,55.0790280455536,48.3786818474926,22.9618315355312
"338",758,"cyp46a1.4",1849,1287.94680894294,737.469731871797,894.673437522194,1591.58982792036,792.704655155658,1014.96912090681,1053.22559705329,328.3611929601,11456,63.5046026773796,39.6636225460005,39.9278908228971,52.8351992394062,27.950682096467,31.502880959654,42.5641463903007,13.3810690882498
"339",759,"cyp46a1.3",2826,427.010679908418,304.779083859291,747.579019397874,184.503345365505,76.209141857527,212.106550034706,325.36463673722,238.230319751426,11457,21.0415058907094,17.9608856812077,42.7295225674406,6.53612561231799,3.26347249752706,7.31457026766257,16.4743470861442,14.6260038350725
"340",762,"slc30a1a",3477,68.7688007128464,132.868028569757,98.7620331670744,282.085917840895,328.808837344909,362.323072909526,212.269448424168,127.084864149781,11503,7.43446270271454,20.9891745460625,13.9896048701043,14.8200731153951,22.0764316009183,16.2929698236776,15.9337861098121,5.3042766616437
"341",764,"fmo5",2188,160.27108926465,367.560966468823,170.926955085487,313.258128492756,207.003790210243,227.818146333573,241.139845975922,82.4568859752487,11519,9.33488772897081,19.8405132524969,9.68511106391836,8.75731593182439,6.00862877485864,7.1262122350189,10.1254448311813,4.96017693398182
"342",765,"prdx6",931,1566.14786637218,1499.20005272982,1124.51442397568,674.584709353019,1243.31853963523,1054.93122453654,1193.78280276708,324.971923611195,11521,79.2097150943614,99.8117048272543,69.3914087721353,23.6320084813057,55.1910790022958,35.5839716669336,60.469981307381,28.2232430001786
"343",767,"hif1ab",4206,97.1856605115433,254.170973500915,215.255473833257,358.615953847057,491.431533253426,414.307963272299,305.161259703083,143.808157983824,11561,13.8807043917758,43.5621093605262,33.9906579867786,17.64207720985,32.7307094604919,21.9123177975471,27.2864293678283,11.3233625057023
"344",768,"esr2a",3689,53.6131421535414,100.172754523796,56.7214379675765,136.97701840064,166.510091029836,93.9963326401787,101.331796119261,44.364621922278,11573,4.34817246007435,8.11024489093296,4.78689397412057,5.55297579876598,7.73634950884355,3.01372852229874,5.59139419250602,1.9891756738793
"345",772,"cyp2n13",1929,3547.56077726932,5038.02869062471,1875.8113191395,2891.42583498606,2609.49496258382,3376.14879947351,3223.07839734615,1069.98790306379,11616,143.580911583714,223.780104737373,78.0189502371201,83.2582240254323,86.7507777430868,89.3131004785408,117.450344800878,57.3531660930782
"346",773,"cyp2ad6",1798,37.0366406043016,13.2172384441119,30.6009774581379,23.5824550148859,74.1034695001458,73.7078800281634,42.0414435082911,25.9161651557613,11617,2.35652703255778,0.696158359736734,1.33587738812667,1.09238868172446,4.56886149653788,2.08763486180069,2.0229079700807,1.39251659259992
"347",774,"cyp2ad2",1887,7455.06844532212,5239.93939896173,5564.42072969318,6840.89974745992,4147.68861965078,6208.26649927669,5909.38057339407,1184.64501733168,11618,391.791623412993,302.358979592657,332.707685053992,217.676651311627,160.562846878331,186.788382371641,265.314361436874,90.9056898283979
"348",775,"cyp2v1",4886,159.797474934672,199.997686983272,131.55560402564,150.168736531572,88.4382390100101,133.480257252114,143.90633312288,36.8128757209703,11619,8.28585311447735,8.99784679959729,6.56806382495613,4.97036850184627,2.95632214481863,3.92412568007649,5.95043001096202,2.41468562762922
"349",776,"cyp2ad3",1890,1015.90273780341,588.775799375538,546.718397889162,1051.45221842232,478.068612523891,1059.98625986748,790.150670980301,279.019734465911,11620,45.5493870293103,36.7571613940996,26.4206861207275,31.6064458578943,19.1777001472325,33.449247296972,32.1601046410394,8.98730206337067
"350",777,"cyp2p6",2498,1389.30027555829,1136.07381758107,782.088532917643,1119.30824798623,546.583951537141,837.428082729615,968.463818051664,302.601788019088,11621,103.06385002393,160.360078165357,80.6350434555348,47.9376566496749,27.5475472585372,37.655910026014,76.2000142631746,49.9514221753357
"351",778,"cyp2p7",1497,359.283830721524,97.1293114610066,93.2328845920837,163.179746194957,117.755677216625,355.901811813467,197.747210333277,126.291502882599,11622,14.1999757961869,4.14214224043357,3.91486290131566,4.42417416098405,3.58981974727976,8.66446950160888,6.4892407246348,4.2188740195415
"352",779,"cyp2p8",1542,37.4155320682842,64.0862153507268,13.8228714374766,29.4554802101639,15.4685930869157,24.318818619116,30.7612517954472,18.5408563238137,11623,1.68757742331557,3.2197324137824,0.964800335869262,0.928530379465787,0.499119323151197,0.612163606091932,1.31865391361269,1.01964486423262
"353",780,"cyp2p9",2328,1430.5047222664,1349.11483197629,969.507603580257,1043.6817543178,557.355275519129,877.390186359342,1037.9257290032,320.122075680013,11624,128.955240581646,192.435574590227,119.802226321304,54.2188915695905,36.1285602373289,42.8043629182743,95.7241427030617,61.8255342850537
"354",781,"cyp2p10",2519,64.6009946090375,32.7822295620407,76.8360991628011,60.8987535633451,33.2048333279342,68.7211559854795,56.1740110351063,18.7213703629999,11625,2.52376443486833,1.20087317054587,2.44910854489889,2.02091906119024,1.22860141083372,1.88358032643671,1.88447449146229,0.573341334639599
"355",782,"cyp2j20",3485,73.5049440126292,97.564089041405,38.8947003206239,73.1869293565423,29.6413878000583,53.487738704404,61.0466315392771,25.1803706689162,11626,2.37173043276783,6.05657772970959,2.00381608219,1.76602836878787,1.17101071970088,1.33420273122601,2.45056101073036,1.8199583271126
"356",783,"esr1",3531,9.75645519755259,14.6085267013868,14.6808427680786,440.747952347177,970.067057565843,666.718173378012,352.763167993008,408.331969075457,11643,1.14025501575376,1.67078006336816,1.70695444038408,24.3602676024554,54.9607162377645,29.3838530924127,18.8704710753564,21.670030451918
"357",785,"sod2",956,1583.1979822514,1425.72264164249,1272.27615313492,815.98908520856,703.375554763679,818.98403490051,1103.25757531693,370.441373069523,11709,77.1572560660047,77.8479085775603,69.6326088561027,27.4735753453701,28.6033765959724,24.6592057736006,50.8956552024351,26.461518713274
"358",787,"slc22a16",3889,0.947228659956562,0.434777580398418,2.28792354827199,6.05373366282511,4.04936991804075,8.81215618501675,3.76419825908493,3.22505569756226,11713,0.334474804621104,0.487310851815714,0.296861641805927,0.109238868172446,0.0767875881771072,0.439502076168567,0.290695971793477,0.168189623028177
"359",788,"rxrgb",2165,121.434714206431,306.952971761283,228.60169453151,468.938473284512,1448.05468269137,743.909929107228,552.982077597056,489.215253438394,11747,8.3618701155276,21.0935983000231,11.7816964091727,17.2779476492751,60.3934381012948,25.8992294885048,24.134630010633,18.8438417824655
"360",791,"ephx1",4632,1296.47186688255,1084.1613744815,1392.29680927135,1553.36998703417,936.781236839548,1289.78543356048,1258.8111180116,219.62098014671,11781,101.938798408386,103.04884120003,129.116260332965,63.9957702710244,46.0149622151315,51.5159219280441,82.605092392597,33.4864414746801
"361",792,"ncoa1",5296,2.84168597986969,7.47817438285279,9.53301478446664,45.448179588075,60.011662185364,85.5257328964417,35.1397416361783,33.8456957447734,11784,0.0304068004201004,0.417695015842041,0.315415494418797,1.94809314907528,2.11165867487045,3.1549970467815,1.32971103023469,1.25493168994597
"362",793,"dnajc5ga",2742,5.49392622774806,10.8694395099604,10.1049956715346,51.1404963158061,58.0679646247044,27.1878927258656,27.1441191792699,22.6099094736091,11807,2.41734063339798,5.04714810809133,4.73123241628196,6.99128756303652,8.75378505219022,2.93524600869721,5.14600663028253,2.40566074777322
"363",794,"cyp39a1",2279,42.9094582960323,163.650281261965,2.09726325258266,420.779666683232,318.199488159642,561.723723328626,251.55998016368,220.350845912199,11813,2.05245902835677,13.9927830307084,0.296861641805927,15.5847451926022,18.0450832216202,18.3492116800377,11.3868572991885,8.09121075490941
"364",795,"hsf2",2043,125.791966042231,183.128316863814,145.283145315272,245.402098928851,317.551588972756,197.283000483166,202.406686101015,70.196547063116,11825,11.3721433571175,17.0384758545566,12.0785580509786,11.2698098997906,15.6262741940413,7.62850032206869,12.5022936130922,3.37833901711426
"365",796,"hsdl1",1571,15.155658559305,7.65208541501216,5.14782798361199,18.7033263911164,7.12689105575173,11.4762964269986,10.8770143052993,5.23840172612116,11830,0.760170010502509,0.661350441749898,0.556615578386112,0.619020252977192,0.345544146796982,0.50228808704979,0.574164752910414,0.142795606541626
"366",797,"slc22a2",2822,7658.62788434679,5744.89008083646,4185.85146171146,4728.50811606905,6464.98104894878,6014.39906320632,5799.54294251981,1240.9085846271,11839,340.039249097982,299.52213427673,209.677088378049,135.529022445947,252.266424058841,175.361328391258,235.399207774801,76.9233634745838
"367",800,"mgst3a",2856,1360.7886928936,2740.75091131555,1930.62615415018,1276.07284358327,828.177135637695,1600.12361610723,1622.75655894792,658.085181563854,11884,55.9637161731947,128.30198569948,77.6664270374756,36.7406726619992,28.4498014196182,46.4459515493853,62.2614257568589,36.5595261764965
"368",803,"hsp90ab1",2699,9195.6958308583,25275.0120368173,29056.1524123151,57773.2199086519,87366.9377044932,77895.8401772705,47760.4763450677,31367.9999471853,11901,588.097926925161,1780.92971983751,2018.47362575417,2455.56231117038,5093.32072378752,3071.27190127138,2501.27603479102,1513.79841155571
"369",805,"hsp90aa1.2",2413,11.1772981874874,13.9128825727494,8.38905301033064,10.6617995852741,2.91554634098934,5.05503533093984,8.68526917129512,4.09880144086588,11937,0.653746209032158,0.992025662624847,0.760707957127687,0.38233603860356,0.307150352708429,0.141268524482754,0.539539124096572,0.317502692957302
"370",813,"txnl1",1667,270.528505283594,350.865507381523,461.49324571603,566.069274591034,492.80831902556,542.733185193474,447.416339531869,114.920651102467,11997,18.7609958592019,28.1770096103443,38.8703212239635,25.088526723605,28.7185579782381,24.2510967028727,27.3110846830376,6.68960485653348
"371",820,"dnajc21",2249,3.78891463982625,13.3911494762713,24.2138575525453,147.819526453461,121.643072337944,55.4687660638264,61.0542144206457,60.230757130006,12121,0.243254403360803,1.63597214538133,1.91104681912565,6.7181903926054,7.41000225909084,3.07651453317997,3.49916342545733,2.91307283622133
"372",823,"slc31a2",1640,22.6387649729618,20.7823683430444,22.5932450391859,105.714453515006,77.9908646214649,98.2316325120472,57.991888167285,40.4576196728581,12160,1.64196722268542,1.5141444324274,1.76261599822269,4.91574906776005,5.0487839226448,4.17526972360138,3.17642172789029,1.71144735115611
"373",824,"gstt1b",1249,2843.01209999363,1452.07016301464,1303.16312103659,475.805395051299,161.0029479413,402.080242674485,1106.18899495199,996.144203265257,12174,121.718422081662,75.3417384825081,66.4970077645276,15.9306682751483,6.54614189209839,13.4205098258616,49.9090813869676,45.7052594200196
"374",825,"rxraa",6042,11.5561896514701,22.9562562450365,10.6769765586026,23.0403296122448,31.1801483689138,22.2011686831817,20.2685115199083,7.81803076142581,12192,2.73661203780903,6.28282919662403,2.70886248147908,1.69320245667291,3.2250787034385,1.56965027203059,3.03603919134236,1.7162511153056
"375",828,"esrra",4863,31.8268829745405,59.8253950628223,81.6026065550344,257.23850355318,289.286986944831,208.007872739349,154.631374638293,110.373661063818,12315,6.38542808822107,16.9514560595895,26.1609321841473,20.5551136944485,25.7430389363752,18.2550326637158,19.0085002710829,7.25319794358052
"376",829,"prdx5",789,604.521330784278,377.647806334066,387.707711284258,175.287213520608,241.099484920146,267.848561251556,342.352018015819,152.15069475457,12316,32.2008016448863,19.8579172114904,21.1142842734465,6.51791913428925,9.06093540489865,9.4963841457851,16.3747069691327,9.82873811919972
"377",830,"hif1al2",3536,23.8701622309054,37.1300053660249,61.4879453598098,342.532900235373,130.794648352716,250.08762630501,140.983881308307,129.190022252258,12330,1.15545841596381,3.09790470082847,2.87584715499491,11.5611135482505,5.16396530491046,7.97382338191542,5.3046854178106,3.8541461758884
"378",835,"dnajc18",2560,17.9973445391747,25.7388327595863,18.8753692732439,72.6448039539013,70.2970617771875,63.6661206545396,44.8699221596056,26.5899656074976,12356,2.97986644116983,3.34156012673633,1.59563132470686,4.11466403449545,4.95279943742341,3.13930054406119,3.35397031809884,1.13250662992466
"379",838,"aldh3a2b",7928,32.0163287065318,70.6078790567031,46.7117724438865,86.9207728901157,92.7305711231332,124.804723643609,75.6320079773299,33.4714876092413,12448,30.4828174211506,144.557283399333,58.2962049096388,11.7795912845954,20.6750581166861,20.625204574482,47.7360266176476,50.0873323063785
"380",840,"slc47a1",3313,85.2505793960906,219.301811552962,45.6631408175952,240.432616071308,170.802423142959,724.714457107308,247.694171348037,245.570359820196,12460,4.91069826784621,14.4452859645372,2.17080075570584,7.81057907432986,6.52694499505411,25.4754239150566,10.223288828755,8.52060083838971
"381",841,"slc47a2.1",4062,42.8147354300366,268.257767105824,92.8515640007051,220.373976173589,305.970391007159,158.755433906813,181.503977937354,102.118007638216,12461,2.43254403360803,13.2618167529848,5.4548326681839,8.06546976673223,11.7676978881417,5.11705988681974,7.68323683274506,4.17301574798657
"382",843,"slco2b1",3736,38.2680378622451,232.779916545313,56.3401173761978,144.566774037614,96.0510544559267,245.510769991862,135.586111711527,88.2320512739726,12466,3.10149364285024,26.0363226541539,3.87775519608992,4.29672881478286,4.43448321722794,10.2184232709192,8.66086779933733,8.88847853525431
"383",844,"hspa4a",3222,31.0691000465752,60.3471281593004,115.158818596357,489.448884351099,711.231332404678,219.689103031115,271.157394431521,272.170587537751,12497,2.43254403360803,6.85715984340683,11.6332655882698,19.1714213642642,34.8615650324067,9.37081212402265,14.0544613309964,11.6085116488935
"384",854,"pparda",5487,138.674275817641,170.084989451861,201.813922987159,306.571915193516,309.209886941592,330.353390005744,242.784730066252,82.4041536064002,12588,28.3087311911134,57.7637398991555,78.4827965524419,24.7608101190877,35.2455029732922,30.576787299156,42.5230613390411,21.1594040972262
"385",863,"ahr2",7562,33.1530030984797,51.3037544870133,59.7720026986058,234.740299343577,247.983413780816,309.860003528961,156.135412822909,121.364154308016,12836,9.36529452939091,26.123342449121,20.2979147584802,18.133652116626,25.9542048038622,22.3204268682751,20.3658059209592,6.23214798745024
"386",865,"sult3st3",1065,747.07924410774,1014.07522852127,433.942832988921,464.330407362063,442.515144643493,838.179506900431,656.687060753987,245.488183030048,12844,34.8918034820652,52.1944730212617,21.0029611577693,16.8227856985566,19.9647729260479,26.5898756081983,28.5777786489831,13.2008220050044
"387",868,"sult3st2",1278,321.489407189257,514.428833127408,186.084448592789,189.472828223048,149.826686967508,327.142759457715,281.407493926288,136.271195266407,12845,17.8183850461788,29.6215382067981,10.5385882841104,6.66357095851918,7.02606431820531,11.7566805375092,13.9041378918868,8.6951734461928
"388",871,"slc30a7",1940,917.864571497909,529.211270860954,972.653498459131,2192.26477404665,1368.36308270433,1817.5584466259,1299.65260736581,619.027372968373,12864,52.8014089295043,41.6128659532633,75.0503338190608,79.5805154636266,65.3078437446297,68.389662352373,63.7904383770763,14.2279348241488
"389",872,"gpx4a",1031,120737.459189837,55715.6165063482,63473.4816791185,77035.6582983587,21218.0504713467,60880.9328097683,66510.1998257963,32435.1447063798,12888,15821.4184285887,6627.60162428365,7796.45874489644,6507.26834464244,1719.15891790316,3683.02739829259,7025.82224310117,4852.1917460958
"390",875,"hsd11b1la",1489,660.597267453706,662.948854591508,369.118332454548,356.35709800272,294.308205643202,399.211168567736,457.090154452237,162.189444451582,12905,40.4106377583134,50.4018652449396,26.5320092364047,14.6926277691939,14.8008076211374,14.88028457885,26.9530387014732,15.3289105484652
"391",885,"dnaja3b",2081,25.0068366228532,32.9561405942001,19.4473501603119,91.9806099814322,51.9129223492825,65.5788367257061,47.8137827389643,27.6718974262591,12992,1.91562842646632,2.33213050511806,1.48430820902963,2.94944944065603,1.95808349851623,2.66840546245201,2.21800092370638,0.538181742053391
"392",886,"hmox2a",2872,681.152129374764,546.167596496493,695.052107935463,1154.09462798903,559.056010884706,1021.73193844415,776.209068520768,252.497833231533,13009,33.1890226585395,27.707102717522,35.4007507853567,38.7797982012182,24.7639971871171,34.5009129792325,32.3902640881643,5.19757592730403
"393",891,"dnajc19",510,173.721736236033,157.998172716785,169.211012424283,123.33352910084,113.139395510059,111.142465992421,141.42438533007,28.7548963348942,13075,9.86700673632257,9.67660120034061,11.596157883044,5.53476932073724,5.68228152510593,4.94439835689637,7.88353583707446,2.82607701533212
"394",895,"cp",3345,30952.5909214006,58428.1068749379,99440.5931594327,76176.3895351726,63596.9743107972,41053.1715257511,61607.971054582,24575.8657926371,13090,1489.84200018366,2983.07337938989,5428.78305911543,2824.62582729098,2851.10395211895,1311.03469321083,2814.74381855162,1475.09061874971
"395",899,"ncoa6",7361,7.19893781566987,90.2598256907116,46.6164422960419,224.53027092717,262.966082477566,254.732793906414,147.717392185596,113.051302685681,13146,0.699356409662308,5.70849854984122,3.24692420725232,7.81057907432986,10.4623088891309,8.91561354513378,6.14054677922506,3.66971118907
"396",907,"gss",6754,19.8918018590878,22.6084341807177,43.4705474171679,52.4054555886352,52.6418089345298,27.4611378788894,36.4131976431713,14.9170621196313,13241,0.942610813023111,1.11385337557878,2.15224690309297,1.74782189075913,2.30362764531322,0.831914644176215,1.51534587865724,0.638337856071805
"397",909,"dnajc5ab",5139,2.84168597986969,2.43475445023114,4.19452650516532,8.67400644225687,11.6621853639574,7.1726852668741,6.16330733472575,3.64339090384728,13267,1.79400122478592,8.84121116865653,2.6346470710276,2.14836440739143,3.64741043841259,2.04054535363977,3.51769661065231,2.68940817720422
"398",911,"hsd17b10",1253,603.952993588304,429.560249433637,314.39882759171,279.736707762784,319.900223525219,279.803036696346,371.225339766333,126.615046394154,13281,30.3763936196803,27.3938314556405,15.7707747209399,8.5388381954795,12.8811179167097,9.16675758865867,17.3546189161848,9.35555707911006
"399",916,"hspb7",2895,2.65224024787837,4.52168683614355,2.28792354827199,4.51771168867545,3.40147073115423,3.68880956582097,3.51164043632409,0.928649671833724,13352,1.00342441386331,1.74039589934184,0.705046399289076,0.546194340862228,0.614300705416858,0.73773562785438,0.891182897771281,0.444440005743061
"400",917,"sult1st5",1029,167.280581348329,211.214948557551,99.2386839062977,48.8816404714684,23.0004211344715,49.3207501207914,99.8228375898182,74.8414870068483,13357,7.28242870061403,9.46775369241959,5.12086332115223,1.54755063244298,1.03663244039095,1.14584469858233,4.26684558093369,3.59004238120635
"401",921,"hnf4a",4200,680.394346446799,848.946703485951,399.147329025618,1206.0483124088,1947.3419935858,1592.06288409303,1112.323594841,583.222167483049,13382,73.4932366153826,104.528177714471,42.1729069890545,60.15420340696,124.607058714401,78.4511205960891,80.5677840060596,29.8629152036425
"402",922,"hspg2",15025,3.22057744385231,6.78253025421532,3.05056473102932,75.9879106035211,63.6560951116006,83.5447055370193,39.3737306135397,38.9099360892484,13394,0.608136008402007,2.40174634109173,0.630830988837594,2.94944944065603,3.87777320294391,3.32765857670486,2.29926575977269,1.38752391282712
"403",924,"dnajc22",1887,542.383130691127,777.73013581669,992.100848619443,502.09847707939,438.384787327092,526.680032453327,629.896235331178,211.833932018045,13411,27.867832585022,47.7042516009597,57.0530967845765,17.5874577757637,15.050367282713,15.7121992230263,30.1625342086769,18.0632343612655
"404",926,"dnajc11a",2745,283.221369327012,198.084665629519,204.006516387586,412.467077176069,325.407366613755,333.564020553774,292.791835947952,82.4526314336353,13445,15.3706376123607,13.7665315637939,13.1546815025251,16.0581136213495,13.4186310339495,11.0032484069345,13.7953072901522,1.78609436302332
"405",928,"aldh8a1",1645,1104.27917177736,1081.81357554734,1444.15640969885,473.817601908281,660.938158022612,619.856629634434,897.47692443148,370.976136084886,13465,46.051099236242,45.7898161116837,59.1125744246051,12.2165467572852,23.9769244083017,14.6919265462064,33.6398145807207,19.2970170220911
"406",930,"rarga",6918,4.92558903177412,6.08688612557785,6.86377064481598,25.6606023916766,15.7115552819981,33.3359086689006,15.4307186907905,11.8015488208856,13517,1.38350941911457,1.60116422739449,1.78116985083556,2.20298384147765,1.53575176354214,2.27599289444436,1.79676199946813,0.366628988922453
"407",932,"nfe2",4092,3.22057744385231,5.21733096478102,10.295655967224,20.420056832813,11.5002105672357,18.1708026760811,11.4707724086645,6.83422430703326,13521,0.182440802520602,0.400291056848622,0.296861641805927,0.910323901437046,0.614300705416858,0.769128633294991,0.528891123554008,0.283161898674652
"408",933,"dnajc16",4501,2.84168597986969,3.82604270750608,1.143961774136,12.6495927282913,14.5777317049467,10.6565609679272,7.61592931044616,5.69373171996105,13542,0.0608136008402007,0.31327126188153,0,0.728259121149637,0.499119323151197,0.376716065287343,0.329696562051651,0.272409500393087
"409",935,"cyp2aa12",2407,644.399657368449,178.432718995511,374.647481029539,22.5885584433773,30.5322491820273,41.6698858361257,215.378425142505,249.920600656909,13577,49.3654404820329,21.4764853978783,43.2304765879881,1.31086641806935,1.38217658718793,2.19751038084283,19.8271593089999,21.9855434421182
"410",936,"cyp2aa6",1817,299.229533680278,168.954567742825,816.216725846034,356.537806470267,117.755677216625,143.31708276097,317.001898952833,261.869384568253,13578,14.3976199989175,10.5816070679984,49.0749401610422,11.7613848065666,5.43272186353033,4.89730884873546,16.0242637911318,16.6058888029065
"411",937,"cyp2aa7",1691,25.9540652828098,40.1734484288138,10.2003258193793,44.4542830165664,11.5811979655966,28.6224297792405,26.8309583820677,14.1542577007047,13579,1.33789921848442,2.76722947995352,0.742154104514817,0.910323901437046,0.729482087682518,0.439502076168567,1.15443181137348,0.843332079605725
"412",941,"cyp2aa1",1883,42.3411211000583,92.0858915283849,45.6631408175952,108.967205930852,89.2481129936182,97.0020293234402,79.2179169489915,28.1186967111025,13580,3.04068004201004,7.65774195710408,3.67366281734834,5.17063976016242,4.83761805515775,3.51601660934853,4.64939320685519,1.68415195974154
"413",942,"cyp2aa2",1798,302.260665392139,198.780309758157,285.990443533999,307.927228700119,246.687615407043,291.962446005904,272.268118132893,41.9573924875139,13581,17.4687068413477,11.9913277464653,18.906375812515,9.08503253634172,11.3453661531676,8.80573802609164,12.9337578526548,4.27790426656489
"414",946,"abce1",2777,574.58890512965,491.472576882372,551.198914837861,1987.52208031588,2125.51426997959,1906.97792295293,1272.87911168305,807.317815974562,13594,31.197377231023,33.1023300054817,37.0705975205151,75.2109607367288,92.8361941061226,63.4609604981969,55.4797366830113,25.6039206463466
"415",950,"vdra",9302,2.46279451588706,4.34777580398418,4.76650739223332,39.575154392797,24.4581943049661,35.8634263343705,18.578975457373,16.8949672508082,13636,1.71798422373567,4.05512244546648,3.78498593302556,6.75460334866288,6.85329224480682,7.15760524045951,5.05393223935949,2.20416939650561
"416",951,"abcg2a",2261,2356.98907456991,3027.18238128203,2055.5086478267,2901.81657187002,3760.48786808773,3021.33996827214,2853.88741865142,594.408900530355,13640,91.0379604577805,131.156234974401,83.0284904425951,82.0383899975066,123.685607656275,83.1914644176215,99.0230246576967,22.3583930309377
"417",956,"ncoa2",8347,25.9540652828098,55.4776192588381,54.6241747149938,223.897791290755,201.334672324986,208.281117892373,128.261573460793,91.7342772821391,13770,5.76208867960902,17.1254956495237,15.6965593104884,12.3439921034863,15.3383207383772,12.3060581327199,13.0954191023674,4.07439623678065
"418",964,"hnf4g",2352,56.0759366694285,208.258461010842,69.1143571873831,77.1625156425767,132.657358515015,132.797144369555,112.677628899133,57.1008116239673,13864,3.60320584978189,16.8644362646224,5.49194037340964,2.65814579219618,5.83585670146015,5.35250742762433,6.6343487348491,5.16214125002907
"419",970,"abcd3a",3477,4222.36647462237,2859.35823524824,2696.69922222992,4993.3363752592,4231.91551394603,6653.79272128195,4276.24475709795,1461.11971956267,13936,218.837742623462,215.965727149328,189.304958209117,174.891427944085,184.597361977766,215.764126393326,199.893557382847,19.1847348637121
"420",971,"abcb8",2591,109.120741626996,77.9121424073965,56.2447872283532,164.986830870428,61.7933849493019,137.305689394447,101.227262746154,43.7065008067903,13958,5.01712206931656,3.28934824975607,2.41200083967315,4.27852233675412,2.18844626304755,3.32765857670486,3.41884972254205,1.08131728005184
"421",973,"abcd4",2567,46.4142043378715,40.3473594609732,13.6322111417873,117.460503905562,42.032459749263,120.637735059997,63.4207456092423,44.6139885895433,13969,2.91905284032963,2.15809091518388,1.07612345154648,5.27987862833487,1.78531142511774,4.58337879432934,2.96697267580699,1.64866751037335
"422",975,"slc22a17",10031,0,0,0.571980887067998,2.89133548075229,0.809873983608151,3.41556441279719,1.28145912737094,1.49372916915928,14041,0.0912204012603011,0.0348079179868367,0.296861641805927,0.546194340862228,0.614300705416858,0.627860108812238,0.368540852690731,0.265566322197525
"423",982,"pparab",10276,13.8295384353658,14.4346156692275,18.5893788297099,61.8926501348537,40.1697495869643,67.9014205264082,36.1362255304216,24.3521265055602,14089,17.2102490377768,39.6288146280136,39.5568137706397,13.6548585215557,17.8147204570889,15.3511796604592,23.8694393459223,12.2666578291927
"424",984,"fth1b",1425,19.8918018590878,41.5647366860888,13.3462206982533,29.997605612805,27.0497910525122,29.3738539500558,26.8706683098005,9.62919171877745,14100,1.48993322058492,2.95867302888112,0.89058492541778,1.09238868172446,1.43976727832076,0.973183168658969,1.47408838393133,0.767137217009936
"425",991,"cat",2304,11073.8608178202,17794.1420329661,17624.2564129305,12861.2023437888,16648.4984936344,15058.3354492755,15176.7159250692,2728.24320442205,14170,695.084254203284,1326.44273468338,1409.57329070499,476.572768880323,782.465523524722,535.10947423795,870.874674372442,401.165593960152
"426",993,"dnajc24",9921,12.3139725794353,9.91292883308393,6.48245005343731,33.7924834312924,27.5357154426771,23.7040170248125,18.9569278941231,10.9339794296601,14242,0.516915607141706,1.14866129356561,0.612277136224724,1.89347371498906,1.63173624876353,0.894700655057439,1.11629410929034,0.553737795389055
"427",995,"cyp2x7",2392,888.689928771246,125.215943154744,771.983537246108,155.680344791756,167.643914606887,147.552382632839,376.127675200597,354.030448653102,14271,39.1183487404591,6.1610014836701,41.4121990319268,4.27852233675412,5.16396530491046,3.9555186855171,16.6815925972063,18.2982983130934
"428",996,"cyp2x8",1303,632.464576252996,1142.59548128704,512.685535108616,2525.40083396958,2213.38559720108,3145.5982016097,1695.3550375715,1085.77376387065,14272,23.4132363234773,52.5077442831432,23.3593004396038,71.1327096582908,80.9917086298038,86.7702670378513,56.3624943953617,28.0681798732775
"429",997,"cyp2x9",1652,1943.42904163288,3099.44241514424,1348.06362067143,3956.61189694196,4948.7349768376,7405.55844853861,3783.64006662779,2204.18664527342,14273,72.7786768055102,112.377363220502,47.108231784078,103.412795203248,162.136992435962,181.765501501143,113.263260158407,51.3702336327174
"430",998,"bmal1a",5863,47.5508787298194,62.9557936416909,56.5307776718872,122.791403698199,84.3888690919693,164.835138561592,89.8421435658597,45.5201389180332,14282,2.09806922898692,3.93329473251255,3.4510165859939,4.18748994661041,3.34026008570416,4.4735032752872,3.58060564251586,0.844089789424833
"431",999,"dnajb9a",3043,5.30448049575675,1.91302135375304,4.38518680085465,5.69231672773107,2.26764715410282,3.14231925977342,3.78416196532862,1.58282028694293,14329,1.61156042226532,0.974621703631428,1.37298509335241,0.837497989322083,0.230362764531322,0.282537048965507,0.884927503678012,0.559967762503115
"432",1000,"cyp11a1.1",2185,0.378891463982625,0,0.190660295689333,179.262799806642,73.2126081181768,67.3549302203606,53.3999816508085,70.6013536346453,14353,0,0,0.0371077052257408,6.00813774948451,2.91792835073007,2.73119147333324,1.94906087979559,2.41990822320488
"433",1004,"ugt5a3",1690,134.790638311819,319.648477108917,428.509014561775,230.132233421128,166.267128834753,246.740373180469,254.34797756981,107.04456384117,14410,5.79249548002912,14.3234582515833,19.9824992640614,6.48150617823177,5.97023498077008,6.56113813708789,9.85188871529393,5.93900044074799
"434",1005,"ugt5a2",2364,81.3669418902687,132.259339957199,213.158210580674,95.4140708648256,64.384981696848,87.1652038145843,112.291458134067,54.2961308019894,14411,6.65908929200198,15.4547155861555,16.8654520250992,3.18613365502966,2.84114076255297,4.34793125352475,8.22574376239401,6.30533184022986
"435",1006,"ugt5a1",1977,128.917820620088,63.477526738169,212.681559841451,128.574074659703,104.149794292008,96.6604728821605,122.410208172263,50.3960548567627,14412,5.99013968275977,2.62799780800617,8.46055679146891,3.84156686406434,3.12909421821712,2.74688797605354,4.46604055676164,2.3147491329401
"436",1007,"hsd17b12a",1996,0,23.912766921913,0.381320591378666,79.9634968895555,26.8068288574298,68.5162221207117,33.2634392301648,33.8835272444713,14417,0.243254403360803,4.78608872319005,0,4.13287051252419,1.22860141083372,4.03400119911863,2.40413604150456,2.15173618778507
"437",1009,"clpxb",4614,149.851574005128,244.779777764309,363.779844175247,746.687387904279,610.07807185202,606.809173577549,453.664304879755,235.709686639305,14471,16.5717062289547,46.3815507174599,63.6768221673713,36.4129560574819,36.2437416195946,27.8769888312634,37.8606276036876,16.1039331971407
