"","X","X.x","Geneid","Length","E1_cpm","E2_cpm","E3_cpm","E4_cpm","E5_cpm","E6_cpm","CPM_mean_E","CPM_sd_E","X.y","L1_CPM","L2_CPM","L3_CPM","L4_CPM","L5_CPM","L6_CPM","CPM_mean_UN","CPM_sd_UN","FC_E1","FC_E2","FC_E3","FC_E4","FC_E5","FC_E6","FC_UN1","FC_UN2","FC_UN3","FC_UN4","FC_UN5","FC_UN6","mean_FC_un","sd_FC_un","mean_FC_e","sd_FC_e"
"1",1,4,"txnl4b",3661,70.2843665687769,50.0863772618978,27.4550825792639,105.172328112365,46.7297288541903,70.9754284979256,61.7838853124032,26.7627563403981,35,4.3937826607045,4.97753227211765,1.59563132470686,4.60623894127145,2.26523385122466,3.12360404134088,3.49367051522767,1.37828986007587,0.318181818181819,0.204690831556503,0.0972644376899696,0.310814419225636,0.206145051804216,0.247912192794082,0.53125,0.48805460750853,0.131699846860643,0.494140624999999,0.300254452926208,0.379047619047619,0.387407858557167,0.151831755654342,0.230834791875371,0.0817948786428028
"2",2,8,"abcb6a",7025,22.7334878389575,24.173633470152,26.1204605094386,115.743773463865,82.1212219378665,85.3207990316738,59.3688960419923,40.1387954823142,70,4.31776565965425,9.74621703631428,5.84446357305418,6.11737661765695,5.75906911328304,5.52516895754769,6.2183434929184,1.83845001211027,0.102915951972556,0.0987917555081731,0.0925363053022628,0.342056074766355,0.362272240085746,0.298019565736101,0.522058823529411,0.955631399317402,0.482388973966309,0.656249999999999,0.763358778625954,0.67047619047619,0.675027360985878,0.171710972109495,0.216098648895199,0.13098237391547
"3",3,10,"ugt5b6",2038,1333.41378462085,605.036480882438,448.147025017777,817.705815650257,488.83993650588,877.458497647598,761.766923387467,328.847942493139,109,56.359004578656,31.5185697370807,23.2850850291524,22.1026643268915,17.6803421777789,24.2981862110336,29.2073086767655,14.0362079092647,6.03644939965694,2.47263681592039,1.58763931104357,2.41655540720962,2.15648445873527,3.0649009782868,6.81433823529411,3.09044368600682,1.9218989280245,2.37109375,2.34351145038168,2.94857142857143,3.24830957971309,1.79882503072001,2.95577772847543,1.58349639359933
"4",4,11,"ugt5b4",2310,213.789508552196,131.563695828561,104.577172185599,64.964694083153,35.6344552787586,74.8008606402585,104.221731094754,63.029713957668,110,14.230382596607,22.2596635525821,12.746496745042,2.3122227096501,1.55494866058642,3.81425016103435,9.48632740425031,8.28057832949583,0.967838765008577,0.537668798862827,0.37048294495103,0.191989319092123,0.15719899964273,0.261274158911954,1.72058823529412,2.18259385665528,1.052067381317,0.248046875,0.206106870229008,0.462857142857144,0.978710060225426,0.824862331580383,0.414408831078207,0.304133115401515
"5",5,12,"ugt5b3",2089,34.0055088924406,42.1734252986465,6.76844049697131,11.8364046243297,4.04936991804075,11.4762964269986,18.3849076095712,15.7541010989832,111,1.94603522688642,4.97753227211765,0.575169430998983,0.182064780287409,0.0383937940885536,0.690646119693462,1.40164027067875,1.87711169292476,0.153945111492282,0.172352523098791,0.0239783856805133,0.0349799732977304,0.0178635226866738,0.040085898353615,0.235294117647058,0.48805460750853,0.0474732006125574,0.01953125,0.00508905852417303,0.0838095238095239,0.146541959683641,0.186761053393306,0.0738675691016009,0.0698434380344478
"6",6,13,"ugt5b2",2019,734.954717260296,244.69282224823,210.107645849645,224.53027092717,85.7656548641031,198.854160113052,283.150878543749,228.229833070976,112,29.7226474106481,10.4075674780642,10.6870191050134,6.48150617823177,2.8987314536858,6.24720808268177,11.0741132847208,9.58738621532972,3.32718696397942,1,0.744343127321852,0.66355140186916,0.378349410503752,0.694583631591503,3.59375,1.02047781569966,0.882082695252682,0.6953125,0.384223918575064,0.758095238095239,1.22232369460377,1.18117132644207,1.13466908921095,1.09227023149283
"7",7,14,"ugt5b1",2289,36.9419177383059,18.1737028606539,12.297589071962,21.5043076380952,17.5742654442969,28.0759394731929,22.4279537044178,8.80555784526717,113,1.77879782457587,0.870197949670918,0.723600251901946,0.527987862833487,0.614300705416858,1.0516656822605,0.927758379443263,0.456658971298343,0.167238421955403,0.074271499644634,0.043566362715299,0.0635514018691591,0.0775276884601646,0.0980672870436648,0.215073529411765,0.0853242320819109,0.0597243491577334,0.056640625,0.0814249363867685,0.127619047619048,0.104301119942871,0.0599271320346063,0.0873704436147208,0.0430067967625002
"8",8,18,"cyp4v2a",2471,4786.15697302852,2882.22753597719,2510.04279275007,2609.43027137894,2809.04791214487,3242.94178737442,3139.97454544233,845.547873879399,185,287.84597617688,186.692268122399,179.156000829877,97.1315602833328,129.13752641685,112.543924504594,165.417876055655,69.8640321964164,21.6672384219554,11.7789623312011,8.8922661263087,7.71161548731643,12.3919256877456,11.3273681698878,34.8033088235294,18.3054607508532,14.7871362940276,10.419921875,17.117048346056,13.6571428571429,18.1816698244348,8.59844822627057,12.2948960374025,4.93227868642097
"9",9,19,"clockb",5541,5.49392622774806,9.21728470444646,10.867636854292,79.6020799544615,107.470277624802,87.8483166971437,50.0832536771489,46.4476732517953,197,0.85139041176281,3.42857992170342,2.54187780796325,4.93395554578879,10.7118685507065,4.83452283785423,4.55036584596316,3.38132663183803,0.0248713550600343,0.0376687988628287,0.0385005065856131,0.23524699599466,0.474097892104326,0.306848007635409,0.102941176470588,0.336177474402729,0.209800918836141,0.529296875,1.41984732824428,0.586666666666667,0.530788406603401,0.472759982513524,0.186205592707145,0.184255439755368
"10",10,23,"dnajb14",5422,24.6279451588706,26.9562099847019,14.2995221767,36.3224019769506,30.9371861738314,47.6129679143928,30.1260388975746,11.2747598055751,278,2.59978143591858,5.60407479588071,3.11704723896223,1.6021700665292,2.82194386550869,2.07193835908039,2.96949262697997,1.39974477803328,0.111492281303602,0.110163468372423,0.0506585612968593,0.107343124165554,0.136477313326188,0.166308756859938,0.314338235294117,0.549488054607506,0.257274119448698,0.171875,0.374045801526718,0.251428571428572,0.319741630384269,0.131297344567893,0.113740584220761,0.03825830984287
"11",11,27,"nr3c2",3540,4.92558903177412,11.4781281225182,2.85990443533999,19.1550975599839,13.119958534452,28.2808733379607,13.3032585036715,9.39347280007907,353,0.364881605041204,0.939813785644592,0.278307789193056,0.291303648459855,0.307150352708429,0.816218141455909,0.499612553750508,0.297179659107632,0.0222984562607204,0.0469083155650318,0.0101317122593718,0.0566088117489987,0.0578778135048231,0.0987831066571221,0.0441176470588235,0.0921501706484638,0.0229709035222052,0.03125,0.0407124681933843,0.099047619047619,0.055041468078416,0.0323505866939389,0.0487680359993446,0.031121811731425
"12",12,29,"txna",656,2172.46893161037,1932.93416693529,1938.63388656914,2006.67717787586,1433.07201399462,1914.97034367887,1899.79275344403,247.565010901665,378,120.137268459816,128.35419757646,116.314102030085,81.728879871018,70.4910059465844,72.1254299998058,98.1918139806283,26.2206369857779,9.83490566037735,7.89943141435679,6.86795001688621,5.93030707610147,6.32190067881386,6.68885707468382,14.5257352941176,12.5853242320818,9.60030627871364,8.76757812499999,9.34351145038168,8.75238095238095,10.5958060554459,2.3959307776207,7.25722532020325,1.42597240780428
"13",13,31,"dnaja1",2399,36.9419177383059,14.4346156692275,17.9220677947973,37.7680697173268,25.9159674754608,33.2675973806446,27.7083726292938,9.92509892145422,425,2.37173043276783,2.38434238209832,1.16889271461084,1.49293119835676,1.30538899901082,2.19751038084283,1.82013268461457,0.558774007470232,0.167238421955403,0.0589907604832978,0.0634920634920636,0.111615487316422,0.114326545194712,0.116201383917919,0.286764705882353,0.233788395904436,0.096477794793262,0.16015625,0.173027989821883,0.266666666666666,0.202813633844767,0.0722475962708698,0.10531077705997,0.0399224766432252
"14",14,37,"cyp2u1",2205,320.068564199322,302.25737389298,139.468006296747,1590.05380594621,1497.61897048819,1802.59827449785,942.01083255355,762.81616455671,478,14.4888404001778,15.767986848037,6.03000209918288,45.5890209839673,54.9415193407202,51.563011436205,31.396730184715,21.615098255898,1.44897084048027,1.23525230987917,0.494089834515367,4.69906542056075,6.60664523043944,6.29634931997137,1.75183823529411,1.54607508532422,0.497702909647778,4.890625,7.2824427480916,6.25714285714285,3.70430447258343,2.80997458384633,3.46339549264106,2.73026853207587
"15",15,40,"prdx2",1022,20332.6420774316,11196.3922504201,8344.81982173072,9116.10970811065,5576.87323852409,9667.75507042245,10705.7653611066,5067.57414863352,511,1355.97606133417,761.823497018902,684.117653541758,387.324613583435,262.959095712504,380.247778399412,638.741449931696,400.718220081647,92.0471698113209,45.7569296375268,29.5629854778791,26.9407209612817,24.602000714541,33.7687902648532,163.950367647059,74.6979522184297,56.4655436447166,41.55078125,34.8549618320611,46.1428571428572,69.6104106225207,48.2591093705974,42.1130994779005,25.5760097970866
"16",16,41,"abca1a",9626,300.176762340234,391.386777874656,1316.22335129131,7187.13717128,4792.10534840779,3573.02193222714,2926.67522390352,2755.6801893171,527,74.0405590229444,94.7993646371498,308.049614931487,328.299211814256,301.890402918297,166.649769381488,212.288153784271,114.591676172057,1.35891938250429,1.59950248756219,4.6629517055049,21.2400534045394,21.1400500178636,12.4803149606299,8.95220588235294,9.29522184300337,25.4257274119448,35.2187499999999,40.0152671755725,20.2228571428571,23.1883382426218,12.9411164950103,10.4136319931007,9.26591221498814
"17",17,44,"dnajb1b",2169,17.6184530751921,24.5214555344708,10.6769765586026,59.814502758063,34.0147073115423,39.2106794589117,30.9761291161304,17.5547058415877,588,1.82440802520602,2.90646115190087,1.85538526128704,2.91303648459855,2.07326488078189,2.00915234819916,2.26361802532892,0.509026155505237,0.079759862778731,0.100213219616205,0.0378250591016547,0.176769025367156,0.15005359056806,0.136960152708184,0.220588235294117,0.284982935153583,0.153139356814701,0.3125,0.274809160305343,0.243809523809524,0.248304868562878,0.0565926982221737,0.113596818356665,0.0508548702668658
"18",18,50,"cyp3a65",2012,1468.58331439665,10054.4924132617,1502.3077998841,1221.95065755294,2870.43636010237,3568.10351947271,3447.64567744507,3366.09120775372,655,75.6217126447896,673.098114070455,88.0194767954572,39.7629480147702,110.746899048433,124.316301544823,185.260908686455,240.789546149058,6.64837049742709,41.0902629708601,5.32218844984804,3.61121495327104,12.6627366916756,12.4631352899069,9.14338235294117,65.9982935153581,7.26493108728942,4.265625,14.6793893129771,15.0857142857143,19.40622259238,23.2112272937786,13.6329848088315,13.9606740353765
"19",19,53,"abcf3",2407,104.005706863231,141.824446725964,126.693766485562,336.117749637454,289.286986944831,220.372215913675,203.050145428453,94.6916235451877,694,4.89549486763616,8.02322509596586,6.75360235108483,10.960299773302,10.059174051201,6.46695912076605,7.859792543326,2.29903617605681,0.470840480274445,0.579601990049751,0.448834853090174,0.993324432576771,1.27617006073598,0.769744691004533,0.591911764705882,0.786689419795218,0.557427258805512,1.17578125,1.33333333333333,0.784761904761905,0.871650821900307,0.315405951165276,0.756419417955275,0.326762995618198
"20",20,54,"slc22a23",6948,89.6078312318908,98.0858221378831,158.72469616137,214.049179809443,265.962616216917,315.256595301181,190.281123476447,91.1508319964741,706,14.0935519947165,21.1632141359967,39.2970598340595,11.7795912845954,19.4272598088081,16.7167753971258,20.4129087425503,9.86179969573862,0.405660377358491,0.400852878464818,0.562310030395139,0.632576769025368,1.17327617006074,1.10116917203531,1.70404411764706,2.07508532423207,3.24349157733537,1.263671875,2.57506361323155,2.02857142857143,2.14832132266958,0.690101050285707,0.712640899556645,0.341642361914804
"21",21,56,"cyp8b1.2",2911,66.7796205269376,46.173379038312,54.9101651585278,30.359022547899,14.90168129839,30.7400797151747,40.6439913808735,18.8875807425992,726,4.241748658604,2.95867302888112,3.06138568112362,1.31086641806935,0.614300705416858,1.39698874210723,2.26399387236703,1.37197406730341,0.302315608919383,0.188699360341151,0.194528875379939,0.0897196261682243,0.0657377634869599,0.107372942018611,0.512867647058823,0.290102389078497,0.252679938744257,0.140625,0.0814249363867685,0.16952380952381,0.241203953465359,0.15304079251928,0.158062362719045,0.0881378577477862
"22",22,57,"cyp8b1.1",1975,3100.46884976982,1144.85632470511,1066.74435438182,1584.36148921848,1257.24837215329,1330.02078234323,1580.61669542863,765.673802905012,727,180.479563893506,76.3685720631198,69.5769472982641,55.165628427085,53.0602234303811,46.2732900194619,80.1540375219696,50.3940794747119,14.0360205831904,4.67874911158491,3.77912867274571,4.68224299065421,5.54626652375848,4.64566929133859,21.8216911764706,7.48805460750851,5.7427258805513,5.91796874999999,7.03307888040713,5.61523809523809,8.93645956502927,6.35754138533503,6.22801286221205,3.8657529733644
"23",23,58,"cyp8b1.3",1951,13.1664783733962,11.7389946707573,4.95716768792265,15.3602197414965,11.9051475590398,15.1651059928195,12.048852337572,3.8035229167365,728,0.790576810922609,0.348079179868367,0.204092378741575,0.364129560574819,0.115181382265661,0.282537048965507,0.35076606022309,0.234643476876473,0.0596054888507719,0.0479744136460554,0.0175616345829112,0.0453938584779706,0.052518756698821,0.0529706513958481,0.0955882352941176,0.0341296928327643,0.0168453292496172,0.0390625,0.0152671755725191,0.0342857142857143,0.0391964412057888,0.0293326491068607,0.046004133942063,0.0147594020102361
"24",24,61,"aldh9a1b",6226,308.985988877831,329.996183522399,543.381842714598,621.998545296836,472.561469435356,463.355468240067,456.713249681181,120.835853571908,764,16.966994634416,20.0145528424311,32.9887499456836,20.3366359581036,18.0834770157087,13.5303853449037,20.3201326235411,6.67733999445122,1.39879931389366,1.34861407249467,1.92502532928065,1.83818424566088,2.08467309753484,1.6184681460272,2.05147058823529,1.96245733788395,2.72281776416539,2.181640625,2.39694656488549,1.64190476190476,2.15953960701248,0.372182473381589,1.70229403414865,0.296146743203326
"25",25,62,"prdx1",1921,116.130233710675,194.867311534571,146.236446793718,150.801216167987,60.0926495837248,100.485905024493,128.102293802528,46.5466712725448,765,5.41241047477786,11.0863218788075,7.34732563469668,4.36955472689782,1.61253935171925,3.29626557126425,5.52073627302723,3.34279518788905,0.525728987993142,0.796375266524519,0.518068220195879,0.445660881174902,0.26509467667024,0.350990217131948,0.654411764705882,1.08703071672355,0.606431852986216,0.468749999999999,0.213740458015267,0.4,0.571727465405152,0.297263488139142,0.483653041615105,0.183063140951304
"26",26,65,"mtf2",5259,1.70501158792181,2.43475445023114,2.28792354827199,23.9438719499799,5.9120800803395,14.618615686772,8.48370955058605,8.99105489816731,816,0.182440802520602,0.469906892822296,0.0742154104514817,1.49293119835676,0.47992242610692,1.34989923394631,0.674885994034061,0.601361034945036,0.00771869639794168,0.00995024875621889,0.00810536980749746,0.0707610146862484,0.0260807431225438,0.0510617990932952,0.0220588235294117,0.0460750853242319,0.00612557427258805,0.16015625,0.0636132315521629,0.163809523809524,0.0769730814146531,0.0687431800279558,0.0289463119772909,0.0264256790621782
"27",27,67,"abcd3b",1980,40.4466637801452,35.1300284961922,27.2644222835746,136.254184530452,105.36460526742,129.928070262805,79.0646624367648,50.3076166112868,854,1.94603522688642,1.37491276048005,1.41009279857815,3.95080573223678,3.16748801230567,2.91954950597691,2.461480672744,1.04671799926125,0.183104631217839,0.143567874911158,0.0965889902060116,0.402670226969294,0.464808860307252,0.453829634931996,0.235294117647058,0.134812286689419,0.116385911179173,0.423828125,0.419847328244275,0.354285714285715,0.280742247174273,0.138279806619615,0.290761703090592,0.16755070376112
"28",28,68,"tfa",2224,409269.276553164,445031.722676599,427221.008934246,374326.748015595,390244.338980855,352071.188013227,399694.047195614,34367.5923729522,867,24379.6252544289,29373.7406386498,30624.4325072255,17112.7420676423,32986.7576732685,12868.3696461721,24557.6112978979,8039.25440958225,1852.78816466553,1818.73631840796,1513.505234718,1106.24299065421,1721.53662022151,1229.75996182295,2947.72794117647,2880.13993174061,2527.67228177641,1835.79296874999,4372.36132315522,1561.56952380952,2687.54399506804,996.218409298753,1540.42821508169,314.191283284249
"29",29,71,"dnajc1",2039,310.596277599757,315.822434401411,517.07072190947,605.373366282511,416.842139363115,442.24728016898,434.658703287541,114.737786011671,894,17.2406558381969,20.049360760418,32.5805651882005,23.1404335745297,20.4830891462433,15.6337167094247,21.5213035361688,6.01931853917628,1.40608919382505,1.29068941009239,1.83181357649443,1.7890520694259,1.8388710253662,1.54473872584108,2.08455882352941,1.96587030716723,2.68912710566616,2.482421875,2.71501272264631,1.89714285714285,2.30568894852533,0.36799196993727,1.61687566684084,0.237131654308317
"30",30,72,"cyp7a1",1981,121.24526847444,18.7823914732117,62.6319071339458,442.735745490194,4439.16226635136,621.222855399553,950.96340572045,1725.17140936399,906,4.83468126679596,0.591734605776224,3.41390888076816,11.4882876361355,147.259397226647,16.7795614080071,30.7279285040217,57.3916544998712,0.548885077186965,0.0767590618336888,0.221884498480243,1.30841121495327,19.5830653804931,2.16988785492722,0.584558823529412,0.0580204778156994,0.28177641653905,1.232421875,19.5190839694656,2.03619047619048,3.95200867309004,7.65994533100874,3.98481551464575,7.68115452656269
"31",31,77,"dnajb6a",3972,61.0015257012026,82.2599182113807,105.62580381189,175.467921988155,140.432148757653,123.165252725467,114.658761865958,41.0968616991115,1005,12.6492289747617,13.5054721788926,13.9896048701043,12.0708949330552,11.095806491592,9.70043868114908,12.1685743549258,1.58660282709544,0.276157804459692,0.336176261549395,0.374197906112799,0.518558077436584,0.619506966773847,0.430207587687903,1.52941176470588,1.32423208191125,1.15467075038285,1.294921875,1.47073791348601,1.17714285714286,1.32518620710481,0.151527272931071,0.425800767336703,0.125883957679825
"32",32,79,"abcf2a",2419,68.5793549808551,186.606537507001,308.869679016719,791.412733622166,650.490783634067,514.930490873305,420.148263272352,279.42942313378,1041,4.37857926049445,12.6178702702283,18.7022834337734,26.2901542735019,26.7796713767661,19.086947307892,17.975917653776,8.50871185865735,0.310463121783877,0.762615493958776,1.09422492401216,2.33885180240321,2.86959628438729,1.79861608208065,0.529411764705882,1.23720136518771,1.54364471669219,2.8203125,3.54961832061068,2.31619047619047,1.99939652389782,1.10697384151764,1.52906128477099,0.978463882841189
"33",33,83,"keap1a",3068,369.60862311505,1443.98330001923,471.312250944031,846.61917045778,943.179241310052,814.543801163874,814.874397835002,381.980246207293,1154,19.2018944652934,74.9066395076726,23.6561620814098,29.2578101921867,37.9714623535795,30.0901957148265,35.8473607191614,20.1613643551246,1.67324185248714,5.90120824449184,1.66970618034448,2.50200267022697,4.16077170418007,2.84514435695538,2.32169117647059,7.34470989761089,1.95252679938744,3.138671875,5.03307888040712,3.65142857142857,3.90701786671744,2.00373238750869,3.12534583478098,1.64146770888739
"34",34,84,"cyp7b1",3752,102.300695275309,10.7824839938808,47.0930930352652,68.3078007327728,24.4581943049661,52.4630693805649,50.9008894537931,32.4671615692905,1164,13.3789921848442,6.03917377071617,10.4829267262718,4.15107699055293,2.03487108669334,3.10790753862058,6.53249138294983,4.47998598754731,0.463121783876503,0.0440653873489695,0.166835528537656,0.201869158878505,0.10789567702751,0.183249821045097,1.61764705882353,0.592150170648462,0.865237366003063,0.4453125,0.26972010178117,0.377142857142858,0.694535009066514,0.497006066117544,0.19450622611904,0.143690457575847
"35",35,85,"slc39a6",2935,25.3857280868359,50.9559324226946,56.7214379675765,123.785300269707,107.713239819884,81.0171878715494,74.263137739708,37.0321733873803,1165,1.48993322058492,2.43655425907857,3.26547805986519,3.75053447392063,4.37689252609511,2.68410196517232,3.00058241745279,1.02246525022933,0.114922813036021,0.208244491826581,0.200945626477541,0.365821094793057,0.475169703465524,0.282987353853495,0.18014705882353,0.238907849829351,0.269525267993874,0.40234375,0.580152671755725,0.325714285714286,0.332798480686127,0.142963095060081,0.274681847242037,0.129572084829255
"36",36,88,"slco5a1a",5859,14.5873213633311,30.9561637243674,28.4083840577106,70.8377192784311,97.9137646182254,83.0665265192277,54.2949799268822,34.0457833880987,1173,1.91562842646632,6.96158359736734,5.9557866887314,7.06411347515148,9.65603921327123,6.93785420237523,6.4151676005605,2.52796498729183,0.0660377358490569,0.126510305614783,0.10064167510976,0.209345794392524,0.431939978563773,0.290145549988069,0.231617647058823,0.682593856655287,0.49157733537519,0.7578125,1.27989821882952,0.841904761904762,0.71423405330393,0.352610422611285,0.204103506586328,0.137932871525313
"37",37,90,"per2",5482,31.4479915105579,153.650396912801,95.9974588795791,338.828376650659,370.922284492533,303.302119856391,215.69143805042,140.752506144336,1234,2.55417123528843,14.0972067846689,7.94104891830854,14.4923565108778,19.2736846324539,12.4630231599229,11.8035818735867,5.81718626670166,0.142367066895369,0.627931769722814,0.340087808172915,1.00133511348465,1.63629867809932,1.05941302791696,0.308823529411765,1.38225255972696,0.655436447166921,1.5546875,2.55470737913486,1.51238095238095,1.32804806130358,0.78539165891405,0.801238910715339,0.544210435646498
"38",38,92,"hsd11b1lb",2915,259.06703849812,436.255824171773,364.542485358004,677.927816002638,716.495513298131,775.264810416706,538.258914624229,212.592386370333,1280,33.9035824684119,88.9516344153613,84.4942447990119,46.7724420558354,70.2798400790974,52.4420155885422,62.8072932343767,21.9529921848337,1.17281303602059,1.78287135749822,1.29145558932793,2.00347129506008,3.16077170418007,2.70794559770937,4.09926470588235,8.72184300341294,6.97396630934149,5.01757812499999,9.31552162849873,6.36380952380953,6.74866388265751,2.03455363602073,2.01988809663271,0.784810174853935
"39",39,94,"gpx4b",879,3652.13482132852,4639.1637383672,1405.35703952607,1639.47757182032,901.389743755872,2678.14405607428,2485.94449514538,1444.18024631009,1302,197.993880935483,299.278478850822,84.5684602094633,65.8892439860134,40.1983024107156,101.415104075897,131.557245078066,98.3051129724707,16.5334476843911,18.9591329068941,4.97872340425532,4.84512683578104,3.9764201500536,9.35456931519923,23.9393382352941,29.3447098976108,6.98009188361407,7.06835937499999,5.32824427480916,12.3066666666667,14.1612350554991,10.0944347319748,9.77457004942906,6.49820159859791
"40",40,98,"txn2",1205,160.839426460624,152.867797268084,193.329539828983,240.432616071308,157.439502413424,175.833255970799,180.12368966887,33.0433283222856,1415,13.8807043917758,15.5243314221292,17.9230216240328,11.4336682020493,11.2109878738577,9.48068764306479,13.2422335261516,3.13277793443513,0.728130360205832,0.624733475479744,0.684903748733535,0.710547396528707,0.694533762057877,0.614173228346454,1.67830882352941,1.52218430034129,1.47932618683001,1.2265625,1.48600508905853,1.15047619047619,1.42381051503924,0.197491963346407,0.676170328558692,0.0464424510511829
"41",41,100,"cyp2k22",4059,4482.75963324443,9919.62440782207,9853.22875107687,5.24054555886352,7.77479024263825,11.3396738504867,4046.66130029923,4844.12240897359,1462,196.397523913428,493.489257258378,522.235289494464,0.145651824229927,0.42233173497409,0.470895081609178,202.19349155118,248.813385969847,20.2937392795884,40.5390902629708,34.9067882472138,0.0154873164218959,0.0342979635584138,0.0396086852779766,23.7463235294117,48.3873720136517,43.104134762634,0.0156249999999999,0.0559796437659034,0.0571428571428571,19.2277629677677,22.5608400370449,15.9715019591719,18.6719430970494
"42",42,102,"dnaja3a",2354,561.327703890259,534.776423890054,498.767333523294,1088.13603733437,1060.36800673815,996.456761789452,789.972044527597,285.255991859284,1486,32.1855982446762,43.2488380986446,36.0130279215815,45.6982598521397,53.1754048126467,39.0215057626806,41.5571057820616,7.48314383039392,2.54116638078903,2.18550106609808,1.76697061803445,3.21575433911883,4.6777420507324,3.48055356716773,3.89154411764705,4.24061433447097,2.97243491577335,4.90234374999999,7.04834605597964,4.7352380952381,4.63175354485152,1.36953172047652,2.97794800365675,1.04725169577725
"43",43,103,"hmox2b",9161,1.5155658559305,4.69559786830291,6.86377064481598,16.9865959494197,22.352521947585,13.9355028042125,11.0582591783778,8.00155320052774,1487,1.55074682142512,4.87310851815714,5.2692941420552,3.27716604517337,5.41352496648606,2.52713693796926,3.81849623854436,1.60402449484928,0.00686106346483706,0.0191897654584221,0.0243161094224924,0.050200267022697,0.0986066452304398,0.0486757337151036,0.1875,0.477815699658701,0.434915773353751,0.3515625,0.717557251908397,0.306666666666667,0.41266964859792,0.180758089791671,0.041308264052332,0.032805556660471
"44",44,104,"abca3b",7179,28.7957512626795,50.5211548422962,57.7700695938678,176.190755858343,217.046227606984,247.628419927796,129.658729848661,95.2079069056212,1489,3.04068004201004,5.55186291890046,7.64418727650261,7.88340498644482,12.5163768728685,8.91561354513378,7.59202094031003,3.19267140332046,0.130360205831904,0.206467661691542,0.204660587639311,0.520694259012018,0.957484816005716,0.864948699594366,0.36764705882353,0.544368600682592,0.630934150076569,0.845703124999999,1.65903307888041,1.08190476190476,0.854931795894644,0.465242222396053,0.480769371629143,0.360751837062891
"45",45,105,"cyp2k18",4825,26.2382338807968,41.3038701378497,20.6866420822926,96.0465505012401,82.6071463280314,85.6623554729535,58.7574664005273,33.1501802473432,1490,1.56595022163517,12.6178702702283,3.4510165859939,3.85977334209308,5.43272186353033,4.23805573448261,5.19423133632723,3.84878069485511,0.118782161234992,0.168798862828713,0.0732860520094563,0.283845126835781,0.364415862808147,0.299212598425196,0.189338235294118,1.23720136518771,0.284839203675344,0.4140625,0.720101781170483,0.514285714285715,0.559971466602228,0.379664436558033,0.218056777357048,0.11452136096117
"46",46,107,"cyp2k19",4943,358.336602061567,190.693446762746,164.158514588516,598.596798749497,322.005895882601,407.203589293681,340.165807889768,158.278965989396,1491,77.3853070691554,103.483940174866,68.0926390892344,50.7778672221584,42.0795983210547,39.4767043415695,63.5493427030063,24.5373183322817,1.62221269296741,0.779317697228143,0.581560283687945,1.76902536715621,1.42050732404431,1.42233357193987,9.35661764705882,10.1467576791809,5.62021439509953,5.44726562499999,5.57760814249363,4.7904761904762,6.82315661321818,2.30165486297022,1.26582615617065,0.476141136491928
"47",47,108,"cyp2k21",3070,26.4276796127881,39.9125818805748,13.155560402564,124.508134139895,58.3919142181477,88.6680521562151,58.5106537350308,41.7071701145647,1492,1.64196722268542,11.7128644025706,1.26166197767519,7.57389485995623,3.53222905614693,4.42641376712628,5.02483854769343,3.98544074173833,0.119639794168096,0.163113006396588,0.0466058763931106,0.36795727636849,0.257591997141837,0.309711286089238,0.198529411764706,1.14846416382253,0.104134762633997,0.8125,0.468193384223919,0.537142857142858,0.544827429931334,0.388867608650089,0.21076987275956,0.121832081403289
"48",48,110,"cyp2k16",1872,19.7970789930921,76.6947651822809,7.14976108834998,14.0952604686674,12.7960089410088,22.6793477009733,25.5353703957288,25.6498210668287,1493,0.973017613443211,4.47281746130852,0.90913877803065,0.327716604517337,0.556710014284027,0.612163606091932,1.30859401294595,1.56824432950815,0.0896226415094339,0.313432835820895,0.0253292806484296,0.0416555407209613,0.0564487316898894,0.0792173705559529,0.117647058823529,0.438566552901022,0.0750382848392035,0.03515625,0.0737913486005089,0.0742857142857143,0.13574753490833,0.150630228674111,0.10095106682426,0.106737304371281
"49",49,112,"cyp2k6",2125,0.189445731991312,0,0.0953301478446664,7753.11609163726,4585.10155819755,6928.13085491782,3211.10554677208,3667.85413074647,1494,0.0304068004201004,0.0348079179868367,0.0742154104514817,245.259465525169,173.386374103908,203.316799736123,103.68367824901,115.802364433683,0.00085763293310463,0,0.000337723741979061,22.9126835781042,20.2268667381208,24.1994750656168,0.0036764705882353,0.00341296928327643,0.00612557427258805,26.310546875,22.9821882951654,24.672380952381,12.3297218561151,13.542673694274,11.2233701230861,12.3608056337306
"50",50,117,"dnajc7",3756,151.746031325041,146.520044594267,150.430973298884,358.254536911963,465.839515371408,348.11432495229,270.150904408975,138.399236151789,1582,9.13724352624016,14.3582661695702,13.1361276499123,17.3143606053326,26.702883788589,14.5349615190033,15.8639738764413,5.93816580320318,0.686963979416809,0.598791755508173,0.53292806484296,1.05874499332443,2.05501964987496,1.21593891672632,1.10477941176471,1.40784982935154,1.08422664624809,1.857421875,3.53944020356234,1.76380952380952,1.79292124828936,0.91426511563078,1.02473122661561,0.572117653711637
"51",51,121,"nfe2l1a",4448,16.2923329512529,68.5209466707907,43.6612077128572,144.386065570067,94.593281285432,100.759150177517,78.0354973946529,45.3370914869049,1655,3.13190044327034,15.2110601602476,9.23981860120947,9.50378153100276,8.65780056696884,5.8077060065132,8.59201121820204,4.06527445151623,0.0737564322469985,0.28002842928216,0.15467747382641,0.426702269692923,0.417291889960701,0.351944643283225,0.378676470588236,1.4914675767918,0.762633996937212,1.01953125,1.14758269720102,0.704761904761905,0.917442316046695,0.387906935923915,0.28406685638207,0.144006638991703
"52",52,124,"hmox1a",1413,16.2923329512529,122.520322156274,26.1204605094386,142.578980894597,223.201269882406,857.648224053375,231.393598407891,316.357080685276,1690,1.26188221743416,9.85064079027479,2.11513919786723,8.30215398110586,12.6507551521784,40.889389586397,12.5116601542096,14.5928817787574,0.0737564322469985,0.500710732054014,0.0925363053022628,0.421361815754339,0.984637370489461,2.99570508231925,0.152573529411764,0.965870307167231,0.174578866768759,0.890624999999999,1.67684478371501,4.96190476190476,1.47039954149459,1.80220604974083,0.844784623027721,1.10490301219971
"53",53,127,"naa60",1564,47.3614329978281,38.6082491393795,28.7897046490892,76.4396817723886,75.5612426706405,83.4080829605074,58.3613990316389,22.959384120482,1722,3.74003645167234,5.04714810809133,2.89440100760778,4.04183812238049,4.5496645994936,4.7403438215324,4.16890535179632,0.783232507755694,0.214408233276158,0.157782515991471,0.101992570077676,0.225901201602136,0.333333333333334,0.291338582677165,0.452205882352941,0.494880546075084,0.238897396630933,0.43359375,0.603053435114504,0.575238095238096,0.466311517568593,0.129896993335555,0.22079273949299,0.0846081888189027
"54",54,130,"sult3st1",4264,303.776231248069,146.259178046028,62.7272372817905,551.251180252179,309.857786128478,592.327180467289,327.699798903972,211.671775631497,1734,20.7982514873486,31.1704905572123,6.15987906747298,27.054826350709,22.191612983184,29.9960166985047,22.8951795240719,9.1778833881965,1.37521440823328,0.59772565742715,0.222222222222222,1.62910547396529,1.36691675598428,2.06895728942973,2.51470588235293,3.05631399317405,0.508422664624808,2.90234375,2.94147582697201,3.64000000000001,2.59387701952063,1.08439714449619,1.21002363454366,0.680582176942903
"55",55,133,"hsd17b14",2117,89.1342169019125,69.9122349280656,87.8943963127824,71.7412616161662,81.2303605558975,60.2505562417424,76.6938377594278,11.3286825243342,1744,11.6762113613185,10.5816070679984,12.319758134946,4.58803246324271,6.89168603889537,4.26944873992322,8.38779063438736,3.5978921864523,0.403516295025729,0.285714285714285,0.311381290104695,0.212016021361816,0.358342265094677,0.210450966356478,1.41176470588235,1.03754266211604,1.01684532924962,0.492187499999999,0.913486005089059,0.518095238095238,0.898320240072051,0.348367953219241,0.296903520609613,0.0776604654185569
"56",56,136,"aldh16a1",3631,309.459603207809,311.387703081347,133.366876834688,547.727365135012,739.414947034241,469.161927741822,418.419737172487,213.033545531829,1779,17.1342320367265,17.3865550344249,7.75551039217983,17.077676390959,28.4498014196182,13.3420273122601,16.8576337643614,6.78219982937356,1.40094339622642,1.27256574271499,0.472475515028706,1.61869158878505,3.26187924258664,1.63874970174182,2.07169117647058,1.70477815699658,0.64012251148545,1.83203125,3.77099236641221,1.61904761904763,1.93977718006874,1.02269778491166,1.61088419784727,0.914454036657885
"57",57,137,"fthl27",889,850.042999445019,1419.98357758123,740.905909048747,1200.53670414861,753.101817357219,1136.6998365789,1016.87847402662,277.183796687406,1780,106.271767468251,195.568287209042,99.7640654994042,111.714949184354,79.2255941017304,94.2888918408778,114.472259217277,41.2733406994038,3.84819897084049,5.80312722103765,2.62478892266126,3.54793057409879,3.3222579492676,3.9704127893104,12.8492647058824,19.1757679180886,8.23430321592648,11.984375,10.5012722646311,11.4419047619048,12.3644813110722,3.69199641191477,3.8527860712027,1.06771359887812
"58",58,139,"fthl31",883,42.2463982340627,29.9126975314112,40.8013032775172,19.6068687288515,16.6834040623279,18.3757365408489,27.9377347291699,11.5030849913565,1781,3.58800244957184,3.56781159365076,3.80353978563843,1.34727937412683,1.11342002856805,1.3185062285057,2.45642657667694,1.31598567118343,0.191252144082333,0.122245913290689,0.144545761567038,0.057943925233645,0.0735977134690962,0.0641851586733476,0.433823529411764,0.349829351535834,0.313935681470137,0.14453125,0.147582697201017,0.16,0.258283751603125,0.124214329812595,0.108961769386025,0.0530523825784364
"59",59,142,"hsd3b7",4524,2032.84742713278,1858.67415620324,1083.9991111417,680.27702608075,432.391719848392,1679.91120079017,1294.6834401995,659.818485051793,1805,100.646509390532,112.272939466542,58.6301742566705,22.7034781018399,16.989253884185,55.7068881543658,61.1582072090225,39.084043602213,9.20283018867927,7.59594882729211,3.8402566700439,2.01041388518024,1.90746695248303,5.86781197804819,12.1691176470588,11.0085324232082,4.83920367534455,2.43554687499999,2.25190839694657,6.76,6.57738483625968,4.23843685656067,5.07078808362112,2.99907166305261
"60",60,143,"rarab",5306,3.031131711861,8.78250712404804,7.81707212326264,75.084368265786,72.0787845411254,55.4004547755704,37.0323864236089,34.121151417243,1820,0.973017613443211,2.48876613605883,2.91295486022066,5.26167215030613,7.21803328864808,4.55198578888873,3.90107163959427,2.22807717756143,0.0137221269296741,0.0358919687277896,0.027693346842283,0.221895861148198,0.317970703822794,0.193509902171319,0.117647058823529,0.244027303754266,0.240428790199081,0.564453125,0.95674300254453,0.552380952380953,0.445946705450393,0.308893053908668,0.135113984940343,0.126884153470652
"61",61,145,"aldh3b1",1943,8.71450367160037,5.56515302909975,2.47858384396133,74.0001174605039,69.6491625903009,65.9887044552417,37.732704175118,35.3611296299458,1833,0.334474804621104,0.417695015842041,0.111323115677222,2.43966805585128,2.80274696846441,2.13472436996161,1.37343872173628,1.21203553997132,0.0394511149228131,0.0227434257285003,0.00878081729145561,0.218691588785047,0.30725259021079,0.230493915533285,0.0404411764705882,0.0409556313993173,0.00918836140888203,0.261718749999999,0.371501272264631,0.259047619047619,0.163808801765173,0.152323934822216,0.137902242078648,0.129155872268628
"62",62,146,"clpp",1182,350.474604183928,202.954174529982,332.892876273575,475.805395051299,364.68625481875,387.734872140737,352.424696166378,88.7092812399904,1834,17.7575714453386,11.4344010586759,22.1718538723801,17.077676390959,13.8985534600564,12.7141672034478,15.8423705718096,3.95602351387054,1.58662092624357,0.829424307036248,1.17933130699088,1.40614152202938,1.60878885316185,1.35433070866141,2.14705882352941,1.12116040955631,1.83001531393567,1.83203125,1.84223918575064,1.54285714285714,1.7192270209382,0.349845934520882,1.32743960402056,0.290931189413616
"63",63,147,"thraa",5411,90.9339513558299,35.999583656989,86.9410948343357,188.930702820407,148.449901195374,168.455636839157,119.951811783682,58.1421874692411,1846,6.96315729620298,6.71792817145949,15.9748670996814,10.2684536082099,13.2074651664624,9.33941911858204,10.411881743433,3.61861392705674,0.411663807890223,0.147121535181236,0.308004052684904,0.558344459279038,0.654876741693463,0.588403722261987,0.841911764705882,0.658703071672353,1.31852986217457,1.1015625,1.75063613231552,1.13333333333333,1.13411277736694,0.381199857430305,0.444735719831809,0.192909405025051
"64",64,151,"abcc1",7189,6.72532348569159,15.9998149586618,16.2061251335933,334.401019195757,140.027211765849,252.888389123504,127.707980610509,140.065764342625,1882,0.456102006301505,1.02683358061168,1.3173235355138,10.6689961248422,5.45191876057461,8.83713103153225,4.62638417322934,4.38686575545854,0.0304459691252144,0.0653873489694385,0.0574130361364405,0.988251001335115,0.61772061450518,0.883321403006441,0.0551470588235293,0.100682593856655,0.108728943338438,1.14453125,0.72264631043257,1.07238095238095,0.534019518138691,0.509138384064972,0.440423228846305,0.443427219811545
"65",65,153,"abcc6b.2",8282,60.7173571032156,14.4346156692275,91.3262816351904,29.3651259763904,16.9263662574103,30.9450135799425,40.6191267035628,29.8072841406909,1884,3.08629024264019,1.11385337557878,4.84255553195918,0.600813774948451,0.47992242610692,0.769128633294991,1.81542733075475,1.7677332438186,0.274871355060035,0.0589907604832978,0.323539344815941,0.0867823765020026,0.0746695248302964,0.108088761632068,0.373161764705883,0.109215017064846,0.39969372128637,0.064453125,0.0636132315521629,0.0933333333333333,0.183911698823766,0.158052886910081,0.154490353887273,0.114278748535716
"66",66,157,"cyp3c4",2312,35.6157976143667,39.3908487840967,71.6882711791891,140.681541985354,24.7011565000486,34.4288892809957,57.7510842240084,43.6692057700818,1945,1.42911961974472,3.44598388069684,3.72932437518695,4.16928346858167,0.53751311723975,1.33420273122601,2.44090453211266,1.51847952901584,0.161234991423671,0.160980810234541,0.253968253968254,0.415754339118827,0.10896748838871,0.120257695060845,0.172794117647059,0.337883959044368,0.307810107197549,0.447265625,0.0712468193384224,0.161904761904762,0.249817565022027,0.138313661439932,0.203527263032475,0.115809182887305
"67",67,158,"cyp3c3",2395,19.5129103951052,102.172731393628,232.033579853918,53.2186436925968,22.6764715410282,43.3093567542684,78.8206156050908,80.753468045221,1946,2.15888282982712,22.2770675115755,19.611422211804,2.03912553921898,1.09422313152378,4.83452283785423,8.66920734363394,9.62635367781951,0.0883361921097772,0.417555081734185,0.822019587977035,0.157276368491322,0.100035727045373,0.151276544977332,0.261029411764705,2.18430034129692,1.61868300153139,0.218749999999999,0.145038167938932,0.586666666666667,0.835744598199769,0.858101416402401,0.289416583722504,0.287376956058204
"68",68,159,"cyp3c2",2152,23.3018250349314,33.5648292067579,22.7839053348753,128.75478312725,82.3641841329489,124.189922049306,69.1599081476783,49.5477780059175,1947,1.15545841596381,1.25308504752612,0.612277136224724,3.45923082546078,2.55318730688881,2.96663901413782,1.99997962436701,1.14600776259851,0.10548885077187,0.137171286425018,0.0807159743329958,0.380507343124165,0.363344051446946,0.433786685755189,0.139705882352941,0.122866894197952,0.0505359877488514,0.37109375,0.338422391857506,0.36,0.230437484359542,0.141703616554773,0.250169031976031,0.158699267321565
"69",69,160,"cyp3c1",1881,2710.40008759971,2284.75618499369,5254.97906978939,9300.7937619437,3066.1019145421,3366.2436626764,4330.5457802575,2641.84654752294,1948,135.006193865246,126.666013554099,261.961845041117,278.413462015506,113.06972359079,95.0894134796134,168.367775257729,80.1866920852158,12.270154373928,9.33724235963042,18.6166835528538,27.4865153538051,13.5259021078957,11.7580529706514,16.3235294117647,12.419795221843,21.6217457886676,29.8671875,14.9872773536895,11.5390476190476,17.7930971491687,6.90593905840046,15.4990917864607,6.62874009607822
"70",70,162,"mafk",4664,0.568337195973937,0.869555160796836,0.762641182757331,4.69842015622247,1.6197479672163,0.956358035583214,1.57917661642501,1.56916017910063,1960,0.714559809872358,1.705587981355,2.05947764002862,1.56575711047172,1.40137348423221,0.65925311425285,1.35100152336879,0.558551909295895,0.0025728987993139,0.00355366027007818,0.00270178993583249,0.0138851802403204,0.00714540907466953,0.0033404915294679,0.0863970588235293,0.167235494880545,0.169984686064319,0.16796875,0.185750636132316,0.0800000000000001,0.142889437650118,0.0467747954907398,0.00553323830828041,0.00442406162153466
"71",71,164,"slc16a5b",5399,2.65224024787837,1.73911032159367,2.47858384396133,21.5043076380952,30.4512617836665,13.7988802277006,12.1040640104826,11.97727643703,2003,0.456102006301505,0.330675220874949,0.259753936580186,0.98314981355201,1.80450832216202,1.00457617409958,0.806460912261708,0.585590157293277,0.0120068610634648,0.00710732054015634,0.00878081729145561,0.0635514018691591,0.134333690603787,0.0481985206394653,0.0551470588235293,0.0324232081911262,0.0214395099540582,0.10546875,0.239185750636132,0.121904761904762,0.0959281732516013,0.0806635978394405,0.0456631020012481,0.0493325180109588
"72",72,165,"dnajb1a",2988,35.2369061503841,26.7822989525426,34.8908341111479,43.9121576139254,45.0289934886132,34.7021344340195,36.7588874584388,6.76952774272377,2009,2.37173043276783,1.705587981355,2.18935460831871,2.38504862176506,2.11165867487045,1.89927682915702,2.11044285803901,0.267733683966222,0.159519725557462,0.109452736318408,0.123606889564336,0.12977303070761,0.198642372275813,0.121212121212121,0.286764705882353,0.167235494880545,0.180704441041347,0.255859375,0.279898218829517,0.230476190476191,0.233489737684992,0.0503534779936884,0.140367812605958,0.0331016026008988
"73",73,174,"dnajc2",2042,4.5466975677915,41.9995142664872,24.5951781439239,147.819526453461,134.925005669118,76.5086428466571,71.7324274912397,59.0343112242086,2220,0.425695205881405,1.77520381732867,1.78116985083556,5.88069240328332,5.77826601032732,2.62131595429109,3.04372387365789,2.26988103145532,0.0205831903945112,0.171641791044776,0.0871327254305977,0.436849132176236,0.595212575919973,0.267239322357432,0.0514705882352941,0.174061433447098,0.147013782542113,0.630859375,0.765903307888041,0.318095238095238,0.347900620867964,0.287793889052737,0.263109789553921,0.218471117576977
"74",74,178,"aldh1l2",4609,2.27334878389575,3.13039857886861,12.7742398111853,34.1539003663864,40.8176487738508,14.2087479572363,17.8930473785705,16.0725836500149,2318,0.486508806721606,0.730966277723571,1.48430820902963,1.49293119835676,1.45896417536504,0.612163606091932,1.04430704554809,0.482260189926603,0.0102915951972556,0.0127931769722814,0.0452549814251942,0.100934579439252,0.180064308681672,0.0496301598663802,0.0588235294117647,0.0716723549488052,0.122511485451761,0.16015625,0.193384223918576,0.0742857142857143,0.113472259669437,0.0546192743976407,0.0664948002636727,0.0645946472021613
"75",75,179,"hspa14",2242,271.665179675542,218.693122940404,133.080886391154,716.780136525247,651.8675694062,670.95347324988,443.840061364738,263.157302458236,2332,17.1798422373567,19.3532024006812,10.3530497579817,29.4580814505028,29.8511749038504,25.396941401455,21.9320486919713,7.67680065164008,1.22984562607204,0.89374555792466,0.471462343802769,2.11829105473965,2.87566988210075,2.34359341445955,2.07720588235294,1.8976109215017,0.854517611026033,3.16015625,3.95674300254453,3.08190476190476,2.50468973822166,1.10865931648734,1.65543464651657,0.931650070604569
"76",76,181,"hsp90b1",2720,2124.06554708659,2121.97545889252,10840.9444128955,7164.91002977172,3798.38997052059,4195.06452308577,5040.89165704211,3389.37299002216,2340,106.925513677283,125.378120588586,643.354839351282,249.15565182332,156.454710910856,131.787836839689,235.509445531836,206.007108443617,9.61578044596911,8.67199715707178,38.405943937859,21.1743658210948,16.7563415505538,14.653066094011,12.9283088235294,12.2935153583617,53.1010719754976,26.728515625,20.7379134860051,15.992380952381,23.6302843701292,15.4135287923679,18.2129158344266,10.9202799865543
"77",77,182,"mgst1.1",4435,70.6632580327595,105.303129972497,114.777498004978,113.123500684433,71.9168097444038,48.0228356439285,87.3011720138334,27.5757071726391,2379,15.9939770209728,33.8681042011921,30.3169951694303,12.58067631786,9.0993291989872,6.87506819149401,18.1223583499894,11.3118921261201,0.319897084048028,0.430348258706468,0.406619385342789,0.334312416555407,0.317256162915328,0.167740396086853,1.93382352941177,3.32081911262797,2.50229709035222,1.349609375,1.20610687022901,0.834285714285715,1.85782361531778,0.926512184146021,0.329362283942478,0.0922487001947225
"78",78,183,"mgst1.2",2149,4620.6761261341,4938.46462471347,4831.04590232416,8523.92805995907,3337.08574945738,4552.12762679958,5133.88801489796,1757.98777735902,2380,254.58093651729,303.124753788368,278.511881571798,317.957932293932,155.648441234996,160.873456380416,245.116233631133,70.6782608333942,20.9180960548885,20.182302771855,17.1148260722729,25.1906542056075,14.7213290460879,15.9002624671916,30.78125,29.7218430034129,22.9877488514548,34.109375,20.6310432569974,19.5219047619048,26.2921941456283,6.03037704769309,19.0045784363172,3.86963266171301
"79",79,185,"abcc9",5739,7.95672074363512,15.4780818621837,23.4512163697879,70.6570108108841,41.4655479607373,47.9545243556726,34.4938503504834,23.3466355217636,2411,0.304068004201003,0.452502933828877,0.853477220192039,1.56575711047172,0.883057264036733,1.24002371490417,0.88314770793909,0.472225507897735,0.0360205831903945,0.0632551528073916,0.083080040526849,0.208811748998665,0.18292247231154,0.167501789549034,0.0367647058823529,0.0443686006825936,0.0704441041347625,0.16796875,0.11704834605598,0.150476190476191,0.0978451162053132,0.0554932207253081,0.123598631230646,0.0716394960200685
"80",80,186,"akr1b1.1",2607,1075.48342051468,695.904995185708,240.231972568559,101.829221462745,129.984774369108,177.131170447662,403.427592424744,395.165155409346,2415,52.6341715271937,38.2539018675336,11.7631425565598,4.29672881478286,6.21979464234568,5.99606403915687,19.8606339079288,20.4866804327333,4.86878216123499,2.84399431414356,0.851063829787233,0.300934579439254,0.573419078242229,0.618706752565018,6.36397058823529,3.75085324232081,0.970903522205202,0.4609375,0.82442748091603,0.727619047619048,2.1831185635494,2.38063894349197,1.67615011923538,1.81454935494191
"81",81,187,"akr1b1.2",1615,111.2046446789,62.9557936416909,35.6534752939052,110.774290606322,70.2160743788267,145.84460042644,89.4414798376809,40.1853042603335,2416,7.84495450838589,6.78754400743316,1.92960067173852,5.04319441396124,4.95279943742341,6.81228218061278,5.56172920325917,2.102933852226,0.503430531732417,0.25728500355366,0.126308679500169,0.327369826435247,0.309753483386925,0.509424958243855,0.948529411764705,0.665529010238905,0.159264931087289,0.541015625,0.65648854961832,0.826666666666667,0.632915699062648,0.272602800447331,0.338928747142045,0.147639827843126
"82",82,190,"dnajb9b",1106,22.3545963749749,6.08688612557785,104.672502333444,48.2491608350538,11.824160160679,10.3833158149035,33.9284369407721,37.8467526722681,2464,0.942610813023111,1.0442375396051,6.4567407092789,2.73097170431114,0.595103808372581,0.674949616973156,2.07410236526067,2.28582396606863,0.101200686106347,0.0248756218905472,0.37082066869301,0.142590120160214,0.0521614862450876,0.0362681937485088,0.113970588235294,0.102389078498293,0.53292496171516,0.29296875,0.078880407124682,0.081904761904762,0.200506424579698,0.181673373139005,0.121319462807286,0.129943077014559
"83",83,191,"pparaa",5665,23.680716498914,90.2598256907116,74.1668550231504,109.057560164625,90.5439113673912,103.218356554731,81.8212042165873,30.9381917362867,2475,3.67922285083214,25.2183365814632,20.8359764842535,8.92117423408305,9.36808575760708,9.65334917298816,12.9460241802045,8.22894130566202,0.107204116638079,0.368869936034115,0.26274907125971,0.322296395193591,0.399428367274027,0.360534478644714,0.44485294117647,2.47269624573378,1.7197549770291,0.957031249999999,1.24173027989822,1.17142857142857,1.33458237754436,0.694703549536895,0.303513727507372,0.107027498614963
"84",84,197,"slco1d1",3268,7883.40524535448,6274.01439618133,6831.26306440095,7055.31034420445,6927.9050179792,7166.74218479583,7023.10670881937,523.218584293683,2682,494.201727227891,468.671211733763,551.531822770186,253.852923154735,300.412241845888,237.221245611984,384.315195390741,136.271147347239,35.688679245283,25.6403695806681,24.2009456264776,20.8504672897196,30.5619864237228,25.032927702219,59.7536764705882,45.9539249146756,45.5222052067381,27.232421875,39.8193384223919,28.7866666666667,41.1780389260101,12.1376075591565,26.995895978015,5.28299573149236
"85",85,200,"hspa5",2340,788.852028011825,441.820977200872,10612.7240389553,4415.97282144648,1053.07914088568,1055.68264870736,3061.35527586792,3973.41881925406,2774,41.3836553717566,26.001514736167,567.339705196352,149.984966000768,39.0848823821476,34.4381269683512,143.03880844259,212.937326514116,3.57118353344769,1.80561478322672,37.5974332995609,13.0504672897196,4.64558770989641,3.68742543545694,5.00367647058824,2.5494880546075,46.8269525267994,16.08984375,5.18066157760815,4.17904761904761,13.3049449997751,17.1193314537172,10.7262853418847,13.7459426149621
"86",86,204,"hspb1",943,36.373580542332,59.1297509341848,48.2370548094012,76.8010987074827,49.7262625935404,86.8919586615605,59.5266177080836,19.0104781809822,2791,2.52376443486833,4.59464517426245,3.52523199644538,3.78694742997811,2.38041523349032,3.65728513383129,3.41138156714598,0.832508104495748,0.164665523156089,0.241648898365316,0.170888213441405,0.226969292389853,0.219364058592355,0.303507516105941,0.305147058823529,0.45051194539249,0.290964777947932,0.406249999999999,0.315521628498727,0.443809523809524,0.368700822412034,0.0730127629211916,0.221173917008493,0.0509053217732964
"87",87,205,"prdx4",1135,1777.2851346765,1604.5901382184,1168.65228242777,4046.5143595466,3061.40464543717,4407.92249729129,2677.72817626629,1360.44761826826,2801,61.7866184536439,55.7970925328993,41.9317069050871,106.052734517416,92.4906499593256,104.114902543789,77.0289508186935,27.3131103094676,8.04588336192112,6.55756929637525,4.14015535292133,11.958611481976,13.5051804215792,15.3965640658554,7.47058823529411,5.47098976109213,3.46094946401224,11.376953125,12.2595419847328,12.6342857142857,8.7788847140695,3.86427989142285,9.93399399677137,4.36407818352582
"88",88,208,"ugt2b1",3412,104.858212657191,129.563718958729,90.8496308959671,181.250592949659,209.109462567624,166.064741750199,146.949393296562,46.1019642903194,2838,8.62032791909845,8.44092011180791,4.41581692186316,5.62580171088095,8.25466572903902,4.33223475080444,6.61496119058232,2.05279149750104,0.474699828473412,0.52949538024165,0.321850726106046,0.535647530040054,0.922472311539835,0.580052493438318,1.04227941176471,0.827645051194536,0.364471669218989,0.603515625,1.0941475826972,0.525714285714286,0.74296227093162,0.293254236796947,0.560703044973219,0.198645455035424
"89",89,211,"ugt2b5",1683,30.8796543145839,55.2167527105991,54.9101651585278,56.7424588097637,82.3641841329489,50.0721742916068,55.0308982363384,16.4800400605834,2840,1.44432301995477,2.43655425907857,2.26357001877019,2.13015792936269,2.57238420393309,1.8521873209961,2.11652945868257,0.413222541781942,0.139794168096055,0.225657427149964,0.194528875379939,0.167690253671562,0.363344051446946,0.174898592221427,0.174632352941177,0.238907849829351,0.186830015313935,0.228515625,0.340966921119593,0.224761904761905,0.232435778160993,0.05884942516174,0.210985561327649,0.0799301734579446
"90",90,212,"ugt2b6",1952,75.1152327345554,96.6945338806082,42.6125760865659,203.477734457942,175.985616638051,221.601819102282,135.914585483334,74.0983229800797,2841,3.16230724369044,4.12473828144015,2.04092378741575,5.48014988665102,5.49031255466316,5.28972141674311,4.2646921951006,1.4289963737537,0.340051457975987,0.395167022032693,0.150962512664641,0.601335113484646,0.776348695962845,0.774039608685278,0.382352941176471,0.404436860068258,0.168453292496172,0.587890625,0.727735368956743,0.641904761904763,0.485462308267068,0.205598355160026,0.506317401801015,0.252941223864787
"91",91,214,"gstt2",1457,181.678456979669,129.12894137833,222.119244478073,227.511960641696,183.84139427905,223.99271419124,194.71211865801,38.1406229157805,2847,20.1901154789466,28.1073937743707,41.4678605897654,12.5442633618025,11.6909102999646,12.2589686245589,21.0432520215681,11.8714558041006,0.822469982847344,0.527718550106609,0.786896318811214,0.672363150867825,0.811003929974991,0.782390837508947,2.44117647058823,2.75597269624573,3.42266462480857,1.345703125,1.54961832061069,1.48761904761904,2.16712571414538,0.838570486304752,0.733807128352822,0.114234102911019
"92",92,215,"hspb8",3074,136.969264229719,56.8689075161131,77.2174197541798,111.135707541416,121.319122744501,130.337937992341,105.641393296378,31.7931160722608,2893,20.9958956900793,14.5845176364846,15.9563132470686,11.7795912845954,14.3784758861633,10.2341197736395,14.6548189196718,3.73614680461761,0.62006861063465,0.232409381663113,0.27355623100304,0.328437917222964,0.535191139692748,0.455261274158912,2.53860294117647,1.43003412969283,1.31699846860643,1.263671875,1.9058524173028,1.24190476190476,1.61617743228055,0.514446886960512,0.407487425729238,0.154026004661249
"93",93,216,"slc39a14",2385,14.5873213633311,27.8257651454987,22.4979148913413,55.6582080044816,55.0714308853542,59.4308207826711,39.1785768454463,19.7290400175618,2898,1.00342441386331,1.65337610437474,1.46575435641676,1.65678950061542,2.55318730688881,2.35447540804589,1.78116784836749,0.576344831912478,0.0660377358490569,0.113717128642501,0.0797028031070586,0.164485981308411,0.242943908538764,0.207587687902648,0.121323529411764,0.16211604095563,0.120980091883614,0.177734374999999,0.338422391857506,0.285714285714286,0.201048452470467,0.0904059590292873,0.14574587422474,0.0712235558176292
"94",94,218,"npas2",8336,0.947228659956562,5.21733096478102,5.14782798361199,27.9194582360143,31.990022352522,30.6034571386628,16.9708875559248,14.6012399337144,2972,0.516915607141706,4.24656599439408,0.797815662353428,2.67635227022492,4.47287701131649,3.06081803045966,2.62855742931505,1.67446986319802,0.00428816466552316,0.0213219616204691,0.0182370820668693,0.082510013351135,0.141121829224724,0.106895728942973,0.0625,0.416382252559725,0.0658499234303215,0.287109375,0.592875318066157,0.371428571428572,0.299357573414129,0.207759005464756,0.0623957966452821,0.0558500900358213
"95",95,221,"abca2",9940,2.84168597986969,12.3476832833151,2.09726325258266,15.3602197414965,8.74663902296803,21.5863670888782,10.4966430615184,7.51362988520625,3027,0.334474804621104,1.58376026840107,0.371077052257408,0.801085033264601,0.499119323151197,1.36559573666662,0.825852036393666,0.533176835688931,0.0128644939965695,0.0504619758351102,0.00742992232353935,0.0453938584779706,0.0385852090032155,0.0753996659508468,0.0404411764705882,0.155290102389078,0.0306278713629402,0.0859375,0.0661577608142494,0.165714285714286,0.090694782791857,0.0575476100573936,0.038355854264542,0.0251976625319384
"96",96,222,"cyp1d1",2271,227.808492719553,647.644683761484,371.882906742044,363.766145172147,442.839094236937,358.634263343705,402.095930995978,138.997282237833,3031,14.6256710020683,51.3416790305842,34.1205349550687,13.3999678291533,20.9822084693945,13.8600119020302,24.7216788647165,15.2251953565082,1.03130360205832,2.64676616915423,1.31746031746032,1.07503337783712,1.95355484101465,1.25268432355046,1.76838235294118,5.03412969283275,2.81623277182235,1.4375,2.78117048346056,1.68190476190477,2.58655334382693,1.33336978134025,1.54613377184585,0.632893895374502
"97",97,223,"abcb9",3243,6.062263423722,40.6082260092122,2.85990443533999,33.3407122624248,9.88046260001944,43.2410454660124,22.6654356994552,18.388262052115,3073,0.243254403360803,2.61059384901275,0.296861641805927,0.837497989322083,0.42233173497409,1.28711322306509,0.949608806923457,0.904255040570697,0.0274442538593482,0.165955934612651,0.0101317122593718,0.0985313751668892,0.0435869953554842,0.151037938439513,0.0294117647058824,0.255972696245732,0.0245022970903522,0.08984375,0.0559796437659034,0.156190476190477,0.101983437999724,0.0896490833355187,0.0827813682822095,0.0658807987091352
"98",98,231,"ar",8433,32.2057744385231,100.433621072035,104.958492776978,734.579920578629,930.302244970683,532.554803243338,405.839142846697,380.155887848113,3186,7.14559809872358,45.4069290138285,42.3398916625703,56.9316567958729,98.4224911460071,43.5734915515693,48.9700097114286,29.4753916640056,0.145797598627787,0.410447761194031,0.371833839918948,2.17089452603472,4.10396570203645,1.86017656883798,0.863970588235293,4.45221843003411,3.49464012251148,6.107421875,13.0458015267176,5.28761904761905,5.54194526501958,4.09767530230443,1.51051933277499,1.5266661177045
"99",99,233,"hsd20b2",2523,82.6930620142079,132.085428925039,224.883818765568,300.427827296918,144.805468269137,254.117992312111,189.835599597164,82.9862191058531,3233,9.63895573317181,15.9072185199844,27.4225941618225,15.0567573297687,9.73282680144834,12.8083462197697,15.0944497943276,6.57846248589699,0.374356775300172,0.539800995024873,0.796690307328606,0.887850467289722,0.638799571275455,0.887616320687185,1.16544117647059,1.55972696245733,2.26339969372129,1.61523437499999,1.29007633587786,1.55428571428572,1.5746940429688,0.380813511631345,0.687519072817669,0.207053026823793
"100",100,234,"akr1a1a",1086,1055.11800432561,1225.29017707882,832.518181127472,675.307543223206,432.715669441835,659.887044552417,813.472769958228,288.445106842679,3274,40.3802309578933,55.4490133530309,36.5696434999676,23.0676076624148,16.0294090319711,19.1026438106123,31.766424719315,15.1117702523638,4.77658662092623,5.00746268656715,2.94934143870314,1.99572763684913,1.90889603429797,2.30493915533285,4.88235294117647,5.43686006825936,3.01837672281776,2.474609375,2.12468193384224,2.31809523809523,3.37582937986518,1.42419114481474,3.15715892877941,1.39446904571054
"101",101,236,"slc30a5",2694,547.687611186884,387.734646199309,476.841399519021,702.594521822806,334.234993035084,434.664727172571,480.626316489279,131.113063198468,3378,18.5025380556311,13.2096048760045,16.7726827620349,14.9111055055388,11.0190189034149,9.84170720563183,14.0427762180427,3.33413031444369,2.47941680960549,1.58457711442786,1.68929415737926,2.07636849132176,1.47445516255806,1.51825340014316,2.23713235294118,1.2952218430034,1.3843797856049,1.599609375,1.46055979643766,1.19428571428571,1.52853147787881,0.37382368669396,1.8037275225726,0.395455880865965
"102",102,237,"slc31a1",4270,281.895249203073,126.607231412019,310.966942269302,646.755605350778,574.929540963426,485.966504652784,404.52017897523,197.674249377098,3398,141.513249155147,125.064849326704,270.403847979973,122.493184177369,146.203567889212,92.5622765416442,149.706829178342,62.0652680364044,1.27615780445969,0.517412935323381,1.1016548463357,1.9113484646195,2.53626295105395,1.69744691004533,17.110294117647,12.2627986348122,22.3185298621745,13.140625,19.3791348600509,11.232380952381,15.9072939045109,4.41353484966971,1.50671398530626,0.700860158574891
"103",103,242,"aldh2.1",3800,832.803437833809,1044.68357018132,1765.13301749184,955.767084856179,950.711069357608,1031.29551879998,1096.73228308679,336.036425917301,3540,45.5493870293103,60.4961614611222,98.8363728687607,32.8808993199061,37.3187678540741,35.5682751642133,51.7749772828978,25.1325181732772,3.77015437392796,4.26936744847193,6.25329280648429,2.82456608811749,4.19399785637728,3.60224290145548,5.50735294117646,5.93174061433445,8.15773353751913,3.52734375,4.94656488549619,4.31619047619048,5.39782103411945,1.59915142679768,4.15227024580574,1.15248337933812
"104",104,243,"aldh2.2",1940,1891.42618820126,2546.84011045785,1735.77133195569,1619.59964039015,1639.02296802618,1855.81276804923,1881.41216784673,344.110311813877,3541,100.312034585911,149.273756286549,103.530497579817,57.1865474882753,63.1002005845378,60.7768585330246,89.0299825096858,35.9206316044603,8.56260720411663,10.408315565032,6.14927389395476,4.78638184245662,7.23043944265812,6.48222381293248,12.1286764705882,14.636518771331,8.54517611026033,6.134765625,8.36386768447837,7.37523809523809,9.53070712614933,3.20406018542351,7.26987362685843,1.97820122282307
"105",105,244,"ugt2a5",4091,204.127776220639,222.953943228309,166.637098432477,135.260287958943,95.2411804723185,106.975477408808,155.199293953582,51.8335568160757,3553,9.66936253359191,12.2175792133797,6.23409447792446,3.95080573223678,3.57062285023548,4.17526972360138,6.63628908849495,3.55468257772153,0.924099485420241,0.911158493248045,0.5903411009794,0.399732977303071,0.420150053590569,0.373657838224767,1.16911764705882,1.19795221843003,0.514548238897396,0.423828125,0.473282442748091,0.506666666666667,0.714232556466834,0.365035415657448,0.603189991461015,0.255176793704943
"106",106,245,"ugt2a1",2126,709.853157771448,270.257743975657,305.056473102932,512.39885972957,501.473970650167,514.930490873305,468.99511601718,160.893652823181,3556,30.8476990261918,10.9296862478667,10.7983422206906,16.0581136213495,19.9263791319593,14.2053349618769,17.1275925349891,7.539646608438,3.21355060034306,1.1044776119403,1.08071597433299,1.51428571428572,2.21221864951769,1.79861608208065,3.7297794117647,1.0716723549488,0.891271056661562,1.72265625,2.6412213740458,1.72380952380953,1.96340166187173,1.06202992942203,1.82064410541673,0.806008425560391
"107",107,246,"ugt2a2",2108,7.38838354766118,14.3476601531478,13.441550846098,50.056245510524,37.4971654410574,40.8501503770544,27.2635259792571,17.6732547997695,3557,0.319271404411054,0.696158359736734,0.426738610096019,1.5111376763855,1.42057038127648,1.27141672034478,0.940882192041762,0.52443846139825,0.0334476843910806,0.0586353944562899,0.0476190476190478,0.147930574098799,0.1654162200786,0.142686709615843,0.0386029411764706,0.0682593856655287,0.0352220520673812,0.162109375,0.188295165394402,0.154285714285714,0.107795772264916,0.0681309812758596,0.0992892717099433,0.0587873313384055
"108",108,247,"ugt2a3",2131,300.366208072226,228.258229709169,213.348870876363,349.219113534612,296.575852797305,282.740422091351,278.418116180171,50.1854691852604,3558,10.5663631459849,10.5119912320247,7.88538736046993,8.77552240985313,8.96495091967727,5.76061649835228,8.74413859439369,1.79635219659194,1.3597770154374,0.932835820895519,0.755825734549138,1.03204272363151,1.30832440157199,0.987592460033402,1.27757352941177,1.03071672354948,0.65084226646248,0.94140625,1.1882951653944,0.699047619047619,0.964646925644292,0.253717676750065,1.06273302601983,0.23073951727831
"109",109,248,"ugt2a4",2097,6.34643202170897,21.0432348912834,5.05249783576732,9.75825724753898,8.66565162460721,11.4762964269986,10.3903950079841,5.70759669586485,3559,0.425695205881405,0.696158359736734,0.166984673515834,0.273097170431114,0.42233173497409,0.266840546245201,0.37518461513073,0.186175086802892,0.0287307032590052,0.0859985785358917,0.0178993583248903,0.0288384512683579,0.038227938549482,0.040085898353615,0.0514705882352941,0.0682593856655287,0.0137825421133231,0.029296875,0.0559796437659034,0.0323809523809524,0.0418616645268336,0.0201230384788467,0.0399634880485403,0.0239124419099162
"110",110,249,"dnajc25",5267,19.8918018590878,8.86946264012773,17.7314074991079,111.49712447651,56.5292040558489,61.2069142773257,45.954319134668,38.7076305420775,3560,5.22996967225726,5.25599561601234,7.38443333992242,8.99400014619802,6.9492767300282,5.21123890314158,6.50415240125997,1.55083424601549,0.0900514579759864,0.0362473347547974,0.0628166160081052,0.329506008010681,0.249374776705967,0.213791457885946,0.63235294117647,0.515358361774741,0.60949464012251,0.96484375,0.921119592875318,0.632380952380953,0.712591706388332,0.184128756445174,0.16363127522358,0.117632199891569
"111",111,254,"keap1b",3085,86.7661452520211,138.954914695334,107.723067064473,217.482640692836,196.880365415141,222.011686831817,161.636469991937,58.3656872615593,3593,5.32119007351756,10.3031437241037,8.07092588659863,8.39318637124957,8.8497695374116,8.31914644176215,8.2095603391072,1.62484393980881,0.392795883361922,0.567874911158491,0.381627828436339,0.642723631508678,0.86852447302608,0.77547124791219,0.643382352941176,1.01023890784983,0.66615620214395,0.900390625,1.17302798982188,1.00952380952381,0.900453314546774,0.209392847577886,0.60483632923395,0.198107290255861
"112",112,255,"hmox1b",1157,5230.50193741414,6865.39886103926,2120.6191388046,1513.61412417382,1945.64125822022,1656.95860793617,3222.1223212647,2259.13715839319,3598,217.667080807288,287.269747145363,93.2516632322867,49.3031425018304,68.4561348598911,45.8965739541746,126.974057083472,101.081955971911,23.6788164665523,28.0572139303482,7.51266464032421,4.47316421895861,8.58306538049304,5.78764018134095,26.3180147058823,28.1672354948804,7.69678407350688,5.28906249999999,9.07379134860052,5.56952380952381,13.6857353220656,10.6094570808799,13.0154274696696,10.1498828348199
"113",113,259,"abcc4",5795,188.024889001378,184.345694088929,153.00488729069,594.350149762142,276.24801580874,279.803036696346,279.296112108037,162.827568931675,3667,20.311742680627,26.2973820390551,18.6280680233219,25.3980368500936,13.3802372398609,11.5997155103061,19.2691970572108,6.03252524386792,0.851200686106349,0.753375977256572,0.542046605876395,1.75647530040053,1.21864951768489,0.977332378907181,2.45588235294117,2.57849829351534,1.5375191424196,2.724609375,1.7735368956743,1.40761904761905,2.07961085119491,0.573691500701599,1.01651341103865,0.426995576529742
"114",114,262,"cyp27a2",3321,121.90832853641,106.520507197612,79.6960035981411,553.690744564063,573.795717386375,494.30048182001,321.651963850435,241.639288672595,3700,15.6899090167718,22.5555308554702,16.6613596463576,27.0184133946515,36.4933012811702,23.0110729879685,23.5715978637316,7.61669151423646,0.551886792452833,0.435323383084575,0.282337048294495,1.63631508678238,2.53126116470168,1.72655690765927,1.89705882352941,2.21160409556313,1.37519142419601,2.89843749999999,4.83715012722646,2.79238095238095,2.66863715381599,1.20397536803832,1.19394673049587,0.904052633352451
"115",115,263,"cyp20a1",2063,959.92152399998,430.603715626593,653.297503179499,662.838658962462,405.260941397519,632.972396979575,624.149123357605,200.269480679243,3710,38.190941327646,19.2835865647075,29.6490564753669,19.043976018063,13.7641751807465,17.2347599868959,22.8610825922377,9.19629457144393,4.34562607204117,1.75977256574271,2.31442080378251,1.9588785046729,1.78778135048232,2.21092817943211,4.61764705882352,1.89078498293514,2.44716692189892,2.04296875,1.82442748091604,2.09142857142857,2.4857372943337,1.06670981925998,2.39623457935895,0.980585407809168
"116",116,265,"nfe2l2b",2911,10.2300695275309,23.6519003736739,41.0872937210512,22.5885584433773,17.4932780459361,21.7913009536461,22.8070668442026,10.2213225907744,3727,1.09464481512361,1.8970315302826,2.70886248147908,0.98314981355201,1.15181382265661,0.643556611532544,1.41317651243774,0.756297356876457,0.0463121783876503,0.0966595593461262,0.145558932792975,0.0667556742323099,0.0771704180064312,0.0761154855643044,0.13235294117647,0.186006825938566,0.223583460949464,0.10546875,0.152671755725191,0.0780952380952381,0.146363161980821,0.0531103411205843,0.0847620413882996,0.033978904732623
"117",117,268,"slc15a1b",4835,3.97836037181756,797.729904515017,1.143961774136,5.9633794290516,0.64789918688652,284.721449450774,182.36415912128,321.85471965164,3745,2.58457803570853,244.421200103567,0.111323115677222,0.801085033264601,0.115181382265661,50.1503261913775,49.6972823103102,97.4117102851868,0.0180102915951973,3.26012793176972,0.00405268490374875,0.0176234979973298,0.00285816362986781,0.994512049630159,0.3125,23.9658703071671,0.00918836140888203,0.0859375,0.0152671755725191,6.08571428571429,5.07907960497713,9.55742558602131,0.71619743658767,1.30694416797011
"118",118,270,"aldh1l1",2770,11398.0971881233,16811.1099236852,12581.9589029826,6431.05294306328,26700.249441187,12162.8248739708,14347.5488788354,6898.09893118425,3796,451.723427041011,679.833446200908,503.996852376012,184.449828909174,995.723852789593,323.944423141674,523.278638409729,285.567825745036,51.5999142367067,68.7029140014212,44.5737926376224,19.0056074766355,117.786352268668,42.4838940586971,54.6176470588235,66.6587030716721,41.5987748851454,19.787109375,131.982188295165,39.3104761904762,58.9924831460471,39.070170191299,57.3587457799585,33.672034027156
"119",119,274,"slco2a1",1764,336.455620016571,530.42864808607,987.14368093152,877.158901473226,669.036897858693,1037.10197830174,739.55428777797,275.66825600964,3860,77.5069342708358,116.293253994021,247.526947708304,73.0808028073661,65.3462375387182,91.165287799537,111.819910686464,68.8490018370737,1.52315608919383,2.16773276474769,3.49712934819318,2.59225634178906,2.95141121829225,3.62252445717012,9.37132352941176,11.4027303754265,20.4303215926493,7.83984375,8.66157760814249,11.0628571428572,11.4614423330812,4.60275847311006,2.72570170323102,0.803192306141766
"120",120,277,"dnajc6",7534,3.78891463982625,1.73911032159367,3.05056473102932,19.1550975599839,26.4018918656257,18.1708026760811,12.0510636323567,10.4830648430683,3900,0.273661203780903,0.0348079179868367,0.519507873160372,0.801085033264601,1.67013004285208,1.22432721218386,0.75391988053811,0.610846637268795,0.0171526586620927,0.00710732054015634,0.0108071597433299,0.0566088117489987,0.116470167917113,0.0634693390598903,0.0330882352941176,0.00341296928327643,0.0428790199081163,0.0859375,0.221374045801527,0.148571428571428,0.0892105331430775,0.0820477496693196,0.0452692429452635,0.0423412584794225
"121",122,281,"hsd17b7",1740,19.5129103951052,10.0868398652433,6.48245005343731,14.2759689362144,4.8592439016489,17.2144446404978,12.0719762986912,5.89706949860766,3932,1.94603522688642,1.0442375396051,0.259753936580186,0.436955472689782,0.345544146796982,0.816218141455909,0.808124077335731,0.632947549437534,0.0883361921097772,0.0412224591329068,0.0229652144545762,0.0421895861148197,0.0214362272240086,0.0601288475304221,0.235294117647058,0.102389078498293,0.0214395099540582,0.0468749999999999,0.0458015267175572,0.099047619047619,0.0918078086440976,0.0772527432879654,0.0460464210944184,0.0251526896939996
"122",123,282,"vdrb",3726,10.6089609915135,56.1732633874756,20.5913119344479,31.0818564180871,19.5989504033172,33.4725312454125,28.587812396709,15.8683370118278,3971,1.44432301995477,7.74476175207117,3.50667814383251,2.07553849527647,1.30538899901082,2.19751038084283,3.04570013183143,2.43094268902192,0.0480274442538594,0.22956645344705,0.0729483282674771,0.0918558077436583,0.0864594498035012,0.116917203531377,0.174632352941177,0.759385665529007,0.289433384379785,0.22265625,0.173027989821883,0.266666666666666,0.314300384889753,0.223092779840198,0.10762911450782,0.0638859157664192
"123",124,285,"gpx1b",870,90.7445056238386,2425.71107655885,24.4045178482346,21.5043076380952,8.90861381968966,403.17322328658,495.741040795882,957.229308178432,4046,7.26722530040399,189.859788659201,1.74406214560982,0.546194340862228,0.499119323151197,19.5107528813403,36.5711904417614,75.444149899696,0.410806174957119,9.91329068941006,0.0864572779466397,0.0635514018691591,0.0392997499106825,1.40825578620854,0.878676470588236,18.6160409556313,0.143950995405819,0.05859375,0.0661577608142494,2.36761904761905,3.68850649667645,7.3665829808147,1.9869435133837,3.91792468853561
"124",125,291,"ncoa5",2464,39.0258207902104,112.78130435535,82.3652477377918,190.557079028331,153.06618290194,254.391237465135,138.69781204646,77.537515244588,4161,2.91905284032963,6.75273608944632,6.04855595179576,7.77416611827238,6.56533878914267,8.63307649616827,6.44882104752584,1.96229090104838,0.176672384219554,0.460909737029141,0.291793313069909,0.563150867823767,0.675241157556269,0.888570746838463,0.352941176470588,0.662116040955628,0.499234303215926,0.833984375,0.870229007633589,1.04761904761905,0.711020658482463,0.256605489777206,0.509389701089517,0.258679161145871
"125",126,293,"cyp24a1",3604,4156.81825135338,3453.43832110463,1788.39357356594,2074.89462437486,5107.065340633,2121.54367936485,3117.02563173278,1341.40856806294,4162,226.409035928067,191.147681624714,90.8396623926135,70.6411347515148,196.230681586597,63.6650150335609,139.822201886178,72.5241030504135,18.8181818181819,14.1133617626155,6.33569739952719,6.13190921228305,22.5294748124331,7.41040324504891,27.375,18.7423208191126,7.49770290964776,7.578125,26.0101781170483,7.72571428571429,15.8215068552538,9.47210952220794,12.5565047083483,7.0363167629708
"126",127,299,"arnt2",7553,2.27334878389575,4.52168683614355,3.90853606163132,35.6899223405361,27.9406524344812,39.3473020354236,18.9469080820186,17.2605866532776,4272,1.42911961974472,3.30675220874949,2.67175477625334,2.27580975359262,2.41880902757888,2.19751038084283,2.38329262779365,0.615428820291117,0.0102915951972556,0.0184790334044065,0.0138466734211415,0.10547396528705,0.12325830653805,0.137437365783822,0.172794117647059,0.324232081911262,0.22052067381317,0.244140625,0.320610687022901,0.266666666666666,0.258160808676843,0.0587172330966987,0.0681311566052875,0.0599906525509591
"127",128,300,"fth1a",1165,4697.96998478656,10660.3114937888,5165.75005140678,4319.20343707505,5645.63153973242,5414.62595231913,5983.91540985146,2341.00503798749,4283,343.414403944613,919.016054647457,389.352597081086,236.975518022092,378.006099698854,269.603130723975,422.727967353013,250.462634236441,21.2680102915952,43.5660980810233,18.3005741303614,12.7644859813084,24.9053233297607,18.912908613696,41.5220588235293,90.1109215017062,32.1362940275651,25.421875,50.1043256997455,32.7161904761905,45.3352775881228,23.5462985384994,23.2862334046242,10.7019393100386
"128",129,302,"clpxa",3589,300.555653804217,362.952324116599,1054.25610501417,1811.33132445754,1501.26340341443,1375.58441160994,1067.65720373615,619.857732757066,4292,36.8378387089516,55.8319004508861,140.693864363396,89.7215237256353,95.3317907218786,69.4727210400741,81.314939835137,36.2238468593831,1.3606346483705,1.48329779673063,3.73488686254646,5.35300400534047,6.62272240085746,4.80481985206394,4.45404411764706,5.47440273037541,11.6125574272588,9.62499999999999,12.6361323155216,8.43047619047619,8.70543546354651,3.26609363893283,3.89322759431824,2.12880012964986
"129",130,303,"slc39a1",1888,117.077462370631,179.302274156308,133.462206982533,124.688842607442,136.544753636334,150.694701892612,140.29504027431,22.2399588438962,4296,8.1490225125869,13.7839355227873,10.167511231853,4.33314177084034,5.8742504955487,6.5925311425285,8.15006544602413,3.4054290116186,0.530017152658662,0.732764747690121,0.472813238770686,0.368491321762349,0.602357984994641,0.526366022429013,0.985294117647059,1.35153583617746,0.839203675344563,0.46484375,0.778625954198473,0.8,0.869917222227927,0.291039059490877,0.538801744717579,0.122680871802457
"130",131,307,"dnajc3b",3682,11.3667439194787,17.5650142480961,32.2215899714972,44.6349914841135,17.1693284524928,21.927923530158,24.1475986009727,12.2084108600328,4383,2.25010323108743,6.80494796642658,8.92440310679067,3.2043401330584,1.5741455576307,1.5853467747509,4.05721446162411,3.08247859309023,0.0514579759862777,0.0717839374555792,0.114150624788923,0.131909212283044,0.0757413361914971,0.0765926986399427,0.272058823529412,0.667235494880543,0.736600306278713,0.343749999999999,0.208651399491095,0.192380952380952,0.403446162760119,0.238283982958147,0.086939297557544,0.0299459684374807
"131",132,308,"ugt5g1",3094,156.861066088807,65.5644591240814,103.242550115774,137.24808110196,92.3256341313292,161.214640284027,119.409405140996,38.3736863442366,4399,11.204905954807,6.87456380240025,9.64800335869261,5.40732397453606,4.97199633446769,6.38847660716452,7.41587833867802,2.47768190089375,0.710120068610637,0.267945984363894,0.365754812563324,0.405607476635514,0.407288317256164,0.563111429253159,1.35477941176471,0.674061433447096,0.796324655436445,0.580078125,0.659033078880407,0.775238095238095,0.806585799961125,0.280087288442435,0.453304681447115,0.15775108252804
"132",133,311,"txnb",636,4975.41325928784,2198.6702240748,4031.32129205525,2515.91363942336,1237.08250996145,1540.89772918932,2749.88310899867,1463.13751404856,4430,284.425211129619,135.768284107657,244.020269564472,96.0755845576659,56.7652245599265,53.8390043306494,145.148929708331,97.7944742159698,22.524013722127,8.98542999289267,14.2816616008105,7.43524699599467,5.45730618077886,5.38224767358623,34.389705882353,13.3122866894198,20.1408882082695,10.306640625,7.52417302798982,6.53333333333334,15.3678379610609,10.5264051696862,10.6776510276983,6.66326187745915
"133",134,313,"cyp26b1",3323,0.189445731991312,1.0434661929562,2.09726325258266,11.5653419230092,6.31701707214357,51.096843615446,12.0515629646881,19.5889329527057,4457,0.212847602940702,0.417695015842041,0.333969347031667,0.655433209034673,0.729482087682518,3.45323059846731,0.967109643499819,1.2333726729369,0.00085763293310463,0.0042643923240938,0.00742992232353935,0.0341789052069428,0.0278670953912112,0.178477690288714,0.025735294117647,0.0409556313993173,0.0275650842266462,0.0703124999999999,0.0966921119592875,0.419047619047619,0.113384706791753,0.152221596214483,0.0421792730779342,0.0681155435345853
"134",135,314,"nat16l",2339,1.32612012393919,5.21733096478102,0.571980887067998,15.7216366765906,6.96491625903009,30.8083910034307,10.1017293191399,11.505421002272,4473,0.152034002100502,0.487310851815714,0.0742154104514817,0.764672077207119,0.345544146796982,1.28711322306509,0.518481618572814,0.450319795365055,0.00600343053173244,0.0213219616204691,0.00202634245187437,0.0464619492656877,0.030725259021079,0.10761154855643,0.0183823529411765,0.0477815699658701,0.00612557427258805,0.08203125,0.0458015267175572,0.156190476190477,0.0593854583479447,0.0542606426203798,0.0356917485745455,0.0388184684024696
"135",136,318,"cyp2r1",3592,21.217921983027,19.8258576661679,403.341855530783,105.714453515006,212.348958502057,35.1120021635551,132.926841560099,151.664844034765,4497,1.18586521638391,2.15809091518388,40.7442603378634,4.69727133141516,10.9998220063706,1.78940131011488,10.2624518528886,15.3656322627706,0.0960548885077189,0.0810234541577826,1.42890915231341,0.312416555407211,0.936763129689176,0.122643760439036,0.143382352941176,0.211604095563139,3.36294027565083,0.50390625,1.45801526717557,0.217142857142857,0.982831849745597,1.2653720772371,0.496301823419055,0.560330342732326
"136",137,320,"aldh1a2",5282,11.840358249457,121.911633543716,9.34235448877731,14.6373858713085,8.74663902296803,15.6432850106111,30.3536093644731,44.9384903634459,4538,1.88522162604622,26.1059384901275,1.29876968290093,0.473368428747264,0.499119323151197,2.05624185636008,5.38644323455554,10.1723113572506,0.0536020583190394,0.498223169864959,0.033096926713948,0.0432576769025369,0.0385852090032155,0.054640897160582,0.227941176470588,2.55972696245732,0.107197549770291,0.05078125,0.0661577608142494,0.24952380952381,0.543554751506044,0.991176848581176,0.120234322994047,0.185366033704426
"137",138,322,"slc39a13",1594,10.9878524554961,10.434661929562,6.38711990559265,74.9940140320125,43.0852959279536,63.256252925004,34.8575328626035,29.8728076624767,4567,0.790576810922609,0.278463343894694,0.296861641805927,2.16657088542017,1.63173624876353,1.74231180195396,1.15108678879348,0.804104295789448,0.0497427101200686,0.042643923240938,0.0226274907125971,0.221628838451269,0.19006788138621,0.22094965402052,0.0955882352941176,0.0273037542662115,0.0245022970903522,0.232421875,0.216284987277354,0.211428571428571,0.134588286726101,0.0972626251543533,0.1246100829886,0.0956061705336533
"138",139,323,"nr1h3",5925,77.1991357864598,63.1297046738503,65.2058211257518,343.436442573108,419.3527487123,383.089704539333,225.235592901801,173.420570343878,4588,21.7712691007919,32.1625162198371,39.092967455318,34.0097009576881,50.0271136973853,37.3890694797688,35.7421061517982,9.26284168060683,0.349485420240138,0.257995735607676,0.231003039513678,1.01495327102804,1.84994640943194,1.33810546408971,2.63235294117648,3.15358361774743,3.22664624808576,3.6484375,6.63104325699745,4.53714285714286,3.971534403525,1.45014486964134,0.840248223318531,0.670659361411505
"139",140,324,"hsd11b2",2561,2200.60162281108,1708.5889354497,1624.52104942096,353.917533690835,542.5345816191,319.491895173049,1124.94260302746,816.050684212968,4602,200.563255570982,165.459438150428,171.103628795891,14.0371945601593,26.2997489506592,15.7906817366278,98.8756579607912,88.7227003399098,9.96226415094339,6.9825870646766,5.75515028706518,1.04592790387183,2.39335476956056,1.1159627773801,24.25,16.2235494880545,14.1225114854517,1.505859375,3.48600508905852,1.91619047619048,10.2506859856259,9.36315800861964,4.54254115891628,3.61619656618803
"140",141,325,"abcc12",5866,140.00039594158,492.08126549493,93.6142051834624,520.350032301639,491.512520651787,583.856580723552,386.902500049491,212.406994135188,4619,8.58992111867835,33.3285814723962,4.6384631532176,17.9515873363386,17.0276476782735,16.3400593318385,16.3127100151238,9.88602237812064,0.633790737564324,2.01101634683724,0.331644714623438,1.53778371161549,2.16827438370847,2.03937007874015,1.03860294117647,3.26791808873719,0.382848392036753,1.92578125,2.25699745547074,1.98285714285714,1.80916754504638,1.0000427735791,1.45364666218152,0.787725436557008
"141",142,327,"slc67a1",2064,1652.9140116242,963.641029195054,1396.30067548083,593.536961658181,417.733000745084,683.317816424206,951.240582521259,484.756162893529,4654,79.4225626973021,62.1147296475101,75.3471954608668,17.49642538562,16.3749531787681,21.9437108029877,45.4499295288425,30.0166515122334,7.48284734133791,3.93816631130064,4.94663964876732,1.75407209612817,1.84280100035727,2.38678119780482,9.60294117647058,6.0904436860068,6.21898928024502,1.876953125,2.1704834605598,2.66285714285714,4.77044464518989,3.05835636155526,3.72521793261602,2.23057477357796
"142",143,328,"dnajb6b",4181,7.5778292796525,19.9997686983272,17.3500869077293,38.4005493537413,14.4157569082251,30.5351458504069,21.3798561663471,11.2308649010979,4665,1.06423801470351,3.01088490586138,1.89249296651278,2.4032550997938,1.0750262344795,2.73119147333324,2.02951478244737,0.831468812050365,0.0343053173241853,0.0817341862117979,0.0614657210401892,0.113484646194927,0.063594140764559,0.106657122405154,0.128676470588235,0.295221843003412,0.156202143950995,0.2578125,0.142493638676845,0.331428571428572,0.21863919460801,0.0870755029959974,0.0768735223234686,0.0299227594657493
"143",144,330,"abcf2b",6145,5.87281769173068,25.7388327595863,4.00386620947599,22.0464330407362,48.8354012115715,51.5750226332376,26.3453955910564,20.393399971206,4679,0.410491805671355,2.69761364397985,0.111323115677222,1.40189880821305,2.32282454235749,2.40156491620681,1.55761947201763,1.09811596682187,0.0265866209262436,0.105188343994314,0.0141843971631206,0.0651535380507344,0.215434083601287,0.180147936053448,0.0496323529411765,0.264505119453924,0.00918836140888203,0.150390625,0.307888040712468,0.291428571428572,0.178838845157504,0.128805091036128,0.101115819964858,0.0821416894474438
"144",145,331,"dnaja2a",2338,1814.70066674478,1976.32496945905,2531.58740616296,2119.25855315765,2844.35841783019,2717.83291455098,2334.01048798427,422.031116706051,4689,116.488452409404,164.467412487804,206.912564338731,83.3128434595185,144.859785096113,103.957937516586,136.666499218026,44.9402860281089,8.21526586620926,8.07675906183368,8.96859169199595,6.26301735647529,12.5476956055735,9.49319971367214,14.0845588235294,16.1262798634812,17.0781010719755,8.9375,19.2010178117049,12.6152380952381,14.6737826109882,3.62976810502021,8.9274215492933,2.08605015480162
"145",146,332,"hsd17b12b",2256,468.309849482524,635.210044962089,214.111512059121,779.395620530289,445.349703586122,606.467617136269,524.807391292736,194.786924934603,4733,46.8568794473746,82.3555339568557,28.6471484342719,37.7784419096374,25.0711475398255,30.4355187746732,41.8574450104397,21.3001405471182,2.12006861063465,2.59594882729211,0.758527524484973,2.30333778371162,1.96463022508039,2.11834884275829,5.66544117647058,8.07508532423205,2.36447166921898,4.05273437499999,3.32315521628499,3.69333333333333,4.52903684908999,2.04600253795861,1.976810302327,0.634802345866831
"146",147,333,"per1b",6990,23.3018250349314,87.390293660082,34.7001738154586,244.227493889795,273.25148206939,200.971810048987,143.973846419774,109.285350784561,4743,7.05437769746328,15.767986848037,7.97815662353428,11.2151904657044,16.7013004285208,12.3845406463214,11.8502587849302,3.93861949508228,0.10548885077187,0.357142857142857,0.122931442080378,0.721762349799734,1.20543051089675,0.701980434263899,0.852941176470588,1.54607508532422,0.658499234303215,1.203125,2.21374045801527,1.50285714285714,1.32953968282841,0.557164181400758,0.535789407492581,0.423827667499033
"147",148,336,"cyp2x10.2",4199,1711.16857421153,469.385875798132,2425.58028175969,298.259325686353,205.70799183647,385.275665763523,915.896285842617,925.027177590077,4760,58.168209203652,17.6128065013394,86.2939685024603,8.15650215687594,5.79746290737159,8.7115590097698,30.7900847135782,33.5507227304549,7.74656946826759,1.9182658137882,8.59304289091523,0.881441922563418,0.90746695248303,1.34574087329993,7.03308823529412,1.72696245733788,7.12251148545175,0.875,0.768447837150127,1.05714285714286,3.09719214539612,3.10145102494582,3.56542132021957,3.59631889216923
"148",149,337,"cyp2x12",1701,284.35804371896,1755.19709206841,43.9471981563912,2546.27266197126,1481.66445301111,3832.39989373496,1657.30655711018,1417.71933087865,4761,12.436381371821,84.2525654871383,2.07803149264149,80.3451875408337,55.0375038259416,107.803580683061,56.9922084002396,42.1304964938888,1.28730703259005,7.17306325515278,0.155690645052347,7.5249666221629,6.53626295105395,13.3863039847292,1.50367647058823,8.26109215017062,0.171516079632466,8.61914062499999,7.29516539440204,13.0819047619047,6.48874924694968,4.8282120689422,6.0105990817902,4.7939841031233
"149",150,340,"slc22a31",3342,73.5996668786249,225.997386291098,237.848718872443,322.203197636333,227.736564190612,235.127454176959,220.418831341011,80.6482961134968,4786,6.87193689494268,23.9130396569568,29.3150871283353,14.055401038188,11.7485009910974,9.55917015666632,15.9105226443644,8.79229479408383,0.33319039451115,0.923596304193319,0.842620736237759,0.952202937249667,1.00464451589854,0.821283703173467,0.830882352941176,2.34470989761091,2.41960183767228,1.5078125,1.55725190839695,1.16,1.63670974943689,0.63462150281918,0.812923098543983,0.244744703928006
"150",151,343,"nqo1",1544,409.392226833226,749.556548606873,554.344809716735,246.938120903,181.978684116751,220.850394931466,393.843464184675,223.1271885245,4791,28.3391379915335,50.4366731629264,35.512073901034,9.3399232287441,8.38904400834896,8.9627030532947,23.4965925576469,17.5126995919733,1.85334476843911,3.06325515280739,1.96386355960824,0.72977303070761,0.80278670953912,0.771414936769265,3.42647058823529,4.94539249146756,2.93108728943338,1.001953125,1.11195928753181,1.08761904761905,2.41741363821451,1.62165513042688,1.53073969297846,0.936836290792759
"151",152,344,"cyp7a1b",4056,96.9014919135563,108.520484067445,63.2038880210138,222.452123550379,125.287505264181,305.556392368837,153.653647530902,91.7074487986972,4806,6.49185188969143,7.32706673622913,5.15797102637798,8.83014184393935,4.76083046698065,12.8554357279306,7.57054961519152,2.98176201738889,0.438679245283019,0.443496801705756,0.223910840932118,0.657409879839786,0.552697391925689,1.067287043665,0.784926470588236,0.71843003412969,0.42572741194487,0.947265624999999,0.631043256997456,1.56,0.844565466443376,0.390609242416837,0.563913533891894,0.285670406777168
"152",153,347,"hspa12b",13575,9.28284086757431,6.43470818989659,6.29178975774798,47.4359727310922,16.6024166639671,58.2695288823201,24.0528761820997,22.8782335455579,4832,0.364881605041204,0.522118769802551,0.204092378741575,1.54755063244298,0.595103808372581,2.46435092708803,0.949683020248154,0.87841906347778,0.042024013722127,0.0262970859985785,0.022289766970618,0.14018691588785,0.0732404430153628,0.203531376759723,0.0441176470588235,0.0511945392491466,0.0168453292496172,0.166015625,0.078880407124682,0.299047619047619,0.109350194454981,0.106131058050657,0.08459493372571,0.0727435584853219
"153",154,350,"bmal1b",4360,8.33561220761774,16.6085035712196,8.38905301033064,82.7644781365343,111.519647542842,84.7059974373703,52.0538819843192,46.0863491404755,4877,0.82098361134271,0.800582113697245,0.89058492541778,3.04048183079973,4.56886149653788,3.97121518823741,2.34878486100546,1.7260892555006,0.0377358490566038,0.0678749111584933,0.0297196892941574,0.244592790387183,0.491961414790996,0.295872106895728,0.0992647058823529,0.0784982935153581,0.0735068912710566,0.326171874999999,0.605597964376591,0.481904761904763,0.277490748658353,0.230122236857631,0.194626126930527,0.1838642175564
"154",155,353,"hnf4b",2338,545.982599598962,1200.76872154435,1244.15375952074,2576.54133028538,2198.40292850432,2915.86733920496,1780.28611310979,921.430652237242,4894,32.4592594484571,76.8210749969487,95.7378794824113,101.865244570805,99.3055484100439,105.653159810379,85.3070277865076,27.7769648853758,2.47169811320755,4.90724946695095,4.40763255656873,7.61441922563418,9.69810646659521,10.1849200668098,3.92463235294117,7.5324232081911,7.90199081163858,10.9277343749999,13.1628498727735,12.8209523809523,9.37843050024945,3.57504295612212,6.5473376492944,3.10409657815826
"155",156,354,"sod3a",1122,952.817309050306,983.119064796903,734.42345899531,313.438836960303,272.036671093978,332.402728653423,598.03967825837,331.841053951602,4910,64.5232304914529,70.1553587024694,52.2105412526173,12.1255143671415,15.1271548708901,13.9855839237926,38.021230601394,27.2350283928451,4.31346483704975,4.01776830135039,2.60182370820669,0.926301735647531,1.20007145409075,1.16105941302792,7.80147058823529,6.87883959044366,4.30934150076569,1.30078125,2.00508905852417,1.69714285714286,3.99877747418528,2.80724711283432,2.3700815748955,1.51396650976169
"156",157,358,"hsd17b4",3825,901.193347082673,2040.67205135801,1124.99107471491,984.499731196155,2441.52709838349,1314.44580862087,1467.88818522602,628.010273629083,4964,47.3585916543063,119.217119104916,64.4004224192732,33.7548102652857,102.242673657818,41.5643392033702,68.0896593841616,34.9465524330694,4.07975986277873,8.33972992181944,3.98547787909491,2.90947930574099,10.7706323687031,4.59126700071581,5.72610294117647,11.6894197952218,5.31546707503828,3.62109375,13.5521628498727,5.04380952380953,7.49134265585314,4.07865526642036,5.7793910564755,3.07319793875123
"157",158,362,"abcd1",3722,11.9350811154527,14.7824377335462,40.2293223904492,199.592502405681,135.005993067479,192.432899016994,98.9963726216003,87.4892908394478,5049,0.440898606091455,0.939813785644592,2.26357001877019,7.61030781601371,5.33673737830895,6.41986961260513,3.835199536239,3.01864653804247,0.0540308747855919,0.0604122245913289,0.142519419115164,0.589853137516688,0.595569846373707,0.672154617036507,0.0533088235294117,0.0921501706484638,0.186830015313935,0.81640625,0.707379134860051,0.779047619047619,0.439187002233247,0.364073399158263,0.352423353236498,0.295326745367813
"158",159,363,"nr1h5",2205,707.863977585539,836.077287106158,1157.30799483425,962.001526986551,606.676601120866,670.475294232089,823.400446977575,207.156566700497,5070,31.0605466291325,39.8376621359346,57.7952508890913,32.9901381880786,24.0345150994346,21.1431891642521,34.4768836843206,13.2151158675676,3.20454545454546,3.41684434968017,4.0999662276258,2.84299065420561,2.67631296891748,2.34192316869482,3.75551470588235,3.90614334470988,4.77029096477794,3.5390625,3.18575063613232,2.56571428571428,3.62041273953613,0.738925204202836,3.09709713727822,0.621521838233468
"159",160,364,"ugt5e1",4442,109.878524554961,46.434245586551,84.0811903989958,43.3700322112843,24.1342447115229,42.3529987186852,58.3752060303334,31.9696286754937,5109,7.48007290334469,5.72590250883464,6.97624858243928,1.89347371498906,0.998238646302394,2.00915234819916,4.1805147840182,2.86927473659279,0.497427101200686,0.189765458422174,0.297872340425532,0.128170894526035,0.106466595212576,0.147936053447864,0.904411764705882,0.561433447098974,0.575803981623277,0.203125,0.132315521628499,0.243809523809524,0.436816539811026,0.295998814520344,0.227939740539145,0.148378852615092
"160",161,366,"gclm",1826,71.0421494967422,87.2163826279226,69.4956777787618,109.780394034813,95.7271048624834,76.0987751171214,84.8934139863075,15.8013942319129,5126,5.32119007351756,12.7396979831822,7.16178710856798,5.17063976016242,4.99119323151197,3.87703617191557,6.54359072147629,3.21476657910062,0.321612349914237,0.356432125088841,0.246200607902736,0.324432576769024,0.42229367631297,0.265807683130517,0.643382352941176,1.24914675767917,0.591117917304746,0.554687499999999,0.661577608142494,0.470476190476191,0.69506472109063,0.279910724154408,0.322796503186388,0.0634819317008392
"161",162,368,"aldh9a1a.2",4146,49.7295046477195,40.6951815252919,33.3655517456332,16.8962417156462,73.4555703132593,25.2751766546992,39.9028711003749,20.0448751153092,5197,1.39871281932462,2.12328299719704,1.98526222957713,0.20027125831615,2.38041523349032,0.596467103371626,1.44740194021281,0.882996983490722,0.225128644939966,0.166311300639659,0.118203309692671,0.0499332443257678,0.324044301536264,0.0882844189930802,0.169117647058824,0.208191126279863,0.16385911179173,0.021484375,0.315521628498727,0.0723809523809524,0.158425806835016,0.103398446008452,0.161984203354568,0.100173112141677
"162",163,369,"aldh9a1a.1",2075,11250.4242400361,6860.79021868704,8458.73934840509,2535.61086238598,9628.67277851566,3694.47940274621,7071.45280846268,3404.40686212697,5198,580.830701624757,420.549265116961,486.834538709107,86.9541390652667,457.75001002078,125.258091708041,359.696124374152,203.829207227357,50.9313893653518,28.0383795309168,29.9665653495441,7.49345794392523,42.4762415148268,12.9045573848723,70.2279411764706,41.2354948805459,40.1822358346094,9.328125,60.6743002544529,15.1999999999999,39.4746828576798,24.0701597156905,28.6350985149062,16.644816568444
"163",164,373,"ppardb",3926,125.981411774223,141.563580177725,153.767528473447,389.155684862503,397.081214163076,372.228209706638,263.296271526269,135.111756974604,5243,12.9837037793829,16.6555887567014,18.2569909710645,18.1882715507122,23.9193337171689,16.7010788944055,17.7841612782392,3.56422079762198,0.570325900514582,0.578535891968727,0.544748395812226,1.15006675567423,1.75169703465524,1.30016702457647,1.56985294117648,1.63310580204778,1.50689127105666,1.951171875,3.1704834605598,2.02666666666666,1.97636200275123,0.621702237751839,0.982590167200246,0.499070323959501
"164",165,375,"gstm.1",1040,435.346292116036,403.212728061493,223.453866547898,480.865232142615,512.326282030516,681.541722929551,456.124353971352,149.633339685409,5265,29.9050882131687,26.8020968498643,20.9472995999307,22.0480448928053,27.73951622898,31.2988264242901,26.4568120348398,4.16874606053011,1.97084048027445,1.64783226723525,0.79162445119892,1.42109479305741,2.26009289031797,2.38057742782152,3.61580882352941,2.62798634812286,1.72894333843798,2.365234375,3.67684478371502,3.79809523809524,2.96881881781675,0.851512580468538,1.74534371831759,0.59051903517434
"165",166,376,"gstm.2",1546,33.7213402944536,1.21737722511557,26.6924413965066,40.9304678993996,11.5811979655966,40.098726206239,25.7069251645518,16.1453176488934,5266,5.62525807771857,0.226251466914439,5.60326348908687,2.73097170431114,0.998238646302394,3.57880262022976,3.12713100076053,2.26627911604598,0.152658662092624,0.00497512437810944,0.0945626477541372,0.120961281708945,0.0510896748838874,0.140062037699833,0.68014705882353,0.0221843003412969,0.462480857580398,0.29296875,0.132315521628499,0.434285714285715,0.337397033776573,0.239124371573409,0.0940515714195894,0.0566683081851532
"166",167,377,"gstm.3",1001,203.369993292674,173.563210095048,79.2193528589178,94.8719454621845,58.7158638115909,93.5181536223871,117.209753190467,57.4880409055414,5267,12.2235337688803,10.4249714370576,4.67557085844334,4.06004460040923,2.3996121305346,2.96663901413782,6.12506196824382,4.14488873192788,0.920668953687823,0.709310589907602,0.2806484295846,0.280373831775701,0.259021078956771,0.326652350274397,1.47794117647058,1.02218430034129,0.385911179173046,0.435546875,0.318066157760814,0.36,0.666608281457623,0.475891974878728,0.462779205697816,0.2817559155505
"167",168,381,"hsd17b3",4730,653.114161040049,1379.37535157202,1491.24950273412,5.9633794290516,3.07752113771097,4.44023373663635,589.536691608264,702.538715156956,5331,64.9033154967042,117.946630098396,177.133630895074,0.291303648459855,0.115181382265661,0.313930054406119,60.1173319292177,74.5866022755079,2.95668953687822,5.63717128642501,5.28301249577847,0.0176234979973298,0.0135762772418721,0.0155094249582438,7.84742647058823,11.5648464163822,14.6202143950995,0.03125,0.0152671755725191,0.0380952380952381,5.68618328262295,6.55873498106614,2.32059708654652,2.68773676453814
"168",169,382,"gstt1a",1108,19510.3528777233,9744.75686498582,10541.2264280718,6826.26236158861,8434.67556448217,10423.9610314157,10913.5391880446,4438.4717643967,5342,823.857053982409,434.228776885788,456.313451160935,211.905197776516,315.980925348796,290.605051363744,422.148409419698,217.007105061714,88.3246140651802,39.8244491826581,37.3441404930766,20.173564753004,37.2090032154342,36.4101646385109,99.6121323529411,42.5767918088735,37.6630934150076,22.732421875,41.882951653944,35.2647619047619,46.6220255017547,26.9322751458363,43.214322724644,23.2126070249208
"169",170,384,"slc15a4",6513,8.14616647562643,15.651992894343,17.0640964641953,61.0794620308921,48.9163886099323,54.717341893011,34.262574728,23.1364880500892,5368,0.562525807771857,2.64540176699959,1.91104681912565,2.29401623162136,2.07326488078189,2.51144043524895,1.99961599025822,0.754211095621825,0.0368782161234992,0.063965884861407,0.060452549814252,0.180507343124166,0.21579135405502,0.191123836793128,0.068014705882353,0.259385665529009,0.157733537519142,0.24609375,0.274809160305343,0.304761904761905,0.218466453999625,0.0887505159290521,0.124786530795245,0.0791873838680041
"170",171,387,"gpx8",1581,9.09339513558299,7.82599644717152,4.95716768792265,79.1503087855939,44.3810943017267,71.4536075157172,36.1435949789525,33.6761748369306,5408,0.699356409662308,0.870197949670918,0.259753936580186,4.95216202381753,2.87953455664152,3.13930054406119,2.13338423673894,1.82629034036185,0.0411663807890223,0.0319829424307036,0.0175616345829112,0.233911882510014,0.195784208645945,0.249582438558816,0.0845588235294117,0.0853242320819109,0.0214395099540582,0.531249999999999,0.381679389312977,0.380952380952381,0.24753405597179,0.209896095194103,0.128331581252902,0.109132617317883
"171",172,389,"sult1st1",1290,37.9838692642581,53.5645979050851,35.6534752939052,113.03314645066,157.277527616703,269.146475728419,111.109848709838,91.0639974725458,5465,2.46295083402813,3.62002347063102,2.70886248147908,4.58803246324271,7.16044259751525,10.3439952926816,5.14738452326297,3.06122350675219,0.171955403087479,0.218905472636816,0.126308679500169,0.334045393858479,0.693819221150413,0.940109759007396,0.297794117647059,0.35494880546075,0.223583460949464,0.492187499999999,0.94910941475827,1.25523809523809,0.595476899008939,0.413710774229901,0.414190654873459,0.328906233868606
"172",173,390,"sult1st2",5598,29.3640884586534,204.693284851575,1.81127280904866,60.7180450957981,3.32048333279342,54.1708515869634,59.0130043558054,75.5007959380698,5466,2.67579843696883,88.5513433585126,0.259753936580186,2.20298384147765,0.287953455664152,16.826650916168,18.4674139908952,34.9009104149631,0.132933104631218,0.836531627576402,0.00641675109760216,0.179439252336449,0.0146480886030726,0.189214984490575,0.323529411764706,8.68259385665525,0.0214395099540582,0.236328125,0.0381679389312977,2.04190476190477,1.89066060070168,3.41384430814105,0.22653063478922,0.309133013469504
"173",174,391,"sult1st3",1806,1192.27671428732,982.075598603947,1829.48086728699,1246.43665490556,897.907285626356,1030.3391607644,1196.41938024576,336.428626155994,5467,104.675410446195,109.453498109608,161.474179289811,69.9128756303652,53.4249644742223,57.9043985352086,92.8075544142352,41.0522199580567,5.39751286449398,4.01350390902629,6.48125633232016,3.68357810413886,3.96105752054305,3.59890240992602,12.6562499999999,10.7320819112627,13.3277182235834,7.5,7.08142493638677,7.02666666666666,9.72069028964992,2.8915748162601,4.52263519007473,1.16047325750205
"174",175,395,"sult1st4",2015,495.021697693299,379.2130056235,401.721243017424,579.441701189513,299.167449544851,727.105352196266,480.278408210809,155.023150973397,5534,31.6990894379546,31.988476629903,35.0482275857122,26.6906967901342,18.5058087506828,35.6624541805351,29.9324588958203,6.44095463011236,2.2409948542024,1.54975124378109,1.42316784869976,1.71241655540721,1.31975705609146,2.53972798854688,3.83272058823529,3.13651877133105,2.8928024502297,2.86328125,2.4529262086514,4.32761904761905,3.25097805267775,0.696586886971172,1.7976359244548,0.486738426783188
"175",176,396,"slc15a1a",2773,5.3992033617524,533.646002181018,0.381320591378666,3.9755862860344,1.45777317049467,58.1329063058082,100.498798649414,213.356352823514,5590,0.577729207981907,41.7869055431975,0.0556615578386112,0.163858302258668,0,2.33877890532559,7.48715558610038,16.8263726798812,0.024442538593482,2.18088130774698,0.00135089496791625,0.0117489986648865,0.00643086816720258,0.203054163684085,0.0698529411764706,4.09726962457336,0.00459418070444103,0.017578125,0,0.283809523809524,0.745517399210633,1.64551503168265,0.404651461970758,0.873589846033514
"176",177,397,"nfe2l2a",8286,388.647919180177,284.083671032326,141.660599697174,420.147187046817,671.790469402961,617.05586681594,420.564285529233,199.577849220067,5598,89.4568068359352,142.642847910057,69.447070329974,26.3811866636456,67.7650465662971,49.5538590880059,74.2078028989858,39.6869332562997,1.75943396226415,1.16098081023454,0.501857480580884,1.24165554072096,2.96355841371919,2.15533285612025,10.8161764705882,13.9863481228668,5.73200612557427,2.830078125,8.9821882951654,6.01333333333334,8.06002174542134,4.01320382741137,1.63046984394,0.861928122540438
"177",178,399,"dnajb2",8606,36.1841348103407,28.869231338455,30.1243267189146,81.7705815650257,75.2372930771972,68.9944011385033,53.5299947747394,24.3505351659448,5641,5.92932608191957,8.51053594778158,7.55141801343826,8.04726328870349,10.6542778595736,5.91758152555534,7.76840045282864,1.7782926982448,0.163807890222985,0.117981520966596,0.106720702465383,0.241655540720962,0.3319042515184,0.240992603197327,0.716911764705882,0.834470989761089,0.623277182235834,0.86328125,1.41221374045801,0.718095238095238,0.861375027542676,0.283633589298782,0.200510418181942,0.0866610328343389
"178",179,400,"nr1i2",6157,68.6740778468507,40.0864929127341,53.9568636800812,270.159158982792,187.647802002008,376.258575713739,166.130495189701,136.679577849146,5662,16.069994022023,18.2567529840959,23.0067772399593,17.7331095999937,16.989253884185,29.5408181196158,20.2661176416454,5.14451648985765,0.310891938250429,0.163823738450604,0.191151637960149,0.798397863818425,0.827795641300464,1.3142448103078,1.94301470588235,1.7901023890785,1.89892802450229,1.90234375,2.25190839694657,3.58476190476191,2.22850986186194,0.682449149994212,0.601050938347979,0.456592109970559
"179",180,401,"ugt1a6",1882,5.96754055772634,0.95651067687652,0,29.0940632750699,20.3278369885646,54.5124080282432,18.4763932544134,21.0691808590547,5668,0.425695205881405,0.0348079179868367,0,0.910323901437046,0.42233173497409,1.09875519042142,0.481985658450132,0.447857927947499,0.0270154373927959,0.003909026297086,0,0.085981308411215,0.0896748838871028,0.190408017179671,0.0514705882352941,0.00341296928327643,0,0.0976562499999999,0.0559796437659034,0.133333333333334,0.0569754641029679,0.0522147301288096,0.0661647788613117,0.072343665619156
"180",181,402,"ugt1a5",1872,279.432454687186,32.1735409494829,46.3304518525079,82.5837696689873,91.1108231559169,133.138700810835,110.794956854153,89.9535260178239,5669,10.4903461449346,0.696158359736734,1.74406214560982,2.33042918767884,2.99471593890718,3.29626557126425,3.59199622468857,3.50495993332008,1.26500857632933,0.131485429992892,0.164133738601824,0.244058744993325,0.401929260450161,0.465044142209497,1.26838235294117,0.0682593856655287,0.143950995405819,0.25,0.396946564885496,0.4,0.421256549816336,0.435774968729909,0.445276648762839,0.422427530506927
"181",182,403,"ugt1a4",1899,574.115290799672,239.12766921913,140.897958514417,120.261485152541,126.502316239593,109.776240227302,218.446826692109,180.468851174989,5670,20.5245902835677,9.22409826651173,5.17652487899085,3.78694742997811,3.68580423250115,2.52713693796926,7.48751700491981,6.79815098903532,2.59905660377359,0.977256574271499,0.499155690645053,0.355407209612819,0.55805644873169,0.383440706275352,2.48161764705882,0.904436860068256,0.427258805513016,0.406249999999999,0.488549618320611,0.306666666666667,0.835796599604561,0.832515557569305,0.895395538885,0.864135530873841
"182",183,404,"ugt1ab",1918,1398.67783929186,931.815310309889,137.561403339854,893.061246617363,1163.70792704655,1782.78800090362,1051.26862125152,555.448631652125,5671,44.0746572089355,33.5548329393106,4.93532479502353,21.083101557282,38.7201413383063,41.2190161435234,30.5978456637302,14.9548955550147,6.3319039451115,3.80810234541577,0.487335359675787,2.6392523364486,5.13361914969632,6.2271534240038,5.32904411764706,3.29010238907849,0.407350689127105,2.26171875,5.1323155216285,5.00190476190476,3.57040603823098,1.96863960237415,4.10456109339196,2.273532687929
"183",184,405,"ugt1a2",1894,11.7456353834614,44.9560018131964,0.953301478446664,55.025728368067,28.1836146295636,52.6680032453327,32.255380819678,22.4210560154417,5672,0.243254403360803,1.77520381732867,0.111323115677222,1.49293119835676,0.691088293593965,1.27141672034478,0.9308695914437,0.685091530467465,0.0531732418524873,0.183724235963042,0.00337723741979061,0.162616822429907,0.12433011789925,0.183965640658554,0.0294117647058824,0.174061433447098,0.00918836140888203,0.16015625,0.0916030534351145,0.154285714285714,0.103117762880449,0.0711230592968195,0.118531216037172,0.0748880034549533
"184",185,406,"ugt1a1",1965,202.043873168735,135.476694052147,88.4663771998504,64.0611517454179,24.7011565000486,93.5181536223871,101.377901048098,61.3134759054019,5673,7.17600489914368,4.57724121526903,3.30258576509093,1.07418220369571,0.95984485221384,2.19751038084283,3.21456155270934,2.37726909520569,0.914665523156092,0.55366027007818,0.313407632556569,0.189319092122831,0.10896748838871,0.326652350274397,0.867647058823529,0.448805460750852,0.272588055130168,0.115234374999999,0.127226463104326,0.266666666666666,0.34969467991259,0.281211819928084,0.401112059429463,0.293410682439286
"185",186,408,"abcb6b",4496,3.22057744385231,2.43475445023114,1.33462206982533,13.3724265984793,5.83109268197868,16.8728881992181,7.17772690726415,6.42620532232374,5706,0.212847602940702,0.10442375396051,0.222646231354445,0.455161950718523,0.53751311723975,0.455198578888872,0.331298539183801,0.173508462745975,0.0145797598627787,0.00995024875621889,0.00472813238770686,0.0395193591455273,0.0257234726688103,0.0589358148413265,0.025735294117647,0.0102389078498293,0.0183767228177641,0.048828125,0.0712468193384224,0.0552380952380952,0.0382773273936263,0.0237716806591254,0.0255727979437281,0.0205281815085773
"186",187,409,"dnajc15",2423,60.62263423722,37.7386939785827,41.7546047559639,93.0648607867143,44.7860312935307,55.878633793362,55.6409098075623,20.2808943836521,5724,5.01712206931656,4.03771848647306,3.15415494418797,3.75053447392063,2.3996121305346,2.95094251141752,3.55168076930839,0.924063747442979,0.274442538593482,0.154228855721393,0.147922998986829,0.275033377837116,0.197570560914613,0.195180147936053,0.606617647058823,0.395904436860067,0.260336906584992,0.40234375,0.318066157760814,0.358095238095238,0.390227356059989,0.118418777815658,0.207396413331581,0.0559992903386228
"187",188,411,"cyp27a3",3045,344.507063626202,434.777580398418,433.180191806164,490.442780922607,527.308950727267,684.547419612813,485.793997848912,115.395762814115,5778,19.5211658697044,32.7542508256134,29.2223178652709,16.4586561379818,21.2509650280144,22.1791583437923,23.5644190117295,6.1737445144046,1.55960548885078,1.77683013503909,1.53461668355285,1.44939919893191,2.32618792425867,2.39107611548556,2.36029411764705,3.21160409556313,2.41194486983154,1.765625,2.81679389312977,2.69142857142857,2.54294842460001,0.489672203538241,1.83961925768648,0.416773843336271
"188",189,412,"slc39a10",7165,5.30448049575675,10.2607508974027,4.19452650516532,32.3468156909162,14.5777317049467,30.6034571386628,16.2146270721418,12.401033216798,5803,1.15545841596381,7.24004694126204,0.964800335869262,1.21983402792564,0.998238646302394,2.66840546245201,2.37446397162919,2.46822169985206,0.0240137221269297,0.0419331911869226,0.0148598446470787,0.0955941255006676,0.0643086816720258,0.106895728942973,0.139705882352941,0.709897610921499,0.0796324655436446,0.130859375,0.132315521628499,0.323809523809524,0.252703396542684,0.239225342461175,0.0579342156794329,0.0377310654845004
"189",190,413,"dnajc3a",3236,210.095316778365,118.25950186837,785.806408683585,1000.13101363897,397.810100748324,414.103029407531,487.700895187524,340.147122435771,5837,13.4702125861045,9.32852202047224,59.5393130347012,41.7656605979317,18.1986583979744,17.5800830467427,26.6470749473211,19.6856242977188,0.951114922813035,0.483297796730633,2.7838568051334,2.95567423230974,1.75491246873884,1.4464328322596,1.62867647058824,0.914675767918085,4.91424196018376,4.48046875,2.41221374045801,2.13333333333334,2.74726833708024,1.59991121093925,1.72921484299754,0.985377806474772
"190",191,414,"hspd1",2729,763.65574565698,409.908302799628,326.982407107206,924.414165736771,1560.70815381127,743.021882359901,788.115109578626,441.314595796077,5867,54.2153251490389,40.516416536678,30.8365030425906,30.8599802587159,65.0774809800983,23.3250030423746,40.8051181682494,15.9555512392816,3.45711835334477,1.67519545131485,1.15839243498818,2.73190921228305,6.88495891389784,2.59532331185874,6.55514705882352,3.97269624573378,2.54517611026033,3.310546875,8.62595419847328,2.83047619047619,4.63999944646118,2.4261501432324,3.08381627961457,2.03184513914706
"191",192,415,"hspe1",1242,2129.37002758235,805.903723026508,1042.91181742065,805.869411025927,862.43480514432,763.856825277964,1068.39110157962,529.01830946347,5868,126.857171352659,50.8543681787685,64.6972840610791,29.658352708819,35.7638191934877,27.139253203409,55.828374783037,37.5739547532383,9.63979416809606,3.29353233830845,3.69469773725093,2.38157543391188,3.8045730618078,2.66809830589358,15.3382352941177,4.98634812286688,5.33996937212863,3.181640625,4.74045801526718,3.29333333333334,6.14666412711895,4.59112942077104,4.24704517421145,2.70054987976861
"192",193,416,"dnajb11",2372,171.82727891612,96.2597563002097,696.291399857443,532.186436925968,210.567235738119,145.093176255625,308.704213998914,245.126706722994,5871,13.2573649831638,11.1385337557878,51.4869410007154,22.5942392336675,9.13772299307576,5.79200950379289,18.9011352450338,16.9396415249487,0.7778730703259,0.393390191897654,2.46673421141506,1.57276368491322,0.928903179707039,0.506800286327846,1.60294117647059,1.09215017064846,4.24961715160796,2.423828125,1.21119592875318,0.702857142857143,1.88043161588956,1.29932801817905,1.10774410409779,0.784261599401399
"193",194,420,"dnajc28",1375,88.2817111079516,155.998195846952,129.267680477368,148.361651856102,128.688975995335,142.97552631969,132.262290267233,24.0557007374107,5919,5.00191866910651,8.21466864489347,8.36778752840456,5.13422680410494,6.10461326008002,4.33223475080444,6.19257494289899,1.72202083407632,0.399656946826759,0.637526652452023,0.457953394123609,0.438451268357811,0.567702750982494,0.49940348365545,0.604779411764706,0.805460750853239,0.690658499234302,0.550781249999999,0.809160305343511,0.525714285714286,0.664425750485007,0.124290585707819,0.500115749399691,0.0884561019060641
"194",195,421,"slc15a2",3229,3.97836037181756,7.30426335069342,2.85990443533999,69.1209888367344,68.4343516148887,43.3093567542684,32.5012042272904,31.8623946732384,5923,0.152034002100502,0.417695015842041,0.0371077052257408,2.09374497330521,3.41704767388127,1.80509781283518,1.32045453053166,1.34578752969049,0.0180102915951973,0.0298507462686567,0.0101317122593718,0.204272363150868,0.301893533404788,0.151276544977332,0.0183823529411765,0.0409556313993173,0.00306278713629402,0.224609375,0.4529262086514,0.219047619047619,0.159830662362634,0.174541108482784,0.119239198609369,0.119801224750472
"195",196,422,"cyp27a1.1",2671,310.027940403783,985.466863731054,244.045178482346,683.800841197916,285.399591823512,765.42798490785,545.69473342441,308.233800053362,5938,19.9772678760059,81.1024489093296,18.5909603180962,24.8700489872601,12.8427241226212,27.70432730134,30.8479629191088,25.1544270839751,1.40351629502573,4.0273631840796,0.864572779466397,2.02082777036048,1.25902107895677,2.67358625626342,2.41544117647058,7.9522184300341,1.53445635528331,2.66796875,1.70229007633588,3.36190476190476,3.27237992500477,2.38722099872943,2.04148122735873,1.16172863546753
"196",197,423,"cyp27a1.2",2986,31.9216058405361,62.6079715773722,7.53108167972864,86.6497101887952,19.1940134115132,106.224053237993,52.3547393226563,39.2669931403717,5939,1.58115362184522,3.42857992170342,0.482400167934631,2.8037976164261,0.825466572903902,3.02942502501905,2.02513715430539,1.23295791769117,0.14451114922813,0.255863539445629,0.0266801756163458,0.256074766355141,0.0846730975348341,0.371033166308758,0.191176470588235,0.336177474402729,0.0398162327718223,0.30078125,0.10941475826972,0.367619047619048,0.224164205608592,0.13208802897223,0.189805982414806,0.127524914419251
"197",198,425,"cyp27a1.4",4176,54.6550936794936,88.1728933047992,23.1652259262539,80.415268058423,46.4867666591078,133.411945963858,71.0511989319893,38.5616674697016,5941,2.02205222793667,4.61204913325587,1.66984673515834,1.87526723696032,1.76611452807347,3.06081803045966,2.50102464864072,1.1508022881637,0.247427101200686,0.360341151385927,0.0820668693009118,0.237650200267023,0.205073240443015,0.465998568360771,0.244485294117647,0.452218430034128,0.137825421133231,0.201171875,0.23409669211196,0.371428571428572,0.273537713970923,0.116244308805629,0.266426188493056,0.132356126178566
"198",199,426,"dnajc10",2840,95.6700946556128,63.1297046738503,58.9140313680038,170.588793364385,95.4841426674009,140.174763501197,103.993588371742,43.7897554825923,5981,4.2721554590241,3.41117596271,3.19126264941371,6.09917013962821,3.89697009998819,4.7403438215324,4.26851302204943,1.05900730823013,0.433104631217839,0.257995735607676,0.20871327254306,0.504138851802404,0.421221864951769,0.489620615604868,0.516544117647059,0.334470989761091,0.263399693721286,0.654296875,0.516539440203562,0.575238095238096,0.476748201928516,0.148425900031835,0.385799161954603,0.12326303562371
"199",200,433,"hsdl2",1471,2299.39757204455,3937.69359015239,4660.11894723867,2803.78222822576,2217.11101752567,3083.09337285551,3166.86612134043,960.974840128068,6204,86.4617369945554,159.228820830785,181.69787863784,79.7261672878565,78.3617337347379,84.2902196080429,111.627759515636,46.2183783094605,10.4095197255575,16.092395167022,16.5092874029044,8.28598130841123,9.78063594140765,10.7690288713911,10.4540441176471,15.6126279863481,14.9969372128637,8.55273437499999,10.3867684478372,10.2285714285714,11.7052805947112,2.88186229936566,11.9744747361156,3.45953438888476
"200",201,434,"aldh7a1",2816,2377.16504502699,2831.09769252234,2097.45391287835,1901.95662093237,2754.13845605624,2153.03518325084,2352.47448511119,373.845320235414,6239,88.468585822282,117.076432148725,87.9452613850058,50.3227052714399,94.4871272519304,56.1306937278141,82.4051342678662,25.0406085406905,10.7615780445969,11.5700071073205,7.43059777102331,5.6208277703605,12.1496963201144,7.52040085898353,10.6966911764706,11.4795221843003,7.25880551301684,5.39843749999999,12.5241730279898,6.81142857142858,9.02817632886768,2.90636126074432,9.17551797873319,2.66514101745686
"201",202,436,"per1a",6203,6.44115488770462,32.695274045961,7.62641182757331,73.1869293565423,69.8921247853834,69.9507591740865,43.2987756795419,31.7939370672903,6305,1.48993322058492,5.34301541097944,1.5028620616425,3.56846969363322,3.7241980265897,3.04512152773935,3.11226665686152,1.46870545814699,0.0291595197255575,0.133617626154939,0.0270178993583249,0.216288384512684,0.30832440157199,0.244333094726795,0.18014705882353,0.523890784982933,0.124042879019908,0.3828125,0.493638676844784,0.369523809523809,0.345675951532494,0.162556065195542,0.159790154341715,0.116430079452823
"202",203,437,"bach1b",3282,43.3830726260105,78.7816975681933,103.337880263618,249.377685214885,174.041919077392,143.726950490506,132.108200873434,73.741656759338,6334,2.70620523738893,5.88253813977541,8.2750182653402,10.3594859983536,9.80961438962544,6.16872556908024,7.2002645999273,2.86152151697501,0.196397941680961,0.321961620469082,0.366092536305301,0.736982643524701,0.767774205073244,0.502028155571463,0.327205882352941,0.576791808873718,0.683001531393567,1.111328125,1.30025445292621,0.748571428571429,0.791192204852977,0.356764339428527,0.481872850437458,0.231386876713744
"203",204,438,"sod1",748,7155.55474304386,5387.06813216856,4791.0072402294,3949.20284977253,2990.4596844731,4658.28336874932,4821.92933640613,1407.75411078546,6337,383.551380499146,338.994313273803,273.261141282355,154.791476200355,139.446260129627,169.098423805856,243.190499198524,103.77926705195,32.3936535162951,22.0156361051883,16.9729821006417,11.6710280373832,13.1922115041086,16.2710570269625,46.375,33.2389078498292,22.5543644716691,16.60546875,18.4834605597965,20.52,26.2962002718825,11.4339353768455,18.7527613817632,7.57782848293142
"204",205,439,"ugt5d1",1817,707.863977585539,242.605889862317,306.009774581379,271.243409788074,181.897696718391,485.078457905457,365.783201073526,196.340408129214,6339,27.3205101774602,11.399593140689,11.744588703947,7.48286246981252,5.98943187781436,12.9967042524133,12.8222817703561,7.59752264294357,3.20454545454546,0.99147121535181,1.08409321175279,0.801602136181576,0.80242943908539,1.69434502505368,3.30330882352941,1.11774744027303,0.96937212863706,0.802734374999999,0.793893129770992,1.57714285714285,1.42736645905889,0.963189406823556,1.42974774699512,0.92947051228405
"205",206,440,"hspa8",2333,32178.8731445803,31584.8521056235,34746.2182768675,42236.3576401281,63792.8018400337,54292.2407461943,43138.5572922379,13235.184705534,6396,1760.93382932906,2026.39515748068,2150.66982562087,1595.87062513126,3208.03185886318,1902.588791231,2107.41501460934,573.318984462096,145.675814751286,129.07960199005,123.094562647754,124.820560747664,281.417649160415,189.638988308279,212.913602941176,198.691126279863,177.51148545176,171.19921875,425.221374045801,230.878095238095,236.069150451116,95.2637548971847,165.621196267575,61.9547990378646
"206",207,451,"pparg",1712,18.0920674051703,43.1299359755231,35.5581451460606,106.256578917647,110.142861770708,93.5181536223871,67.7829571395827,40.1304769825106,6585,1.29228901785427,2.66280572599301,1.78116985083556,3.65950208377693,4.91440564333486,2.91954950597691,2.87162030462859,1.30560329963596,0.0819039451114922,0.176261549395878,0.12597095575819,0.314018691588786,0.485887817077526,0.326652350274397,0.156250000000001,0.261092150170647,0.147013782542113,0.392578125,0.651399491094148,0.354285714285715,0.327103210515437,0.187709569406678,0.251782551534378,0.151442939461176
"207",208,452,"dnajc14",7147,3.97836037181756,5.21733096478102,8.38905301033064,87.8243152278508,64.1420195017655,52.6680032453327,37.036513720313,36.0123078671189,6609,0.775373410712559,3.1327126188153,1.39153894596528,5.88069240328332,5.31754048126467,3.26487256582364,3.2937884043108,2.0384010098614,0.0180102915951973,0.0213219616204691,0.0297196892941574,0.259546061415221,0.282958199356914,0.183965640658554,0.09375,0.307167235494879,0.114854517611026,0.630859375,0.704834605597964,0.396190476190477,0.374609368315724,0.255374832744206,0.132586973990085,0.124466284650677
"208",209,454,"dnajc16l",5244,29.9324256546274,32.3474519816423,27.0737619878853,121.616798659143,85.4417052706599,105.267695202409,66.9466397927279,42.3235141147609,6627,4.16573165755375,7.91880134200535,4.74978626889483,6.59074504640422,5.2983435842204,6.37278010444422,5.84936466725379,1.37502681695463,0.135506003430532,0.132196162046908,0.0959135427220536,0.359412550066756,0.376920328688818,0.367692674779287,0.503676470588235,0.776450511945389,0.392036753445635,0.70703125,0.702290076335878,0.773333333333334,0.642469732608079,0.157989266035739,0.244606876955726,0.136004546092888
"209",210,460,"abcc10",4952,23.3018250349314,59.1297509341848,46.3304518525079,87.5532525265303,50.9410735689527,75.8938412523536,57.1916991949101,22.7196420214651,6699,1.12505161554371,1.91443548927602,1.59563132470686,2.84021057248358,1.80450832216202,1.89927682915702,1.86318569222154,0.561849983002722,0.10548885077187,0.241648898365316,0.164133738601824,0.258744993324433,0.224723115398357,0.26509186351706,0.136029411764705,0.187713310580204,0.131699846860643,0.304687499999999,0.239185750636132,0.230476190476191,0.204965335052979,0.0666092732236371,0.209971909996477,0.0626991231327733
"210",211,462,"abcb11b",5354,787.336462155894,781.556178524196,1112.31216505157,4436.12181557797,1825.37497165441,4199.77800197543,2190.41326582324,1692.91531285238,6715,47.7082698591375,48.2437743297557,76.9057190803479,141.974115668122,75.251836413565,124.253515533942,85.722871814145,39.2071177602098,3.56432246998285,3.19402985074626,3.9405606214117,13.1100133511348,8.05251875669883,14.6695299451205,5.76838235294118,4.73037542662114,6.34762633996936,15.23046875,9.97455470737913,15.0780952380953,9.52158380250101,4.7071769483285,7.7551624991825,5.08899959207803
"211",212,463,"ncoa3",6521,30.6902085825926,40.6951815252919,33.5562120413226,179.895279443057,186.432991026596,251.180606917105,120.408413255994,96.8980486615574,6769,5.16915607141706,8.85861512764995,5.90012513089279,8.68449001970942,10.5198995802637,11.5055364939843,8.43963707065286,2.49430927594512,0.13893653516295,0.166311300639659,0.11887875717663,0.531642189586117,0.822436584494462,0.877356239560961,0.625,0.868600682593854,0.486983154670749,0.931640624999999,1.39440203562341,1.39619047619048,0.950469495679749,0.380407755529613,0.442593601103463,0.35058799704622
"212",213,465,"ugt1b7",1730,98.7012263674738,33.2170071424391,39.9433319469152,42.6471983410963,34.0956947099031,70.7704946331578,53.2291588568309,26.1934119047089,6887,3.84646025314269,1.06164149859852,1.28021583028806,1.25624698398312,0.883057264036733,1.53825726658998,1.64431318277319,1.10117016840947,0.446826758147514,0.135749822316986,0.141506247889227,0.126034712950601,0.150410861021794,0.247196373180625,0.465073529411764,0.104095563139931,0.105666156202144,0.134765625,0.11704834605598,0.186666666666666,0.185552647746081,0.140301413762306,0.207954129251124,0.125100669788255
"213",214,467,"ugt1b5",1915,56.7389967313981,41.4777811700091,33.9375326327012,68.8499261354139,42.2754219443455,77.3283783057284,53.4346728199327,17.1294621436118,6888,7.44966610292459,8.63236366073551,7.0875716981165,2.51249396796625,2.57238420393309,4.19096622632169,5.4075743099996,2.65675459254583,0.256861063464838,0.169509594882729,0.120229652144546,0.20347129506008,0.186495176848875,0.270102600811262,0.900735294117647,0.846416382252557,0.584992343032159,0.26953125,0.340966921119593,0.508571428571429,0.575202269848897,0.257823711154946,0.201111563868722,0.0559062520160003
"214",215,468,"ugt1b4",1697,59.7701284432591,21.7388790199209,37.6554083986432,20.3297025990395,14.90168129839,24.7286863486517,29.8540810179841,16.5060280993284,6889,2.15888282982712,1.06164149859852,1.46575435641676,0.58260729691971,0.633497602461134,0.455198578888872,1.05959702718535,0.655404400149085,0.270583190394512,0.0888415067519544,0.133400878081729,0.0600801068090787,0.0657377634869599,0.0863755666905273,0.261029411764705,0.104095563139931,0.120980091883614,0.0625,0.0839694656488549,0.0552380952380952,0.114635437945867,0.075853924397434,0.11750316870246,0.0793142028792587
"215",216,469,"ugt1b3",1728,23.8701622309054,11.2172615742792,4.76650739223332,33.2503580286513,14.9826686967508,32.5844844980852,20.1119070701509,11.6894282084412,6890,1.04903461449346,0.417695015842041,0.259753936580186,0.600813774948451,0.748678984726795,0.957486665938663,0.672243832088266,0.306340453528103,0.108061749571184,0.0458422174840085,0.0168861870989531,0.09826435246996,0.0660950339406933,0.113815318539728,0.126838235294117,0.0409556313993173,0.0214395099540582,0.064453125,0.099236641221374,0.116190476190476,0.0781856031765572,0.0425426046192645,0.0748274765174211,0.0385939106581534
"216",217,471,"ugt1b1",1714,38.4574835942364,9.30424022052614,14.2995221767,32.8889410935573,9.63750040493699,32.7211070745971,22.8847990940923,13.2134310154496,6891,1.48993322058492,0.20884750792102,0.500954020547501,0.873910945379565,0.383937940885536,0.65925311425285,0.686139458261898,0.455080746356994,0.17409948542024,0.0380241648898365,0.0506585612968593,0.0971962616822431,0.0425151839942837,0.114292531615366,0.18014705882353,0.0204778156996586,0.0413476263399693,0.09375,0.0508905852417303,0.0800000000000001,0.077768847684148,0.0566972346557956,0.0861310314831382,0.0531580044844685
"217",218,472,"gpx1a",990,13817.8875228483,8959.4615992702,10904.43429136,7988.48887061726,4819.80303864719,7293.86949224014,8963.99080249719,3106.15055176364,6936,937.183199148123,656.338101559793,803.251941168999,362.909726546893,267.278397547466,300.195614525851,554.526163416188,283.749451536515,62.554459691252,36.6151385927505,38.6308679500169,23.6082777036048,21.2622365130404,25.4769744691004,113.314338235294,64.3549488054605,66.2986217457886,38.931640625,35.4274809160306,36.4285714285714,59.1259336260242,29.9992320904703,34.6913258199608,15.3860582534224
"218",219,477,"per3",5041,5.11503476376544,27.47794308118,15.157493507302,153.602197414965,163.594544688846,180.956602589995,90.9839693410091,82.9994657902415,6978,0.456102006301505,1.75779985833525,0.575169430998983,5.75324705708213,6.75730775958543,7.48723179758594,3.79780965164821,3.22205711320943,0.0231560891938251,0.11229566453447,0.0536980749746709,0.453938584779706,0.721686316541621,0.63206871868289,0.0551470588235293,0.17235494880546,0.0474732006125574,0.617187499999999,0.895674300254453,0.908571428571429,0.449401406177905,0.407893684950339,0.332807241451197,0.309149894903585
"219",220,478,"akr7a3",1308,713.168458081296,947.032525623834,529.368310981433,333.136059922928,437.979850335288,377.966357920137,556.441927144152,233.92712737071,6990,34.9678204831154,51.2720631946105,30.7622876321391,12.1619273231989,17.0276476782735,11.4270539803827,26.26980004862,15.6569967152573,3.22855917667239,3.87029140014214,1.87537993920973,0.984512683578106,1.93211861379064,1.32020997375328,4.22794117647059,5.02730375426619,2.53905053598774,1.30468749999999,2.25699745547074,1.38666666666666,2.79044118147699,1.52287667005966,2.20184529785771,1.12038970346673
"220",221,479,"aldh4a1",1960,207.82196799447,419.995142664872,293.521525213728,256.154252747898,322.89675726457,269.078164440163,294.91130172095,72.3672527346424,6992,12.5732119737115,25.044296991529,18.0900062975487,10.5597572566697,13.3418434457724,9.35511562130235,14.8273719310889,5.8391180296908,0.940823327615783,1.71641791044776,1.03985140155353,0.757009345794393,1.42443729903537,0.939871152469577,1.52022058823529,2.45563139931739,1.49310872894334,1.1328125,1.76844783715013,1.1352380952381,1.58424319148071,0.492148024458885,1.13640173948607,0.360421693328989
"221",222,481,"sult6b1",2253,84.4927964681253,2823.35865159125,59.6766725507612,133.362849049699,155.171855259322,489.655314218605,624.28635652296,1088.60277095793,7015,4.68264726469546,179.104142001268,3.74787822779982,3.58667617166196,6.02782567190291,19.1183403133326,36.0445849417769,70.3330714550478,0.382504288164666,11.5383795309168,0.211415062478893,0.394125500667556,0.684530189353343,1.71033166308756,0.566176470588236,17.5614334470989,0.309341500765696,0.384765625,0.798982188295165,2.32,3.65678320529133,6.85210375486561,2.48688103911148,4.46692053053572
"222",223,484,"sult2st1",2957,24.249053694888,69.5644128637469,60.4393137335185,17.7094298196078,19.7609252000389,28.9639862205202,36.7811869220534,22.3876353617952,7074,1.64196722268542,4.57724121526903,4.6384631532176,0.728259121149637,1.22860141083372,1.0673621849808,2.31364905135603,1.80132102291687,0.109777015437393,0.284292821606254,0.214116852414725,0.052336448598131,0.0871739907109685,0.101169172035314,0.198529411764706,0.448805460750852,0.382848392036753,0.0781249999999999,0.162849872773538,0.129523809523809,0.233446991141609,0.148208088917606,0.141477716800464,0.0885408061804203
"223",224,485,"sult2st2",864,2925.98933060582,2235.45240737651,1213.5527820626,576.460011474988,580.598658848683,883.469891014121,1402.58718023045,967.242119662977,7075,125.519272134174,97.3577466091823,48.0915859725601,17.9697938143673,21.0973898516602,25.1144043524895,55.8583654557389,45.2199598611268,13.246140651801,9.13574982231699,4.29922323539344,1.70360480640855,2.56127188281529,3.08589835361488,15.1764705882353,9.54607508532419,3.96937212863705,1.927734375,2.79643765903308,3.04761904761905,6.07728481397477,5.22364978048171,5.67198145872503,4.54669983714004
"224",225,486,"abcc3",8779,12.408695445431,14.7824377335462,19.1613597167779,76.7107444737092,41.5465353590981,70.9754284979256,39.2642002044147,28.7671818451683,7076,0.82098361134271,1.47933651444056,1.15033886199797,3.14972069897218,2.11165867487045,2.22890338628345,1.82349029131788,0.846508381690927,0.0561749571183536,0.0604122245913289,0.0678824721377912,0.226702269692924,0.183279742765273,0.247912192794082,0.0992647058823529,0.145051194539249,0.0949464012251151,0.337890625,0.279898218829517,0.270476190476191,0.204587889325404,0.104346902403828,0.140393976516626,0.0889902459665703
"225",226,487,"slc39a11",3044,2.27334878389575,8.34772954364963,4.28985665300999,22.8596211446978,11.4192231688749,16.4630204696825,10.9421332939684,7.73131123209471,7091,0.83618701155276,5.81292230380173,3.06138568112362,3.53205673757574,2.68756558619875,3.61019562567037,3.2567188243205,1.60972033260418,0.0102915951972556,0.0341151385927505,0.0151975683890578,0.0675567423230976,0.0503751339764201,0.0575041756144119,0.101102941176471,0.569965870307165,0.252679938744257,0.37890625,0.356234096692112,0.438095238095238,0.349497389169207,0.160274523760712,0.0391733923488322,0.0232451950247717
"226",227,493,"cyp26a1",1832,0.189445731991312,43.2168914916028,0.571980887067998,37.2259443146857,14.5777317049467,13.6622576511888,18.2407086302472,18.2025302083255,7159,0,3.44598388069684,0,1.27445346201187,0.53751311723975,0.313930054406119,0.928646752392428,1.32001516799972,0.00085763293310463,0.176616915422886,0.00202634245187437,0.110013351134847,0.0643086816720258,0.0477213075638273,0,0.337883959044368,0,0.13671875,0.0712468193384224,0.0380952380952381,0.0973241277463381,0.128493601212605,0.0669240385297607,0.0675888777456645
"227",228,494,"dnajc9",1124,55.1287080094719,45.6516459418339,26.2157906572833,89.631399903321,30.6132365803881,79.3777169534067,54.4364163409508,25.699628054887,7167,3.81605345272259,3.06309678284163,2.24501616615732,3.75053447392063,2.28443074826894,2.48004742980834,2.93986317561991,0.71608916079009,0.249571183533448,0.186567164179104,0.092874029044242,0.264886515353805,0.135048231511254,0.277260796945836,0.461397058823529,0.300341296928326,0.185298621745788,0.40234375,0.302798982188295,0.300952380952381,0.325522015106387,0.0956872804694356,0.201034653427948,0.0755056511412185
"228",229,495,"raraa",3455,15.5345500232876,18.0867473445742,45.9491312611292,28.1905209373348,71.8358223460429,66.7401286260571,41.0561500897376,24.394532946182,7192,1.87001822583617,2.01885924323653,5.97434054134427,2.14836440739143,4.03134837929813,2.66840546245201,3.11855604325976,1.60628652720857,0.0703259005145798,0.0739161336176261,0.162782843633908,0.0833110814419226,0.316898892461594,0.233118587449296,0.22610294117647,0.197952218430033,0.493108728943337,0.23046875,0.534351145038168,0.323809523809524,0.334298884566256,0.145896519942454,0.156725573186488,0.101232474709127
"229",230,496,"sult1st6",1600,540.488673371214,711.991765660449,291.3289318133,221.729289680191,245.229842236548,354.194029607069,394.160422061462,193.138893565774,7225,24.4622709379707,33.1023300054817,13.7112970809112,6.99128756303652,9.61764541918268,12.2746651272793,16.6932493556437,10.0222131663855,2.44682675814751,2.90973702914001,1.03208375548801,0.655273698264353,1.08181493390497,1.23717489859222,2.95772058823529,3.24573378839589,1.13169984686064,0.75,1.27480916030534,1.48952380952382,1.8082478655535,1.03454347045005,1.56048517892285,0.898704910436542
"230",231,499,"maff",1475,42.6252896980453,28.3474982419769,42.5172459387212,36.7741731458182,30.1273121902232,28.6224297792405,34.8356581656709,6.72773273035399,7280,8.2402429138472,6.85715984340683,10.7612345154648,4.49700007309901,4.70323977584782,2.51144043524895,6.26171959281911,2.97060351598381,0.192967409948542,0.115849324804549,0.150624788922661,0.1086782376502,0.132904608788853,0.0999761393462181,0.996323529411765,0.672354948805458,0.888208269525263,0.482421875,0.623409669211197,0.304761904761905,0.661246699452598,0.254716625689285,0.133500084910171,0.0342972336681085
"231",232,501,"thrab",8977,0.378891463982625,0.173911032159367,0.762641182757331,2.80098124697878,5.02121869837053,4.64516760140418,2.29713520427547,2.17853894570745,7312,0.273661203780903,1.0442375396051,0.408184757483149,0.910323901437046,1.30538899901082,0.941790163218357,0.81393109408923,0.394140353190602,0.00171526586620927,0.000710732054015634,0.00270178993583249,0.00827770360480642,0.0221507681314755,0.0162252445717012,0.0330882352941176,0.102389078498293,0.0336906584992342,0.0976562499999999,0.173027989821883,0.114285714285714,0.0923563210665403,0.0530507829361739,0.00863025069400676,0.00878971047132118
"232",233,504,"slc16a5a",7380,2.46279451588706,2.08693238591241,1.143961774136,10.30038265018,8.5846642262464,12.2960318860699,6.14579457307196,4.81853274982966,7363,0.760170010502509,1.46193255544714,1.79972370344843,1.36548585215557,1.13261692561233,1.63243628291182,1.35872755501297,0.371345706364338,0.0111492281303602,0.00852878464818764,0.00405268490374875,0.0304405874499332,0.0378706680957486,0.0429491768074445,0.0919117647058823,0.14334470989761,0.14854517611026,0.146484375,0.150127226463104,0.198095238095238,0.146418081712016,0.0336725389001255,0.0224985216725705,0.0166241841932338
"233",234,505,"nfe2l1b",5980,5.49392622774806,4.34777580398418,5.43381842714598,30.7204394829931,15.5495804852765,39.6205471884474,16.8610146025992,15.0211350887393,7391,1.20106861659396,3.48079179868367,1.59563132470686,2.0027125831615,1.42057038127648,2.26029639172406,1.99351184935776,0.824353978350533,0.0248713550600343,0.0177683013503909,0.0192502532928065,0.0907877169559414,0.0685959271168276,0.138391791935099,0.145220588235294,0.341296928327643,0.131699846860643,0.21484375,0.188295165394402,0.274285714285715,0.215940332183949,0.0799770705894032,0.0599442242851832,0.048672595530587
"234",235,506,"aldh18a1",4493,83.3561220761775,67.3035694456751,173.310208781604,518.633301859942,346.950014577732,374.20923706606,260.627075634532,180.744556881794,7410,9.51732853149141,11.2255535507548,22.6913617455405,29.2578101921867,19.6768194703837,18.6160522262829,18.49748761944,7.32532982984319,0.377358490566038,0.275053304904051,0.613981762917935,1.53271028037383,1.53054662379422,1.30708661417323,1.15073529411765,1.10068259385665,1.87289433384379,3.138671875,2.60814249363867,2.25904761904763,2.02169570158406,0.80955179792708,0.939456179454883,0.583062443579292
"235",236,508,"nat9",1471,95.6700946556128,112.69434883927,71.8789314748785,90.173525305962,76.2901292558878,112.440380469284,93.1912350001491,17.3551953295574,7421,3.64881605041204,5.83032626279515,4.78689397412057,3.75053447392063,2.95632214481863,4.14387671816077,4.18612827070463,1.0056799835362,0.433104631217839,0.460554371002132,0.254643701452212,0.266488651535381,0.336548767416935,0.392746361250299,0.441176470588235,0.571672354948803,0.395099540581929,0.40234375,0.391857506361324,0.502857142857143,0.450834460889572,0.0725774681373388,0.357347747312466,0.08588348896893
"236",237,510,"abca5",11152,22.5440421069662,82.9555623400182,31.7449392322739,154.867156687794,118.727525996955,172.759247999282,97.2664123938816,62.544208147305,7485,2.67579843696883,10.3727595600773,3.54378584905825,7.31900416755385,5.68228152510593,7.22039125134074,6.13567013168416,2.80798731047946,0.102058319039451,0.339019189765458,0.112462006079027,0.457676902536715,0.523758485173277,0.603435934144595,0.323529411764706,1.01706484641637,0.292496171516079,0.785156249999999,0.753180661577608,0.876190476190477,0.674602969577541,0.298520481549513,0.356401806123087,0.211560938928943
"237",238,511,"dnajb12b",1071,1.98918018590878,3.04344306278893,3.05056473102932,14.2759689362144,13.119958534452,14.7552382632839,8.37239228561289,6.2545546665016,7535,0.243254403360803,0.261059384901275,0.148430820902963,0.655433209034673,0.825466572903902,0.439502076168567,0.428857744545364,0.264572279310529,0.00900514579759864,0.0124378109452736,0.0108071597433299,0.0421895861148197,0.0578778135048231,0.0515390121689335,0.0294117647058824,0.0255972696245732,0.0122511485451761,0.0703124999999999,0.10941475826972,0.0533333333333334,0.0500534624131142,0.03577191520367,0.0306427547124631,0.0223820832070811
"238",239,514,"slc30a6",2338,126.833917568184,205.388928980213,181.222611052711,286.33256682825,210.162298746315,239.362754048827,208.217179537417,53.7322716616786,7564,4.25695205881405,7.24004694126204,5.08375561592649,8.92117423408305,6.60373258323122,5.91758152555534,6.33720715981203,1.65152832517258,0.574185248713553,0.839374555792466,0.642012833502196,0.846194926568759,0.927116827438372,0.836077308518251,0.514705882352941,0.709897610921499,0.419601837672281,0.957031249999999,0.875318066157761,0.718095238095238,0.699108314199953,0.205026416342628,0.7774936167556,0.13715510187271
"239",240,516,"abcc2",5845,2402.26660451584,5421.06773895571,2820.4377541323,8307.07789890265,5349.21766173183,7166.40062835455,5244.41138109881,2326.78300519674,7579,98.1379483558739,243.446578399936,121.212319119882,233.82579732312,181.83300880339,188.075495594706,177.755191266151,58.512238452551,10.8752144082333,22.1545842217484,9.99189463019251,24.5497997329773,23.5977134690961,25.0317346695299,11.8658088235294,23.8703071672354,10.0045941807044,25.083984375,24.1017811704835,22.8228571428572,19.6248888099683,6.79482537041195,19.3668235219629,6.99461531814178
"240",241,518,"gsta.2",1055,46.9825415338455,72.9556779908545,22.3072545956519,105.443390813685,74.5893938903107,125.282902661401,74.5935269142914,37.4700687724984,7584,2.66059503675878,4.49022142030194,1.26166197767519,4.44238063901279,3.57062285023548,3.7043746419922,3.3549760943294,1.22506673340508,0.212692967409949,0.298152096659559,0.0790273556231002,0.311615487316422,0.329046087888532,0.437604390360295,0.321691176470588,0.440273037542661,0.104134762633997,0.4765625,0.473282442748091,0.449523809523809,0.377577954819858,0.145573816291173,0.278023064209643,0.121219215492107
"241",242,520,"gsta.1",2140,550.813465764741,488.776955883902,281.033275846077,873.002606719644,651.300657617675,1053.42837619491,649.725889671158,277.291593913326,7586,46.7048454452741,55.9363242048466,30.3169951694303,52.0887336402278,40.9661782924867,53.0227861891935,46.5059771569098,9.54336914517229,2.49356775300172,1.99751243781094,0.995609591354275,2.57997329773031,2.87316898892462,3.6795514197089,5.6470588235294,5.48464163822523,2.50229709035222,5.587890625,5.43002544529262,6.43428571428572,5.18103322278087,1.36258262705316,2.43656391475513,0.897616084804231
"242",243,522,"gclc",3017,53.992033617524,92.2598025605443,77.4080800498691,264.557196488835,352.862094658071,216.136916041806,176.202687236108,120.293004219609,7604,5.07793567015676,13.7665315637939,6.97624858243928,11.9070366307966,17.7187359718675,10.8148903742908,11.0435631322241,4.58043940893141,0.24442538593482,0.377043354655294,0.274231678486998,0.781842456608814,1.55662736691676,0.754951085659745,0.613970588235294,1.34982935153583,0.575803981623277,1.27734375,2.34860050890585,1.31238095238095,1.24632152211353,0.645061320822711,0.664853554710405,0.495831525203403
"243",244,524,"ncoa4",3005,293.546161720539,1035.72715202511,546.527737593472,1283.03011958383,1397.51854611422,1380.22957921134,989.429882708087,466.480816220765,7617,50.4904920975766,180.113571622887,84.5499063568505,75.5932967753323,104.066378877025,83.11298190402,96.3211046056151,44.5516991285475,1.32890222984563,4.23276474769011,1.93617021276596,3.7917222963952,6.16505894962486,4.82104509663562,6.1047794117647,17.660409556314,6.97856049004593,8.10937499999999,13.7938931297711,10.0857142857143,10.4554553122683,4.46574769494368,3.71261058882623,1.80874293265326
"244",245,528,"abcg2c",2701,147.388779489241,379.560827687819,493.142854800459,138.603394608563,118.565551200233,169.821862604276,241.180545065099,156.255926936911,7634,5.95973288233967,15.9942383149515,20.7432072211891,3.95080573223678,3.01391283595146,4.30084174536383,8.99378978867206,7.47629545675954,0.667238421955404,1.55117270788912,1.74704491725768,0.409612817089453,0.523043944265809,0.593175853018371,0.720588235294117,1.56825938566553,1.71209800918836,0.423828125,0.399491094147583,0.521904761904762,0.891028268533391,0.592956025524402,0.915214776912641,0.578103194461881
"245",246,530,"prdx3",1182,1454.94322169328,1101.81334424567,969.412273432412,787.979272738772,664.420616152127,819.32559134179,966.315719934009,283.434885045023,7684,72.8242870061404,66.9878381656673,54.399895860936,27.2186846529677,26.7988682738104,27.0450741870871,45.8791080244348,21.4998268077501,6.58662092624358,4.50284292821605,3.43431273218507,2.32870493991989,2.93104680242944,2.86184681460271,8.80514705882353,6.56825938566551,4.49004594180703,2.919921875,3.55216284987277,3.28190476190476,4.93624031217893,2.30430256959802,3.77422919059946,1.56133961399282
"246",247,531,"abcg8",2707,421.706199412661,612.427699749212,366.258428019208,893.784080487551,497.100651138683,954.103763070767,624.23013697968,247.120411644825,7694,22.9115241165456,33.5200250213238,18.3126525289031,25.7439599326397,17.3731918250705,27.4060937496542,24.2112411956895,6.04071680881243,1.90909090909091,2.50284292821606,1.29753461668355,2.64138851802403,2.19292604501608,3.33261751371987,2.77022058823529,3.28668941979521,1.5114854517611,2.76171875,2.3027989821883,3.32571428571429,2.65977124628236,0.678982818918474,2.31273342179175,0.691697774633231
"247",248,532,"abcg5",2054,221.083169233862,413.038701378497,242.710556412521,499.207141598637,374.64770481713,679.833940723153,405.0868690273,170.621090083231,7695,7.52568310397484,16.4293372897869,8.60898761237187,13.5456196533833,11.3261692561233,17.4388145222599,12.4791019063167,4.05423149555736,1.00085763293311,1.68798862828713,0.859844647078691,1.47530040053405,1.65273311897106,2.37461226437604,0.909926470588235,1.61092150170648,0.710566615620213,1.453125,1.50127226463104,2.11619047619048,1.38366705478941,0.506830322772526,1.50855611536335,0.544559739426438
"248",249,533,"nat8",4149,147.483502355237,78.4338755038746,83.6045396597724,197.604709262664,113.220382908419,179.52206553662,133.311512537765,49.7108988811371,7701,35.9560414967687,43.5621093605262,46.4217392374018,19.6812027490689,17.5843576925575,17.7841375821066,30.1649313530716,13.407226344901,0.667667238421958,0.320540156361051,0.296183721715637,0.583978638184245,0.499464094319399,0.627057981388688,4.34742647058824,4.27133105802046,3.83154670750382,2.11132812499999,2.33078880407124,2.15809523809523,3.17508606721317,1.08496680577675,0.499148638398496,0.158146320990365
"249",250,534,"slc39a8",7810,127.686423362145,6.60861922205595,201.337272247935,27.4676870671468,10.0424373967411,8.74384489676081,63.6477140321308,81.8654798452285,7702,10.2622951417839,1.46193255544714,24.8992702064721,1.34727937412683,0.42233173497409,0.50228808704979,6.48256618330897,9.77271137803103,0.578044596912524,0.0270078180525941,0.713272543059776,0.0811748998664889,0.0443015362629513,0.0305416368408494,1.24080882352941,0.14334470989761,2.05513016845329,0.14453125,0.0559796437659034,0.0609523809523809,0.616791162766433,0.840102900408848,0.245723838499197,0.313313342251018
"250",251,535,"adh8b",2561,1458.44796773512,4055.3444034082,1260.26455450649,611.336745711562,1242.18471605818,2351.20623048133,1829.79743631681,1226.14271014436,7719,56.7999031847475,186.378996860517,57.8880201521557,19.1532148862355,45.151101848139,64.387054158695,71.626381848415,58.4525641376152,6.60248713550602,16.5732054015636,4.46470786896319,1.80667556742323,5.47981421936406,8.21259842519684,6.86764705882353,18.2747440273037,4.77794793261868,2.0546875,5.98473282442748,7.81333333333334,7.62884877941778,5.58302024212204,7.18991476966948,5.07479175966199
"251",252,536,"adh8a",1480,38532.219935507,36908.0948889895,40205.2991931924,16348.8757674463,43639.8976319285,36491.6169411722,35354.334059706,9666.39969214155,7720,1817.15600330583,1888.99090122764,2048.01135911386,559.976644729985,2102.5785425685,1142.97223858452,1593.28094825506,612.245689308287,174.43782161235,150.834399431414,142.434312732185,48.3156208277705,192.514469453377,127.462658076831,219.711397058824,185.218430034129,169.038284839203,60.072265625,278.694656488549,138.699047619048,175.239013610792,74.0505903805617,139.333213688988,50.2545238793075
"252",253,542,"nfkb2",3706,147.009888025258,66.2601032527189,203.053214909139,348.586633898198,309.614823933396,222.011686831817,216.089391808421,103.661308745442,7791,10.2470917415738,6.3524450325977,13.5443124073954,13.0358382685785,14.0905224304992,8.25636043088093,10.9210950519209,3.15678102302118,0.665523156089193,0.270788912579957,0.719351570415399,1.03017356475301,1.36584494462308,0.77547124791219,1.23897058823529,0.62286689419795,1.11791730474732,1.3984375,1.86768447837151,1.00190476190476,1.20796358790947,0.416024064795826,0.804525566062138,0.368318262443629
"253",254,544,"abcb10",3504,15.155658559305,39.4778043001764,23.8325369611666,96.4079674363342,77.6669150280216,88.2581844266794,56.7998444519472,34.9714164757769,7815,1.21627201680401,4.31618183036775,3.00572412328501,3.71412151786315,2.68756558619875,2.85676349509568,2.96610476160239,1.05216548818497,0.0686106346483706,0.161336176261549,0.0844309354947653,0.284913217623498,0.342622365130404,0.308279646862324,0.147058823529411,0.423208191126278,0.248085758039816,0.3984375,0.356234096692112,0.346666666666666,0.319948506009047,0.103835144148757,0.208365496003485,0.11913878596921
"254",255,545,"gsto1",1413,5.11503476376544,198.780309758157,0,0.722833870188072,1.13382357705141,35.5218698930908,40.2123119770421,78.8685060164815,7838,0.608136008402007,27.8463343894694,0,0.109238868172446,0.0383937940885536,3.4218375930267,5.33732344219318,11.1048495613596,0.0231560891938251,0.812366737739872,0,0.00213618157543391,0.00500178635226867,0.124075399665951,0.0735294117647058,2.73037542662115,0,0.01171875,0.00508905852417303,0.415238095238096,0.539325123691354,1.08514634163122,0.161122699087892,0.322532808261539
"255",256,546,"gsto2",1160,66.4954519289506,409.908302799628,20.2099913430693,169.233479857782,79.2056755968771,181.024913878251,154.346302567427,139.715244751703,7839,3.49678204831154,26.5236335059696,0.779261809740557,4.87933611170257,2.30362764531322,7.3930527812641,7.56261565038359,9.55981993359413,0.301029159519726,1.67519545131485,0.0715974332995611,0.500133511348464,0.34941050375134,0.63230732522071,0.422794117647059,2.60068259385665,0.0643185298621744,0.5234375,0.305343511450382,0.897142857142857,0.80228651832652,0.922664243457189,0.588278897409108,0.565265594823216
"256",257,547,"cyp17a1",2799,1.13667439194787,1.39128825727494,0.571980887067998,33.9731918988394,10.8523113803492,17.2144446404978,10.8566485759962,13.1502205181466,7868,0.0608136008402007,0.0348079179868367,0.0371077052257408,0.98314981355201,0.345544146796982,0.376716065287343,0.306356541614852,0.366349611864448,0.00514579759862777,0.00568585643212509,0.00202634245187437,0.100400534045394,0.0478742408002858,0.0601288475304221,0.00735294117647058,0.00341296928327643,0.00306278713629402,0.10546875,0.0458015267175572,0.0457142857142858,0.0351355433379807,0.0399481897686834,0.0368769364764549,0.0397269482110946
"257",258,548,"hif1an",2160,48.1192159257933,64.5209929311252,64.4431799429945,356.718514937814,423.32113123198,341.624752567975,216.457964589614,174.736023143323,7882,4.43939286133465,7.83178154703826,7.88538736046993,19.0075630620055,25.5318730688881,16.9679194406507,13.6106528900645,8.1584238495664,0.217838765008576,0.263681592039801,0.228301249577846,1.05420560747664,1.86745266166488,1.1932712956335,0.536764705882352,0.767918088737198,0.65084226646248,2.0390625,3.38422391857506,2.05904761904762,1.57297651645078,1.12305867842587,0.80412519523354,0.680003600549427
"258",259,549,"dnajb12a",2028,100.879852285374,101.042309684592,157.485404239389,199.773210873228,142.780783310117,168.865504568693,145.137844160232,39.0108424558346,7884,8.9395993235095,11.9043079514982,15.8820978366171,10.1410082620087,6.33497602461134,7.15760524045951,10.059932439784,3.48883516330413,0.456689536878217,0.412935323383083,0.55791962174941,0.590387182910547,0.62986780993212,0.589835361488903,1.08088235294118,1.16723549488055,1.31087289433384,1.087890625,0.839694656488549,0.868571428571429,1.05919124203592,0.179346612961149,0.539605806057047,0.0854457729067598
"259",260,554,"ephx5",2207,892.289397679081,862.511763994382,810.782907418888,784.545811855379,782.095305970391,842.346495484043,829.095280400361,44.3051876960044,7951,34.3596844747134,39.8376621359346,32.3950266620717,21.993425458719,27.393972082183,22.7442324417233,29.7873338758909,6.99705676271248,4.03945111492282,3.52487562189054,2.87234042553192,2.31855807743658,3.45016077170419,2.94225721784776,4.15441176470588,3.90614334470988,2.67381316998468,2.35937499999999,3.63104325699746,2.76,3.24746442273298,0.742824914962383,3.19127387155564,0.603834064157077
"260",261,555,"esr2b",3076,208.579750922435,559.645701488844,861.593876220095,1663.06002683521,1771.51835174447,2041.00467051109,1184.23372962036,742.205047339234,7991,15.4314512132009,48.0871386988149,68.0184236787829,66.5264707170194,81.5292217470436,76.237913712526,59.3051032945646,24.3287553559018,0.9442538593482,2.28713574982232,3.05234718000676,4.91481975967959,7.81493390496608,7.12908613696014,1.86580882352941,4.71501706484639,5.61408882082694,7.13671875,10.8066157760814,9.25142857142857,6.56494630111879,3.22317023494403,4.35709609846385,2.74175945283804
"261",262,556,"mgst3b",1078,3885.9108546058,2005.80288941006,1535.3873611862,1664.50569457558,752.615892967054,1934.57568340833,1963.13306269217,1042.80460139418,8051,249.807068851334,186.970731466293,120.303180341852,66.0713087663008,40.6590279397783,84.8395972032536,124.775152428135,79.5459375976217,17.5917667238422,8.19722814498932,5.43937858831477,4.91909212283044,3.3201143265452,6.75733715103793,30.204044117647,18.3327645051193,9.92955589586524,7.08789062499999,5.38931297709924,10.2952380952381,13.5398010359948,9.29825960595657,7.70415284292665,5.11878991204126
"262",263,558,"dnajc12",704,47.929770193802,50.5211548422962,48.5230452529352,61.6215874335332,33.285820726295,54.4440967399872,49.3875791981415,9.36657432380562,8092,3.04068004201004,3.65483138861786,3.09849338634936,1.98450610513276,1.28619210196655,1.49116775842907,2.42597846375094,0.970370621062256,0.216981132075472,0.206467661691542,0.171901384667342,0.182109479305741,0.146838156484459,0.190169410641851,0.36764705882353,0.358361774744026,0.255742725880551,0.212890625,0.170483460559797,0.180952380952382,0.257679670993381,0.0868674610544396,0.185744537477735,0.0250731140124332
"263",264,562,"gstp1.2",2329,5907.67570641709,4008.21451369302,2638.1665114533,2696.17033580151,2201.88538663384,4393.71374933405,3640.9710338888,1400.6193066665,8156,329.427275751367,288.157349054028,153.867099718534,108.110066534664,107.176276198197,170.024517466354,192.793764120524,94.125805708692,26.7444253859349,16.3805970149254,9.34616683552855,7.9679572763685,9.71346909610577,15.346933905989,39.8308823529411,28.254266211604,12.6998468606431,11.59765625,14.206106870229,20.632380952381,21.203523249633,11.0504906310366,14.249924919142,7.0134888101925
"264",265,563,"abca1b",8528,13.4506469713832,81.1294965023448,235.560795324171,602.210968100438,380.640772295831,143.726950490506,242.786604947445,217.615566575886,8177,1.30749241806432,14.7063453494385,22.6728078929276,18.5159881552295,19.0433218679226,5.8077060065132,13.6756102816826,8.35616924719761,0.060891938250429,0.331556503198294,0.834515366430262,1.77970627503338,1.67917113254734,0.502028155571463,0.158088235294118,1.44197952218429,1.87136294027564,1.986328125,2.52417302798982,0.704761904761905,1.4477822925843,0.876754575038129,0.864644895171862,0.716015510732086
"265",266,565,"dnajc4",3151,90.9339513558299,108.172662003126,78.7427021196944,112.400666814245,74.7513686870323,105.540940355433,95.0903818892269,15.9887722861052,8203,9.33488772897081,8.75419137368944,7.01335628766502,6.19020252977192,4.33849873200656,6.95355070509553,7.09744789286654,1.80075586358706,0.411663807890223,0.442075337597723,0.278959810874705,0.332176234979973,0.329760628795999,0.368647100930564,1.12867647058823,0.858361774744024,0.578866768759571,0.6640625,0.575063613231553,0.843809523809524,0.774806775188818,0.213316989452427,0.360547153511531,0.0595559903021974
"266",267,567,"abcb7",2984,203.654161890661,161.389437843893,202.86255461345,589.109604203279,480.174284881272,555.439084809079,365.438188040272,196.740649209887,8228,9.88221013653262,10.7904545759194,12.6908351872034,19.0621824960918,18.1218708097973,16.8580439216086,14.5675995211922,3.94517928747152,0.92195540308748,0.65955934612651,0.718676122931442,1.74098798397864,2.11825652018578,1.94010975900739,1.19485294117647,1.0580204778157,1.04747320061256,2.044921875,2.40203562340967,2.04571428571429,1.63216973395478,0.599473151299862,1.34992418921954,0.655716324158533
"267",268,568,"hspa9",3054,309.838494671791,329.474450425921,561.58990095293,1364.07786727867,1423.75846318313,918.513581889421,817.875459733643,497.569835683312,8238,35.150261285636,44.1886518842892,59.4094360664111,62.8305556771849,79.0912158224204,43.5734915515693,54.0406020479185,16.1064410239296,1.40265866209262,1.34648187633262,1.98953056399865,4.03124165554074,6.28081457663453,3.2083035075161,4.25,4.33276450511944,4.90352220520673,6.74023437499999,10.4834605597964,5.28761904761905,5.99960011545694,2.37492269065397,3.04317180701921,1.90609974430893
"268",269,574,"hspa4b",2943,283.031923595021,504.341993262165,473.409514196613,660.670157351898,764.197090932651,685.367155071884,561.836305735039,175.974239750076,8324,18.0616394495396,38.149478113573,30.7251799269134,25.1249396796625,36.1669540314175,25.7736574667424,29.0003081113081,7.52499216225323,1.28130360205832,2.06112295664534,1.67713610266802,1.9524699599466,3.37120400142909,2.39393939393939,2.18382352941176,3.74061433447097,2.53598774885145,2.6953125,4.79389312977099,3.12761904761905,3.17954171502071,0.955376709282496,2.12286266944779,0.717157998703317
"269",270,575,"nr3c1",3988,96.8067690475606,106.520507197612,70.3536491093638,198.417897366626,267.33940198905,278.710056084251,169.691380132411,91.0122312619093,8327,11.813041963209,18.1001173531551,10.594249841949,10.1410082620087,14.8200045181817,12.0863070946356,12.9257881721898,3.01647943063151,0.438250428816467,0.435323383084575,0.249240121580547,0.58638184245661,1.1793497677742,0.973514674302075,1.42830882352941,1.77474402730375,0.874425727411943,1.087890625,1.96437659033079,1.46666666666667,1.43273541004043,0.407777093813169,0.643676703002413,0.357830322216694
"270",271,577,"cyp4v2b",4562,5513.43913814316,5059.15888103207,4824.27746182719,6819.93756522446,3246.13690109819,4692.64394674206,5025.93231567786,1164.18549009206,8377,342.000487725079,375.17714402112,343.506027274683,257.293947502167,179.203033908324,184.308334941832,280.248162562201,85.7529978127401,24.9596912521441,20.6755508173418,17.0908476865924,20.154873164219,14.3201143265452,16.3910761154855,41.3511029411765,36.7866894197951,28.3522205206738,27.6015625,23.7531806615776,22.3657142857142,30.0350783881562,7.49229014614598,18.932025560388,3.79431352285903
"271",272,583,"gsr",2205,194.750212487069,494.081242364762,157.485404239389,94.2394658257699,67.3815154361981,163.19566764345,195.18891799944,153.822924877506,8490,11.0224651522864,36.356870337251,9.10994163291937,3.22254661108714,2.86033765959724,6.52974513164727,11.5169844207981,12.5830530801282,0.881646655231561,2.01918976545842,0.55791962174941,0.278504672897196,0.297249017506253,0.570031018849916,1.3327205882353,3.56484641638224,0.751914241960182,0.345703124999999,0.37913486005089,0.792380952380952,1.19445003066826,1.21494900121926,0.767423458615459,0.651602185789954
"272",273,584,"adh5",1291,5842.60109747807,5834.88903997893,5883.01408379005,8593.22975726335,8279.74667141793,11039.7189837548,7578.86660561386,2118.00170412141,8507,251.084154468979,273.416195786602,261.20113708399,261.00806902003,309.588358633052,312.878388723859,278.196050619419,26.5725320639422,26.4498284734134,23.8457711442786,20.8416075650118,25.3954606141522,36.525544837442,38.5609639704126,30.358455882353,26.8088737201364,21.5589586523736,28,41.0356234096692,37.9676190476191,30.9549217853586,7.28504825264838,28.6031961007851,7.20725548814319
"273",274,585,"slc30a9",3216,144.547093509371,77.3904093109184,105.149153072667,245.763515863945,164.809355664259,213.199530646801,158.476509677993,63.6655741844747,8511,10.7336005482954,9.08486659456439,10.0932958214015,11.105951597532,9.04173850785437,9.05688206961653,9.8527225232107,0.925749917364451,0.654373927958833,0.316275764036958,0.372509287402905,0.726301735647532,0.727045373347627,0.744691004533524,1.29779411764706,0.890784982935151,0.833078101071974,1.19140625,1.19847328244275,1.09904761904762,1.08509739219076,0.18485735423567,0.590199515487896,0.193731688456961
"274",275,586,"mgst2",1095,480.150207731981,914.685073642192,516.689401318092,757.258833255779,811.81768116881,826.088408879129,717.781600999331,177.65659585336,8541,21.8624895020522,47.9827149448544,22.8954541242821,23.0311947063573,29.6208121393191,23.0895555015701,28.0803701530725,10.143215341471,2.17367066895369,3.73809523809523,1.83046268152651,2.23791722296395,3.58127902822437,2.88546886184681,2.64338235294118,4.70477815699657,1.88973966309341,2.470703125,3.92620865139949,2.80190476190477,3.0727861185559,1.04034563326961,2.74114895026843,0.790591163216583
"275",276,589,"gpx3",4460,1018.3655323193,200.867242144069,406.678410705347,628.775112829849,546.098027146976,764.130070430988,594.152399262755,283.611303414765,8567,386.576857140946,207.124515980672,461.360099071636,106.362244643905,119.327912027225,124.787196626432,234.256470915136,153.011587623458,4.61020583190395,0.820895522388058,1.44072948328268,1.85821094793058,2.40907466952483,2.66905273204486,46.7408088235294,20.3088737201364,38.0796324655436,11.41015625,15.8167938931298,15.1428571428571,24.5831870491994,14.3588454560222,2.30136153117916,1.31197641052281
"276",277,590,"nfkb1",7447,1.70501158792181,1.91302135375304,5.81513901852465,57.9170638488193,41.1415983672941,28.1442507614489,22.7726808229603,23.528403506572,8580,0.516915607141706,2.50617009505224,4.06329372221862,5.60759523285221,6.20059774530141,3.57880262022976,3.74556250379932,2.07766119630533,0.00771869639794168,0.00781805259417199,0.0206011482607227,0.171161548731642,0.181493390496606,0.0983058935814841,0.0625,0.245733788395903,0.335375191424195,0.6015625,0.821882951653945,0.434285714285715,0.416890024293293,0.268312213254987,0.0811831216770949,0.0811185395944766
"277",278,592,"cyp2y3",2246,4241.3110478215,2824.14125123596,2581.73106392926,4280.26076231867,1772.32822572808,3224.56605083357,3154.05640031117,979.898320137865,8597,225.603255716935,176.180276890374,161.010332974489,155.064573370786,74.8487015756352,105.951393362065,149.776422315047,53.1711086745768,19.2006861063465,11.5415778251599,9.14623438027696,12.6493991989319,7.81850660950342,11.2631830112145,27.2775735294118,17.2747440273037,13.2894333843797,16.6347656249999,9.92111959287532,12.8571428571428,16.2091298360189,6.05188668296897,11.9365978552389,3.96558686911209
"278",279,596,"dnajc30b",1305,114.425222122753,71.1296121531812,48.8090356964692,98.9378859819924,49.7262625935404,77.2600670174725,76.7146809275681,26.2851515470725,8662,6.47664848948138,5.46484312393337,3.59944740689686,4.04183812238049,2.28443074826894,3.31196207398456,4.19652832749093,1.52489866355726,0.518010291595199,0.290689410092395,0.172914555893279,0.292389853137517,0.219364058592355,0.269863994273443,0.783088235294118,0.535836177474401,0.29709035222052,0.43359375,0.302798982188295,0.401904761904763,0.45905204318035,0.181909758911214,0.293872027264031,0.11917115452462
"279",280,600,"bach1a",6440,1.89445731991312,4.95646441654196,4.00386620947599,22.7692669109243,24.0532573131621,25.9582895372587,13.9392669512127,11.3947266100072,8715,3.34474804621104,4.47281746130852,6.04855595179576,6.90025517289281,9.56005472804985,7.58141081390777,6.31797369569429,2.22547400359981,0.0085763293310463,0.0202558635394456,0.0141843971631206,0.0672897196261684,0.106109324758843,0.0906704843712718,0.404411764705882,0.438566552901022,0.499234303215926,0.740234374999999,1.26717557251908,0.92,0.711603761390319,0.336727120510098,0.0511810197983159,0.0423705127042326
"280",281,603,"aldh3a1",6095,1.89445731991312,20.347590762646,4.00386620947599,6.32479636414563,3.88739512131912,10.5199383914153,7.82967402815253,6.80596186175112,8832,0.395288405461305,3.72444722459153,0.44529246270889,0.527987862833487,0.0767875881771072,1.16154120130264,1.05522412417916,1.35490982692046,0.0085763293310463,0.0831556503198295,0.0141843971631206,0.0186915887850467,0.0171489817792069,0.0367454068241468,0.0477941176470588,0.365187713310579,0.0367534456355283,0.056640625,0.0101781170483461,0.140952380952381,0.109584399932315,0.132758459853062,0.0297503923670661,0.0278308664682509
"281",282,604,"aldh3a2a",2204,341.002317584362,326.170140814893,306.200434877068,510.5917750541,174.446856069196,318.12566940793,329.422865634592,107.379056747719,8833,15.3554342121507,20.5714795302205,15.0657283216508,16.5314820500968,6.21979464234568,10.4067813035628,14.0251166766712,5.02005486559904,1.54373927958834,1.33297796730632,1.08476865923674,1.50894526034713,0.769560557341911,1.11119064662371,1.85661764705883,2.01706484641637,1.24349157733538,1.7734375,0.82442748091603,1.26285714285714,1.49631603243062,0.45774455156354,1.22519706174069,0.294591626298719
"282",283,606,"hif1al",4005,418.580344834805,644.079507602216,763.213163644399,1688.26885805802,1464.00920016845,1336.64697730405,1052.46634193532,511.200481634623,8914,58.9587860145746,91.2141490845056,104.012897747752,80.2905681067475,78.6688840874463,58.2968111032163,78.573682690707,17.9208677535437,1.89493996569469,2.6321961620469,2.70381627828436,4.98931909212285,6.45837799214004,4.66881412550702,7.12867647058823,8.9436860068259,8.58499234303218,8.61328125,10.4274809160305,7.07428571428572,8.46206711679376,1.25193069451378,3.89124393596598,1.75390860603164
"283",284,608,"slc47a3",2810,20.6495847870531,33.9126512710766,20.4959817866033,114.930585359904,58.229939421426,140.994498960268,64.8688735977217,51.4352952742277,8926,1.15545841596381,3.51559971667051,1.83683140867417,4.64265189732894,2.95632214481863,5.06997037865882,3.19613899368581,1.534620816046,0.0934819897084051,0.138592750533049,0.0726106045254983,0.339652870493994,0.25687745623437,0.492483894058696,0.139705882352941,0.34470989761092,0.151607963246554,0.498046875,0.391857506361324,0.615238095238095,0.356861036634972,0.188334666807134,0.232283260925669,0.163325771888952
"284",285,609,"slc47a4",2874,12.5034183114266,12.5215943154744,11.0582971499813,47.4359727310922,31.4231105639962,58.406151458832,28.8914240884671,20.3763948188351,8927,1.24667881722411,0.452502933828877,0.667938694063335,2.03912553921898,1.67013004285208,1.44407825026815,1.25340904624259,0.601935706181193,0.0566037735849056,0.0511727078891256,0.0391759540695711,0.14018691588785,0.138620936048589,0.204008589835361,0.150735294117646,0.0443686006825936,0.0551301684532924,0.218749999999999,0.221374045801527,0.175238095238096,0.144266034048859,0.0779991362632253,0.104961479552567,0.0659447579093005
"285",286,613,"hspa13",2427,63.9379345470679,58.3471512894677,166.827758728166,230.222587654901,92.4876089280508,131.294296027924,123.852889529263,66.4549636862926,8964,4.53061326259495,3.96810265049939,11.4662809147539,7.86519850841608,3.1482911152614,3.65728513383129,5.7726285975595,3.25445131219837,0.289451114922813,0.238450604122246,0.591016548463357,0.680373831775702,0.408002858163631,0.458601765688379,0.547794117647058,0.389078498293514,0.946401225114852,0.843749999999999,0.417302798982189,0.443809523809524,0.598022693974523,0.238483323934013,0.444316120522688,0.170370638364252
"286",287,614,"hsph1",3354,2.27334878389575,2.26084341807177,0.571980887067998,20.5104110665866,7.93676503935988,23.3624605835328,9.48596829641912,10.0017887259522,8983,0.364881605041204,0.174039589934184,0.0742154104514817,1.16521459383942,0.42233173497409,0.941790163218357,0.523745516243123,0.435002977598817,0.0102915951972556,0.00923951670220324,0.00202634245187437,0.0606141522029375,0.0350125044658807,0.0816034359341445,0.0441176470588235,0.0170648464163822,0.00612557427258805,0.125,0.0559796437659034,0.114285714285714,0.0604289042999019,0.0493662406549735,0.033131257825716,0.0321508378309323
"287",288,617,"clpb",2707,3.22057744385231,22.9562562450365,9.15169419308797,83.9390831755899,94.8362434805144,95.4308696935535,51.5891207052724,44.2701360466092,9124,0.0608136008402007,2.07107112021679,1.11323115677222,4.005425166323,5.25994979013184,3.6886781392719,2.69986149559266,1.95518049744839,0.0145797598627787,0.093816631130064,0.0324214792299899,0.248064085447263,0.418363701321901,0.333333333333333,0.00735294117647058,0.203071672354949,0.0918836140888203,0.429687499999999,0.697201017811705,0.447619047619048,0.312802632175165,0.258358381674001,0.190096498387555,0.167881087665116
"288",289,620,"mtf1",5120,0.473614329978281,2.08693238591241,1.71594266120399,17.8901382871548,12.1481097541223,15.7115962988671,8.33772228620647,7.80904931207816,9171,0.121627201680401,0.10442375396051,0.111323115677222,0.837497989322083,1.15181382265661,0.784825136015297,0.518585169885354,0.462284613721148,0.00214408233276158,0.00852878464818764,0.00607902735562309,0.0528704939919894,0.0535905680600217,0.0548795036984013,0.0147058823529411,0.0102389078498293,0.00918836140888203,0.08984375,0.152671755725191,0.0952380952380952,0.0619811254291565,0.0596765011259584,0.0296820766811641,0.0264844702409236
"289",290,621,"arnt",6740,13.0717555074006,14.1737491209884,24.2138575525453,169.504542559103,94.593281285432,187.856042703846,83.9022047882191,79.6117687740751,9178,1.88522162604622,6.38725295058454,5.62181734169974,9.8314981355201,7.88992468519776,9.68474217842877,6.88340948624619,2.97897406215296,0.0591766723842198,0.0579246624022742,0.0857818304626817,0.500934579439253,0.417291889960701,0.656167979002625,0.227941176470588,0.626279863481226,0.464012251148545,1.0546875,1.04580152671756,1.1752380952381,0.765660068842668,0.381924104205987,0.296212935608626,0.262063900279485
"290",291,622,"cyp4t8",3922,1677.92084824705,1777.97943728129,1726.90562820613,3150.47142321471,2665.45725485115,3085.00608892668,2347.2901134545,699.657369778315,9179,73.7668978191635,89.1256740052954,86.479507028589,93.4720581995559,93.2393289440524,89.3444934839815,87.5713265801063,7.26992881091256,7.59605488850771,7.26616915422884,6.11786558595069,9.3105473965287,11.7584851732762,10.77570985445,8.91911764705882,8.73890784982931,7.13782542113322,10.02734375,12.3587786259542,10.8419047619048,9.67064634264672,1.82061793451572,8.80413867549036,2.1868966931116
"291",292,627,"rxrbb",2272,67.4426805889072,51.6515765513321,72.6415726576358,182.154135287394,171.207360134763,180.000244554412,120.849594962407,62.8611616090944,9329,4.19613845797385,4.28137391238092,5.58470963647399,7.70134020615741,8.21627193495047,7.94243037647481,6.32037742073524,1.8624534132037,0.305317324185249,0.211087420042644,0.257345491388045,0.538317757009346,0.75526973919257,0.628728227153423,0.507352941176471,0.419795221843002,0.46094946401225,0.826171874999999,1.08905852417303,0.963809523809524,0.711189591669046,0.285973028828384,0.449344326495213,0.222737018403366
"292",293,629,"ahr1a",5044,29.742979922636,74.1730552159701,10.6769765586026,80.8670392272906,66.0047296640643,154.793379187969,69.3763599627554,49.9577851489363,9334,2.49335763444823,4.96012831312423,1.11323115677222,2.3122227096501,3.2250787034385,6.5925311425285,3.44942494332696,1.99382885494474,0.134648370497427,0.303127221037668,0.0378250591016547,0.238985313751669,0.291175419792784,0.540682414698163,0.301470588235294,0.486348122866892,0.0918836140888203,0.248046875,0.427480916030534,0.8,0.39253835270359,0.243150425224053,0.257740633146561,0.17152271330833
"293",294,640,"abcb4",4655,164.62834110045,1337.81061488593,338.803345439944,856.91955310796,708.072823868606,946.043031056566,725.379618243243,425.499601999975,9494,7.54088650418489,107.800122005233,18.4054217919674,25.6347210644672,27.73951622898,28.1595258802289,35.8800322458436,36.0882505080141,0.745283018867923,5.46730632551526,1.20027017899358,2.53244325767691,3.12361557699179,3.30446194225721,0.911764705882353,10.5699658703071,1.51914241960183,2.75,3.67684478371502,3.41714285714286,3.80747677277486,3.48254400367656,2.72889671671711,1.69091583757217
"294",295,643,"gstk1",7206,4984.12776295944,2401.18962102438,2844.556281537,2214.9436867238,735.527551912922,1710.78790308186,2481.85546787323,1422.31317059838,9547,184.75171935253,88.7601908664336,102.973882001431,63.2310981938172,23.439411291062,46.0064494732167,84.8604585297484,56.6949315250151,22.5634648370498,9.81307746979386,10.0773387369132,6.54579439252337,3.24473026080743,5.97566213314245,22.3382352941177,8.70307167235491,8.49923430321593,6.78320312499999,3.10687022900764,5.58285714285714,9.16891196109221,6.77342303656532,9.70334463837168,6.7987358309823
"295",296,647,"aldh5a1",4617,132.13839806394,96.4336673323691,44.2331885999252,80.1442053571025,70.944960964074,96.4555390173927,86.7249932224673,29.4930122599239,9604,12.8772799779125,24.2263109188384,9.46246483256391,4.11466403449545,4.91440564333486,5.82340250923351,10.2364213193964,7.59690268771001,0.598198970840479,0.39410092395167,0.156703816278284,0.236849132176235,0.312968917470526,0.33691243140062,1.55698529411765,2.3754266211604,0.781010719754976,0.44140625,0.651399491094148,0.706666666666667,1.08548250713231,0.73834104525774,0.339289032019636,0.151372646581213
"296",297,649,"sult2st3",2957,24.8173908908619,14.5215711853072,26.6924413965066,56.2906876408961,94.9172308788752,45.017138960667,43.7094101588523,29.2597168900168,9697,2.91905284032963,2.15809091518388,2.96861641805927,3.24075308911589,7.54438053840078,2.95094251141752,3.63030605208449,1.95163506466269,0.112349914236707,0.0593461265103057,0.0945626477541372,0.166355140186916,0.418720971775635,0.157241708422811,0.352941176470588,0.211604095563139,0.245022970903522,0.34765625,1,0.358095238095238,0.419219955172081,0.29120606669559,0.168096084814418,0.129054281347418
"297",298,659,"slc39a3",5099,18.9445731991312,18.2606583767336,25.5484796223706,45.8999507569426,30.6132365803881,41.3966406831019,30.110589869778,11.5138626749692,9795,3.67922285083214,4.73387684620979,5.30640184728094,3.36819843531707,2.150052468959,2.85676349509568,3.68241932394911,1.17230395951654,0.085763293310463,0.0746268656716419,0.0905099628503885,0.135647530040054,0.135048231511254,0.144595561918396,0.44485294117647,0.464163822525595,0.437978560490045,0.361328125,0.284987277353689,0.346666666666666,0.389996232202078,0.0700551011992999,0.111031907550366,0.0306405343809515
"298",299,662,"dnajc17",1243,4.64142043378715,27.1301210168613,9.72367508015597,21.8657245731892,14.2537821115035,18.0341800995692,15.9414838858444,8.1714444703226,9833,0.243254403360803,1.14866129356561,0.686492546676205,0.946736857494528,0.767875881771072,0.627860108812238,0.736813515280076,0.307458912480337,0.0210120068610635,0.110874200426439,0.0344478216818643,0.0646194926568759,0.0628795998570921,0.062992125984252,0.0294117647058824,0.112627986348122,0.0566615620214394,0.1015625,0.101781170483461,0.0761904761904762,0.0797059099582301,0.032005599705065,0.0594708745779312,0.0309776257263494
"299",300,663,"ephx2",2364,686.551332736516,502.255060876252,820.887903090422,697.896101666584,821.860118565551,700.463949776448,704.985744451962,117.135133040244,9862,32.3376322467767,27.080560193759,44.8261079126949,23.7958667835644,32.596331181182,23.0424659934091,30.6131607185644,8.06454979232063,3.10806174957119,2.05259417199715,2.9081391421817,2.06248331108144,3.62558056448732,2.44667143879742,3.90992647058823,2.65529010238907,3.69984686064318,2.552734375,4.3206106870229,2.79619047619047,3.32243316197231,0.748117010645346,2.7005883963527,0.625503124335761
"300",301,664,"slc22a3",2951,76.3466299924989,82.0860071792213,42.7079062344105,135.350642192717,93.0545207165765,144.546685949577,95.6820653775002,38.2968001747374,9864,3.13190044327034,3.81146701955862,1.8182775560613,3.71412151786315,3.07150352708429,4.01830469639832,3.260929126706,0.801980932648765,0.345626072041167,0.33546552949538,0.151300236406619,0.400000000000002,0.410503751339765,0.504891434025291,0.378676470588236,0.37372013651877,0.150076569678407,0.3984375,0.407124681933843,0.487619047619047,0.365942401056384,0.113470546737584,0.357964503884704,0.117884213072423
"301",302,665,"dnajc5gb",1241,37.8891463982625,66.0861922205595,43.0892268257892,95.2333623972785,73.6175451099809,93.9963326401787,68.3186342653416,24.4101854539108,9867,2.75181543801908,5.18637978003867,4.23027839573445,6.09917013962821,5.10637461377763,5.43098994122586,4.80083471807065,1.17036614969831,0.171526586620927,0.270078180525941,0.152651131374536,0.281441922563418,0.32475884244373,0.328322596039131,0.332720588235294,0.508532423208189,0.349157733537518,0.654296875,0.676844783715013,0.65904761904762,0.530100003790606,0.158587691902754,0.25479654326128,0.075646386917061
"302",303,666,"npas3",7577,2.84168597986969,6.08688612557785,5.33848827930132,24.9377685214885,12.1481097541223,12.6375883273496,10.6650878312849,8.00422059277679,9897,0.152034002100502,1.49674047343398,0.983354188482132,1.82064780287409,0.95984485221384,0.423805573448261,0.972737815425468,0.627485525535152,0.0128644939965695,0.0248756218905472,0.0189125295508274,0.0736982643524701,0.0535905680600217,0.0441422094965401,0.0183823529411765,0.146757679180887,0.0811638591117916,0.1953125,0.127226463104326,0.0514285714285715,0.103378570961125,0.0652977323493186,0.0380139478911627,0.0233389457834187
"303",304,668,"bach2a",5437,0.189445731991312,0,0.190660295689333,10.481091117727,15.0636560951116,8.40228845548109,5.72119028266673,6.49685445103769,9968,0.0456102006301505,0.0870197949670918,0.259753936580186,0.98314981355201,1.24779830787799,0.690646119693462,0.552329695550149,0.499458211033834,0.00085763293310463,0,0.000675447483958123,0.0309746328437916,0.0664523043944267,0.0293486041517537,0.00551470588235293,0.00853242320819109,0.0214395099540582,0.10546875,0.165394402035623,0.0838095238095239,0.0650265524816249,0.0643352988342055,0.0213847703011725,0.0264348957377995
"304",305,669,"slc22a15",2416,400.677723161626,437.386245880808,310.013640790855,519.175427262583,493.618193009168,505.23028794096,444.350253007667,79.6675943003872,9994,22.2273711070934,25.4967999253579,20.3535763163188,15.3844739342861,21.4813277925457,15.6651097148653,20.1014431317445,3.93771380631273,1.8138936535163,1.78749111584932,1.09827760891591,1.53431241655541,2.17756341550554,1.76473395371033,2.6875,2.49999999999999,1.67993874425727,1.650390625,2.8473282442748,1.90095238095238,2.21101833241407,0.530645896471729,1.69604536067547,0.358416555550293
"305",306,676,"dnajc27",4504,2.08390305190444,1.91302135375304,1.90660295689333,14.0049062348939,7.61281544591662,14.4136818220041,6.98915514422758,6.00656775558419,10184,0.440898606091455,0.435098974835459,0.333969347031667,1.09238868172446,1.17101071970088,1.02027267681989,0.748939834367301,0.383486230047334,0.00943396226415097,0.00781805259417199,0.00675447483958124,0.0413885180240321,0.0335834226509468,0.0503459794798375,0.0533088235294117,0.0426621160409555,0.0275650842266462,0.1171875,0.155216284987277,0.123809523809524,0.0866248887656358,0.0520620706946893,0.0248874016421201,0.0192614709132504
"306",307,678,"aldh6a1",2109,29565.2798260282,15009.0438084499,11991.960617972,17903.601067987,14257.264569633,23386.0279779811,18685.5296446752,6618.23249641698,10274,1413.29288012605,765.217269022619,636.675452410648,578.001057978438,587.655412319401,719.79452524507,783.439432850372,317.229904354403,133.843910806175,61.3383084577115,42.4836203985142,52.9102803738317,62.8949624866026,81.6857551896921,170.880514705882,75.0307167235492,52.5497702909647,62.0058593749999,77.8931297709923,87.3466666666667,87.6177762555091,42.5945894690809,72.5261396187545,32.7078879014046
"307",308,679,"gstz1",1071,8358.91403265268,5415.41563041054,4400.34429436196,2717.31322650451,2885.2570540024,3492.20967822036,4544.90898602541,2122.64183940826,10275,321.004592034999,226.703969848268,181.605109374776,78.779430430362,96.9059362795093,90.2234976363186,165.870422600705,95.9982394755201,37.8413379073757,22.1314854299929,15.5889902060115,8.03044058744994,12.7281171847089,12.1980434263899,38.8124999999999,22.2286689419795,14.989280245023,8.45117187499999,12.8447837150127,10.9485714285714,18.0458293675978,11.2033267124726,18.0864024569881,10.7458233850437
"308",309,680,"slc39a9",1882,141.705407529502,128.694163797932,163.205213110069,354.82107602857,292.688457675986,324.888486945269,234.333800847888,100.917420484825,10291,9.97343053779292,8.04062905495928,11.1879731255609,17.3689800394188,16.2405748994582,14.0483699346738,12.8099929319773,3.67452581817419,0.641509433962266,0.525941719971571,0.578183046268154,1.04859813084112,1.29117541979279,1.13481269386781,1.20588235294118,0.788395904436857,0.923430321592651,1.86328124999999,2.1526717557252,1.7047619047619,1.43973724824296,0.548344727823861,0.870036740783952,0.327155300926483
"309",310,687,"slc30a4",3471,126.170857506214,158.867727877582,156.341442465253,216.940515290195,161.731834526548,194.208992511648,169.04356169624,31.8867954405558,10371,9.91261693695272,21.1284062180099,19.4444375382882,10.7418220369571,10.6350809625293,9.92018971923336,13.6304255686618,5.19473810223798,0.571183533447685,0.649253731343283,0.553866936845661,0.641121495327103,0.713469096105755,0.678358387019802,1.19852941176471,2.0716723549488,1.60490045941807,1.15234374999999,1.40966921119592,1.20380952380952,1.44015411852284,0.353259690297963,0.634542196681548,0.0615334838402926
"310",311,688,"cyp1a",2608,4207.02137033107,2936.48777801092,2005.93697094747,3875.02202384448,2993.78016780589,4309.82748735575,3388.01263304926,897.454528233063,10383,358.070481747102,349.454092628847,238.268575254482,163.785476346553,165.880387359596,181.59283997122,242.8419755513,90.0989909721015,19.0454545454545,12.000710732054,7.10638297872341,11.4518024032043,13.2068595927117,15.0539250775471,43.2941176470588,34.2645051194538,19.6661562021439,17.5703124999999,21.9872773536896,22.0361904761905,26.4697598830894,10.090148081706,12.9775225549492,3.97331359941427
"311",312,690,"ugt5f1",1682,17.6184530751921,15.9128594425821,15.443483950836,62.1637128361742,64.3039942984872,81.2904330245731,42.7888227713074,29.7465810931492,10390,0.88179721218291,0.522118769802551,1.07612345154648,1.38369233018431,1.95808349851623,1.89927682915702,1.28684868189825,0.570663957349262,0.079759862778731,0.0650319829424306,0.0547112462006081,0.183711615487317,0.283672740264381,0.283941780004772,0.106617647058823,0.0511945392491466,0.0888208269525263,0.1484375,0.259541984732824,0.230476190476191,0.147514781411585,0.0822541014492252,0.158471537946373,0.107468935612611
"312",313,692,"dnaja2b",2585,61.7593086291678,82.43382924354,78.7427021196944,67.7656753301318,65.4378178755386,83.886261978299,73.3375991960619,9.49463551818919,10437,5.29078327309746,12.6526781882151,12.1156657562044,3.27716604517337,5.22155599604329,3.79855365831404,7.05940048617461,4.2022535037957,0.27958833619211,0.336886993603411,0.278959810874705,0.20026702269693,0.288674526616649,0.293008828441899,0.639705882352941,1.24061433447098,1,0.3515625,0.692111959287532,0.460952380952381,0.730824509510639,0.334309142472585,0.279564253070951,0.0443577883769924
"313",314,695,"hsbp1b",666,109.499633090979,66.6948808331173,64.4431799429945,77.5239325776708,43.9761573099226,75.0741057932822,72.8686482579943,21.5046261004429,10495,14.1847723959768,13.5576840558729,10.7055729576262,8.41139284927831,3.95456079112102,6.76519267245186,9.59652928705452,3.98059100392847,0.495711835334479,0.272565742714996,0.228301249577846,0.229105473965287,0.193997856377278,0.26222858506323,1.71507352941176,1.32935153583617,0.883614088820823,0.90234375,0.524173027989822,0.820952380952381,1.02925138550183,0.423372296203813,0.280318457172186,0.10914344787205
"314",315,696,"bmal2",3630,6.25170915571331,4.08690925574513,4.00386620947599,20.7814737679071,9.71848780329781,16.9411994874741,10.2972742799356,7.05602424743316,10516,0.471305406511556,0.243655425907857,0.148430820902963,1.00135629158075,0.518316220195474,0.533681092490402,0.486124209598167,0.297257334213459,0.0283018867924529,0.0167022032693674,0.0141843971631206,0.0614152202937251,0.0428724544480172,0.0591744213791458,0.0569852941176471,0.0238907849829351,0.0122511485451761,0.107421875,0.068702290076336,0.0647619047619048,0.0556688829139998,0.0341397277163555,0.0371084305576382,0.0206418632003979
"315",316,697,"nr1h4",2396,135.264252641797,175.128409384483,162.919222666535,428.821193489074,463.490880818945,505.298599229216,311.820426371675,170.97091453554,10517,6.71990289284218,10.8078585349128,10.8911114837549,15.1659961979412,19.7152132644723,16.5755068726431,13.3125982077611,4.70480790103958,0.612349914236707,0.715707178393746,0.577169875042216,1.26728971962617,2.04465880671669,1.76497256024815,0.8125,1.05972696245733,0.898928024502293,1.626953125,2.61323155216285,2.01142857142857,1.50379470592518,0.71339448931276,1.16369134237728,0.631988926036916
"316",317,701,"mt2",920,218.241483253992,914.598118126112,510.588271856033,3464.45238557766,3109.9160970553,7664.0483632991,2646.97411986137,2811.3211583311,10545,13.926314592406,79.4664767639482,50.1510636125887,206.461460845922,248.58061982634,468.603392212014,177.864887975537,169.243186369237,0.987993138936537,3.73773987206822,1.80884836203985,10.2384512683578,13.7191854233655,26.7699832975423,1.68382352941177,7.7918088737201,4.13935681470137,22.1484375,32.9491094147582,56.8647619047619,20.9295496728922,21.2706547449024,9.54370022705171,9.81223131457513
"317",318,705,"slco3a1a",6492,7.00949208367856,7.39121886677311,3.62254561809732,11.2039249879151,10.1234247951019,6.69450624908249,7.67418543344141,2.69648951778945,10624,1.73318762394572,7.62293403911724,1.26166197767519,0.764672077207119,0.95984485221384,0.910397157777745,2.20878295465614,2.67459788815577,0.0317324185248714,0.0302061122956645,0.0128335021952043,0.0331108144192256,0.0446588067166847,0.0233834407062753,0.209558823529412,0.747440273037539,0.104134762633997,0.08203125,0.127226463104326,0.110476190476191,0.230144627130244,0.257195374078741,0.0293208491429876,0.0106141562583341
"318",319,709,"nat10",3453,49.0664445857499,93.9119573660583,108.48570824723,646.845959584551,725.809064109625,305.488081080581,321.601202495632,296.972584792447,10697,1.85481482562612,5.88253813977541,5.43627881557103,18.4249557650858,25.4742823777553,8.28775343632154,10.8934372266892,9.08516138900389,0.2221269296741,0.383795309168443,0.384329618372171,1.91161548731642,3.20185780635942,1.06704843712718,0.224264705882353,0.576791808873718,0.448698315467074,1.9765625,3.3765903307888,1.00571428571429,1.26810365778771,1.20460907425575,1.19512893133629,1.16782781636254
"319",320,712,"ugt5c3",9765,156.103283160841,101.216220716752,52.9082320537898,451.951877335092,186.75694062004,332.744285094702,213.613473163536,150.655472802389,10712,13.7894839905155,35.48667238758,6.41963300405316,18.0062067704248,10.7886561388836,21.1431891642521,17.6056402426182,10.1839785470863,0.706689536878215,0.413646055437101,0.187436676798379,1.33564753004005,0.8238656663094,1.16225244571701,1.6672794117647,3.47952218430032,0.529862174578866,1.931640625,1.43002544529263,2.56571428571428,1.9340073544418,1.00840870524062,0.77158965186336,0.435219905690448
"320",321,716,"abcc5",5691,96.143708985591,257.997016208421,235.75145561986,1311.40134898871,611.940782014319,1485.63389699027,666.478034801195,594.57213043503,10758,6.52225869011153,13.0877771630506,11.4662809147539,41.3651180812994,24.2264840698773,45.5826438997685,23.7084271364769,16.4227964302893,0.435248713550601,1.05437100213219,0.835190813914219,3.87556742323098,2.69953554841015,5.18921498449058,0.788602941176471,1.28327645051194,0.946401225114852,4.4375,3.21119592875318,5.53142857142858,2.69973418616417,2.00164271807762,2.34818808095479,1.90526780015847
"321",322,720,"dnajc8",955,45.182807079928,95.2162901072535,92.3749132614817,103.545951904441,82.6071463280314,77.6016234587522,82.7547886899814,20.5831921451837,10811,3.31434124579094,6.21321336065036,6.34541759360168,3.98721868829426,3.76259182067825,3.72007114471251,4.55714230895467,1.35217349850952,0.204545454545455,0.38912579957356,0.32725430597771,0.306008010680907,0.364415862808147,0.271057026962538,0.400735294117647,0.609215017064844,0.523736600306278,0.427734374999999,0.498727735368956,0.451428571428572,0.485262932214383,0.0756635498326354,0.310401076758053,0.0665911052129825
"322",323,722,"cyp51",2474,78.9988702403773,344.517754707706,16.9687663163506,45.1771168867545,15.3876056885549,19.8102735942237,86.8100645723279,128.588893152549,10830,4.68264726469546,31.6403974500346,0.853477220192039,1.74782189075913,0.767875881771072,0.847611146896521,6.7566384757248,12.2818592892542,0.357632933104632,1.40796019900497,0.0601148260722729,0.13351134846462,0.0678813862093608,0.0691958959675494,0.566176470588236,3.10238907849828,0.0704441041347625,0.1875,0.101781170483461,0.102857142857143,0.688524661093648,1.19683199797946,0.349382764803901,0.530787785440854
"323",324,726,"hsf1",6050,3.031131711861,5.56515302909975,7.62641182757331,65.5971737195676,52.2368719427257,58.7477079001117,32.1340750218232,29.6165539990034,10875,0.973017613443211,3.41117596271,2.89440100760778,6.3176478759731,6.81489845071826,5.47807944938678,4.31487005997319,2.26347918669235,0.0137221269296741,0.0227434257285003,0.0270178993583249,0.193858477970628,0.230439442658092,0.205201622524457,0.117647058823529,0.334470989761091,0.238897396630933,0.677734374999999,0.903307888040712,0.664761904761906,0.489469935503028,0.304136859544016,0.115497165861613,0.104104857941423
"324",325,728,"hsd17b8",920,359.946890783494,234.953804447305,291.3289318133,411.292472137013,176.87647802002,347.636145934498,303.672453855938,86.7565808554685,10936,17.1190286365165,10.7208387399457,12.4310812506232,13.1632836147797,6.64212637731977,11.4270539803827,11.9172354332613,3.41683317066305,1.6295025728988,0.960199004975123,1.03208375548801,1.2154873164219,0.780278670953913,1.21426867096158,2.06985294117647,1.05119453924914,1.0260336906585,1.412109375,0.880407124681934,1.38666666666666,1.30437738957212,0.430269237070604,1.13863666528322,0.291269475031085
"325",326,729,"rxrba",6741,23.8701622309054,19.4780356018491,31.8402693801186,169.865959494197,150.393598756034,154.861690476225,91.718285989888,73.4089085592843,10937,9.13724352624016,16.3423174948198,16.8468981724863,18.4067492870571,23.4586081881063,20.2798815146353,17.4119496972242,4.81063190295738,0.108061749571184,0.079601990049751,0.112799729821007,0.50200267022697,0.663451232583068,0.540921021235982,1.10477941176471,1.60238907849828,1.39050535987748,1.974609375,3.10941475826973,2.46095238095238,1.94044172739376,0.742110210552459,0.334473065581327,0.262401973368232
"326",327,733,"hsbp1l1",3701,10.2300695275309,4.86950890046228,6.19645960990332,6.9572760005602,3.40147073115423,4.91841275442795,6.09553292067314,2.3661740489951,11007,1.30749241806432,0.417695015842041,0.538061725773242,0.764672077207119,0.191968970442768,0.266840546245201,0.581121792262448,0.409897571116653,0.0463121783876503,0.0199004975124378,0.021952043228639,0.0205607476635514,0.015005359056806,0.0171796707229778,0.158088235294118,0.0409556313993173,0.0444104134762633,0.08203125,0.0254452926208651,0.0323809523809524,0.0638852958619194,0.0501570882585692,0.0234850827620104,0.0114585463928991
"327",328,735,"thrb",7211,3.69419177383059,6.17384164165754,5.91046916636932,220.373976173589,56.6911788525705,231.438644611138,87.3803837031924,109.194444580513,11058,1.09464481512361,2.03626320222995,1.15033886199797,19.7540286611839,6.21979464234568,19.8717724439073,8.35447377113141,9.0739113555796,0.0167238421955403,0.0252309879175551,0.0209388720027018,0.651268357810416,0.250089317613434,0.808398950131233,0.13235294117647,0.199658703071672,0.0949464012251151,2.119140625,0.82442748091603,2.41142857142857,0.963659120469642,1.04689901423078,0.29544172127848,0.351523502833192
"328",329,737,"slc39a7",1964,88.2817111079516,88.4337598530382,114.586837709289,435.41705255454,138.812400790437,238.952886319291,184.080774722425,135.192690770224,11072,6.56786889074168,11.9043079514982,11.0952038624965,16.0399071433208,6.00862877485864,7.56571431118747,9.86360515568387,3.86861815835965,0.399656946826759,0.36140724946695,0.405943937858832,1.286782376502,0.612361557699179,0.834645669291336,0.794117647058824,1.16723549488055,0.915773353751912,1.720703125,0.796437659033079,0.918095238095239,1.0520604196366,0.354611525263825,0.650132956274177,0.359589528736969
"329",330,738,"nfe2l3",4008,6.82004635168725,13.5650605084306,10.867636854292,132.188244010644,87.142440636237,70.0190704623424,53.4337498039388,51.3572638757981,11084,0.88179721218291,4.00291056848622,2.96861641805927,7.00949404106526,5.16396530491046,3.56310611750945,3.93164827703559,2.06696218257921,0.0308747855917668,0.0554371002132194,0.0385005065856131,0.390654205607478,0.384423008217221,0.244571701264614,0.106617647058823,0.39249146757679,0.245022970903522,0.751953125,0.684478371501273,0.432380952380953,0.435490755736893,0.24836963272258,0.190743551246652,0.171707468727884
"330",331,739,"txnl4a",794,72.5577153526726,69.0426797672688,119.353345101522,140.771896219127,86.0896044575464,86.9602699498165,95.7959184746589,28.3048476614081,11099,2.73661203780903,2.68020968498643,3.41390888076816,3.82336038603559,2.53399040984454,3.04512152773935,3.03886715453052,0.496189259708354,0.328473413379074,0.282160625444207,0.422830124957784,0.416021361815755,0.379778492318686,0.30374612264376,0.330882352941176,0.262798634812286,0.28177641653905,0.410156249999999,0.33587786259542,0.369523809523809,0.33183588773529,0.0544863254972994,0.355501690093211,0.0592843827681663
"331",332,740,"abcf1",3710,202.517487498713,682.166023645118,1106.87834662442,965.796404805038,1324.06297580097,610.361360566858,815.297099823519,400.433209111088,11185,13.0445173802231,48.6266614276109,71.8034096118085,38.1971909042985,64.0216516426631,23.4662715668574,43.1932837555769,22.825187275921,0.916809605488852,2.78784648187633,3.92131036811888,2.85420560747664,5.84101464808863,2.13194941541398,1.57720588235295,4.76791808873718,5.92649310872893,4.09765625,8.48600508905852,2.84761904761905,4.61714957774944,2.42270608531991,3.07552268774388,1.67603186868271
"332",333,747,"slc30a8",3822,19.3234646631139,7.39121886677311,5.62447872283532,52.3151013548617,20.8947487770903,44.6755825193873,25.0374324840103,19.3276539763744,11345,1.14025501575376,0.765774195710408,0.259753936580186,2.49428748993751,0.90225416108101,1.94636633731794,1.25144852273014,0.822337870922531,0.0874785591766726,0.0302061122956645,0.0199257007767646,0.154606141522029,0.0921757770632371,0.156048675733715,0.137867647058823,0.0750853242320816,0.0214395099540582,0.267578125,0.119592875318066,0.236190476190477,0.142958992958918,0.0939869719153866,0.0900734944280139,0.05836635463696
"333",334,751,"hsd3b2",3383,0,0,0,18.7936806248899,11.5002105672357,10.3833158149035,6.77953450117151,7.96866354563545,11400,0,0,0,0.546194340862228,0.499119323151197,0.408109070727955,0.242237122456897,0.269045880610011,0,0,0,0.0555407209612818,0.0507324044301535,0.0362681937485088,0,0,0,0.05859375,0.0661577608142494,0.0495238095238096,0.0290458867230098,0.0322512119202147,0.023756886523324,0.0267865357157302
"334",335,755,"cyp46a1.1",2129,9.85117806354824,1028.5098441905,7.81707212326264,6.9572760005602,1.45777317049467,222.558177137865,212.858553447705,408.832665101599,11452,1.07944141491356,121.688481281981,0.333969347031667,0.364129560574819,0.095984485221384,17.5172970358614,23.5132171875973,48.5780452668533,0.0445969125214409,4.20326936744848,0.027693346842283,0.0205607476635514,0.00643086816720258,0.777380100214745,0.130514705882353,11.9317406143344,0.0275650842266462,0.0390625,0.0127226463104326,2.12571428571428,2.37788663941135,4.75349361543394,0.846655223809616,1.67176928396185
"335",336,756,"cyp46a1.5",2530,23.680716498914,141.128802597326,53.2895526451685,15.1795112739495,6.80294146230846,14.2087479572363,42.3817120724839,51.0278760325717,11453,1.33789921848442,28.4032610772588,2.41200083967315,0.436955472689782,0.172772073398491,0.722039125134074,5.58082130110645,11.2091184719916,0.107204116638079,0.576759061833686,0.188787571766295,0.0448598130841121,0.030010718113612,0.0496301598663802,0.161764705882353,2.78498293515358,0.199081163859111,0.0468749999999999,0.0229007633587786,0.0876190476190477,0.550537269312145,1.0967025282776,0.166208573550361,0.209479805496837
"336",337,757,"cyp46a1.2",3024,691.47692176829,1034.5097748,142.232580584242,2270.8729574296,1169.94395672033,1601.96802089014,1151.83403536543,734.872156898517,11455,39.2855861427697,61.7318425496549,9.01717236985502,76.321555896482,48.8369060806402,55.0790280455536,48.3786818474926,22.9618315355312,3.13036020583191,4.22778962331202,0.503883823032759,6.71108144192256,5.16112897463379,5.59556191839656,4.75,6.05290102389076,0.744257274119447,8.1875,6.4732824427481,6.68380952380953,5.48195837742797,2.57117387075005,4.22163433118827,2.18998904391242
"337",338,758,"cyp46a1.4",1849,1287.94680894294,737.469731871797,894.673437522194,1591.58982792036,792.704655155658,1014.96912090681,1053.22559705329,328.3611929601,11456,63.5046026773796,39.6636225460005,39.9278908228971,52.8351992394062,27.950682096467,31.502880959654,42.5641463903007,13.3810690882498,5.83061749571185,3.0138592750533,3.16953731847349,4.70360480640854,3.49696320114327,3.54521593891671,7.67830882352941,3.88907849829351,3.29555895865237,5.66796875,3.70483460559796,3.82285714285714,4.67643446315506,1.68485827396447,3.95996633928453,1.09166115010949
"338",339,759,"cyp46a1.3",2826,427.010679908418,304.779083859291,747.579019397874,184.503345365505,76.209141857527,212.106550034706,325.36463673722,238.230319751426,11457,21.0415058907094,17.9608856812077,42.7295225674406,6.53612561231799,3.26347249752706,7.31457026766257,16.4743470861442,14.6260038350725,1.93310463121784,1.2455579246624,2.6484295845998,0.545260347129505,0.336191496963202,0.740873299928418,2.54411764705882,1.76109215017064,3.52679938744257,0.701171874999999,0.432569974554708,0.887619047619048,1.6422283469743,1.20809244480477,1.24156954741686,0.895850935412823
"339",340,762,"slc30a1a",3477,68.7688007128464,132.868028569757,98.7620331670744,282.085917840895,328.808837344909,362.323072909526,212.269448424168,127.084864149781,11503,7.43446270271454,20.9891745460625,13.9896048701043,14.8200731153951,22.0764316009183,16.2929698236776,15.9337861098121,5.3042766616437,0.311320754716982,0.542999289267947,0.349881796690308,0.833644859813084,1.45051804215792,1.2655690765927,0.898897058823529,2.05802047781569,1.15467075038285,1.58984375,2.92620865139949,1.97714285714286,1.76746392426074,0.725610158193964,0.792322303206489,0.479201366799756
"340",341,764,"fmo5",2188,160.27108926465,367.560966468823,170.926955085487,313.258128492756,207.003790210243,227.818146333573,241.139845975922,82.4568859752487,11519,9.33488772897081,19.8405132524969,9.68511106391836,8.75731593182439,6.00862877485864,7.1262122350189,10.1254448311813,4.96017693398182,0.725557461406517,1.50213219616205,0.605538669368458,0.925767690253673,0.913183279742765,0.795752803626819,1.12867647058823,1.94539249146757,0.79938744257274,0.939453125,0.796437659033079,0.864761904761905,1.07901818223725,0.441927516589576,0.911322016760047,0.313252926070781
"341",342,765,"prdx6",931,1566.14786637218,1499.20005272982,1124.51442397568,674.584709353019,1243.31853963523,1054.93122453654,1193.78280276708,324.971923611195,11521,79.2097150943614,99.8117048272543,69.3914087721353,23.6320084813057,55.1910790022958,35.5839716669336,60.469981307381,28.2232430001786,7.090051457976,6.12686567164176,3.98378926038499,1.9935914552737,5.48481600571632,3.68480076354091,9.57720588235293,9.78668941979518,5.72741194486982,2.53515625,7.31552162849873,4.31809523809524,6.54334672726865,2.89837581874427,4.72731910242228,1.85623189842126
"342",343,767,"hif1ab",4206,97.1856605115433,254.170973500915,215.255473833257,358.615953847057,491.431533253426,414.307963272299,305.161259703083,143.808157983824,11561,13.8807043917758,43.5621093605262,33.9906579867786,17.64207720985,32.7307094604919,21.9123177975471,27.2864293678283,11.3233625057023,0.439965694682677,1.03873489694385,0.762580209388722,1.05981308411215,2.16791711325474,1.44714865187306,1.67830882352941,4.27133105802046,2.80551301684532,1.892578125,4.3384223918575,2.65904761904762,2.94086683905005,1.14140275640563,1.15269327504253,0.599860893911965
"343",344,768,"esr2a",3689,53.6131421535414,100.172754523796,56.7214379675765,136.97701840064,166.510091029836,93.9963326401787,101.331796119261,44.364621922278,11573,4.34817246007435,8.11024489093296,4.78689397412057,5.55297579876598,7.73634950884355,3.01372852229874,5.59139419250602,1.9891756738793,0.242710120068611,0.409381663113008,0.200945626477541,0.404806408544728,0.734548052876029,0.328322596039131,0.525735294117647,0.79522184300341,0.395099540581929,0.595703124999999,1.02544529262087,0.365714285714286,0.617153230173023,0.252886365401281,0.386785744519841,0.189992746044399
"344",345,772,"cyp2n13",1929,3547.56077726932,5038.02869062471,1875.8113191395,2891.42583498606,2609.49496258382,3376.14879947351,3223.07839734615,1069.98790306379,11616,143.580911583714,223.780104737373,78.0189502371201,83.2582240254323,86.7507777430868,89.3131004785408,117.450344800878,57.3531660930782,16.0600343053174,20.5891968727789,6.64539007092199,8.54499332443258,11.5116112897463,11.7926509186351,17.3602941176471,21.9419795221842,6.43950995405818,8.931640625,11.498727735369,10.8380952380952,12.8350411987256,5.75025429681141,12.5239794636387,5.08922961565817
"345",346,773,"cyp2ad6",1798,37.0366406043016,13.2172384441119,30.6009774581379,23.5824550148859,74.1034695001458,73.7078800281634,42.0414435082911,25.9161651557613,11617,2.35652703255778,0.696158359736734,1.33587738812667,1.09238868172446,4.56886149653788,2.08763486180069,2.0229079700807,1.39251659259992,0.167667238421956,0.0540156361051882,0.108409321175279,0.0696929238985316,0.326902465166131,0.257456454306848,0.284926470588235,0.0682593856655287,0.110260336906585,0.1171875,0.605597964376591,0.253333333333333,0.239927498478379,0.198629370689534,0.164024006512322,0.108963733108706
"346",347,774,"cyp2ad2",1887,7455.06844532212,5239.93939896173,5564.42072969318,6840.89974745992,4147.68861965078,6208.26649927669,5909.38057339407,1184.64501733168,11618,391.791623412993,302.358979592657,332.707685053992,217.676651311627,160.562846878331,186.788382371641,265.314361436874,90.9056898283979,33.7495711835335,21.4143567874911,19.7129348193178,20.2168224299066,18.2972490175063,21.6850393700787,47.3713235294117,29.6467576791808,27.4609494640122,23.3515625,21.2824427480916,22.6666666666667,28.6299504312272,9.70615812161669,22.5126622679723,5.63983013551285
"347",348,775,"cyp2v1",4886,159.797474934672,199.997686983272,131.55560402564,150.168736531572,88.4382390100101,133.480257252114,143.90633312288,36.8128757209703,11619,8.28585311447735,8.99784679959729,6.56806382495613,4.97036850184627,2.95632214481863,3.92412568007649,5.95043001096202,2.41468562762922,0.723413379073757,0.817341862117979,0.466058763931106,0.443791722296396,0.390139335476957,0.466237174898591,1.00183823529412,0.882252559726959,0.542113323124042,0.533203124999999,0.391857506361324,0.476190476190477,0.63790920428282,0.244533275410177,0.551163706299131,0.174604535052582
"348",349,776,"cyp2ad3",1890,1015.90273780341,588.775799375538,546.718397889162,1051.45221842232,478.068612523891,1059.98625986748,790.150670980301,279.019734465911,11620,45.5493870293103,36.7571613940996,26.4206861207275,31.6064458578943,19.1777001472325,33.449247296972,32.1601046410394,8.98730206337067,4.59905660377358,2.40618336886993,1.93684566024992,3.10734312416554,2.10896748838871,3.70245764733953,5.50735294117646,3.60409556313992,2.18070444104135,3.390625,2.54198473282442,4.05904761904762,3.54730171620496,1.18403616140699,2.9768089821312,1.03301293826447
"349",350,777,"cyp2p6",2498,1389.30027555829,1136.07381758107,782.088532917643,1119.30824798623,546.583951537141,837.428082729615,968.463818051664,302.601788019088,11621,103.06385002393,160.360078165357,80.6350434555348,47.9376566496749,27.5475472585372,37.655910026014,76.2000142631746,49.9514221753357,6.28945111492282,4.64285714285715,2.77068557919622,3.30787716955942,2.41121829224724,2.92507754712479,12.4613970588235,15.7235494880546,6.65543644716691,5.142578125,3.65139949109415,4.56952380952381,8.03398073661049,4.90309201355551,3.72452780765127,1.4744134897238
"350",351,778,"cyp2p7",1497,359.283830721524,97.1293114610066,93.2328845920837,163.179746194957,117.755677216625,355.901811813467,197.747210333277,126.291502882599,11622,14.1999757961869,4.14214224043357,3.91486290131566,4.42417416098405,3.58981974727976,8.66446950160888,6.4892407246348,4.2188740195415,1.62650085763294,0.396943852167732,0.330293819655522,0.482242990654205,0.519471239728475,1.2431400620377,1.71691176470589,0.406143344709896,0.32312404287902,0.474609375,0.475826972010178,1.05142857142857,0.741340678455592,0.543470140683499,0.766432136979428,0.535809673330221
"351",352,779,"cyp2p8",1542,37.4155320682842,64.0862153507268,13.8228714374766,29.4554802101639,15.4685930869157,24.318818619116,30.7612517954472,18.5408563238137,11623,1.68757742331557,3.2197324137824,0.964800335869262,0.928530379465787,0.499119323151197,0.612163606091932,1.31865391361269,1.01964486423262,0.169382504288165,0.261904761904762,0.0489699425869638,0.0870493991989319,0.0682386566630942,0.0849439274636124,0.204044117647059,0.315699658703071,0.0796324655436446,0.0996093749999999,0.0661577608142494,0.0742857142857143,0.139904848665623,0.100018648451218,0.120081532017588,0.0807647563373609
"352",353,780,"cyp2p9",2328,1430.5047222664,1349.11483197629,969.507603580257,1043.6817543178,557.355275519129,877.390186359342,1037.9257290032,320.122075680013,11624,128.955240581646,192.435574590227,119.802226321304,54.2188915695905,36.1285602373289,42.8043629182743,95.7241427030617,61.8255342850537,6.47598627787308,5.51350390902628,3.43465045592705,3.08437917222963,2.45873526259379,3.06466237174898,15.5919117647059,18.8686006825938,9.88820826952523,5.81640625,4.78880407124682,5.19428571428571,10.0247027920596,5.96128007635542,4.0053195748998,1.60183441219218
"353",354,781,"cyp2p10",2519,64.6009946090375,32.7822295620407,76.8360991628011,60.8987535633451,33.2048333279342,68.7211559854795,56.1740110351063,18.7213703629999,11625,2.52376443486833,1.20087317054587,2.44910854489889,2.02091906119024,1.22860141083372,1.88358032643671,1.88447449146229,0.573341334639599,0.292452830188679,0.133972992181947,0.272205336035123,0.179973297730307,0.146480886030726,0.240038177046051,0.305147058823529,0.117747440273037,0.202143950995405,0.216796875,0.162849872773538,0.228571428571428,0.205542771072823,0.0634353903007979,0.210853919868806,0.0667566875289096
"354",355,782,"cyp2j20",3485,73.5049440126292,97.564089041405,38.8947003206239,73.1869293565423,29.6413878000583,53.487738704404,61.0466315392771,25.1803706689162,11626,2.37173043276783,6.05657772970959,2.00381608219,1.76602836878787,1.17101071970088,1.33420273122601,2.45056101073036,1.8199583271126,0.332761578044597,0.398720682302771,0.137791286727457,0.216288384512684,0.130760986066452,0.186828919112383,0.286764705882353,0.5938566552901,0.165390505359877,0.189453125,0.155216284987277,0.161904761904762,0.258764339737395,0.171287813543117,0.233858639461058,0.108940217809718
"355",356,783,"esr1",3531,9.75645519755259,14.6085267013868,14.6808427680786,440.747952347177,970.067057565843,666.718173378012,352.763167993008,408.331969075457,11643,1.14025501575376,1.67078006336816,1.70695444038408,24.3602676024554,54.9607162377645,29.3838530924127,18.8704710753564,21.670030451918,0.0441680960548886,0.0597014925373132,0.0520094562647754,1.30253671562083,4.27938549481959,2.32879980911477,0.137867647058823,0.163822525597269,0.140888208269525,2.61328125,7.28498727735369,3.56571428571428,2.31776019899893,2.84422986571058,1.34443351073536,1.70858198184796
"356",357,785,"sod2",956,1583.1979822514,1425.72264164249,1272.27615313492,815.98908520856,703.375554763679,818.98403490051,1103.25757531693,370.441373069523,11709,77.1572560660047,77.8479085775603,69.6326088561027,27.4735753453701,28.6033765959724,24.6592057736006,50.8956552024351,26.461518713274,7.16723842195542,5.82658137882017,4.50726106045256,2.41148197596796,3.10289389067525,2.86065378191362,9.32904411764706,7.63310580204775,5.74732006125574,2.947265625,3.7913486005089,2.99238095238095,5.40674419314007,2.6436642086131,4.31268508496416,1.87961588911089
"357",358,787,"slc22a16",3889,0.947228659956562,0.434777580398418,2.28792354827199,6.05373366282511,4.04936991804075,8.81215618501675,3.76419825908493,3.22505569756226,11713,0.334474804621104,0.487310851815714,0.296861641805927,0.109238868172446,0.0767875881771072,0.439502076168567,0.290695971793477,0.168189623028177,0.00428816466552316,0.00177683013503909,0.00810536980749746,0.017890520694259,0.0178635226866738,0.0307802433786685,0.0404411764705882,0.0477815699658701,0.0245022970903522,0.01171875,0.0101781170483461,0.0533333333333334,0.0313258739847483,0.0185280062210658,0.0134507752279435,0.010847137242488
"358",359,788,"rxrgb",2165,121.434714206431,306.952971761283,228.60169453151,468.938473284512,1448.05468269137,743.909929107228,552.982077597056,489.215253438394,11747,8.3618701155276,21.0935983000231,11.7816964091727,17.2779476492751,60.3934381012948,25.8992294885048,24.134630010633,18.8438417824655,0.549742710120068,1.2544420753376,0.809861533265789,1.38584779706275,6.38799571275455,2.59842519685039,1.01102941176471,2.06825938566553,0.972434915773351,1.85351562499999,8.00508905852417,3.14285714285714,2.84219758993082,2.65222571473249,2.16438583756519,2.18646738800631
"359",360,791,"ephx1",4632,1296.47186688255,1084.1613744815,1392.29680927135,1553.36998703417,936.781236839548,1289.78543356048,1258.8111180116,219.62098014671,11781,101.938798408386,103.04884120003,129.116260332965,63.9957702710244,46.0149622151315,51.5159219280441,82.605092392597,33.4864414746801,5.86921097770157,4.43070362473349,4.93245525160418,4.59065420560749,4.13254733833513,4.50513004056312,12.3253676470588,10.1040955631399,10.656967840735,6.865234375,6.09923664122138,6.25142857142857,8.7170551064306,2.64834249236657,4.7434502397575,0.608968977727241
"360",361,792,"ncoa1",5296,2.84168597986969,7.47817438285279,9.53301478446664,45.448179588075,60.011662185364,85.5257328964417,35.1397416361783,33.8456957447734,11784,0.0304068004201004,0.417695015842041,0.315415494418797,1.94809314907528,2.11165867487045,3.1549970467815,1.32971103023469,1.25493168994597,0.0128644939965695,0.0305614783226723,0.0337723741979061,0.134312416555407,0.264737406216506,0.298735385349558,0.0036764705882353,0.0409556313993173,0.0260336906584992,0.208984375,0.279898218829517,0.382857142857144,0.157067588222119,0.156808382010618,0.129163925773103,0.126102104698094
"361",362,793,"dnajc5ga",2742,5.49392622774806,10.8694395099604,10.1049956715346,51.1404963158061,58.0679646247044,27.1878927258656,27.1441191792699,22.6099094736091,11807,2.41734063339798,5.04714810809133,4.73123241628196,6.99128756303652,8.75378505219022,2.93524600869721,5.14600663028253,2.40566074777322,0.0248713550600343,0.044420753375977,0.0357987166497804,0.151134846461949,0.256162915326903,0.0949654020520159,0.292279411764706,0.494880546075084,0.390505359877488,0.75,1.16030534351145,0.356190476190476,0.574026856236534,0.329079808236049,0.10122566482111,0.0893007648642326
"362",363,794,"cyp39a1",2279,42.9094582960323,163.650281261965,2.09726325258266,420.779666683232,318.199488159642,561.723723328626,251.55998016368,220.350845912199,11813,2.05245902835677,13.9927830307084,0.296861641805927,15.5847451926022,18.0450832216202,18.3492116800377,11.3868572991885,8.09121075490941,0.194253859348199,0.668798862828715,0.00742992232353935,1.24352469959947,1.40371561271883,1.96206156048675,0.248161764705882,1.37201365187713,0.0245022970903522,1.671875,2.39185750636132,2.22666666666667,1.32251281445023,0.9924271267411,0.913297419550917,0.754568140360095
"363",364,795,"hsf2",2043,125.791966042231,183.128316863814,145.283145315272,245.402098928851,317.551588972756,197.283000483166,202.406686101015,70.196547063116,11825,11.3721433571175,17.0384758545566,12.0785580509786,11.2698098997906,15.6262741940413,7.62850032206869,12.5022936130922,3.37833901711426,0.569468267581474,0.748400852878465,0.514690982776091,0.725233644859815,1.40085744908896,0.689095681221665,1.375,1.67064846416382,0.996937212863701,1.208984375,2.07124681933842,0.925714285714286,1.3747551928467,0.434630325688549,0.774624479734412,0.320082656413204
"364",365,796,"hsdl1",1571,15.155658559305,7.65208541501216,5.14782798361199,18.7033263911164,7.12689105575173,11.4762964269986,10.8770143052993,5.23840172612116,11830,0.760170010502509,0.661350441749898,0.556615578386112,0.619020252977192,0.345544146796982,0.50228808704979,0.574164752910414,0.142795606541626,0.0686106346483706,0.031272210376688,0.0182370820668693,0.0552736982643526,0.031439799928546,0.040085898353615,0.0919117647058823,0.0648464163822523,0.0459418070444103,0.06640625,0.0458015267175572,0.0609523809523809,0.0626433576337472,0.016977048873018,0.0408198872730736,0.0182806142964245
"365",366,797,"slc22a2",2822,7658.62788434679,5744.89008083646,4185.85146171146,4728.50811606905,6464.98104894878,6014.39906320632,5799.54294251981,1240.9085846271,11839,340.039249097982,299.52213427673,209.677088378049,135.529022445947,252.266424058841,175.361328391258,235.399207774801,76.9233634745838,34.6710977701544,23.4779673063255,14.8291117865586,13.9740987983979,28.5198285101822,21.007874015748,41.1139705882352,29.3686006825937,17.3062787136294,14.5390624999999,33.4376590330788,21.28,26.1742619195895,10.2384415247384,22.7466630312278,7.98405007004001
"366",367,800,"mgst3a",2856,1360.7886928936,2740.75091131555,1930.62615415018,1276.07284358327,828.177135637695,1600.12361610723,1622.75655894792,658.085181563854,11884,55.9637161731947,128.30198569948,77.6664270374756,36.7406726619992,28.4498014196182,46.4459515493853,62.2614257568589,36.5595261764965,6.16037735849059,11.2007818052594,6.83958122255994,3.77116154873165,3.65344765987853,5.58911954187545,6.76654411764706,12.5802047781569,6.41041347626339,3.94140625,3.77099236641221,5.63619047619048,6.51762524411168,3.21826503868073,6.20241152279926,2.76317852635649
"367",368,803,"hsp90ab1",2699,9195.6958308583,25275.0120368173,29056.1524123151,57773.2199086519,87366.9377044932,77895.8401772705,47760.4763450677,31367.9999471853,11901,588.097926925161,1780.92971983751,2018.47362575417,2455.56231117038,5093.32072378752,3071.27190127138,2501.27603479102,1513.79841155571,41.6295025728988,103.292821606254,102.936507936508,170.736448598131,385.41336191497,272.084705320925,71.1066176470588,174.622866894198,166.600306278713,263.423828125,675.114503816794,372.697142857143,287.260877603151,215.530487282622,179.348891324948,127.848879166898
"368",369,805,"hsp90aa1.2",2413,11.1772981874874,13.9128825727494,8.38905301033064,10.6617995852741,2.91554634098934,5.05503533093984,8.68526917129512,4.09880144086588,11937,0.653746209032158,0.992025662624847,0.760707957127687,0.38233603860356,0.307150352708429,0.141268524482754,0.539539124096572,0.317502692957302,0.0506003430531732,0.0568585643212509,0.0297196892941574,0.0315086782376503,0.0128617363344052,0.017656883798616,0.0790441176470588,0.0972696245733785,0.0627871362940275,0.041015625,0.0407124681933843,0.0171428571428572,0.0563286381417844,0.0291470346531605,0.0332009825065422,0.0175083189393668
"369",370,813,"txnl1",1667,270.528505283594,350.865507381523,461.49324571603,566.069274591034,492.80831902556,542.733185193474,447.416339531869,114.920651102467,11997,18.7609958592019,28.1770096103443,38.8703212239635,25.088526723605,28.7185579782381,24.2510967028727,27.3110846830376,6.68960485653348,1.22469982847341,1.43390191897654,1.63492063492064,1.67289719626168,2.17399071096821,1.89572894297304,2.26838235294117,2.76279863481227,3.20826952526799,2.69140625,3.80661577608143,2.94285714285715,2.94672161366,0.522876269201263,1.67268987209559,0.334720863464391
"370",371,820,"dnajc21",2249,3.78891463982625,13.3911494762713,24.2138575525453,147.819526453461,121.643072337944,55.4687660638264,61.0542144206457,60.230757130006,12121,0.243254403360803,1.63597214538133,1.91104681912565,6.7181903926054,7.41000225909084,3.07651453317997,3.49916342545733,2.91307283622133,0.0171526586620927,0.054726368159204,0.0857818304626817,0.436849132176236,0.536620221507681,0.193748508709138,0.0294117647058824,0.160409556313993,0.157733537519142,0.720703124999999,0.982188295165394,0.373333333333334,0.403963268672957,0.373053034090081,0.220813119946172,0.216533608895952
"371",372,823,"slc31a2",1640,22.6387649729618,20.7823683430444,22.5932450391859,105.714453515006,77.9908646214649,98.2316325120472,57.991888167285,40.4576196728581,12160,1.64196722268542,1.5141444324274,1.76261599822269,4.91574906776005,5.0487839226448,4.17526972360138,3.17642172789029,1.71144735115611,0.102487135506003,0.0849324804548685,0.0800405268490374,0.312416555407211,0.344051446945338,0.343116201383917,0.198529411764706,0.148464163822525,0.145482388973966,0.52734375,0.669211195928754,0.506666666666667,0.36594959619277,0.228802179004656,0.211174057757729,0.134358445204864
"372",373,824,"gstt1b",1249,2843.01209999363,1452.07016301464,1303.16312103659,475.805395051299,161.0029479413,402.080242674485,1106.18899495199,996.144203265257,12174,121.718422081662,75.3417384825081,66.4970077645276,15.9306682751483,6.54614189209839,13.4205098258616,49.9090813869676,45.7052594200196,12.8704974271012,5.93425728500356,4.61668355285377,1.40614152202938,0.71025366202215,1.40443808160343,14.7169117647059,7.38737201365185,5.48851454823889,1.708984375,0.867684478371502,1.62857142857143,5.29967310142326,5.27429783115668,4.49037858843559,4.59678195996704
"373",374,825,"rxraa",6042,11.5561896514701,22.9562562450365,10.6769765586026,23.0403296122448,31.1801483689138,22.2011686831817,20.2685115199083,7.81803076142581,12192,2.73661203780903,6.28282919662403,2.70886248147908,1.69320245667291,3.2250787034385,1.56965027203059,3.03603919134236,1.7162511153056,0.0523156089193828,0.093816631130064,0.0378250591016547,0.068090787716956,0.137549124687389,0.077547124791219,0.330882352941176,0.616040955631397,0.223583460949464,0.181640625,0.427480916030534,0.19047619047619,0.32835075017146,0.169769427779755,0.0778573893911108,0.0351233638765333
"374",375,828,"esrra",4863,31.8268829745405,59.8253950628223,81.6026065550344,257.23850355318,289.286986944831,208.007872739349,154.631374638293,110.373661063818,12315,6.38542808822107,16.9514560595895,26.1609321841473,20.5551136944485,25.7430389363752,18.2550326637158,19.0085002710829,7.25319794358052,0.144082332761578,0.244491826581378,0.289091523134076,0.760213618157544,1.27617006073598,0.726556907659269,0.772058823529411,1.66211604095563,2.15926493108729,2.205078125,3.41221374045802,2.21523809523809,2.07099495937807,0.860216349428074,0.573434378171637,0.430248224500926
"375",376,829,"prdx5",789,604.521330784278,377.647806334066,387.707711284258,175.287213520608,241.099484920146,267.848561251556,342.352018015819,152.15069475457,12316,32.2008016448863,19.8579172114904,21.1142842734465,6.51791913428925,9.06093540489865,9.4963841457851,16.3747069691327,9.82873811919972,2.73670668953688,1.54335465529495,1.37352245862884,0.518024032042726,1.06359414076456,0.935576234788833,3.89338235294118,1.94709897610921,1.7427258805513,0.699218749999999,1.20101781170484,1.15238095238095,1.77263745394791,1.1307152876532,1.36179636850947,0.76236726456021
"376",377,830,"hif1al2",3536,23.8701622309054,37.1300053660249,61.4879453598098,342.532900235373,130.794648352716,250.08762630501,140.983881308307,129.190022252258,12330,1.15545841596381,3.09790470082847,2.87584715499491,11.5611135482505,5.16396530491046,7.97382338191542,5.3046854178106,3.8541461758884,0.108061749571184,0.151741293532338,0.217831813576494,1.01228304405875,0.576991782779564,0.873538534955855,0.139705882352941,0.303754266211603,0.237366003062786,1.240234375,0.684478371501273,0.967619047619048,0.595526324291275,0.443440177920849,0.49007470307903,0.390338372194711
"377",378,835,"dnajc18",2560,17.9973445391747,25.7388327595863,18.8753692732439,72.6448039539013,70.2970617771875,63.6661206545396,44.8699221596056,26.5899656074976,12356,2.97986644116983,3.34156012673633,1.59563132470686,4.11466403449545,4.95279943742341,3.13930054406119,3.35397031809884,1.13250662992466,0.0814751286449402,0.105188343994314,0.066869300911854,0.214686248331108,0.310110753840658,0.222381293247434,0.360294117647058,0.327645051194538,0.131699846860643,0.44140625,0.65648854961832,0.380952380952381,0.383081032712157,0.17026034451739,0.166785178161718,0.0969358738902253
"378",379,838,"aldh3a2b",7928,32.0163287065318,70.6078790567031,46.7117724438865,86.9207728901157,92.7305711231332,124.804723643609,75.6320079773299,33.4714876092413,12448,30.4828174211506,144.557283399333,58.2962049096388,11.7795912845954,20.6750581166861,20.625204574482,47.7360266176476,50.0873323063785,0.144939965694683,0.288557213930348,0.16548463356974,0.256875834445928,0.409074669524831,0.43593414459556,3.68566176470588,14.1740614334471,4.81163859111791,1.263671875,2.74045801526717,2.50285714285714,4.86305813706586,4.7141330071657,0.283477743626848,0.120719587902975
"379",380,840,"slc47a1",3313,85.2505793960906,219.301811552962,45.6631408175952,240.432616071308,170.802423142959,724.714457107308,247.694171348037,245.570359820196,12460,4.91069826784621,14.4452859645372,2.17080075570584,7.81057907432986,6.52694499505411,25.4754239150566,10.223288828755,8.52060083838971,0.385934819897085,0.896233120113716,0.16176967240797,0.710547396528707,0.753483386923903,2.53137675972321,0.59375,1.41638225255972,0.1791730474732,0.837890625,0.865139949109415,3.09142857142858,1.16396074092849,1.02658770044484,0.906557525932432,0.839970564664165
"380",381,841,"slc47a2.1",4062,42.8147354300366,268.257767105824,92.8515640007051,220.373976173589,305.970391007159,158.755433906813,181.503977937354,102.118007638216,12461,2.43254403360803,13.2618167529848,5.4548326681839,8.06546976673223,11.7676978881417,5.11705988681974,7.68323683274506,4.17301574798657,0.193825042881647,1.09630419331912,0.328942924687606,0.651268357810416,1.34976777420507,0.55452159389167,0.294117647058824,1.30034129692832,0.450229709035221,0.865234374999999,1.55979643765904,0.620952380952381,0.848445307772298,0.495604709026763,0.695771647799255,0.446448895218971
"381",382,843,"slco2b1",3736,38.2680378622451,232.779916545313,56.3401173761978,144.566774037614,96.0510544559267,245.510769991862,135.586111711527,88.2320512739726,12466,3.10149364285024,26.0363226541539,3.87775519608992,4.29672881478286,4.43448321722794,10.2184232709192,8.66086779933733,8.88847853525431,0.173241852487136,0.951314854299928,0.199594731509625,0.427236315086782,0.423722758127904,0.857551896921974,0.375,2.55290102389078,0.320061255742726,0.4609375,0.587786259541985,1.24,0.922781006529249,0.865652955283584,0.505443734738891,0.328474545433706
"382",383,844,"hspa4a",3222,31.0691000465752,60.3471281593004,115.158818596357,489.448884351099,711.231332404678,219.689103031115,271.157394431521,272.170587537751,12497,2.43254403360803,6.85715984340683,11.6332655882698,19.1714213642642,34.8615650324067,9.37081212402265,14.0544613309964,11.6085116488935,0.14065180102916,0.246624022743425,0.407970280310706,1.44646194926569,3.13754912468739,0.76735862562634,0.294117647058824,0.672354948805458,0.96018376722818,2.056640625,4.62086513994911,1.13714285714286,1.62355083086407,1.58242058957124,1.02443596727712,1.13802791897747
"383",384,854,"pparda",5487,138.674275817641,170.084989451861,201.813922987159,306.571915193516,309.209886941592,330.353390005744,242.784730066252,82.4041536064002,12588,28.3087311911134,57.7637398991555,78.4827965524419,24.7608101190877,35.2455029732922,30.576787299156,42.5230613390411,21.1594040972262,0.627787307032592,0.695095948827291,0.714961161769674,0.906008010680908,1.36405859235441,1.15390121689334,3.42279411764705,5.66382252559724,6.47779479326186,2.65625,4.67175572519084,3.71047619047619,4.43381555869553,1.44585665154836,0.910302039593037,0.29310076806612
"384",385,863,"ahr2",7562,33.1530030984797,51.3037544870133,59.7720026986058,234.740299343577,247.983413780816,309.860003528961,156.135412822909,121.364154308016,12836,9.36529452939091,26.123342449121,20.2979147584802,18.133652116626,25.9542048038622,22.3204268682751,20.3658059209592,6.23214798745024,0.150085763293311,0.209665955934612,0.211752786220871,0.693724966622165,1.09396212933191,1.0823192555476,1.13235294117647,2.56143344709897,1.67534456355283,1.9453125,3.44020356234096,2.70857142857143,2.24386974045678,0.824115996420666,0.573585142825078,0.444240416020888
"385",386,865,"sult3st3",1065,747.07924410774,1014.07522852127,433.942832988921,464.330407362063,442.515144643493,838.179506900431,656.687060753987,245.488183030048,12844,34.8918034820652,52.1944730212617,21.0029611577693,16.8227856985566,19.9647729260479,26.5898756081983,28.5777786489831,13.2008220050044,3.38207547169812,4.14427860696517,1.53731847348869,1.37222963951936,1.95212575919971,2.9277022190408,4.21875,5.11774744027302,1.73353751914242,1.8046875,2.64631043256998,3.22666666666667,3.12461659310868,1.34805068803645,2.55262169498531,1.10876616991733
"386",387,868,"sult3st2",1278,321.489407189257,514.428833127408,186.084448592789,189.472828223048,149.826686967508,327.142759457715,281.407493926288,136.271195266407,12845,17.8183850461788,29.6215382067981,10.5385882841104,6.66357095851918,7.02606431820531,11.7566805375092,13.9041378918868,8.6951734461928,1.45540308747856,2.10234541577825,0.659236744343128,0.559946595460613,0.660950339406933,1.14268670961584,2.15441176470588,2.90443686006825,0.869831546707503,0.71484375,0.931297709923665,1.42666666666667,1.50024804967866,0.86522597874624,1.09676148201389,0.601907209803143
"387",388,871,"slc30a7",1940,917.864571497909,529.211270860954,972.653498459131,2192.26477404665,1368.36308270433,1817.5584466259,1299.65260736581,619.027372968373,12864,52.8014089295043,41.6128659532633,75.0503338190608,79.5805154636266,65.3078437446297,68.389662352373,63.7904383770763,14.2279348241488,4.15523156089195,2.16275764036958,3.44579533941236,6.47877169559413,6.03644158628082,6.34860415175376,6.38419117647059,4.08020477815698,6.19448698315466,8.53710937499999,8.65648854961833,8.29904761904762,7.02525474690803,1.80796201916831,4.7712669957171,1.78577307483829
"388",389,872,"gpx4a",1031,120737.459189837,55715.6165063482,63473.4816791185,77035.6582983587,21218.0504713467,60880.9328097683,66510.1998257963,32435.1447063798,12888,15821.4184285887,6627.60162428365,7796.45874489644,6507.26834464244,1719.15891790316,3683.02739829259,7025.82224310117,4852.1917460958,546.586192109777,227.696162046908,224.865923674434,227.662483311082,93.6020007145412,212.652827487473,1912.95955882353,649.84641638225,643.502297090351,698.076171875,227.872773536895,446.933333333334,763.198425173559,589.909243005872,255.510931557369,151.831775500109
"389",390,875,"hsd11b1la",1489,660.597267453706,662.948854591508,369.118332454548,356.35709800272,294.308205643202,399.211168567736,457.090154452237,162.189444451582,12905,40.4106377583134,50.4018652449396,26.5320092364047,14.6926277691939,14.8008076211374,14.88028457885,26.9530387014732,15.3289105484652,2.99056603773585,2.7093105899076,1.30766632894292,1.05313751668892,1.29832082886745,1.39441660701503,4.88602941176471,4.94197952218428,2.18989280245023,1.576171875,1.9618320610687,1.80571428571428,2.8936033263637,1.57785557840343,1.79223631819296,0.831902335931871
"390",391,885,"dnaja3b",2081,25.0068366228532,32.9561405942001,19.4473501603119,91.9806099814322,51.9129223492825,65.5788367257061,47.8137827389643,27.6718974262591,12992,1.91562842646632,2.33213050511806,1.48430820902963,2.94944944065603,1.95808349851623,2.66840546245201,2.21800092370638,0.538181742053391,0.113207547169811,0.134683724235963,0.0688956433637284,0.271829105473966,0.229010360843159,0.229062276306371,0.231617647058823,0.228668941979521,0.122511485451761,0.31640625,0.259541984732824,0.323809523809524,0.247092638838742,0.0734087393990719,0.1744481095655,0.0798946065537128
"391",392,886,"hmox2a",2872,681.152129374764,546.167596496493,695.052107935463,1154.09462798903,559.056010884706,1021.73193844415,776.209068520768,252.497833231533,13009,33.1890226585395,27.707102717522,35.4007507853567,38.7797982012182,24.7639971871171,34.5009129792325,32.3902640881643,5.19757592730403,3.08361921097771,2.2320540156361,2.46234380276934,3.41068090787717,2.46623794212219,3.56883798616081,4.01286764705882,2.71672354948804,2.92189892802449,4.16015625,3.28244274809161,4.18666666666667,3.54679263155494,0.656089523147807,2.87062897759055,0.559021220018412
"392",393,891,"dnajc19",510,173.721736236033,157.998172716785,169.211012424283,123.33352910084,113.139395510059,111.142465992421,141.42438533007,28.7548963348942,13075,9.86700673632257,9.67660120034061,11.596157883044,5.53476932073724,5.68228152510593,4.94439835689637,7.88353583707446,2.82607701533212,0.786449399656946,0.645700071073204,0.599459642012835,0.364485981308412,0.499106823865669,0.388212837031735,1.19301470588235,0.94880546075085,0.957120980091881,0.593749999999999,0.753180661577608,0.6,0.840978634717115,0.234923923219725,0.547235792491467,0.161646457393996
"393",394,895,"cp",3345,30952.5909214006,58428.1068749379,99440.5931594327,76176.3895351726,63596.9743107972,41053.1715257511,61607.971054582,24575.8657926371,13090,1489.84200018366,2983.07337938989,5428.78305911543,2824.62582729098,2851.10395211895,1311.03469321083,2814.74381855162,1475.09061874971,140.1243567753,238.78144989339,352.285714285714,225.123097463284,280.553769203287,143.395848246242,180.136029411765,292.494880546074,448.079632465543,303.015625,377.910941475828,159.093333333333,293.455073705424,111.380570082953,230.044039311203,81.4718064717915
"394",395,899,"ncoa6",7361,7.19893781566987,90.2598256907116,46.6164422960419,224.53027092717,262.966082477566,254.732793906414,147.717392185596,113.051302685681,13146,0.699356409662308,5.70849854984122,3.24692420725232,7.81057907432986,10.4623088891309,8.91561354513378,6.14054677922506,3.66971118907,0.032590051457976,0.368869936034115,0.165146909827761,0.66355140186916,1.1600571632726,0.889763779527556,0.0845588235294117,0.559726962457335,0.267993874425727,0.837890625,1.38676844783716,1.08190476190476,0.703140582525732,0.494273295315884,0.546663206998194,0.435676333995308
"395",396,907,"gss",6754,19.8918018590878,22.6084341807177,43.4705474171679,52.4054555886352,52.6418089345298,27.4611378788894,36.4131976431713,14.9170621196313,13241,0.942610813023111,1.11385337557878,2.15224690309297,1.74782189075913,2.30362764531322,0.831914644176215,1.51534587865724,0.638337856071805,0.0900514579759864,0.0923951670220324,0.154002026342452,0.154873164218959,0.23222579492676,0.0959198282032926,0.113970588235294,0.109215017064846,0.177641653905053,0.1875,0.305343511450382,0.100952380952381,0.165770525267993,0.077687660611378,0.136577906448247,0.0557794571120982
"396",397,909,"dnajc5ab",5139,2.84168597986969,2.43475445023114,4.19452650516532,8.67400644225687,11.6621853639574,7.1726852668741,6.16330733472575,3.64339090384728,13267,1.79400122478592,8.84121116865653,2.6346470710276,2.14836440739143,3.64741043841259,2.04054535363977,3.51769661065231,2.68940817720422,0.0128644939965695,0.00995024875621889,0.0148598446470787,0.025634178905207,0.0514469453376208,0.0250536864710093,0.216911764705882,0.866894197952215,0.217457886676876,0.23046875,0.483460559796438,0.247619047619047,0.377135367791743,0.261006832516522,0.023301566352284,0.0152258082919646
"397",398,911,"hsd17b10",1253,603.952993588304,429.560249433637,314.39882759171,279.736707762784,319.900223525219,279.803036696346,371.225339766333,126.615046394154,13281,30.3763936196803,27.3938314556405,15.7707747209399,8.5388381954795,12.8811179167097,9.16675758865867,17.3546189161848,9.35555707911006,2.73413379073757,1.75550817341862,1.11381290104695,0.826702269692925,1.41121829224723,0.977332378907181,3.67279411764706,2.68600682593856,1.30168453292496,0.916015625,1.70737913486005,1.11238095238095,1.89937686479193,1.07184482033978,1.46978463434174,0.70234276147727
"398",399,916,"hspb7",2895,2.65224024787837,4.52168683614355,2.28792354827199,4.51771168867545,3.40147073115423,3.68880956582097,3.51164043632409,0.928649671833724,13352,1.00342441386331,1.74039589934184,0.705046399289076,0.546194340862228,0.614300705416858,0.73773562785438,0.891182897771281,0.444440005743061,0.0120068610634648,0.0184790334044065,0.00810536980749746,0.013351134846462,0.015005359056806,0.0128847530422333,0.121323529411764,0.170648464163822,0.0581929555895864,0.05859375,0.0814249363867685,0.0895238095238096,0.0966179075126252,0.0431146312850942,0.0133054185368117,0.00342233535200282
"399",400,917,"sult1st5",1029,167.280581348329,211.214948557551,99.2386839062977,48.8816404714684,23.0004211344715,49.3207501207914,99.8228375898182,74.8414870068483,13357,7.28242870061403,9.46775369241959,5.12086332115223,1.54755063244298,1.03663244039095,1.14584469858233,4.26684558093369,3.59004238120635,0.757289879931391,0.863184079601987,0.351570415400203,0.144459279038718,0.101464808860308,0.172273920305416,0.880514705882352,0.928327645051191,0.422664624808575,0.166015625,0.137404580152672,0.139047619047619,0.445662466657068,0.371437475367971,0.398373730523004,0.331906189710121
"400",401,921,"hnf4a",4200,680.394346446799,848.946703485951,399.147329025618,1206.0483124088,1947.3419935858,1592.06288409303,1112.323594841,583.222167483049,13382,73.4932366153826,104.528177714471,42.1729069890545,60.15420340696,124.607058714401,78.4511205960891,80.5677840060596,29.8629152036425,3.08018867924529,3.46943852167732,1.41404930766633,3.56421895861149,8.59056806002146,5.56096397041279,8.88602941176471,10.2491467576792,3.48085758039816,6.45312499999999,16.5165394402036,9.52,9.18428303167427,4.3608683991204,4.27990458293911,2.4917639785741
"401",402,922,"hspg2",15025,3.22057744385231,6.78253025421532,3.05056473102932,75.9879106035211,63.6560951116006,83.5447055370193,39.3737306135397,38.9099360892484,13394,0.608136008402007,2.40174634109173,0.630830988837594,2.94944944065603,3.87777320294391,3.32765857670486,2.29926575977269,1.38752391282712,0.0145797598627787,0.0277185501066098,0.0108071597433299,0.22456608811749,0.280814576634513,0.291815795752803,0.0735294117647058,0.235494880546074,0.0520673813169984,0.31640625,0.513994910941476,0.403809523809524,0.265883726396463,0.182634227138475,0.141716988369587,0.137868536220391
"402",403,924,"dnajc22",1887,542.383130691127,777.73013581669,992.100848619443,502.09847707939,438.384787327092,526.680032453327,629.896235331178,211.833932018045,13411,27.867832585022,47.7042516009597,57.0530967845765,17.5874577757637,15.050367282713,15.7121992230263,30.1625342086769,18.0632343612655,2.45540308747856,3.17839374555792,3.51469098277609,1.48384512683578,1.93390496605931,1.83965640658554,3.36948529411765,4.67747440273035,4.70903522205206,1.88671874999999,1.99491094147583,1.90666666666667,3.09071521284043,1.36138477885567,2.4009823858822,0.80275348604455
"403",404,926,"dnajc11a",2745,283.221369327012,198.084665629519,204.006516387586,412.467077176069,325.407366613755,333.564020553774,292.791835947952,82.4526314336353,13445,15.3706376123607,13.7665315637939,13.1546815025251,16.0581136213495,13.4186310339495,11.0032484069345,13.7953072901522,1.78609436302332,1.28216123499142,0.809523809523807,0.722728807835191,1.21895861148198,1.43551268310111,1.16511572417084,1.85845588235294,1.34982935153583,1.08575803981623,1.72265625,1.77862595419848,1.3352380952381,1.52176059552359,0.307945390289596,1.10566681185073,0.279521011005265
"404",405,928,"aldh8a1",1645,1104.27917177736,1081.81357554734,1444.15640969885,473.817601908281,660.938158022612,619.856629634434,897.47692443148,370.976136084886,13465,46.051099236242,45.7898161116837,59.1125744246051,12.2165467572852,23.9769244083017,14.6919265462064,33.6398145807207,19.2970170220911,4.9991423670669,4.42110874200424,5.1161769672408,1.40026702269693,2.91568417291891,2.16511572417084,5.56801470588235,4.48976109215015,4.87901990811637,1.310546875,3.17811704834605,1.78285714285715,3.53471946205868,1.73185844207671,3.5029158326831,1.56461277764802
"405",406,930,"rarga",6918,4.92558903177412,6.08688612557785,6.86377064481598,25.6606023916766,15.7115552819981,33.3359086689006,15.4307186907905,11.8015488208856,13517,1.38350941911457,1.60116422739449,1.78116985083556,2.20298384147765,1.53575176354214,2.27599289444436,1.79676199946813,0.366628988922453,0.0222984562607204,0.0248756218905472,0.0243161094224924,0.0758344459279041,0.0693104680242944,0.116439990455738,0.167279411764706,0.156996587030716,0.147013782542113,0.236328125,0.203562340966921,0.276190476190476,0.197895120582489,0.050672079410861,0.0555125153302828,0.038289764397294
"406",407,932,"nfe2",4092,3.22057744385231,5.21733096478102,10.295655967224,20.420056832813,11.5002105672357,18.1708026760811,11.4707724086645,6.83422430703326,13521,0.182440802520602,0.400291056848622,0.296861641805927,0.910323901437046,0.614300705416858,0.769128633294991,0.528891123554008,0.283161898674652,0.0145797598627787,0.0213219616204691,0.0364741641337387,0.060347129506008,0.0507324044301535,0.0634693390598903,0.0220588235294117,0.039249146757679,0.0245022970903522,0.0976562499999999,0.0814249363867685,0.0933333333333333,0.0597041311829241,0.0349794929589537,0.0411541264355064,0.0203936130090622
"407",408,933,"dnajc16",4501,2.84168597986969,3.82604270750608,1.143961774136,12.6495927282913,14.5777317049467,10.6565609679272,7.61592931044616,5.69373171996105,13542,0.0608136008402007,0.31327126188153,0,0.728259121149637,0.499119323151197,0.376716065287343,0.329696562051651,0.272409500393087,0.0128644939965695,0.015636105188344,0.00405268490374875,0.0373831775700936,0.0643086816720258,0.0372226198997851,0.00735294117647058,0.0307167235494879,0,0.0781249999999999,0.0661577608142494,0.0457142857142858,0.0380111185424156,0.0313007121702036,0.0285779605384278,0.0221126217839367
"408",409,935,"cyp2aa12",2407,644.399657368449,178.432718995511,374.647481029539,22.5885584433773,30.5322491820273,41.6698858361257,215.378425142505,249.920600656909,13577,49.3654404820329,21.4764853978783,43.2304765879881,1.31086641806935,1.38217658718793,2.19751038084283,19.8271593089999,21.9855434421182,2.91723842195541,0.729211087420043,1.32725430597771,0.0667556742323099,0.134690961057521,0.145549988069673,5.96874999999999,2.10580204778157,3.56814701378254,0.140625,0.183206106870229,0.266666666666666,2.0388661391835,2.36536052715787,0.886783406452111,1.10716816496796
"409",410,936,"cyp2aa6",1817,299.229533680278,168.954567742825,816.216725846034,356.537806470267,117.755677216625,143.31708276097,317.001898952833,261.869384568253,13578,14.3976199989175,10.5816070679984,49.0749401610422,11.7613848065666,5.43272186353033,4.89730884873546,16.0242637911318,16.6058888029065,1.35463121783877,0.690476190476189,2.89159067882472,1.05367156208278,0.519471239728475,0.500596516344547,1.74080882352941,1.03754266211604,4.05053598774884,1.26171875,0.720101781170483,0.594285714285715,1.56749895314175,1.28336202256299,1.16840623421591,0.906941232133539
"410",411,937,"cyp2aa7",1691,25.9540652828098,40.1734484288138,10.2003258193793,44.4542830165664,11.5811979655966,28.6224297792405,26.8309583820677,14.1542577007047,13579,1.33789921848442,2.76722947995352,0.742154104514817,0.910323901437046,0.729482087682518,0.439502076168567,1.15443181137348,0.843332079605725,0.117495711835335,0.164179104477612,0.0361364403917595,0.131375166889186,0.0510896748838874,0.0999761393462181,0.161764705882353,0.271331058020477,0.0612557427258805,0.0976562499999999,0.0966921119592875,0.0533333333333334,0.123672200320222,0.0818563405778668,0.100042039637333,0.0487446870861651
"411",412,941,"cyp2aa1",1883,42.3411211000583,92.0858915283849,45.6631408175952,108.967205930852,89.2481129936182,97.0020293234402,79.2179169489915,28.1186967111025,13580,3.04068004201004,7.65774195710408,3.67366281734834,5.17063976016242,4.83761805515775,3.51601660934853,4.64939320685519,1.68415195974154,0.191680960548885,0.376332622601279,0.16176967240797,0.322029372496663,0.393712040014291,0.338821283703173,0.36764705882353,0.750853242320816,0.303215926493108,0.554687499999999,0.641221374045801,0.426666666666667,0.507381961391653,0.171553862448141,0.297390991962044,0.097366110401872
"412",413,942,"cyp2aa2",1798,302.260665392139,198.780309758157,285.990443533999,307.927228700119,246.687615407043,291.962446005904,272.268118132893,41.9573924875139,13581,17.4687068413477,11.9913277464653,18.906375812515,9.08503253634172,11.3453661531676,8.80573802609164,12.9337578526548,4.27790426656489,1.36835334476844,0.812366737739872,1.01317122593718,0.910013351134848,1.08824580207217,1.01980434263899,2.11213235294118,1.17576791808874,1.56049004594181,0.974609374999999,1.50381679389313,1.06857142857143,1.39923131907271,0.420653309217774,1.03532580071525,0.189659466554573
"413",414,946,"abce1",2777,574.58890512965,491.472576882372,551.198914837861,1987.52208031588,2125.51426997959,1906.97792295293,1272.87911168305,807.317815974562,13594,31.197377231023,33.1023300054817,37.0705975205151,75.2109607367288,92.8361941061226,63.4609604981969,55.4797366830113,25.6039206463466,2.60120068610635,2.00852878464819,1.95271867612293,5.87369826435248,9.37656305823509,6.660940109759,3.77205882352941,3.24573378839589,3.05972434915773,8.068359375,12.3053435114504,7.70095238095238,6.3586953714143,3.6701950149848,4.74560826320401,3.04227367674282
"414",415,950,"vdra",9302,2.46279451588706,4.34777580398418,4.76650739223332,39.575154392797,24.4581943049661,35.8634263343705,18.578975457373,16.8949672508082,13636,1.71798422373567,4.05512244546648,3.78498593302556,6.75460334866288,6.85329224480682,7.15760524045951,5.05393223935949,2.20416939650561,0.0111492281303602,0.0177683013503909,0.0168861870989531,0.116955941255007,0.10789567702751,0.125268432355046,0.207720588235294,0.397610921501705,0.31240428790199,0.724609374999999,0.908396946564886,0.868571428571429,0.569885591295884,0.301622707756149,0.0659872945362112,0.0558776741731973
"415",416,951,"abcg2a",2261,2356.98907456991,3027.18238128203,2055.5086478267,2901.81657187002,3760.48786808773,3021.33996827214,2853.88741865142,594.408900530355,13640,91.0379604577805,131.156234974401,83.0284904425951,82.0383899975066,123.685607656275,83.1914644176215,99.0230246576967,22.3583930309377,10.6702401372213,12.3713574982232,7.28199932455253,8.57570093457946,16.5891389782065,10.5533285612026,11.0073529411765,12.8600682593856,6.85298621745788,8.80078124999999,16.3944020356234,10.0952380952381,11.0018047998136,3.32903416325803,11.0069609056643,3.25968762622919
"416",417,956,"ncoa2",8347,25.9540652828098,55.4776192588381,54.6241747149938,223.897791290755,201.334672324986,208.281117892373,128.261573460793,91.7342772821391,13770,5.76208867960902,17.1254956495237,15.6965593104884,12.3439921034863,15.3383207383772,12.3060581327199,13.0954191023674,4.07439623678065,0.117495711835335,0.226723525230987,0.193515704154002,0.661682242990654,0.888174347981422,0.727511333810546,0.696691176470588,1.67918088737201,1.29555895865237,1.32421874999999,2.03307888040713,1.49333333333334,1.42034366437257,0.44637490743668,0.469183811000491,0.327965315190975
"417",418,964,"hnf4g",2352,56.0759366694285,208.258461010842,69.1143571873831,77.1625156425767,132.657358515015,132.797144369555,112.677628899133,57.1008116239673,13864,3.60320584978189,16.8644362646224,5.49194037340964,2.65814579219618,5.83585670146015,5.35250742762433,6.6343487348491,5.16214125002907,0.253859348198971,0.851101634683722,0.244849712934819,0.22803738317757,0.585209003215435,0.463851109520401,0.435661764705882,1.65358361774743,0.453292496171515,0.28515625,0.773536895674301,0.64952380952381,0.70845913897049,0.493899286630727,0.437818031955153,0.248310549875456
"418",419,970,"abcd3a",3477,4222.36647462237,2859.35823524824,2696.69922222992,4993.3363752592,4231.91551394603,6653.79272128195,4276.24475709795,1461.11971956267,13936,218.837742623462,215.965727149328,189.304958209117,174.891427944085,184.597361977766,215.764126393326,199.893557382847,19.1847348637121,19.114922813036,11.6855010660981,9.55352921310368,14.7567423230975,18.6688102893891,23.2412312097351,26.4595588235294,21.1757679180886,15.624808575804,18.76171875,24.468193384224,26.1828571428572,22.1121507657505,4.36369935418432,16.1701228190766,5.11477560781439
"419",420,971,"abcb8",2591,109.120741626996,77.9121424073965,56.2447872283532,164.986830870428,61.7933849493019,137.305689394447,101.227262746154,43.7065008067903,13958,5.01712206931656,3.28934824975607,2.41200083967315,4.27852233675412,2.18844626304755,3.32765857670486,3.41884972254205,1.08131728005184,0.493996569468268,0.318407960199005,0.199257007767646,0.487583444592792,0.272597356198643,0.479599141016463,0.606617647058823,0.322525597269623,0.199081163859111,0.458984375,0.290076335877862,0.403809523809524,0.380182440479157,0.14302585834626,0.37524024654047,0.128335816729159
"420",421,973,"abcd4",2567,46.4142043378715,40.3473594609732,13.6322111417873,117.460503905562,42.032459749263,120.637735059997,63.4207456092423,44.6139885895433,13969,2.91905284032963,2.15809091518388,1.07612345154648,5.27987862833487,1.78531142511774,4.58337879432934,2.96697267580699,1.64866751037335,0.210120068610635,0.164889836531627,0.0482944951030058,0.347129506008012,0.185423365487674,0.421379145788595,0.352941176470588,0.211604095563139,0.0888208269525263,0.56640625,0.236641221374046,0.556190476190477,0.335434007758463,0.194061855468865,0.229539402921591,0.134151062340693
"421",422,975,"slc22a17",10031,0,0,0.571980887067998,2.89133548075229,0.809873983608151,3.41556441279719,1.28145912737094,1.49372916915928,14041,0.0912204012603011,0.0348079179868367,0.296861641805927,0.546194340862228,0.614300705416858,0.627860108812238,0.368540852690731,0.265566322197525,0,0,0.00202634245187437,0.00854472630173566,0.00357270453733477,0.0119303268909568,0.0110294117647059,0.00341296928327643,0.0245022970903522,0.05859375,0.0814249363867685,0.0761904761904762,0.0425256401192632,0.0339155271442821,0.00434568336365026,0.00487658785130301
"422",423,982,"pparab",10276,13.8295384353658,14.4346156692275,18.5893788297099,61.8926501348537,40.1697495869643,67.9014205264082,36.1362255304216,24.3521265055602,14089,17.2102490377768,39.6288146280136,39.5568137706397,13.6548585215557,17.8147204570889,15.3511796604592,23.8694393459223,12.2666578291927,0.0626072041166381,0.0589907604832978,0.0658561296859168,0.182910547396529,0.177206145051805,0.237174898592221,2.08088235294118,3.88566552901022,3.26493108728943,1.46484375,2.36132315521629,1.86285714285714,2.48675050288571,0.913950281276153,0.130790947554401,0.0777292590844518
"423",424,984,"fth1b",1425,19.8918018590878,41.5647366860888,13.3462206982533,29.997605612805,27.0497910525122,29.3738539500558,26.8706683098005,9.62919171877745,14100,1.48993322058492,2.95867302888112,0.89058492541778,1.09238868172446,1.43976727832076,0.973183168658969,1.47408838393133,0.767137217009936,0.0900514579759864,0.169864960909737,0.0472813238770686,0.0886515353805074,0.119328331546981,0.102600811262228,0.18014705882353,0.290102389078497,0.0735068912710566,0.1171875,0.190839694656489,0.118095238095238,0.161646461987468,0.0765993922317421,0.102963070158751,0.0405359164783892
"424",425,991,"cat",2304,11073.8608178202,17794.1420329661,17624.2564129305,12861.2023437888,16648.4984936344,15058.3354492755,15176.7159250692,2728.24320442205,14170,695.084254203284,1326.44273468338,1409.57329070499,476.572768880323,782.465523524722,535.10947423795,870.874674372442,401.165593960152,50.1320754716983,72.7203269367449,62.4370145221208,38.0085447263017,73.4437299035371,52.5977093772369,84.0422794117647,130.059726962457,116.343032159265,51.125,103.715012722646,64.9352380952381,91.7033815585618,30.477637500891,58.2232334896066,13.8948348784605
"425",426,993,"dnajc24",9921,12.3139725794353,9.91292883308393,6.48245005343731,33.7924834312924,27.5357154426771,23.7040170248125,18.9569278941231,10.9339794296601,14242,0.516915607141706,1.14866129356561,0.612277136224724,1.89347371498906,1.63173624876353,0.894700655057439,1.11629410929034,0.553737795389055,0.0557461406518011,0.0405117270788912,0.0229652144545762,0.0998664886515356,0.121471954269382,0.0827964686232401,0.0625,0.112627986348122,0.0505359877488514,0.203125,0.216284987277354,0.108571428571429,0.125607564990959,0.0697256818072687,0.070559665621571,0.0373851341411301
"426",427,995,"cyp2x7",2392,888.689928771246,125.215943154744,771.983537246108,155.680344791756,167.643914606887,147.552382632839,376.127675200597,354.030448653102,14271,39.1183487404591,6.1610014836701,41.4121990319268,4.27852233675412,5.16396530491046,3.9555186855171,16.6815925972063,18.2982983130934,4.02315608919383,0.511727078891256,2.73488686254644,0.460080106809079,0.739549839228296,0.515390121689335,4.7297794117647,0.604095563139929,3.41807044410413,0.458984375,0.684478371501273,0.48,1.72923469425167,1.86477944137863,1.49746501639304,1.51638263424573
"427",428,996,"cyp2x8",1303,632.464576252996,1142.59548128704,512.685535108616,2525.40083396958,2213.38559720108,3145.5982016097,1695.3550375715,1085.77376387065,14272,23.4132363234773,52.5077442831432,23.3593004396038,71.1327096582908,80.9917086298038,86.7702670378513,56.3624943953617,28.0681798732775,2.86320754716981,4.66950959488271,1.81627828436339,7.46328437917225,9.76420150053594,10.9873538534956,2.83088235294118,5.14846416382251,1.92802450229708,7.630859375,10.735368956743,10.5295238095238,6.46718719338793,3.78522994153979,6.26063919326995,3.73870873004742
"428",429,997,"cyp2x9",1652,1943.42904163288,3099.44241514424,1348.06362067143,3956.61189694196,4948.7349768376,7405.55844853861,3783.64006662779,2204.18664527342,14273,72.7786768055102,112.377363220502,47.108231784078,103.412795203248,162.136992435962,181.765501501143,113.263260158407,51.3702336327174,8.79802744425388,12.6666666666666,4.77575143532592,11.6929238985314,21.8310110753841,25.8670961584347,8.79963235294117,11.0187713310579,3.88820826952526,11.0937499999999,21.4910941475827,22.0571428571429,13.058099826375,7.24344056412425,14.2719127797661,8.01195037811513
"429",430,998,"bmal1a",5863,47.5508787298194,62.9557936416909,56.5307776718872,122.791403698199,84.3888690919693,164.835138561592,89.8421435658597,45.5201389180332,14282,2.09806922898692,3.93329473251255,3.4510165859939,4.18748994661041,3.34026008570416,4.4735032752872,3.58060564251586,0.844089789424833,0.215265866209263,0.25728500355366,0.200270178993583,0.362883845126837,0.372275812790283,0.575757575757573,0.253676470588235,0.385665529010237,0.284839203675344,0.449218749999999,0.442748091603053,0.542857142857144,0.393167531289002,0.10886322933723,0.330623047071866,0.140388223976928
"430",431,999,"dnajb9a",3043,5.30448049575675,1.91302135375304,4.38518680085465,5.69231672773107,2.26764715410282,3.14231925977342,3.78416196532862,1.58282028694293,14329,1.61156042226532,0.974621703631428,1.37298509335241,0.837497989322083,0.230362764531322,0.282537048965507,0.884927503678012,0.559967762503115,0.0240137221269297,0.00781805259417199,0.0155352921310368,0.0168224299065421,0.0100035727045373,0.0109759007396803,0.194852941176471,0.0955631399317402,0.113323124042879,0.08984375,0.0305343511450382,0.0342857142857143,0.0930671700969737,0.0602542615263196,0.0141948283671497,0.00589411903471689
"431",432,1000,"cyp11a1.1",2185,0.378891463982625,0,0.190660295689333,179.262799806642,73.2126081181768,67.3549302203606,53.3999816508085,70.6013536346453,14353,0,0,0.0371077052257408,6.00813774948451,2.91792835073007,2.73119147333324,1.94906087979559,2.41990822320488,0.00171526586620927,0,0.000675447483958123,0.529773030707611,0.322972490175063,0.235266046289668,0,0,0.00306278713629402,0.64453125,0.38676844783715,0.331428571428572,0.227631842733669,0.269802560453081,0.181733713420418,0.2200733281507
"432",433,1004,"ugt5a3",1690,134.790638311819,319.648477108917,428.509014561775,230.132233421128,166.267128834753,246.740373180469,254.34797756981,107.04456384117,14410,5.79249548002912,14.3234582515833,19.9824992640614,6.48150617823177,5.97023498077008,6.56113813708789,9.85188871529393,5.93900044074799,0.610205831903947,1.30632551528074,1.51806822019588,0.680106809078774,0.733476241514826,0.861846814602718,0.700367647058823,1.40443686006825,1.64931087289433,0.6953125,0.791348600508905,0.796190476190477,1.00616115945346,0.412948852090951,0.951671572096147,0.372185046443009
"433",434,1005,"ugt5a2",2364,81.3669418902687,132.259339957199,213.158210580674,95.4140708648256,64.384981696848,87.1652038145843,112.291458134067,54.2961308019894,14411,6.65908929200198,15.4547155861555,16.8654520250992,3.18613365502966,2.84114076255297,4.34793125352475,8.22574376239401,6.30533184022986,0.36835334476844,0.540511727078892,0.755150287065181,0.281975967957277,0.284030010718114,0.304461942257217,0.805147058823529,1.51535836177474,1.39203675344563,0.341796875,0.376590330788805,0.527619047619048,0.826424737908625,0.514101007531794,0.422413879974187,0.189930893524177
"434",435,1006,"ugt5a1",1977,128.917820620088,63.477526738169,212.681559841451,128.574074659703,104.149794292008,96.6604728821605,122.410208172263,50.3960548567627,14412,5.99013968275977,2.62799780800617,8.46055679146891,3.84156686406434,3.12909421821712,2.74688797605354,4.46604055676164,2.3147491329401,0.583619210977702,0.259417199715707,0.753461668355287,0.379973297730306,0.45944980350125,0.337628251014077,0.724264705882353,0.257679180887371,0.698315467075037,0.412109375,0.414758269720102,0.333333333333333,0.473410055316366,0.19332335789201,0.462258238549055,0.180545696587132
"435",436,1007,"hsd17b12a",1996,0,23.912766921913,0.381320591378666,79.9634968895555,26.8068288574298,68.5162221207117,33.2634392301648,33.8835272444713,14417,0.243254403360803,4.78608872319005,0,4.13287051252419,1.22860141083372,4.03400119911863,2.40413604150456,2.15173618778507,0,0.0977256574271499,0.00135089496791625,0.236315086782377,0.118256520185781,0.239322357432593,0.0294117647058824,0.46928327645051,0,0.443359375,0.162849872773538,0.48952380952381,0.265738016408957,0.228084572833364,0.115495086132636,0.106416215950934
"436",437,1009,"clpxb",4614,149.851574005128,244.779777764309,363.779844175247,746.687387904279,610.07807185202,606.809173577549,453.664304879755,235.709686639305,14471,16.5717062289547,46.3815507174599,63.6768221673713,36.4129560574819,36.2437416195946,27.8769888312634,37.8606276036876,16.1039331971407,0.678387650085764,1.00035536602701,1.2887537993921,2.20667556742323,2.69131832797428,2.11954187544738,2.00367647058824,4.54778156996585,5.25574272588055,3.90625,4.80407124681934,3.38285714285715,3.98339652601852,1.17446097956243,1.66417209772496,0.788677824796113
