"","X","Geneid","E1_cpm","E2_cpm","E3_cpm","CPM_mean_E13","L1_CPM","L2_CPM","L3_CPM","CPM_mean_UN13","FC_E1","FC_E2","FC_E3","FC_UN1","FC_UN2","FC_UN3","mean_FC_un","sd_FC_un","mean_FC_e","sd_FC_e"
"1",1,"txnl4b",70.2843665687769,50.0863772618978,27.4550825792639,49.2752754699795,4.3937826607045,4.97753227211765,1.59563132470686,3.65564875250967,0.015210840286177,0.0101420949764936,0.00568305148292124,0.017258883248731,0.0164207383590744,0.00572913196988876,0.0131362511925647,0.00642842773142984,0.0103453289151973,0.00476714462705321
"2",2,"abcb6a",22.7334878389575,24.173633470152,26.1204605094386,24.3425272728494,4.31776565965425,9.74621703631428,5.84446357305418,6.6361487563409,0.00491994834054243,0.00489496945046044,0.0054067920358348,0.0169602866527322,0.0321524946890968,0.0209846112850576,0.0233657975422955,0.00787104391099361,0.00507390327561256,0.000288560533076091
"3",3,"ugt5b6",1333.41378462085,605.036480882438,448.147025017777,795.532430173688,56.359004578656,31.5185697370807,23.2850850291524,37.0542197816297,0.288575469957565,0.12251509869174,0.0927639757681,0.221379516273515,0.103978871217776,0.0836053560722137,0.136321247854501,0.0743636456857603,0.167951514805802,0.105517231986749
"4",4,"ugt5b4",213.789508552196,131.563695828561,104.577172185599,149.976792188785,14.230382596607,22.2596635525821,12.746496745042,16.4121809647437,0.0462680141858511,0.0266406071170742,0.0216469009609882,0.0558972827709766,0.0734340012631337,0.0457664379455067,0.058365907326539,0.0139980032640719,0.0315185074213045,0.0130151925702767
"5",5,"ugt5b3",34.0055088924406,42.1734252986465,6.76844049697131,27.6491248960195,1.94603522688642,4.97753227211765,0.575169430998983,2.49957897666768,0.00735942272606139,0.00853978483263782,0.00140103005308128,0.00764407285756942,0.0164207383590744,0.00206515222170408,0.00870998781278265,0.00723690848053749,0.0057667458705935,0.00382660680304597
"6",6,"ugt5b2",734.954717260296,244.69282224823,210.107645849645,396.585061786057,29.7226474106481,10.4075674780642,10.6870191050134,16.9390779979086,0.159057829892786,0.0495483598330781,0.0434911300984668,0.116751269035533,0.0343342711144285,0.0383718606355341,0.0631524669284985,0.0464618039121064,0.0840324399414437,0.0650444414306689
"7",7,"ugt5b1",36.9419177383059,18.1737028606539,12.297589071962,22.4710698903073,1.77879782457587,0.870197949670918,0.723600251901946,1.12419867538291,0.00799491605338144,0.00368003098973466,0.00254553347672515,0.00698716034637205,0.00287075845438364,0.00259809473053094,0.00415200451042888,0.00245909898888562,0.00474016017328042,0.00287521269318382
"8",8,"cyp4v2a",4786.15697302852,2882.22753597719,2510.04279275007,3392.80910058526,287.84597617688,186.692268122399,179.156000829877,217.898081709719,1.0358131239622,0.583628264046625,0.519565088699016,1.13066587040908,0.615892518803468,0.643261608154021,0.796606665788856,0.289627227495261,0.713002158902614,0.28139156345017
"9",9,"clockb",5.49392622774806,9.21728470444646,10.867636854292,8.52628259549551,0.85139041176281,3.42857992170342,2.54187780796325,2.27394938047649,0.00118898751563109,0.00186642720053528,0.00224954121198967,0.00334428187518663,0.0113107883102716,0.00912664046365999,0.00792723688303939,0.00411645878237188,0.00176831864271868,0.00053704050364251
"10",10,"dnajb14",24.6279451588706,26.9562099847019,14.2995221767,21.9612257734242,2.59978143591858,5.60407479588071,3.11704723896223,3.77363449025384,0.00532994403558763,0.00545841917137675,0.00295992264735482,0.0102120035831592,0.0184876844462307,0.0111917926853641,0.0132971602382513,0.00452174223462757,0.00458276195143974,0.00140688735167074
"11",11,"nr3c2",4.92558903177412,11.4781281225182,2.85990443533999,6.4212071965441,0.364881605041204,0.939813785644592,0.278307789193056,0.527667726626284,0.00106598880711753,0.00232423009877977,0.000591984529470963,0.00143326366079427,0.00310041913073434,0.000999267204050361,0.00184431666519299,0.00110924897298616,0.00132740114512275,0.000895221193864131
"12",12,"txna",2172.46893161037,1932.93416693529,1938.63388656914,2014.67899503827,120.137268459816,128.35419757646,116.314102030085,121.60185602212,0.470162563293085,0.391403870195271,0.401286579710718,0.471902060316511,0.423436872021586,0.417627073479449,0.437655335272515,0.0298004542239597,0.420951004399691,0.0429039640753641
"13",13,"dnaja1",36.9419177383059,14.4346156692275,17.9220677947973,23.0995337341102,2.37173043276783,2.38434238209832,1.16889271461084,1.97498850982566,0.00799491605338144,0.00292289542725336,0.00370976971801804,0.00931621379516275,0.0078658781650112,0.00419692225701154,0.00712633807239516,0.00263855568911982,0.00487586039955095,0.00272968384911799
"14",14,"cyp2u1",320.068564199322,302.25737389298,139.468006296747,253.93131479635,14.4888404001778,15.767986848037,6.03000209918288,12.0956097824659,0.0692687726778869,0.0612047259345342,0.028869112220534,0.0569125111973723,0.0520181431934315,0.0216507894210912,0.0435271479372983,0.0191028795208137,0.053114203610985,0.0213804947292675
"15",15,"prdx2",20332.6420774316,11196.3922504201,8344.81982173072,13291.2847165275,1355.97606133417,761.823497018902,684.117653541758,933.972403964943,4.40036079621165,2.26718081453701,1.72733192572567,5.32630636010752,2.51323419647471,2.456332023183,3.43195752658841,1.64080089944598,2.79829117882478,1.41344596638969
"16",16,"abca1a",300.176762340234,391.386777874656,1316.22335129131,669.262297168733,74.0405590229444,94.7993646371498,308.049614931487,158.963179530527,0.0649638178799122,0.0792527248076348,0.272451013280186,0.290833084502837,0.312740426020554,1.10605555925654,0.569876356593311,0.464473988431567,0.138889185322578,0.115888371421945
"17",17,"dnajb1b",17.6184530751921,24.5214555344708,10.6769765586026,17.6056283894218,1.82440802520602,2.90646115190087,1.85538526128704,2.19541814613131,0.00381295996392039,0.00496540066557499,0.00221007557669159,0.00716631830397134,0.00958833323764138,0.00666178136033574,0.00780547763398282,0.00156447114370826,0.00366281206872899,0.00138378552499308
"18",18,"cyp3a65",1468.58331439665,10054.4924132617,1502.3077998841,4341.79450918082,75.6217126447896,673.098114070455,88.0194767954572,278.913101170234,0.31782866279904,2.03595513531598,0.310969473331097,0.297043893699612,2.22053166446575,0.316034907734328,0.944536821966563,1.10508474481232,0.88825109048204,0.993946775746158
"19",19,"abcf3",104.005706863231,141.824446725964,126.693766485562,124.174640024919,4.89549486763616,8.02322509596586,6.75360235108483,6.55744077156228,0.0225087636579817,0.0287183279629532,0.0262249146555637,0.0192296207823231,0.0264683929494172,0.0242488841516221,0.0233156326277875,0.00370852725847185,0.0258173354254996,0.00312478204615598
"20",20,"slc22a23",89.6078312318908,98.0858221378831,158.72469616137,115.472783177048,14.0935519947165,21.1632141359967,39.2970598340595,24.8512753215909,0.0193927963756381,0.0198616026622999,0.0328551413856385,0.0553598088981786,0.0698168456106101,0.141096529211911,0.0887577279068999,0.0458994996613277,0.0240365134745255,0.00764075215601184
"21",21,"cyp8b1.2",66.7796205269376,46.173379038312,54.9101651585278,55.9543882412591,4.241748658604,2.95867302888112,3.06138568112362,3.42060245620291,0.0144523482503434,0.00934974380645502,0.0113661029658425,0.0166616900567334,0.00976057874490439,0.010991939244554,0.0124714026820639,0.00368075309980987,0.0117227316742136,0.00256992821970248
"22",22,"cyp8b1.1",3100.46884976982,1144.85632470511,1066.74435438182,1770.68984295225,180.479563893506,76.3685720631198,69.5769472982641,108.808361084963,0.670998954510979,0.231824344549504,0.22081022949267,0.708928038220366,0.251937761956709,0.249816801012591,0.403560867063222,0.26445785398475,0.374544509517717,0.256796137334303
"23",23,"cyp8b1.3",13.1664783733962,11.7389946707573,4.95716768792265,9.95421357735872,0.790576810922609,0.348079179868367,0.204092378741575,0.447582789844184,0.00284947008056415,0.00237705351011569,0.00102610651774967,0.00310540459838758,0.00114830338175346,0.000732795949636934,0.00166216797659266,0.00126702824214914,0.00208421003614317,0.000946298919864174
"24",24,"aldh9a1b",308.985988877831,329.996183522399,543.381842714598,394.121338371609,16.966994634416,20.0145528424311,32.9887499456836,23.3234324741769,0.0668702978618726,0.0668216153399186,0.112477060599483,0.0666467602269335,0.0660274444508238,0.11844647258677,0.083706892421509,0.0300869524969141,0.0820563246004247,0.026345141421907
"25",25,"prdx1",116.130233710675,194.867311534571,146.236446793718,152.411330679655,5.41241047477786,11.0863218788075,7.34732563469668,7.94868599609401,0.025132736106271,0.0394590882679204,0.0302701422736152,0.021260077635115,0.0365734627088476,0.0263806541869295,0.028071398176964,0.00779544110579914,0.0316206555492689,0.00725803045913189
"26",26,"mtf2",1.70501158792181,2.43475445023114,2.28792354827199,2.14256319547498,0.182440802520602,0.469906892822296,0.0742154104514817,0.24218770193146,0.000368996125540682,0.000493018505801771,0.00047358762357677,0.000716631830397134,0.00155020956536717,0.00026647125441343,0.000844437550059244,0.000651342259673324,0.000445200751639741,6.67064357853387e-05
"27",27,"abcd3b",40.4466637801452,35.1300284961922,27.2644222835746,34.2803715199707,1.94603522688642,1.37491276048005,1.41009279857815,1.57701359531487,0.00875340808921507,0.00711355272656842,0.00564358584762318,0.00764407285756942,0.00453579835792616,0.00506295383385516,0.00574760834978358,0.00166340206983129,0.00717018222113556,0.00155568434083399
"28",28,"tfa",409269.276553164,445031.722676599,427221.008934246,427174.002721336,24379.6252544289,29373.7406386498,30624.4325072255,28125.9328001014,88.5734609786599,90.1154015459653,88.4324052331432,95.7637503732458,96.9031406097491,109.957364599294,100.874751860763,7.88637706087857,89.0404225859228,0.933626801369982
"29",29,"dnajc1",310.596277599757,315.822434401411,517.07072190947,381.163144636879,17.2406558381969,20.049360760418,32.5805651882005,23.2901939289385,0.067218794202661,0.0639515433240012,0.10703080292835,0.0677217079725292,0.0661422747889993,0.116980880687496,0.0836149544830081,0.028906529122463,0.0794003801516708,0.0239843475873235
"30",30,"cyp7a1",121.24526847444,18.7823914732117,62.6319071339458,67.5531890271992,4.83468126679596,0.591734605776224,3.41390888076816,2.94677491778011,0.026239724482893,0.0038032856161851,0.0129644611954141,0.0189907435055241,0.00195211574898088,0.0122576777030178,0.0110668456525076,0.00858150742503336,0.0143358237648307,0.0112809097030106
"31",31,"dnajb6a",61.0015257012026,82.2599182113807,105.62580381189,82.9624159081578,12.6492289747617,13.5054721788926,13.9896048701043,13.3814353412529,0.0132018613804555,0.0166569823745884,0.0218639619551275,0.0496864735742011,0.044554171212034,0.0502298314569316,0.0481568254143889,0.0031317961976301,0.0172409352367238,0.00436047558189817
"32",32,"abcf2a",68.5793549808551,186.606537507001,308.869679016719,188.018523834858,4.37857926049445,12.6178702702283,18.7022834337734,11.8995776548321,0.0148418441606363,0.0377863469089501,0.063934329182864,0.0171991639295312,0.0416259975885628,0.0671507561121844,0.0419919725434261,0.0249778070223592,0.0388541734174834,0.0245636563138238
"33",33,"keap1a",369.60862311505,1443.98330001923,471.312250944031,761.63472469277,19.2018944652934,74.9066395076726,23.6561620814098,39.2548986847919,0.0799901601033189,0.292395189548009,0.0975590504568148,0.0754255001492985,0.247114887753344,0.0849377123442809,0.135826033415641,0.0964962557307766,0.156648133369381,0.117888141570456
"34",34,"cyp7b1",102.300695275309,10.7824839938808,47.0930930352652,53.3920907681517,13.3789921848442,6.03917377071617,10.4829267262718,9.96703089394406,0.022139767532441,0.00218336766855071,0.00974801191862186,0.05255300089579,0.0199230636734225,0.037639064685897,0.0367050430850365,0.0163350083577287,0.0113570490398712,0.0100750297381714
"35",35,"slc39a6",25.3857280868359,50.9559324226946,56.7214379675765,44.3543661590357,1.48993322058492,2.43655425907857,3.26547805986519,2.39732184650956,0.00549394231360572,0.0103181730142799,0.0117410265011741,0.00585249328157661,0.0080381236722742,0.0117247351941909,0.0085384507160139,0.00296792042229724,0.00918438060968658,0.00327423718202834
"36",36,"slco5a1a",14.5873213633311,30.9561637243674,28.4083840577106,24.6506230484697,1.91562842646632,6.96158359736734,5.9557866887314,4.94433290418835,0.00315696685184807,0.00626837814519396,0.00588037965941157,0.0075246342191699,0.0229660676350691,0.0213843181666777,0.0172916733403056,0.00849539715025351,0.00510190821881787,0.00169550387700976
"37",37,"per2",31.4479915105579,153.650396912801,95.9974588795791,93.698615767646,2.55417123528843,14.0972067846689,7.94104891830854,8.19747564608862,0.00680592853775037,0.0311129892768475,0.0198709473725753,0.0100328456255599,0.0465062869610151,0.028512424222237,0.0283505189362707,0.0182372596818695,0.0192632883957244,0.0121649183111787
"38",38,"hsd11b1lb",259.06703849812,436.255824171773,364.542485358004,353.288449342632,33.9035824684119,88.9516344153613,84.4942447990119,69.116487227595,0.0560669112974315,0.0883383515574103,0.0754582946898987,0.133174081815467,0.293448929207096,0.30337752314969,0.243333511390751,0.0955299386982069,0.0732878525149135,0.016244832364157
"39",39,"gpx4b",3652.13482132852,4639.1637383672,1405.35703952607,3232.21853307393,197.993880935483,299.278478850822,84.5684602094633,193.946939998589,0.790389700908141,0.93939393939394,0.290901197782031,0.777724693938488,0.987311247631622,0.303643994404103,0.689559978658071,0.350257035688468,0.673561612694704,0.339664997648474
"40",40,"txn2",160.839426460624,152.867797268084,193.329539828983,169.01225451923,13.8807043917758,15.5243314221292,17.9230216240328,15.7760191459793,0.0348086345093376,0.0309545190428398,0.040018154192237,0.0545237384293819,0.0512143308262043,0.0643528079408432,0.0566969590654765,0.00683352479858187,0.0352604359148048,0.00454867716076153
"41",41,"cyp2k22",4482.75963324443,9919.62440782207,9853.22875107687,8085.20426404779,196.397523913428,493.489257258378,522.235289494464,404.04069022209,0.970152313400711,2.00864543165531,2.03956429938631,0.771454165422514,1.62800711948097,1.8750915994937,1.42485096146573,0.579187547237891,1.67278734814744,0.608696137769576
"42",42,"dnaja3a",561.327703890259,534.776423890054,498.767333523294,531.623820434536,32.1855982446762,43.2488380986446,36.0130279215815,37.1491547549674,0.121481724441894,0.108287993238603,0.103242101939736,0.126425798745894,0.142676695182867,0.129305176204117,0.132802556710959,0.00867160086480775,0.111003939873411,0.00941823931781556
"43",43,"hmox2b",1.5155658559305,4.69559786830291,6.86377064481598,4.3583114563498,1.55074682142512,4.87310851815714,5.2692941420552,3.89771649387915,0.000327996556036162,0.000950821404046273,0.00142076287073031,0.00609137055837565,0.0160762473445484,0.0189194590633535,0.0136956923220925,0.006737228312451,0.000899860276937582,0.000548162687520502
"44",44,"abca3b",28.7957512626795,50.5211548422962,57.7700695938678,45.6956585662812,3.04068004201004,5.55186291890046,7.64418727650261,5.41224341247104,0.00623193456468708,0.0102301339953868,0.0119580874953134,0.0119438638399523,0.0183154389389677,0.0274465392045833,0.0192352806611677,0.00779216384970885,0.00947338535179576,0.00293712584483758
"45",45,"cyp2k18",26.2382338807968,41.3038701378497,20.6866420822926,29.4095820336464,1.56595022163517,12.6178702702283,3.4510165859939,5.87827902595246,0.00567844037637606,0.00836370679485148,0.00428202142983996,0.00615108987757541,0.0416259975885628,0.0123909133302245,0.0200560002654542,0.0189389133154265,0.00610805620035583,0.00207447973523427
"46",46,"cyp2k19",358.336602061567,190.693446762746,164.158514588516,237.72952113761,77.3853070691554,103.483940174866,68.0926390892344,82.9872954444186,0.0775506857178,0.0386139136865459,0.0339799119916334,0.303971334726784,0.341390595395304,0.244487375924322,0.296616435348804,0.0488684908157139,0.0500481704653264,0.023930310316344
"47",47,"cyp2k21",26.4276796127881,39.9125818805748,13.155560402564,26.4986072986423,1.64196722268542,11.7128644025706,1.26166197767519,4.8721645343104,0.00571943994588058,0.00808198193439333,0.00272312883556644,0.00644968647357421,0.038640408796004,0.00453001132502832,0.0165400355315355,0.0191635373037081,0.00550818357194678,0.00268566538782243
"48",48,"cyp2k16",19.7970789930921,76.6947651822809,7.14976108834998,34.5472017545743,0.973017613443211,4.47281746130852,0.90913877803065,2.11832461759413,0.00428445501322236,0.0155300829327558,0.00147996132367741,0.00382203642878471,0.0147556984555319,0.00326427286656452,0.00728066925029372,0.00647956952753872,0.00709816642321852,0.00743567133697623
"49",49,"cyp2k6",0.189445731991312,0,0.0953301478446664,0.0949252932786595,0.0304068004201004,0.0348079179868367,0.0742154104514817,0.0464767096194729,4.09995695045202e-05,0,1.97328176490321e-05,0.000119438638399523,0.000114830338175346,0.00026647125441343,0.000166913410329433,8.62504049076245e-05,2.02441290511841e-05,2.05045666718776e-05
"50",50,"dnajc7",151.746031325041,146.520044594267,150.430973298884,149.565683072731,9.13724352624016,14.3582661695702,13.1361276499123,12.2105457819076,0.0328406551731207,0.0296691493669995,0.0311383862501727,0.0358913108390565,0.0473675144973303,0.0471654120311773,0.043474745789188,0.00656822469042158,0.0312160635967643,0.00158717913204377
"51",51,"nfe2l1a",16.2923329512529,68.5209466707907,43.6612077128572,42.8248291116336,3.13190044327034,15.2110601602476,9.23981860120947,9.19425973490914,0.00352596297738875,0.0138749493775641,0.0090376304832567,0.0123021797551508,0.0501808577826259,0.033175671174472,0.0318862362374163,0.0189722308682969,0.00881284761273653,0.00517815366534379
"52",52,"hmox1a",16.2923329512529,122.520322156274,26.1204605094386,54.9777052056552,1.26188221743416,9.85064079027479,2.11513919786723,4.40922073519206,0.00352596297738875,0.0248093955240962,0.0054067920358348,0.00495670349358016,0.0324969857036228,0.00759443075078276,0.0150160399826619,0.015196282398838,0.0112473835124399,0.0117826358188653
"53",53,"naa60",47.3614329978281,38.6082491393795,28.7897046490892,38.2531289287656,3.74003645167234,5.04714810809133,2.89440100760778,3.89386185579048,0.0102498923761301,0.0078178648777138,0.00595931093000768,0.0146909525231412,0.0166503990354252,0.0103923789221237,0.0139112434935634,0.00320104101234663,0.00800902272795052,0.00215166871967614
"54",54,"sult3st1",303.776231248069,146.259178046028,62.7272372817905,170.920882191963,20.7982514873486,31.1704905572123,6.15987906747298,19.3762070373446,0.0657428097004981,0.0296163259556636,0.0129841940130631,0.0816960286652731,0.102830567836022,0.0221171141163147,0.0688812368725367,0.0418548631506451,0.036114443223075,0.0269728943261451
"55",55,"hsd17b14",89.1342169019125,69.9122349280656,87.8943963127824,82.3136160475868,11.6762113613185,10.5816070679984,12.319758134946,11.5258588547543,0.0192902974518768,0.0141566742380223,0.0181936578724076,0.0458644371454164,0.0349084228053052,0.0442342282326295,0.0416690293944504,0.00591132357131017,0.0172135431874356,0.00270351445755886
"56",56,"aldh16a1",309.459603207809,311.387703081347,133.366876834688,251.404727707948,17.1342320367265,17.3865550344249,7.75551039217983,14.0920991544437,0.0669727967856339,0.0630535453312908,0.0276062118909958,0.0673036727381306,0.0573577539185851,0.0278462460862034,0.0508358909143064,0.0205212853467562,0.0525441846693069,0.0216856403573754
"57",57,"fthl27",850.042999445019,1419.98357758123,740.905909048747,1003.644162025,106.271767468251,195.568287209042,99.7640654994042,133.868040058899,0.183965068366782,0.287535435705104,0.153363458768277,0.417438041206332,0.64517425503818,0.358203983745253,0.473605426663255,0.15150599177354,0.208287987613388,0.0703152412304171
"58",58,"fthl31",42.2463982340627,29.9126975314112,40.8013032775172,37.6534663476637,3.58800244957184,3.56781159365076,3.80353978563843,3.65311794295368,0.00914290399950802,0.00605708449985034,0.00844564595378574,0.0140937593311436,0.0117701096629729,0.0136566517886883,0.0131735069276016,0.00123487192157458,0.00788187815104803,0.00161831582136172
"59",59,"hsd3b7",2032.84742713278,1858.67415620324,1083.9991111417,1658.50689815924,100.646509390532,112.272939466542,58.6301742566705,90.5165410379148,0.439945880568255,0.376366805768317,0.224381869487144,0.395341893102418,0.370385255784578,0.21051229098661,0.325413146624535,0.100286406886971,0.346898185274572,0.11076217952757
"60",60,"rarab",3.031131711861,8.78250712404804,7.81707212326264,6.54357031972389,0.973017613443211,2.48876613605883,2.91295486022066,2.12491286990757,0.000655993112072324,0.0017783881816421,0.00161809104722063,0.00382203642878471,0.00821036917953724,0.0104589967357271,0.00749713411468303,0.00337547607342809,0.00135082411364502,0.000607055502722626
"61",61,"aldh3b1",8.71450367160037,5.56515302909975,2.47858384396133,5.58608018155382,0.334474804621104,0.417695015842041,0.111323115677222,0.287830978713456,0.00188598019720793,0.00112689944183262,0.000513053258874835,0.00131382502239475,0.00137796405810415,0.000399706881620143,0.00103049865403968,0.000547222211802087,0.0011753109659718,0.000687742576297469
"62",62,"clpp",350.474604183928,202.954174529982,332.892876273575,295.440551662495,17.7575714453386,11.4344010586759,22.1718538723801,17.1212754587982,0.0758492035833625,0.0410966140193335,0.0689069992304201,0.069752164825321,0.0377217660906012,0.079608287256012,0.0623607393906448,0.0218996584745604,0.061950938944372,0.0183909135547644
"63",63,"thraa",90.9339513558299,35.999583656989,86.9410948343357,71.2915432823849,6.96315729620298,6.71792817145949,15.9748670996814,9.88531752244796,0.0196797933621697,0.00728963076435476,0.0179963296959173,0.0273514481934906,0.0221622552678417,0.0573579375124907,0.0356238803246077,0.0190002332140826,0.0149885846074806,0.00672041145971245
"64",64,"abcc1",6.72532348569159,15.9998149586618,16.2061251335933,12.9770878593156,0.456102006301505,1.02683358061168,1.3173235355138,0.933419707475662,0.00145548471741047,0.00323983589526879,0.00335457900033546,0.00179157957599283,0.00338749497617269,0.00472986476583838,0.00330297977266797,0.00147096467630396,0.00268329987100491,0.00106486573500474
"65",65,"abcc6b.2",60.7173571032156,14.4346156692275,91.3262816351904,55.4927514692112,3.08629024264019,1.11385337557878,4.84255553195918,3.01423305005938,0.0131403620261987,0.00292289542725336,0.0189040393077727,0.0121230217975515,0.00367457082161108,0.0173872493504763,0.0110616139898796,0.00691768227151555,0.0116557655870749,0.00809334664232046
"66",66,"cyp3c4",35.6157976143667,39.3908487840967,71.6882711791891,48.8983058592175,1.42911961974472,3.44598388069684,3.72932437518695,2.8681426252095,0.0077079190668498,0.00797633511172152,0.0148390788720721,0.00561361600477756,0.0113682034793592,0.0133901805342748,0.0101240000061372,0.004034819783143,0.0101744443502145,0.004041920732791
"67",67,"cyp3c3",19.5129103951052,102.172731393628,232.033579853918,117.906407214217,2.15888282982712,22.2770675115755,19.611422211804,14.6824575177355,0.00422295565896559,0.0206891694398957,0.0480296781577441,0.00848014332636607,0.0734914164322213,0.0704150289787488,0.050795529579112,0.0366784674602182,0.0243139344188685,0.0221271648632589
"68",68,"cyp3c2",23.3018250349314,33.5648292067579,22.7839053348753,26.5501865255215,1.15545841596381,1.25308504752612,0.612277136224724,1.00694019990488,0.00504294704905599,0.006796612258553,0.00471614341811868,0.00453866825918183,0.00413389217431244,0.0021983878489108,0.00362364942746836,0.00125079528509059,0.00551856757524255,0.00111881580821064
"69",69,"cyp3c1",2710.40008759971,2284.75618499369,5254.97906978939,3416.71178079426,135.006193865246,126.666013554099,261.961845041117,174.544684153487,0.586580840901172,0.462645044283627,1.08775184008525,0.530307554493881,0.417867600620084,0.940576910265803,0.629584021793256,0.275132910276395,0.712325908423348,0.330981106777953
"70",70,"mafk",0.568337195973937,0.869555160796836,0.762641182757331,0.733511179842701,0.714559809872358,1.705587981355,2.05947764002862,1.49320847708533,0.000122998708513561,0.000176078037786347,0.000157862541192257,0.00280680800238877,0.00562668657059194,0.0073945773099727,0.00527602396098447,0.00231389930728085,0.000152313095830721,2.69713006152413e-05
"71",71,"slc16a5b",2.65224024787837,1.73911032159367,2.47858384396133,2.28997813781112,0.456102006301505,0.330675220874949,0.259753936580186,0.348843721252213,0.000573993973063283,0.000352156075572694,0.000513053258874835,0.00179157957599283,0.00109088821266579,0.000932649390447005,0.00127170572636854,0.000457123064236189,0.000479734435836937,0.000114610737573904
"72",72,"dnajb1a",35.2369061503841,26.7822989525426,34.8908341111479,32.3033464046915,2.37173043276783,1.705587981355,2.18935460831871,2.08889100748051,0.00762591992784077,0.0054232035638195,0.00722221125954575,0.00931621379516275,0.00562668657059194,0.00786090200519619,0.00760126745698363,0.00185841608881904,0.00675711158373534,0.00117270120935001
"73",73,"dnajc2",4.5466975677915,41.9995142664872,24.5951781439239,23.7137966594009,0.425695205881405,1.77520381732867,1.78116985083556,1.32735629134855,0.000983989668108487,0.00850456922508056,0.00509106695345028,0.00167214093759331,0.00585634724694262,0.00639531010592232,0.00464126609681942,0.00258542035251562,0.00485987528221311,0.00376561633863882
"74",74,"aldh1l2",2.27334878389575,3.13039857886861,12.7742398111853,6.05932905798322,0.486508806721606,0.730966277723571,1.48430820902963,0.900594431158269,0.000491994834054243,0.000633880936030849,0.0026441975649703,0.00191101821439236,0.00241143710168226,0.00532942508826859,0.0032172934681144,0.00184619331364039,0.00125669111168513,0.00120370824326932
"75",75,"hspa14",271.665179675542,218.693122940404,133.080886391154,207.813063002367,17.1798422373567,19.3532024006812,10.3530497579817,15.6286981320065,0.058793382669482,0.0442836265032662,0.0275470134380488,0.0674828306957301,0.0638456680254922,0.0371727399906735,0.0561670795706319,0.0165498018154758,0.0435413408702657,0.0156364042704032
"76",76,"hsp90b1",2124.06554708659,2121.97545889252,10840.9444128955,5028.99513962487,106.925513677283,125.378120588586,643.354839351282,291.886157872384,0.45968717328468,0.429683235610023,2.24401602304794,0.420005971931921,0.413618878107596,2.30997268669642,1.04786584557865,1.09302125209856,1.04446214398088,1.03895244869898
"77",77,"mgst1.1",70.6632580327595,105.303129972497,114.777498004978,96.9146286700782,15.9939770209728,33.8681042011921,30.3169951694303,26.7263587971984,0.015292839425186,0.0213230503759266,0.0237583124494346,0.0628247237981488,0.111729919044611,0.108853507427886,0.0944693834235488,0.0274427913677303,0.0201247340835158,0.0043580993372757
"78",79,"abcc9",7.95672074363512,15.4780818621837,23.4512163697879,15.6286729918689,0.304068004201003,0.452502933828877,0.853477220192039,0.536682719407306,0.00172198191918985,0.00313418907259698,0.00485427314166189,0.00119438638399522,0.00149279439627949,0.00306441942575444,0.00191720006867639,0.00100466214489738,0.00323681471114957,0.00156866538556191
"79",80,"akr1b1.1",1075.48342051468,695.904995185708,240.231972568559,670.540129422982,52.6341715271937,38.2539018675336,11.7631425565598,34.2170719837624,0.232754556077161,0.140915253640413,0.0497267004755608,0.206748283069573,0.126198541654705,0.0422356938245285,0.125060839516269,0.0822621953247301,0.141132170064379,0.0915141206103262
"80",81,"akr1b1.2",111.2046446789,62.9557936416909,35.6534752939052,69.937971204832,7.84495450838589,6.78754400743316,1.92960067173852,5.52069972918586,0.0240667472991533,0.0127480499357315,0.007380073800738,0.0308151687070768,0.0223919159441924,0.00692825261474917,0.0200451124220061,0.0121151477572205,0.0147316236785409,0.00851834442280606
"81",82,"dnajb9b",22.3545963749749,6.08688612557785,104.672502333444,44.3713282779989,0.942610813023111,1.0442375396051,6.4567407092789,2.81452968730237,0.0048379492015334,0.00123254626450443,0.0216666337786373,0.00370259779038519,0.00344491014526037,0.0231829991339684,0.0101101690232047,0.0113221361084948,0.00924570974822504,0.0109068440857811
"82",83,"pparaa",23.680716498914,90.2598256907116,74.1668550231504,62.702465737592,3.67922285083214,25.2183365814632,20.8359764842535,16.5778453055163,0.00512494618806502,0.0182769003222228,0.015352132130947,0.0144520752463422,0.083194580008038,0.0748118046765705,0.0574861533103169,0.0375035549871831,0.0129179928804116,0.00690559554310816
"83",84,"slco1d1",7883.40524535448,6274.01439618133,6831.26306440095,6996.22756864559,494.201727227891,468.671211733763,551.531822770186,504.801587243947,1.7061150857916,1.27043825823605,1.41403397991199,1.94123618990744,1.54613308836194,1.9802811271734,1.82255013514759,0.240178922049379,1.46352910797988,0.222015540658891
"84",85,"hspa5",788.852028011825,441.820977200872,10612.7240389553,3947.79901472267,41.3836553717566,26.001514736167,567.339705196352,211.574958434759,0.170722207416822,0.0894652509992428,2.19677565759614,0.16255598686175,0.0857782626169832,2.03703950436347,0.761791251280733,1.10506438046748,0.818987705337402,1.19389086782819
"85",86,"hspb1",36.373580542332,59.1297509341848,48.2370548094012,47.913462095306,2.52376443486833,4.59464517426245,3.52523199644538,3.54788053519205,0.00787191734486789,0.0119733065694716,0.00998480573041024,0.00991340698716036,0.0151576046391456,0.0126573845846379,0.0125761320703146,0.00262304283830533,0.00994334321491657,0.0020510089585536
"86",87,"prdx4",1777.2851346765,1604.5901382184,1168.65228242777,1516.84251844089,61.7866184536439,55.7970925328993,41.9317069050871,53.1718059638768,0.384637461306657,0.324916803127146,0.241904611559485,0.242699313227829,0.184073032095079,0.150556258743588,0.192442868022165,0.0466382486539346,0.317152958664429,0.0716824564302042
"87",88,"ugt2b1",104.858212657191,129.563718958729,90.8496308959671,108.423854170629,8.62032791909845,8.44092011180791,4.41581692186316,7.15902165092317,0.0226932617207519,0.0262356276301658,0.0188053752195276,0.0338608539862646,0.0278463570075214,0.0158550396375991,0.025854083543795,0.00916674439238671,0.0225780881901484,0.00371646491010777
"88",89,"ugt2b5",30.8796543145839,55.2167527105991,54.9101651585278,47.0021907279036,1.44432301995477,2.43655425907857,2.26357001877019,2.04814909926784,0.0066829298292368,0.011180955399433,0.0113661029658425,0.00567333532397732,0.0080381236722742,0.00812737325960961,0.00727961075195371,0.00139179090926059,0.00974332939817077,0.00265200000876419
"89",90,"ugt2b6",75.1152327345554,96.6945338806082,42.6125760865659,71.4741142339098,3.16230724369044,4.12473828144015,2.04092378741575,3.10932310418211,0.0162563293085423,0.0195798778018418,0.00882056948911735,0.0124216183935503,0.0136073950737785,0.00732795949636934,0.0111189909878994,0.00333623386637876,0.0148855921998338,0.00550907151959004
"90",91,"gstt2",181.678456979669,129.12894137833,222.119244478073,177.642214278691,20.1901154789466,28.1073937743707,41.4678605897654,29.9217899476942,0.039318587154835,0.0261475886112725,0.0459774651222449,0.0793072558972827,0.0927254980765919,0.148890813403504,0.106974522459126,0.0369153611752066,0.0371478802961175,0.010091579500255
"91",92,"hspb8",136.969264229719,56.8689075161131,77.2174197541798,90.3518638333373,20.9958956900793,14.5845176364846,15.9563132470686,17.1789088578775,0.0296426887517682,0.0115155036712271,0.015983582295716,0.0824723798148702,0.0481139116954699,0.0572913196988876,0.0626258704030759,0.0177895799919399,0.0190472582395704,0.00944395533940954
"92",93,"slc39a14",14.5873213633311,27.8257651454987,22.4979148913413,21.6370004667237,1.00342441386331,1.65337610437474,1.46575435641676,1.37418495821827,0.00315696685184807,0.00563449720916309,0.00465694496517158,0.00394147506718423,0.00545444106332891,0.00526280727466523,0.00488624113505946,0.00082378278052877,0.00448280300872758,0.00124791154878861
"93",94,"npas2",0.947228659956562,5.21733096478102,5.14782798361199,3.77079586944986,0.516915607141706,4.24656599439408,0.797815662353428,1.85376575462974,0.000204997847522601,0.00105646822671808,0.00106557215304773,0.00203045685279188,0.0140093012573922,0.00286456598494437,0.00630144136504281,0.00668821819329716,0.000775679409096139,0.000494245691846336
"94",95,"abca2",2.84168597986969,12.3476832833151,2.09726325258266,5.76221083858915,0.334474804621104,1.58376026840107,0.371077052257408,0.763104041759861,0.000614993542567805,0.00250030813656613,0.000434121988278706,0.00131382502239475,0.00522478038697823,0.00133235627206715,0.00262365389381337,0.00225266067726293,0.00118314122247088,0.00114427931008043
"95",96,"cyp1d1",227.808492719553,647.644683761484,371.882906742044,415.778694407694,14.6256710020683,51.3416790305842,34.1205349550687,33.3626283292404,0.0493019823291856,0.131142922543271,0.0769777216488743,0.0574499850701704,0.169374748808635,0.122510159216574,0.116444964365127,0.0562083456963226,0.0858075421737771,0.0416288262104264
"96",97,"abcb9",6.062263423722,40.6082260092122,2.85990443533999,16.5101312894247,0.243254403360803,2.61059384901275,0.296861641805927,1.05023663139316,0.00131198622414465,0.00822284436462239,0.000591984529470963,0.000955509107196179,0.00861227536315092,0.00106588501765372,0.00354455649600027,0.00438912025328064,0.00337560503941267,0.00421324072620803
"97",98,"ar",32.2057744385231,100.433621072035,104.958492776978,79.1992960958454,7.14559809872358,45.4069290138285,42.3398916625703,31.6308062583741,0.00696992681576844,0.0203370133643232,0.0217258322315844,0.0280680800238877,0.149796176149739,0.152021850642862,0.109962035605496,0.0709309761482186,0.0163442574705587,0.00814805258209101
"98",99,"hsd20b2",82.6930620142079,132.085428925039,224.883818765568,146.554103234938,9.63895573317181,15.9072185199844,27.4225941618225,17.6562561383262,0.0178963120887231,0.026746253939746,0.0465497168340667,0.0378620483726486,0.0524774645461331,0.0984611285057625,0.0629335471415147,0.031623715399617,0.0303974276208453,0.0146714928624283
"99",100,"akr1a1a",1055.11800432561,1225.29017707882,832.518181127472,1037.64212084397,40.3802309578933,55.4490133530309,36.5696434999676,44.1329626036306,0.228347102355425,0.248111563044741,0.172326696528997,0.158614511794566,0.182924728713326,0.131303710612218,0.157614317040036,0.0258250395858162,0.216261787309721,0.0393112913552545
"100",101,"slc30a5",547.687611186884,387.734646199309,476.841399519021,470.754552301738,18.5025380556311,13.2096048760045,16.7726827620349,16.1616085645568,0.118529755437568,0.0785131970489321,0.0987035538804585,0.0726784114661095,0.0435781133375436,0.0602225034974353,0.0588263427670295,0.0146003009003821,0.0985821687889862,0.0200085553469785
"101",102,"slc31a1",281.895249203073,126.607231412019,310.966942269302,239.823140961465,141.513249155147,125.064849326704,270.403847979973,178.993982153941,0.0610073594227262,0.0256369623016921,0.0643684511711428,0.555867423111377,0.412585405064016,0.970888015455331,0.646446947876908,0.289963685523724,0.050337590965187,0.0214572837683202
"102",103,"aldh2.1",832.803437833809,1044.68357018132,1765.13301749184,1214.20667516899,45.5493870293103,60.4961614611222,98.8363728687607,68.2939737863977,0.180234107541871,0.211540154596517,0.365372851589478,0.178919080322484,0.199575127748751,0.354873093065085,0.24445576704544,0.0961803383640102,0.252382371242622,0.0990966883014101
"103",104,"aldh2.2",1891.42618820126,2546.84011045785,1735.77133195569,2058.01254353827,100.312034585911,149.273756286549,103.530497579817,117.705429484092,0.40933970193313,0.515714964872431,0.359295143753577,0.394028068080024,0.492449905264969,0.371727399906735,0.419401791083909,0.0642366732427876,0.428116603519713,0.0798825333512133
"104",105,"ugt2a5",204.127776220639,222.953943228309,166.637098432477,197.906272627142,9.66936253359191,12.2175792133797,6.23409447792446,9.37367874163202,0.0441770361411205,0.0451464088884194,0.0344929652505081,0.0379814870110481,0.0403054486995464,0.0223835853707281,0.0335568403604409,0.00974584115308975,0.041272136760016,0.00589090787971549
"105",106,"ugt2a1",709.853157771448,270.257743975657,305.056473102932,428.389124950012,30.8476990261918,10.9296862478667,10.7983422206906,17.5252424982497,0.153625386933437,0.0547250541439967,0.0631450164769026,0.121170498656315,0.0360567261870585,0.0387715675171541,0.0653329307868427,0.0483758005623202,0.0904984858514456,0.0548313612049125
"106",107,"ugt2a2",7.38838354766118,14.3476601531478,13.441550846098,11.725864848969,0.319271404411054,0.696158359736734,0.426738610096019,0.480722791414602,0.00159898321067629,0.00290528762347473,0.00278232728851353,0.00125410570319499,0.00229660676350691,0.00153220971287722,0.00169430739319304,0.000539822988266247,0.00242886604088818,0.000721324438033136
"107",108,"ugt2a3",300.366208072226,228.258229709169,213.348870876363,247.324436219253,10.5663631459849,10.5119912320247,7.88538736046993,9.65458057949318,0.0650048174494169,0.046220484918916,0.0441620458985338,0.0415049268438341,0.0346787621289545,0.0283125707814269,0.0348320865847385,0.00659751437367809,0.0517957827556222,0.0114855666362858
"108",109,"ugt2a4",6.34643202170897,21.0432348912834,5.05249783576732,10.8140549162532,0.425695205881405,0.696158359736734,0.166984673515834,0.429612746377991,0.00137348557840143,0.00426108851442959,0.0010458393353987,0.00167214093759331,0.00229660676350691,0.000599560322430218,0.00152276934117682,0.000858327187705702,0.00222680447607657,0.00176934215929589
"109",110,"dnajc25",19.8918018590878,8.86946264012773,17.7314074991079,15.4975573327745,5.22996967225726,5.25599561601234,7.38443333992242,5.95679954273067,0.00430495479797463,0.00179599598542074,0.00367030408271996,0.0205434458047178,0.0173393810644772,0.0265138898141363,0.0214655722277771,0.00465624747564718,0.00325708495537178,0.00130452332910445
"110",111,"keap1b",86.7661452520211,138.954914695334,107.723067064473,111.148042337276,5.32119007351756,10.3031437241037,8.07092588659863,7.89841989473996,0.0187778028330703,0.0281372704382582,0.0222980839434063,0.0209017617199164,0.0339897800999024,0.0289787489174605,0.0279567635790931,0.00660358969066004,0.0230710524049116,0.00472736910395219
"111",112,"hmox1b",5230.50193741414,6865.39886103926,2120.6191388046,4738.839979086,217.667080807288,287.269747145363,93.2516632322867,199.396163728313,1.13197761423505,1.39018893173455,0.438956528602718,0.855001492982979,0.947694780961127,0.334821131170475,0.71250580170486,0.330351773381876,0.987041024857438,0.49190012441277
"112",113,"abcc4",188.024889001378,184.345694088929,153.00488729069,175.125156793666,20.311742680627,26.2973820390551,18.6280680233219,21.7457309143347,0.0406920727332364,0.0373285440107055,0.0316711723266966,0.0797850104508808,0.0867543204914736,0.0668842848577709,0.0778078719333751,0.010081487318804,0.0365639296902129,0.00455879779443051
"113",114,"cyp27a2",121.90832853641,106.520507197612,79.6960035981411,102.708279777388,15.6899090167718,22.5555308554702,16.6613596463576,18.3022665061999,0.0263832229761589,0.0215695596288274,0.0164966355545908,0.0616303374141536,0.0744100591376241,0.0598227966158149,0.0652877310558642,0.00795169498647071,0.0214831393865257,0.00494386023819308
"114",115,"cyp20a1",959.92152399998,430.603715626593,653.297503179499,681.274247602024,38.190941327646,19.2835865647075,29.6490564753669,29.0411947892401,0.207744818679404,0.087193844311799,0.135228999348817,0.1500149298298,0.0636160073491414,0.106455266138165,0.106695401105702,0.0431999618061947,0.143389220780007,0.0606883536240627
"115",116,"nfe2l2b",10.2300695275309,23.6519003736739,41.0872937210512,24.989754540752,1.09464481512361,1.8970315302826,2.70886248147908,1.90017960896176,0.0022139767532441,0.00478932262778863,0.00850484440673283,0.00429979098238279,0.00625825343055634,0.00972620078609019,0.00676141506634311,0.00274797371953202,0.00516938126258852,0.00316260768715346
"116",117,"slc15a1b",3.97836037181756,797.729904515017,1.143961774136,267.61740888699,2.58457803570853,244.421200103567,0.111323115677222,82.3723670849842,0.000860990959594925,0.161533991865195,0.000236793811788386,0.0101522842639594,0.806338634667276,0.000399706881620143,0.272296875270952,0.462519436105923,0.0542105922121926,0.0929453145151939
"117",118,"aldh1l1",11398.0971881233,16811.1099236852,12581.9589029826,13597.0553382637,451.723427041011,679.833446200908,503.996852376012,545.184575205977,2.46675959902421,3.40411670452344,2.6043964717722,1.7743804120633,2.24275133490268,1.8096062887216,1.94224601189586,0.260840569051595,2.82509092510662,0.506151278875105
"118",119,"slco2a1",336.455620016571,530.42864808607,987.14368093152,618.00931634472,77.5069342708358,116.293253994021,247.526947708304,147.109045324387,0.072815235440028,0.107407603049672,0.204333326755727,0.304449089280382,0.383648159843829,0.888748251282391,0.525615166802201,0.316965851437661,0.128185388415142,0.0681765308544761
"119",120,"dnajc6",3.78891463982625,1.73911032159367,3.05056473102932,2.85952989748308,0.273661203780903,0.0348079179868367,0.519507873160372,0.275992331642704,0.000819991390090405,0.000352156075572694,0.000631450164769026,0.0010749477455957,0.000114830338175346,0.00186529878089401,0.00101835895488835,0.000876605190872018,0.000601199210144042,0.00023538014055834
"120",121,"akr1a1b",220.89372350187,244.69282224823,282.272567768057,249.286371172719,8.2706497142673,10.1987199701432,12.1156657562044,10.1950118135383,0.0478054980422706,0.0495483598330781,0.058428873058784,0.0324873096446701,0.0336452890853764,0.0435014322829925,0.0365446770043463,0.00605248396127598,0.0519275769780442,0.00569732655309015
"121",122,"hsd17b7",19.5129103951052,10.0868398652433,6.48245005343731,12.0274001045953,1.94603522688642,1.0442375396051,0.259753936580186,1.08334223435724,0.00422295565896559,0.00204250523832163,0.00134183160013418,0.00764407285756942,0.00344491014526037,0.000932649390447005,0.00400721079775893,0.00339086091673053,0.00253576416580713,0.00150256355531219
"122",123,"vdrb",10.6089609915135,56.1732633874756,20.5913119344479,29.124512104479,1.44432301995477,7.74476175207117,3.50667814383251,4.23192097195282,0.00229597589225314,0.011374641240998,0.00426228861219093,0.00567333532397732,0.0255497502440144,0.0125907667710346,0.0146046174463421,0.0100900774736964,0.00597763524848069,0.0047762277678727
"123",124,"gpx1b",90.7445056238386,2425.71107655885,24.4045178482346,846.953366676974,7.26722530040399,189.859788659201,1.74406214560982,66.2903587017383,0.0196387937926652,0.491187294208793,0.00505160131815222,0.0285458345774859,0.626342079577424,0.00626207447871561,0.220383329544542,0.351747098832712,0.171959229773203,0.276555807005642
"124",125,"ncoa5",39.0258207902104,112.78130435535,82.3652477377918,78.0574576277841,2.91905284032963,6.75273608944632,6.04855595179576,5.2401149605239,0.00844591131793118,0.0228373215008893,0.0170491544487637,0.0114661092863541,0.0222770856060171,0.0217174072346946,0.0184868673756886,0.00608659125303712,0.0161107957558614,0.00724144733744205
"125",126,"cyp24a1",4156.81825135338,3453.43832110463,1788.39357356594,3132.88338200798,226.409035928067,191.147681624714,90.8396623926135,169.465459981798,0.899612554068184,0.699293927068476,0.370187659095842,0.889340101522842,0.630590802089912,0.326160815402038,0.615363906338264,0.281898245550692,0.656364713410834,0.26731043356567
"126",127,"arnt2",2.27334878389575,4.52168683614355,3.90853606163132,3.56785722722354,1.42911961974472,3.30675220874949,2.67175477625334,2.46920886824918,0.000491994834054243,0.000915605796489005,0.000809045523610316,0.00561361600477756,0.0109088821266579,0.00959296515888348,0.0087051544301063,0.00275701228560596,0.000738882051384521,0.00022034914680981
"127",128,"fth1a",4697.96998478656,10660.3114937888,5165.75005140678,6841.34384332738,343.414403944613,919.016054647457,389.352597081086,550.594351891052,1.01672782435785,2.15862870424172,1.06928192276575,1.3489399820842,3.03180800367457,1.39797481846646,1.92624093474174,0.957763024827278,1.41487948378844,0.644641497662471
"128",129,"clpxa",300.555653804217,362.952324116599,1054.25610501417,572.588027644995,36.8378387089516,55.8319004508861,140.693864363396,77.7878678410779,0.0650458170189213,0.0734949729720211,0.218225230380647,0.144699910421021,0.184187862433255,0.505162880554259,0.278016884469512,0.197702560027757,0.11892200679053,0.086102814824032
"129",130,"slc39a1",117.077462370631,179.302274156308,133.462206982533,143.280647836491,8.1490225125869,13.7839355227873,10.167511231853,10.7001564224091,0.0253377339537935,0.0363072913915448,0.0276259447086449,0.032009555091072,0.0454728139174368,0.0365065618546399,0.0379963102877162,0.00685414818572025,0.0297569900179944,0.00578695197646452
"130",131,"dnajc3b",11.3667439194787,17.5650142480961,32.2215899714972,20.3844493796907,2.25010323108743,6.80494796642658,8.92440310679067,5.99315143476823,0.00245997417027121,0.00355677636328421,0.00666969236537284,0.00883845924156467,0.0224493311132801,0.032043168343215,0.0211103195660199,0.0116601605934835,0.00422881429964275,0.00218384020969283
"131",132,"ugt5g1",156.861066088807,65.5644591240814,103.242550115774,108.556025109554,11.204905954807,6.87456380240025,9.64800335869261,9.24249103863329,0.0339476435497428,0.0132762840490906,0.0213706415139018,0.0440131382502241,0.0226789917896308,0.0346412630737459,0.0337777977045336,0.0106932516398607,0.0228648563709117,0.0104163709817999
"132",133,"txnb",4975.41325928784,2198.6702240748,4031.32129205525,3735.1349251393,284.425211129619,135.768284107657,244.020269564472,221.404588267249,1.07677169389722,0.445213318542778,0.834461392742269,1.11722902358913,0.447895734052937,0.876157484511359,0.813760747384476,0.339001147082716,0.785482135060754,0.318615318420754
"133",134,"cyp26b1",0.189445731991312,1.0434661929562,2.09726325258266,1.11005839251006,0.212847602940702,0.417695015842041,0.333969347031667,0.321503988604803,4.09995695045202e-05,0.000211293645343616,0.000434121988278706,0.000836070468796655,0.00137796405810415,0.00119912064486043,0.00113771839058708,0.000276115633667359,0.000228805067708947,0.000197145368879564
"134",135,"nat16l",1.32612012393919,5.21733096478102,0.571980887067998,2.37181065859607,0.152034002100502,0.487310851815714,0.0742154104514817,0.237853421455899,0.000286996986531642,0.00105646822671808,0.000118396905894193,0.000597193191997613,0.00160762473445484,0.00026647125441343,0.000823763060288628,0.000698694205765192,0.000487287373047972,0.000500081623273856
"135",136,"cyp2r1",21.217921983027,19.8258576661679,403.341855530783,148.128545059993,1.18586521638391,2.15809091518388,40.7442603378634,14.6960721564771,0.00459195178450627,0.00401457926152872,0.0834895514730547,0.00465810689758136,0.00711948096687145,0.146292718672973,0.0526901021791419,0.0810715853517473,0.0306986941730299,0.0457191349503822
"136",137,"aldh1a2",11.840358249457,121.911633543716,9.34235448877731,47.6981154273168,1.88522162604622,26.1059384901275,1.29876968290093,9.76330993302488,0.00256247309403251,0.0246861408976458,0.00193381612960515,0.00740519558077038,0.0861227536315092,0.00466324695223503,0.0327303987215049,0.0462594557112087,0.00972747670709447,0.0129583960492413
"137",138,"slc39a13",10.9878524554961,10.434661929562,6.38711990559265,9.26987809688358,0.790576810922609,0.278463343894694,0.296861641805927,0.45530059887441,0.00237797503126217,0.00211293645343616,0.00132209878248515,0.00310540459838758,0.000918642705402767,0.00106588501765372,0.00169664410714802,0.00122224165609236,0.00193767008906116,0.000549324482472591
"138",139,"nr1h3",77.1991357864598,63.1297046738503,65.2058211257518,68.5115538620206,21.7712691007919,32.1625162198371,39.092967455318,31.0089175919823,0.016707324573092,0.0127832655432888,0.013497247271938,0.0855180650940582,0.106103232474019,0.140363733262274,0.110661676943451,0.0277055299749019,0.0143292791294396,0.00209015970113966
"139",140,"hsd11b2",2200.60162281108,1708.5889354497,1624.52104942096,1844.57053589391,200.563255570982,165.459438150428,171.103628795891,179.042107505767,0.476250999364506,0.345975736446393,0.336266945557156,0.78781725888325,0.545846012516505,0.614349477050163,0.649337582816639,0.12472227818603,0.386164560456018,0.0781680242269323
"140",141,"abcc12",140.00039594158,492.08126549493,93.6142051834624,241.898622206657,8.58992111867835,33.3285814723962,4.6384631532176,15.5189885814307,0.0302986818638405,0.0996425615832938,0.0193776269313495,0.0337414153478651,0.109950048802894,0.0166544534008394,0.053448639183866,0.0496719038677565,0.0497729567928279,0.0435321774286282
"141",142,"slc67a1",1652.9140116242,963.641029195054,1396.30067548083,1337.61857210003,79.4225626973021,62.1147296475101,75.3471954608668,72.2948292685597,0.357721243926939,0.19512968147483,0.289026580105373,0.311973723499552,0.204914738473904,0.270534941043235,0.262474467672231,0.0539827286444838,0.280625835169047,0.0816206679203769
"142",143,"dnajb6b",7.5778292796525,19.9997686983272,17.3500869077293,14.975894961903,1.06423801470351,3.01088490586138,1.89249296651278,1.98920529569256,0.00163998278018081,0.00404979486908597,0.00359137281212385,0.00418035234398327,0.00993282425216742,0.00679501698754246,0.00696939786123105,0.00288019787175174,0.00309371682046354,0.00127966585110525
"143",144,"abcf2b",5.87281769173068,25.7388327595863,4.00386620947599,11.871838886931,0.410491805671355,2.69761364397985,0.111323115677222,1.07314285510948,0.00127098665464013,0.00521190991847586,0.000828778341259348,0.00161242161839355,0.00889935120858931,0.000399706881620143,0.00363715990286767,0.00459735383255479,0.00243722497145845,0.0024130985194371
"144",145,"dnaja2a",1814.70066674478,1976.32496945905,2531.58740616296,2107.53768078893,116.488452409404,164.467412487804,206.912564338731,162.622809745313,0.392734876283799,0.40019016428081,0.524024705487696,0.457569423708568,0.54257334787851,0.742921857304643,0.581021542963907,0.146510070025217,0.438983248684102,0.073742337644245
"145",146,"hsd17b12b",468.309849482524,635.210044962089,214.111512059121,439.210468834578,46.8568794473746,82.3555339568557,28.6471484342719,52.6198539461674,0.101350935815174,0.128625006602927,0.0443199084397262,0.184054941773664,0.271688580122868,0.102857904203584,0.186200475366705,0.0844357848820022,0.0914319502859422,0.0430189156014368
"146",147,"per1b",23.3018250349314,87.390293660082,34.7001738154586,48.4640975034907,7.05437769746328,15.767986848037,7.97815662353428,10.2668403896782,0.00504294704905599,0.0176958427975279,0.00718274562424769,0.0277097641086892,0.0520181431934315,0.0286456598494437,0.0361245223838548,0.0137722315562275,0.00997384515694385,0.00677248995248328
"147",148,"cyp2x10.2",1711.16857421153,469.385875798132,2425.58028175969,1535.37824392312,58.168209203652,17.6128065013394,86.2939685024603,54.0249947358172,0.370328611549579,0.0950469247970701,0.502081812261972,0.228486115258286,0.058104151116725,0.309839451069216,0.198809905814742,0.128464677502205,0.322485782869541,0.20769220518708
"148",149,"cyp2x12",284.35804371896,1755.19709206841,43.9471981563912,694.500777981254,12.436381371821,84.2525654871383,2.07803149264149,32.9223261172003,0.0615403538262849,0.355413519271741,0.0090968289362038,0.0488504031054045,0.277946833553424,0.00746119512357605,0.111419477260802,0.14569415544111,0.142016900678076,0.186657891464924
"149",150,"slc22a31",73.5996668786249,225.997386291098,237.848718872443,179.148590680722,6.87193689494268,23.9130396569568,29.3150871283353,20.0333545600783,0.0159283327525061,0.0457626820206716,0.0492333800343352,0.026993132278292,0.0788884423264625,0.105256145493305,0.0703792400326865,0.0398193382934803,0.036974798269171,0.0183091976676651
"150",151,"nqo1",409.392226833226,749.556548606873,554.344809716735,571.097861718945,28.3391379915335,50.4366731629264,35.512073901034,38.0959616851646,0.0886000696992682,0.151779268571831,0.114746334629122,0.111316810988355,0.166389160016076,0.127506495236826,0.135070822080419,0.0283046849003007,0.118375224300074,0.0317455417771956
"151",152,"cyp7a1b",96.9014919135563,108.520484067445,63.2038880210138,89.5419546673384,6.49185188969143,7.32706673622913,5.15797102637798,6.32562988409951,0.0209712798015621,0.0219745391157361,0.0130828581013083,0.025500149298298,0.0241717861859103,0.0185197521817334,0.0227305625553139,0.00370666024087426,0.0186762256728688,0.00486990276143251
"152",153,"hspa12b",9.28284086757431,6.43470818989659,6.29178975774798,7.33644627173963,0.364881605041204,0.522118769802551,0.204092378741575,0.363697584528443,0.00200897890572149,0.00130297747961897,0.00130236596483612,0.00143326366079427,0.00172245507263019,0.000732795949636934,0.00129617156102046,0.000508873243348711,0.00153810745005886,0.000407786757148841
"153",154,"bmal1b",8.33561220761774,16.6085035712196,8.38905301033064,11.111056263056,0.82098361134271,0.800582113697245,0.89058492541778,0.837383550152578,0.00180398105819889,0.00336309052171923,0.00173648795311482,0.0032248432367871,0.00264109777803295,0.00319765505296116,0.00302119868926041,0.000329457624546607,0.00230118651101098,0.000920254815677253
"154",155,"hnf4b",545.982599598962,1200.76872154435,1244.15375952074,996.968360221351,32.4592594484571,76.8210749969487,95.7378794824113,68.3394046426057,0.118160759312027,0.243146162379166,0.257533003137518,0.12750074649149,0.253430556352988,0.343747918193324,0.241559740345934,0.10861121959432,0.206279974942904,0.0766517607058195
"155",156,"sod3a",952.817309050306,983.119064796903,734.42345899531,890.11994428084,64.5232304914529,70.1553587024694,52.2105412526173,62.2963768155132,0.206207334822985,0.199073829521244,0.152021627168143,0.253448790683786,0.231440546592409,0.187462527479848,0.224117288252014,0.033597162342153,0.185767597170791,0.0294417151850426
"156",157,"hsd17b4",901.193347082673,2040.67205135801,1124.99107471491,1355.6188243852,47.3585916543063,119.217119104916,64.4004224192732,76.9920443928318,0.195034952133003,0.413219939076998,0.232866981076228,0.186025679307256,0.39329390825056,0.231230431017254,0.270183339525023,0.108986359207171,0.280373957428743,0.116592695884248
"157",158,"abcd1",11.9350811154527,14.7824377335462,40.2293223904492,22.3156137464827,0.440898606091455,0.939813785644592,2.26357001877019,1.21476080350208,0.00258297287878478,0.0029933266423679,0.00832724904789154,0.00173186025679307,0.00310041913073434,0.00812737325960961,0.00431988421571234,0.00336763536660505,0.00463451618968141,0.00320457556072568
"158",159,"nr1h5",707.863977585539,836.077287106158,1157.30799483425,900.416419841982,31.0605466291325,39.8376621359346,57.7952508890913,42.8978198847195,0.15319489145364,0.169299033331573,0.23955640625925,0.122006569125112,0.131423322041683,0.207514489374458,0.153648126847085,0.0468866459433898,0.187350110348154,0.0459234019425151
"159",160,"ugt5e1",109.878524554961,46.434245586551,84.0811903989958,80.1313201801693,7.48007290334469,5.72590250883464,6.97624858243928,6.7274079982062,0.0237797503126217,0.00940256721779092,0.0174043451664463,0.0293819050462825,0.0188895906298444,0.0250482979148624,0.0244399311969964,0.0052725466333551,0.016862220898953,0.00720390675096686
"160",161,"gclm",71.0421494967422,87.2163826279226,69.4956777787618,75.9180699678089,5.32119007351756,12.7396979831822,7.16178710856798,8.40755838842258,0.0153748385641951,0.0176606271899706,0.0143852240661444,0.0209017617199164,0.0420279037721764,0.025714476050896,0.0295480471809963,0.0110725186931529,0.01580689660677,0.00167990238407112
"161",162,"aldh9a1a.2",49.7295046477195,40.6951815252919,33.3655517456332,41.2634126395482,1.39871281932462,2.12328299719704,1.98526222957713,1.83575268203293,0.0107623869949366,0.00824045216840103,0.00690648617716123,0.00549417736637804,0.00700465062869609,0.00712810605555923,0.00654231135021112,0.000909807093099874,0.00863644178016627,0.00195821311623623
"162",163,"aldh9a1a.1",11250.4242400361,6860.79021868704,8458.73934840509,8856.65126904274,580.830701624757,420.549265116961,486.834538709107,496.071501816942,2.43480043459544,1.38925571813428,1.75091264281627,2.28151687070768,1.38738014583453,1.7479848111385,1.80562727589357,0.449846763908556,1.85832293184866,0.530983677877656
"163",164,"ppardb",125.981411774223,141.563580177725,153.767528473447,140.437506808465,12.9837037793829,16.6555887567014,18.2569909710645,15.9654278357163,0.027264713720506,0.0286655045516173,0.0318290348678888,0.0510002985965962,0.054946316816903,0.0655519285857038,0.0571661813330677,0.00752551212128244,0.029253084380004,0.00233820324718717
"164",165,"gstm.1",435.346292116036,403.212728061493,223.453866547898,354.004295575142,29.9050882131687,26.8020968498643,20.9472995999307,25.8848282209879,0.0942170107213876,0.0816473861215291,0.0462537245693312,0.11746790086593,0.0884193603950163,0.0752115115581906,0.0936995909397124,0.0216173827112736,0.0740393738040826,0.0248702752938688
"165",166,"gstm.2",33.7213402944536,1.21737722511557,26.6924413965066,20.5437196386919,5.62525807771857,0.226251466914439,5.60326348908687,3.81825767790663,0.0072979233718046,0.000246509252900886,0.00552518894172899,0.0220961481039116,0.000746397198139749,0.020118579708214,0.0143203750034218,0.0117969211781563,0.00435654052214483,0.00366809413940211
"166",167,"gstm.3",203.369993292674,173.563210095048,79.2193528589178,152.050852082213,12.2235337688803,10.4249714370576,4.67557085844334,9.10802535479375,0.0440130378631025,0.0351451763421548,0.0163979714663457,0.0480143326366078,0.0343916862835161,0.0167876890280461,0.0330645693160566,0.0156555660181298,0.0318520618905343,0.0140989866698967
"167",168,"hsd17b3",653.114161040049,1379.37535157202,1491.24950273412,1174.57967178206,64.9033154967042,117.946630098396,177.133630895074,119.994525496725,0.141346015866833,0.279312591340482,0.30868046648381,0.25494177366378,0.389102600907158,0.636000266471254,0.426681547014064,0.193288713141909,0.243113024563708,0.0893476976029091
"168",169,"gstt1a",19510.3528777233,9744.75686498582,10541.2264280718,13265.4453902603,823.857053982409,434.228776885788,456.313451160935,571.466427343044,4.22240216477728,1.97323613825648,2.18197604435937,3.23613018811586,1.43250846873744,1.63839850776097,2.10234572153809,0.987267992761871,2.79253811579771,1.24268921538056
"169",170,"slc15a4",8.14616647562643,15.651992894343,17.0640964641953,13.6207519447216,0.562525807771857,2.64540176699959,1.91104681912565,1.7063247979657,0.00176298148869437,0.00316940468015424,0.00353217435917675,0.00220961481039117,0.00872710570132628,0.00686163480114581,0.00593278510428775,0.00335655972654599,0.00282152017600845,0.000934493753007471
"170",171,"gpx8",9.09339513558299,7.82599644717152,4.95716768792265,7.29218642355905,0.699356409662308,0.870197949670918,0.259753936580186,0.609769431971137,0.00196797933621697,0.00158470234007712,0.00102610651774967,0.00274708868318901,0.00287075845438364,0.000932649390447005,0.00218349884267322,0.00108503079088927,0.00152626273134792,0.000473648068129916
"171",172,"sult1st1",37.9838692642581,53.5645979050851,35.6534752939052,42.4006474877495,2.46295083402813,3.62002347063102,2.70886248147908,2.93061226204608,0.0082204136856563,0.010846407127639,0.007380073800738,0.00967452971036131,0.011942355170236,0.00972620078609019,0.0104476952222292,0.00129467128845454,0.00881563153801109,0.00180819797094164
"172",173,"sult1st2",29.3640884586534,204.693284851575,1.81127280904866,78.622882039759,2.67579843696883,88.5513433585126,0.259753936580186,30.4956319106872,0.00635493327320063,0.041448770094906,0.00037492353533161,0.010510600179158,0.29212838031808,0.000932649390447005,0.101190543295895,0.165426350652973,0.0160595423011461,0.0221900832600697
"173",174,"sult1st3",1192.27671428732,982.075598603947,1829.48086728699,1334.61106005942,104.675410446195,109.453498109608,161.474179289811,125.201029281871,0.258030790676697,0.1988625358759,0.378692503502574,0.411167512690354,0.361083998392375,0.579774831790019,0.450675447624249,0.114573460474469,0.278528610018391,0.0916505578950624
"174",175,"sult1st4",495.021697693299,379.2130056235,401.721243017424,425.318648778074,31.6990894379546,31.988476629903,35.0482275857122,32.9119312178566,0.107131875115311,0.0767876322786259,0.0831540935730212,0.124514780531502,0.105529080783143,0.125841049896742,0.118628303737129,0.0113636252624755,0.0890245336556528,0.016001244276798
"175",176,"slc15a1a",5.3992033617524,533.646002181018,0.381320591378666,179.808842044716,0.577729207981907,41.7869055431975,0.0556615578386112,14.1400987696727,0.00116848773087883,0.108059091789481,7.89312705961285e-05,0.00226933412959093,0.137853820979503,0.000199853440810072,0.0467743361833012,0.078883934363319,0.0364355035969853,0.0620302391781315
"176",177,"nfe2l2a",388.647919180177,284.083671032326,141.660599697174,271.464063303226,89.4568068359352,142.642847910057,69.447070329974,100.515575025322,0.0841106168385232,0.0575246949447995,0.0293229670264616,0.351388474171395,0.470574725842567,0.249350476317367,0.35710455877711,0.110722840290122,0.0569860929365948,0.0273977957521167
"177",178,"dnajb2",36.1841348103407,28.869231338455,30.1243267189146,31.7258976225701,5.92932608191957,8.51053594778158,7.55141801343826,7.33042668104647,0.00783091777536337,0.00584579085450673,0.00623557037709415,0.0232905344879069,0.028076017683872,0.0271134501365665,0.0261600007694485,0.00253120754314213,0.00663742633565475,0.00105180719789819
"178",179,"nr1i2",68.6740778468507,40.0864929127341,53.9568636800812,54.239144813222,16.069994022023,18.2567529840959,23.0067772399593,19.1111747486927,0.0148623439453886,0.00811719754195059,0.0111687747893522,0.0631233203941474,0.060228512372969,0.0826060888681632,0.0686526405450932,0.012170415705649,0.0113827720922304,0.00337766134110312
"179",180,"ugt1a6",5.96754055772634,0.95651067687652,0,2.30801707820095,0.425695205881405,0.0348079179868367,0,0.153501041289414,0.00129148643939239,0.000193685841564982,0,0.00167214093759331,0.000114830338175346,0,0.000595657091922886,0.000934028695562085,0.00049505742698579,0.000696493309485379
"180",181,"ugt1a5",279.432454687186,32.1735409494829,46.3304518525079,119.312149163059,10.4903461449346,0.696158359736734,1.74406214560982,4.31018888342705,0.0604743650191674,0.00651488739809483,0.00959014937742961,0.0412063302478351,0.00229660676350691,0.00626207447871561,0.0165883371633525,0.0214118056497068,0.0255264672648973,0.0303048012226211
"181",182,"ugt1a4",574.115290799672,239.12766921913,140.897958514417,318.046972844406,20.5245902835677,9.22409826651173,5.17652487899085,11.6417378096901,0.124249195383449,0.0484214603912454,0.0291651044852695,0.0806210809196774,0.0304300396164666,0.0185863699953368,0.0432124968438269,0.0329335656958611,0.0672785867533212,0.0502686731121855
"182",183,"ugt1ab",1398.67783929186,931.815310309889,137.561403339854,822.684850980534,44.0746572089355,33.5548329393106,4.93532479502353,27.5216049810899,0.302699821651873,0.188685225291849,0.0284744558675534,0.173126306360108,0.110696446001033,0.0177203384184931,0.100514363593211,0.0782017251701476,0.173286500937092,0.137759676043831
"183",184,"ugt1a2",11.7456353834614,44.9560018131964,0.953301478446664,19.2183128917015,0.243254403360803,1.77520381732867,0.111323115677222,0.709927112122232,0.00254197330928026,0.00910323455355413,0.000197328176490321,0.000955509107196179,0.00585634724694262,0.000399706881620143,0.00240385441191965,0.00300283351360054,0.00394751201310824,0.00461632390384658
"184",185,"ugt1a1",202.043873168735,135.476694052147,88.4663771998504,141.995648140244,7.17600489914368,4.57724121526903,3.30258576509093,5.01861062650121,0.0437260408765709,0.0274329582871128,0.0183120547783018,0.0281875186622873,0.015100189470058,0.0118579708213976,0.0183818929845809,0.00864527134564903,0.0298236846473285,0.0128745621963555
"185",186,"abcb6b",3.22057744385231,2.43475445023114,1.33462206982533,2.32998465463626,0.212847602940702,0.10442375396051,0.222646231354445,0.179972529418552,0.000696992681576844,0.000493018505801771,0.00027625944708645,0.000836070468796655,0.000344491014526037,0.00079941376324029,0.000659991748854327,0.000273845692930945,0.000488756878155022,0.000210398989431596
"186",187,"dnajc15",60.62263423722,37.7386939785827,41.7546047559639,46.7053109905889,5.01712206931656,4.03771848647306,3.15415494418797,4.0696651666592,0.0131198622414465,0.00764178683992746,0.00864297413027607,0.0197073753359212,0.0133203192283401,0.0113250283125708,0.014784240958944,0.00437872533164261,0.00980154107055,0.00291702511859321
"187",188,"cyp27a3",344.507063626202,434.777580398418,433.180191806164,404.154945276928,19.5211658697044,32.7542508256134,29.2223178652709,27.1659115201962,0.0745577171439702,0.0880390188931735,0.0896659233972018,0.0766796058524932,0.108055348223001,0.104923056425288,0.0965526701669273,0.0172816905107899,0.0840875531447818,0.00829307151892961
"188",189,"slc39a10",5.30448049575675,10.2607508974027,4.19452650516532,6.58658596610826,1.15545841596381,7.24004694126204,0.964800335869262,3.12010189769837,0.00114798794612657,0.0020777208458789,0.000868243976557412,0.00453866825918183,0.0238847103404719,0.00346412630737459,0.0106291683023428,0.0114922019711196,0.00136465092285429,0.000633179049297524
"189",190,"dnajc3a",210.095316778365,118.25950186837,785.806408683585,371.387075776773,13.4702125861045,9.32852202047224,59.5393130347012,27.446015880426,0.0454685225805129,0.0239466131389432,0.162657615880972,0.0529113168109886,0.0307745306309927,0.213776563853174,0.0991541370983852,0.099881103628076,0.0773575838668092,0.0746516559944629
"190",191,"hspd1",763.65574565698,409.908302799628,326.982407107206,500.182151854605,54.2153251490389,40.516416536678,30.8365030425906,41.8560815761025,0.165269264672721,0.0830031870124839,0.0676835645361802,0.212959092266348,0.133662513636103,0.11071880620878,0.152446804037077,0.0536461200617943,0.105318672073795,0.0524807381133871
"191",192,"hspe1",2129.37002758235,805.903723026508,1042.91181742065,1326.06185600984,126.857171352659,50.8543681787685,64.6972840610791,80.8029411975022,0.460835161230807,0.163189125420386,0.215877025080411,0.498297999402808,0.16776712407418,0.232296316034907,0.299453813170632,0.175200633425021,0.279967103910535,0.158836218513767
"192",193,"dnajb11",171.82727891612,96.2597563002097,696.291399857443,321.459478357924,13.2573649831638,11.1385337557878,51.4869410007154,25.2942799132223,0.0371866095405998,0.0194918387829486,0.14412850010853,0.0520752463421919,0.0367457082161108,0.184864432749317,0.0912284624358732,0.0814525621892573,0.0669356494773596,0.0674338814652259
"193",194,"dnajc28",88.2817111079516,155.998195846952,129.267680477368,124.515862477424,5.00191866910651,8.21466864489347,8.36778752840456,7.19479161413485,0.0191057993891064,0.0315883999788706,0.0267577007320876,0.0196476560167214,0.0270999598093816,0.0300446339351142,0.0255974165870724,0.00535887250828636,0.0258173000333549,0.00629421118779213
"194",195,"slc15a2",3.97836037181756,7.30426335069342,2.85990443533999,4.71417605261699,0.152034002100502,0.417695015842041,0.0371077052257408,0.202278907722761,0.000860990959594925,0.00147905551740531,0.000591984529470963,0.000597193191997613,0.00137796405810415,0.000133235627206715,0.000702797625769493,0.000629048041881785,0.000977343668823734,0.00045483755244853
"195",196,"cyp27a1.1",310.027940403783,985.466863731054,244.045178482346,513.179994205728,19.9772678760059,81.1024489093296,18.5909603180962,39.8902257011439,0.0670957954941474,0.199549240223267,0.0505160131815222,0.0784711854284861,0.267554687948556,0.0667510492305644,0.137592307535869,0.1127031749332,0.105720349632979,0.0816799720092796
"196",197,"cyp27a1.2",31.9216058405361,62.6079715773722,7.53108167972864,34.0202196992123,1.58115362184522,3.42857992170342,0.482400167934631,1.83071123716109,0.00690842746151165,0.012677618720617,0.00155889259427353,0.00621080919677517,0.0113107883102716,0.0017320631536873,0.00641788688691134,0.00479271893434814,0.00704831292546739,0.00556068283805394
"197",198,"cyp27a1.4",54.6550936794936,88.1728933047992,23.1652259262539,55.3310709701822,2.02205222793667,4.61204913325587,1.66984673515834,2.76798269878363,0.0118283758020541,0.0178543130315356,0.00479507468871479,0.00794266945356822,0.0152150198082333,0.00599560322430218,0.00971776416203458,0.0048592830186186,0.0114925878407682,0.00653609146890239
"198",199,"dnajc10",95.6700946556128,63.1297046738503,58.9140313680038,72.5712768991556,4.2721554590241,3.41117596271,3.19126264941371,3.6248646903826,0.0207047825997827,0.0127832655432888,0.0121948813071018,0.0167811286951329,0.0112533731411839,0.0114582639397775,0.0131642552586981,0.00313397912424889,0.0152276431500578,0.00475245635604877
"199",200,"hsdl2",2299.39757204455,3937.69359015239,4660.11894723867,3632.40336981187,86.4617369945554,159.228820830785,181.69787863784,142.462812154393,0.497632274861114,0.797351786311693,0.964619057955285,0.339623768289042,0.525291381983121,0.65238824861768,0.505767799629947,0.157293619513751,0.753201039709364,0.236603318267766
"200",201,"aldh7a1",2377.16504502699,2831.09769252234,2097.45391287835,2435.23888347589,88.468585822282,117.076432148725,87.9452613850058,97.8300931186709,0.514462598142721,0.573274875424789,0.434161453914004,0.34750671842341,0.386231842452774,0.315768436479915,0.349835665785366,0.0352893878125576,0.507299642493838,0.0698327785594286
"201",202,"per1a",6.44115488770462,32.695274045961,7.62641182757331,15.5876135870796,1.48993322058492,5.34301541097944,1.5028620616425,2.77860356440229,0.00139398536315369,0.00662053422076664,0.00157862541192257,0.00585249328157661,0.0176264569099156,0.00539604290187194,0.00962499769778804,0.0069332242773322,0.0031977149986143,0.00296568568084246
"202",203,"bach1b",43.3830726260105,78.7816975681933,103.337880263618,75.1675501526073,2.70620523738893,5.88253813977541,8.2750182653402,5.62125388083485,0.00938890141653513,0.015952670223443,0.0213903743315507,0.0106300388175575,0.0194063271516334,0.0297115448670974,0.0199159702787628,0.00955095651583808,0.015577315323843,0.0060095346332269
"203",204,"sod1",7155.55474304386,5387.06813216856,4791.0072402294,5777.87670514727,383.551380499146,338.994313273803,273.261141282355,331.935611685101,1.54859473975523,1.09083865969398,0.991712216587406,1.50659898477158,1.11833266348969,0.981147158750247,1.20202626900384,0.272540584262702,1.21038187201221,0.297064758699113
"204",205,"ugt5d1",707.863977585539,242.605889862317,306.009774581379,418.826547343078,27.3205101774602,11.399593140689,11.744588703947,16.8215640073654,0.15319489145364,0.0491257725423907,0.063342344653393,0.107315616601971,0.0376069357524257,0.0421690760109254,0.062363876121774,0.0389961217313182,0.0885543362164746,0.0564298570499129
"205",206,"hspa8",32178.8731445803,31584.8521056235,34746.2182768675,32836.6478423571,1760.93382932906,2026.39515748068,2150.66982562087,1979.33293747687,6.96410487689879,6.39568256651349,7.19227657517216,6.91699014631233,6.68502038238502,7.72200386383317,7.10800479751017,0.544241337026376,6.85068800619481,0.410229257340253
"206",207,"pparg",18.0920674051703,43.1299359755231,35.5581451460606,32.260049508918,1.29228901785427,2.66280572599301,1.78116985083556,1.91208819822761,0.00391545888768168,0.00873347067420282,0.00736034098308898,0.00507614213197972,0.00878452087041395,0.00639531010592232,0.00675199103610533,0.00187974311579666,0.00666975684832449,0.00248213400709057
"207",208,"dnajc14",3.97836037181756,5.21733096478102,8.38905301033064,5.86158144897641,0.775373410712559,3.1327126188153,1.39153894596528,1.76654165849771,0.000860990959594925,0.00105646822671808,0.00173648795311482,0.00304568527918782,0.0103347304357811,0.00499633602025181,0.00612558391174024,0.00377345271919992,0.00121798237980928,0.000459552894292017
"208",209,"dnajc16l",29.9324256546274,32.3474519816423,27.0737619878853,29.784546541385,4.16573165755375,7.91880134200535,4.74978626889483,5.61143975615131,0.00647793198171421,0.00655010300565211,0.00560412021232513,0.0163630934607346,0.0261239019348911,0.0170541602824595,0.0198470518926951,0.00544688242733261,0.00621071839989715,0.000526567360409195
"209",210,"abcc10",23.3018250349314,59.1297509341848,46.3304518525079,42.9206759405414,1.12505161554371,1.91443548927602,1.59563132470686,1.54503947650886,0.00504294704905599,0.0119733065694716,0.00959014937742961,0.00441922962078231,0.00631566859964402,0.00572913196988876,0.00548801006343836,0.000970940281615821,0.00886880099865239,0.00352104080965091
"210",211,"abcb11b",787.336462155894,781.556178524196,1112.31216505157,893.734935243887,47.7082698591375,48.2437743297557,76.9057190803479,57.6192544230804,0.170394210860786,0.158258940362369,0.230242516328907,0.187399223648851,0.159154848711029,0.276130837385917,0.207561636581932,0.0610388208690169,0.186298555850687,0.0385372539810629
"211",212,"ncoa3",30.6902085825926,40.6951815252919,33.5562120413226,34.9805340497357,5.16915607141706,8.85861512764995,5.90012513089279,6.6426321099866,0.00664193025973228,0.00824045216840103,0.00694595181245931,0.0203045685279188,0.0292243210656255,0.0211844647258677,0.0235711181064707,0.00491554494464643,0.00727611141353087,0.000848865180554781
"212",213,"ugt1b7",98.7012263674738,33.2170071424391,39.9433319469152,57.2871884856094,3.84646025314269,1.06164149859852,1.28021583028806,2.06277252734309,0.0213607757118551,0.00672618104343845,0.00826805059494445,0.0151089877575396,0.00350232531434805,0.00459662913863167,0.00773598073683976,0.00640861136365959,0.0121183357834126,0.0080412289049383
"213",214,"ugt1b5",56.7389967313981,41.4777811700091,33.9375326327012,44.0514368447028,7.44966610292459,8.63236366073551,7.0875716981165,7.72320048725887,0.0122793710666038,0.00839892240240875,0.00702488308305542,0.029262466407883,0.0284779238674858,0.0254480047964826,0.0277294650239504,0.00201436648268421,0.00923439218402267,0.00272505381768987
"214",215,"ugt1b4",59.7701284432591,21.7388790199209,37.6554083986432,39.7214719539411,2.15888282982712,1.06164149859852,1.46575435641676,1.56209289494747,0.0129353641786761,0.00440195094465867,0.00779446297136767,0.00848014332636607,0.00350232531434805,0.00526280727466523,0.00574842530512645,0.0025241903045976,0.00837725936490083,0.00429645482728058
"215",216,"ugt1b3",23.8701622309054,11.2172615742792,4.76650739223332,13.2846437324726,1.04903461449346,0.417695015842041,0.259753936580186,0.575494522305229,0.00516594575756956,0.00227140668744388,0.000986640882451605,0.00412063302478351,0.00137796405810415,0.000932649390447005,0.00214374882444489,0.00172645001215471,0.00280799777582168,0.0021406996068788
"216",217,"ugt1b1",38.4574835942364,9.30424022052614,14.2995221767,20.6870819971542,1.48993322058492,0.20884750792102,0.500954020547501,0.733244916351147,0.00832291260941761,0.00188403500431391,0.00295992264735482,0.00585249328157661,0.000688982029052073,0.00179868096729065,0.00278005209263978,0.00271804692343392,0.00438895675369545,0.00344911438795382
"217",218,"gpx1a",13817.8875228483,8959.4615992702,10904.43429136,11227.2611378262,937.183199148123,656.338101559793,803.251941168999,798.924413958972,2.99044710030544,1.81422006233163,2.25715807960218,3.68127799343088,2.16524085663432,2.88408500433016,2.91020128479845,0.758355915857258,2.35394174741308,0.594056243112857
"218",219,"per3",5.11503476376544,27.47794308118,15.157493507302,15.9168237840825,0.456102006301505,1.75779985833525,0.575169430998983,0.929690431878579,0.00110698837662205,0.00556406599404856,0.00313751800619611,0.00179157957599283,0.00579893207785495,0.00206515222170408,0.00321855462518395,0.00223885491866043,0.00326952412562224,0.00223146912002285
"219",220,"akr7a3",713.168458081296,947.032525623834,529.368310981433,729.856431562188,34.9678204831154,51.2720631946105,30.7622876321391,39.000723769955,0.154342879399767,0.19176659095311,0.109576336405075,0.137354434159451,0.169145088132284,0.110452334954367,0.138983952415367,0.0293802878850901,0.151895268919317,0.0411497580000868
"220",221,"aldh4a1",207.82196799447,419.995142664872,293.521525213728,307.112878624357,12.5732119737115,25.044296991529,18.0900062975487,18.5691717542631,0.0449765277464588,0.0850456922508056,0.0607573455413699,0.0493878769782025,0.0826204283171612,0.0649523682632737,0.0656535578528791,0.01662736801946,0.0635931885128781,0.0201845482990923
"221",222,"sult6b1",84.4927964681253,2823.35865159125,59.6766725507612,989.176040203379,4.68264726469546,179.104142001268,3.74787822779982,62.5115558312544,0.018285807999016,0.571707780888491,0.0123527438482941,0.0183935503135265,0.59085950508124,0.0134567983478782,0.207569951247548,0.331947668222742,0.200782110911934,0.321244750615823
"222",223,"sult2st1",24.249053694888,69.5644128637469,60.4393137335185,51.4175934307178,1.64196722268542,4.57724121526903,4.6384631532176,3.61922386372402,0.0052479448965786,0.0140862430229078,0.0125106063894864,0.00644968647357421,0.015100189470058,0.0166544534008394,0.0127347764481572,0.00549824527309255,0.0106149314363242,0.00471424077540626
"223",224,"sult2st2",2925.98933060582,2235.45240737651,1213.5527820626,2124.99817334831,125.519272134174,97.3577466091823,48.0915859725601,90.3228682386388,0.633238350997315,0.452661419541142,0.251198768672178,0.493042699313227,0.321180455876442,0.172673372859903,0.328965509349857,0.160326484481595,0.445699513070212,0.191114917581213
"224",225,"abcc3",12.408695445431,14.7824377335462,19.1613597167779,15.4508309652517,0.82098361134271,1.47933651444056,1.15033886199797,1.15021966259375,0.00268547180254608,0.0029933266423679,0.00396629634745544,0.0032248432367871,0.00488028937245219,0.00413030444340818,0.00407847901754916,0.000828939010480397,0.00321503159745647,0.000668575122214166
"225",226,"slc39a11",2.27334878389575,8.34772954364963,4.28985665300999,4.97031166018512,0.83618701155276,5.81292230380173,3.06138568112362,3.2368316654927,0.000491994834054243,0.00169034916274893,0.000887976794206445,0.00328456255598687,0.0191766664752827,0.010991939244554,0.0111510560919412,0.00794724671655326,0.00102344026366987,0.000610553878003101
"226",227,"cyp26a1",0.189445731991312,43.2168914916028,0.571980887067998,14.6594393702207,0,3.44598388069684,0,1.14866129356561,4.09995695045202e-05,0.00875107847798145,0.000118396905894193,0,0.0113682034793592,0,0.00378940115978641,0.0065634353390105,0.00297015831779339,0.00500657328027581
"227",228,"dnajc9",55.1287080094719,45.6516459418339,26.2157906572833,42.332048202863,3.81605345272259,3.06309678284163,2.24501616615732,3.04138880057385,0.0119308747258154,0.00924409698378322,0.00542652485348384,0.01498954911914,0.0101050697594304,0.00806075544600626,0.0110517914415256,0.0035600922598616,0.00886716552102748,0.00326851645416331
"228",229,"raraa",15.5345500232876,18.0867473445742,45.9491312611292,26.5234762096637,1.87001822583617,2.01885924323653,5.97434054134427,3.28773933680566,0.00336196469937066,0.00366242318595602,0.00951121810683347,0.00734547626157062,0.00666015961417005,0.0214509359802811,0.0118188572853406,0.00834865975567014,0.00551186866405338,0.00346679474437691
"229",230,"sult1st6",540.488673371214,711.991765660449,291.3289318133,514.603123614988,24.4622709379707,33.1023300054817,13.7112970809112,23.7586326747879,0.116971771796396,0.144172697339461,0.060303490735442,0.0960883845924156,0.109203651604754,0.049230564252881,0.0848408668166835,0.0315289199579592,0.1071493199571,0.0427886827817634
"230",231,"maff",42.6252896980453,28.3474982419769,42.5172459387212,37.8300112929145,8.2402429138472,6.85715984340683,10.7612345154648,8.61954575757294,0.00922490313851706,0.00574014403183492,0.00880083667146831,0.0323678710062706,0.0226215766205431,0.0386383318899472,0.0312092598389203,0.00807099109266189,0.00792196128060677,0.00190136871027099
"231",232,"thrab",0.378891463982625,0.173911032159367,0.762641182757331,0.438481226299774,0.273661203780903,1.0442375396051,0.408184757483149,0.575361166956384,8.19991390090406e-05,3.52156075572694e-05,0.000157862541192257,0.0010749477455957,0.00344491014526037,0.00146559189927386,0.00199514993004331,0.00127063142764548,9.16924292528556e-05,6.18953753468656e-05
"232",233,"slc16a5a",2.46279451588706,2.08693238591241,1.143961774136,1.89789622531182,0.760170010502509,1.46193255544714,1.79972370344843,1.34060875646603,0.000532994403558763,0.000422587290687233,0.000236793811788386,0.00298596595998806,0.00482287420336451,0.00646192791952567,0.00475692269429275,0.00173891922963655,0.000397458502011461,0.000149690646523135
"233",234,"nfe2l1b",5.49392622774806,4.34777580398418,5.43381842714598,5.09184015295941,1.20106861659396,3.48079179868367,1.59563132470686,2.0924972466615,0.00118898751563109,0.000880390188931735,0.00112477060599483,0.00471782621678112,0.0114830338175346,0.00572913196988876,0.00730999733473481,0.00364915879986751,0.00106471610351922,0.000162828084070874
"234",235,"aldh18a1",83.3561220761775,67.3035694456751,173.310208781604,107.989966767819,9.51732853149141,11.2255535507548,22.6913617455405,14.4780812759289,0.0180398105819889,0.0136284401246633,0.0358742624859405,0.0373842938190505,0.0370327840615489,0.0814735860369061,0.0519635546391685,0.0255570411941406,0.0225141710641975,0.0117785431792704
"235",236,"nat9",95.6700946556128,112.69434883927,71.8789314748785,93.4144583232538,3.64881605041204,5.83032626279515,4.78689397412057,4.75534542910925,0.0207047825997827,0.0228197136971106,0.0148785445073702,0.0143326366079427,0.0192340816443704,0.0171873959096662,0.0169180380539931,0.0024617993626797,0.0194676802680878,0.00411258539842447
"236",237,"abca5",22.5440421069662,82.9555623400182,31.7449392322739,45.7481812264194,2.67579843696883,10.3727595600773,3.54378584905825,5.53078128203479,0.00487894877103792,0.0167978448048175,0.00657102827712769,0.010510600179158,0.0342194407762529,0.0127240023982413,0.0191513477845507,0.0130961962855937,0.00941594061766104,0.00644865608751164
"237",238,"dnajb12b",1.98918018590878,3.04344306278893,3.05056473102932,2.69439599324234,0.243254403360803,0.261059384901275,0.148430820902963,0.217581536388347,0.000430495479797463,0.000616273132252215,0.000631450164769026,0.000955509107196179,0.000861227536315092,0.000532942508826859,0.00078322638411271,0.000221819222167577,0.000559406258939568,0.000111897619783767
"238",239,"slc30a6",126.833917568184,205.388928980213,181.222611052711,171.148485867036,4.25695205881405,7.24004694126204,5.08375561592649,5.52691820533419,0.0274492117832764,0.0415896325251352,0.0375120863508101,0.0167214093759331,0.0238847103404719,0.0182532809273199,0.019619800214575,0.00377210172171572,0.0355169768864072,0.00727827046903385
"239",240,"abcc2",2402.26660451584,5421.06773895571,2820.4377541323,3547.92403253462,98.1379483558739,243.446578399936,121.212319119882,154.265615291897,0.51989504110207,1.09772331097142,0.583815142964264,0.385488205434458,0.803123385198368,0.435214176270733,0.54127525563452,0.228126062213345,0.733811165012585,0.316773550565373
"240",241,"gsta.2",46.9825415338455,72.9556779908545,22.3072545956519,47.4151580401173,2.66059503675878,4.49022142030194,1.26166197767519,2.8041594782453,0.010167893237121,0.0147729473702745,0.0046174793298735,0.0104508808599582,0.0148131136246196,0.00453001132502832,0.00993133526986871,0.00516120082355851,0.00985277331242301,0.00508506226167466
"241",242,"gsta.1",550.813465764741,488.776955883902,281.033275846077,440.207899164907,46.7048454452741,55.9363242048466,30.3169951694303,44.3193882731837,0.119206248334393,0.0989734650397057,0.0581723464293467,0.183457748581666,0.184532353447781,0.108853507427886,0.158947869819111,0.0433863175602872,0.092117353267815,0.0310892102973071
"242",243,"gclc",53.992033617524,92.2598025605443,77.4080800498691,74.5533054093125,5.07793567015676,13.7665315637939,6.97624858243928,8.60690527212998,0.0116848773087883,0.0186818798091314,0.0160230479310141,0.0199462526127202,0.0454153987483492,0.0250482979148624,0.0301366497586439,0.0134754534092212,0.0154632683496446,0.0035319294843245
"243",244,"ncoa4",293.546161720539,1035.72715202511,546.527737593472,625.26701711304,50.4904920975766,180.113571622887,84.5499063568505,105.051323359105,0.0635288329472542,0.209726550807318,0.113128243581901,0.198327859062407,0.594189584888328,0.3035773765905,0.365364940180412,0.205036347397851,0.128794542445491,0.0743472788132502
"244",245,"abcg2c",147.388779489241,379.560827687819,493.142854800459,340.030820659173,5.95973288233967,15.9942383149515,20.7432072211891,14.2323928061601,0.0318976650745167,0.0768580634937405,0.102077865698443,0.0234099731263064,0.0527645403915715,0.0744787156085536,0.0502177430421438,0.0256294507790122,0.0702778647555667,0.0355498157727861
"245",246,"prdx3",1454.94322169328,1101.81334424567,969.412273432412,1175.38961312379,72.8242870061404,66.9878381656673,54.399895860936,64.7373403442479,0.314876693794716,0.22310848167908,0.200663022673007,0.286055538966856,0.220990985818453,0.195323429485044,0.234123318090118,0.0467698892015466,0.246216066048934,0.0605116601105266
"246",247,"abcg8",421.706199412661,612.427699749212,366.258428019208,466.797442393694,22.9115241165456,33.5200250213238,18.3126525289031,24.9147338889242,0.091265041717062,0.124011762012924,0.0758134854075813,0.08999701403404,0.110581615662858,0.0657517820265138,0.088776803907804,0.0224398123996103,0.0970300963791892,0.0246108788622892
"247",248,"abcg5",221.083169233862,413.038701378497,242.710556412521,292.27747567496,7.52568310397484,16.4293372897869,8.60898761237187,10.8546693353779,0.0478464976117752,0.0836370679485148,0.0502397537344358,0.0295610630038818,0.0541999196187631,0.0309106655119579,0.0382238827115342,0.0138520999555412,0.0605744397649086,0.0200086364545067
"248",249,"nat8",147.483502355237,78.4338755038746,83.6045396597724,103.173972506295,35.9560414967687,43.5621093605262,46.4217392374018,41.9799633648989,0.0319181648592691,0.0158822390083285,0.0173056810782011,0.141236189907435,0.143710168226445,0.166677769635601,0.15054137592316,0.014029167605845,0.0217020283152662,0.00887601437841634
"249",250,"slc39a8",127.686423362145,6.60861922205595,201.337272247935,111.877438277379,10.2622951417839,1.46193255544714,24.8992702064721,12.2078326345677,0.0276337098460467,0.00133819308717624,0.0416757108747557,0.0403105404598389,0.00482287420336451,0.0894011058557058,0.0448448401729697,0.0424710398127436,0.0235492046026596,0.0204766018330256
"250",251,"adh8b",1458.44796773512,4055.3444034082,1260.26455450649,2258.0189752166,56.7999031847475,186.378996860517,57.8880201521557,100.355640065807,0.31563518583055,0.821175144824185,0.260867849320204,0.223111376530308,0.614859045759888,0.207847578442475,0.348606000244224,0.23070816861956,0.465892726658313,0.308899761703456
"251",252,"adh8a",38532.219935507,36908.0948889895,40205.2991931924,38548.5380058963,1817.15600330583,1888.99090122764,2048.01135911386,1918.05275454911,8.33908693958715,7.47359709823393,8.322276377844,7.13783218871306,6.23172762243783,7.3534075011658,6.90765577077223,0.595212000146041,8.04498680522169,0.494909382296597
"252",253,"nfkb2",147.009888025258,66.2601032527189,203.053214909139,138.774402062372,10.2470917415738,6.3524450325977,13.5443124073954,10.047949727189,0.0318156659355076,0.0134171464793196,0.0420309015924383,0.040250821140639,0.0209565367170006,0.048631003930451,0.0366127872626968,0.0141913882957192,0.0290879046690885,0.0145005950416979
"253",254,"abcb10",15.155658559305,39.4778043001764,23.8325369611666,26.1553332735493,1.21627201680401,4.31618183036775,3.00572412328501,2.84605932348559,0.00327996556036162,0.00799394291550016,0.00493320441225803,0.00477754553598088,0.0142389619337429,0.0107920858037439,0.00993619775782255,0.00478842440927318,0.0054023709627066,0.00239175324087469
"254",255,"gsto1",5.11503476376544,198.780309758157,0,67.9651148406408,0.608136008402007,27.8463343894694,0,9.48482346595714,0.00110698837662205,0.040251439437959,0,0.00238877276799045,0.0918642705402767,0,0.0314176811027557,0.0523619059031033,0.0137861426048603,0.0229263016678336
"255",256,"gsto2",66.4954519289506,409.908302799628,20.2099913430693,165.537915357216,3.49678204831154,26.5236335059696,0.779261809740557,10.2665591213406,0.0143908488960866,0.0830031870124839,0.00418335734159481,0.0137354434159451,0.0875007176896135,0.00279794817134101,0.0346780364256332,0.0460715090103795,0.0338591310833884,0.0428649261731582
"256",257,"cyp17a1",1.13667439194787,1.39128825727494,0.571980887067998,1.03331451209694,0.0608136008402007,0.0348079179868367,0.0371077052257408,0.0442430746842594,0.000245997417027121,0.000281724860458156,0.000118396905894193,0.000238877276799045,0.000114830338175346,0.000133235627206715,0.000162314414060368,6.69409637601528e-05,0.00021537306112649,8.58626436016175e-05
"257",258,"hif1an",48.1192159257933,64.5209929311252,64.4431799429945,59.0277962666377,4.43939286133465,7.83178154703826,7.88538736046993,6.71885392294761,0.0104138906541481,0.0130649904037469,0.0133393847307457,0.0174380412063303,0.0258368260894528,0.0283125707814269,0.02386247935907,0.00569977035754451,0.0122727552628803,0.00161565970639547
"258",259,"dnajb12a",100.879852285374,101.042309684592,157.485404239389,119.802522069785,8.9395993235095,11.9043079514982,15.8820978366171,12.2420017038749,0.0218322707611571,0.0204602679907734,0.0325986147562011,0.0351149596894596,0.0392719756559684,0.0570248484444741,0.0438039279299673,0.0116367843442521,0.0249637178360439,0.00664750600876407
"259",260,"ephx5",892.289397679081,862.511763994382,810.782907418888,855.19468969745,34.3596844747134,39.8376621359346,32.3950266620717,35.5307910909066,0.19310797236629,0.174651805680278,0.167827614105018,0.13496566139146,0.131423322041683,0.116314702551462,0.127567895328202,0.00990519069832056,0.178529130717195,0.0130785842328595
"260",261,"esr2b",208.579750922435,559.645701488844,861.593876220095,543.273109543791,15.4314512132009,48.0871386988149,68.0184236787829,43.8456711969329,0.0451405260244768,0.113323825119293,0.178345205911952,0.0606151089877575,0.15863811218924,0.244220904669908,0.154491375282302,0.0918731115302538,0.112269852351907,0.0666085942647568
"261",262,"mgst3b",3885.9108546058,2005.80288941006,1535.3873611862,2475.70036840069,249.807068851334,186.970731466293,120.303180341852,185.693660219826,0.840983169676719,0.406159209761766,0.317816761055312,0.981248133771274,0.616811161508868,0.431949903404171,0.676669732894771,0.279498520384954,0.521653046831266,0.280053374516774
"262",263,"dnajc12",47.929770193802,50.5211548422962,48.5230452529352,48.9913234296778,3.04068004201004,3.65483138861786,3.09849338634936,3.26466827232575,0.0103728910846436,0.0102301339953868,0.0100440041833573,0.0119438638399523,0.0120571855084113,0.0111251748717607,0.0117087414067081,0.000508549776982021,0.0102156764211292,0.000164919418351754
"263",264,"gstp1.2",5907.67570641709,4008.21451369302,2638.1665114533,4184.6855771878,329.427275751367,288.157349054028,153.867099718534,257.15057484131,1.27853057542896,0.811631715176167,0.546085995619315,1.29399820842042,0.9506229545846,0.552461528212642,0.932360897072556,0.371105495892778,0.878749428741481,0.3708063594773
"264",265,"abca1b",13.4506469713832,81.1294965023448,235.560795324171,110.0469795993,1.30749241806432,14.7063453494385,22.6728078929276,12.8955485534768,0.00291096943482094,0.0164280809254662,0.0487597924107584,0.00513586145117948,0.0485158178790835,0.0814069682233027,0.0450195491845219,0.0382555663028216,0.0226996142570152,0.0235590267162347
"265",266,"dnajc4",90.9339513558299,108.172662003126,78.7427021196944,92.6164384928834,9.33488772897081,8.75419137368944,7.01335628766502,8.36747846344176,0.0196797933621697,0.0219041079006215,0.0162993073781005,0.0366676619886534,0.0288798300510995,0.0251815335420691,0.030243008527274,0.00586314577179238,0.0192944028802972,0.00282220509388515
"266",267,"abcb7",203.654161890661,161.389437843893,202.86255461345,189.302051449335,9.88221013653262,10.7904545759194,12.6908351872034,11.1211666332185,0.0440745372173593,0.032680083813146,0.0419914359571403,0.0388175574798448,0.0355974048343572,0.0455665845046966,0.0399938489396329,0.00508762046772899,0.0395820189958819,0.00606731898494686
"267",268,"hspa9",309.838494671791,329.474450425921,561.58990095293,400.300948683547,35.150261285636,44.1886518842892,59.4094360664111,46.2494497454454,0.0670547959246428,0.0667159685172468,0.116246028770448,0.138071065989848,0.145777114313601,0.213310239157951,0.1657194731538,0.0413945232106662,0.0833389310707792,0.0284988861232271
"268",269,"hspa4b",283.031923595021,504.341993262165,473.409514196613,420.2611436846,18.0616394495396,38.149478113573,30.7251799269134,28.9787658300087,0.0612533568397533,0.102125261916081,0.0979931724450933,0.0709465512093162,0.125854050640179,0.11031909932716,0.102373233725552,0.0283030203080282,0.0871239304003093,0.0224996327328507
"269",270,"nr3c1",96.8067690475606,106.520507197612,70.3536491093638,91.2269751181788,11.813041963209,18.1001173531551,10.594249841949,13.5024697194377,0.0209507800168098,0.0215695596288274,0.0145628194249857,0.0464019110182145,0.0597117758511798,0.0380387715675171,0.0480508194789705,0.0109301854057413,0.0190277196902076,0.00387907499745062
"270",271,"cyp4v2b",5513.43913814316,5059.15888103207,4824.27746182719,5132.29182700081,342.000487725079,375.17714402112,343.506027274683,353.561219673627,1.19321047129005,1.02443963164474,0.998598969946919,1.34338608539863,1.23769880002297,1.23336220105256,1.27148236215805,0.0623081903488669,1.07208302429391,0.105692141434917
"271",272,"gsr",194.750212487069,494.081242364762,157.485404239389,282.105619697073,11.0224651522864,36.356870337251,9.10994163291937,18.8297590408189,0.0421475574506468,0.100047541070202,0.0325986147562011,0.0432965064198269,0.119940288224149,0.0327093464792485,0.0653153803744081,0.0476018109644617,0.05826457109235,0.0364987398655492
"272",273,"adh5",5842.60109747807,5834.88903997893,5883.01408379005,5853.50140708235,251.084154468979,273.416195786602,261.20113708399,261.900495779857,1.26444722330416,1.18151884915395,1.21775164275707,0.986264556584057,0.901992306367339,0.937845579908068,0.942034147619821,0.0422919745785678,1.22123923840506,0.041574046018547
"273",274,"slc30a9",144.547093509371,77.3904093109184,105.149153072667,109.028885297652,10.7336005482954,9.08486659456439,10.0932958214015,9.97058765475376,0.0312826715319489,0.0156709453629849,0.0217652978668824,0.0421618393550313,0.0299707182637653,0.0362400906002264,0.0361242160730077,0.00609638651538938,0.0229063049206054,0.00786815869922328
"274",275,"mgst2",480.150207731981,914.685073642192,516.689401318092,637.174894230755,21.8624895020522,47.9827149448544,22.8954541242821,30.9135528570629,0.103913408909207,0.185216487947458,0.106951871657754,0.0858763810092567,0.158293621174714,0.0822063819865432,0.108792128056838,0.0429088054935235,0.132027256171473,0.0460882723331891
"275",276,"gpx3",1018.3655323193,200.867242144069,406.678410705347,541.970395056239,386.576857140946,207.124515980672,461.360099071636,351.687157397751,0.220393185871549,0.0406740267286461,0.084180200090771,1.51848312929233,0.683297927312395,1.65651855306109,1.2860998698886,0.526584353198985,0.115082470896989,0.0937601023703237
"276",277,"nfkb1",1.70501158792181,1.91302135375304,5.81513901852465,3.14439065339983,0.516915607141706,2.50617009505224,4.06329372221862,2.36212647480419,0.000368996125540682,0.000387371683129963,0.00120370187659096,0.00203045685279188,0.00826778434862488,0.0145893011791353,0.00829584746018402,0.0062794691938893,0.000653356561753868,0.00047670157273868
"277",278,"cyp2y3",4241.3110478215,2824.14125123596,2581.73106392926,3215.72778766224,225.603255716935,176.180276890374,161.010332974489,187.597955193933,0.917898362067199,0.571866251122497,0.534404167571088,0.886174977605258,0.581213756674512,0.578109386449935,0.681832706909901,0.176972404553149,0.674722926920261,0.21142746065774
"278",279,"dnajc30b",114.425222122753,71.1296121531812,48.8090356964692,78.1212899908011,6.47664848948138,5.46484312393337,3.59944740689686,5.18031300677054,0.0247637399807303,0.0144031834909232,0.0101032026363044,0.0254404299790983,0.0180283630935293,0.0129238558390513,0.0187975496372263,0.00629363909078653,0.0164233753693193,0.00753616084130239
"279",280,"bach1a",1.89445731991312,4.95646441654196,4.00386620947599,3.61826264864369,3.34474804621104,4.47281746130852,6.04855595179576,4.62204048643844,0.000409995695045202,0.00100364481538218,0.000828778341259348,0.0131382502239475,0.0147556984555319,0.0217174072346946,0.016537118638058,0.00455857183269016,0.000747472950562242,0.000305061869850237
"280",281,"aldh3a1",1.89445731991312,20.347590762646,4.00386620947599,8.74863809734504,0.395288405461305,3.72444722459153,0.44529246270889,1.52167603092058,0.000409995695045202,0.00412022608420053,0.000828778341259348,0.00155270229919379,0.012286846184762,0.00159882752648058,0.00514612533681212,0.00618408866005392,0.00178633337350169,0.00203202758716076
"281",282,"aldh3a2a",341.002317584362,326.170140814893,306.200434877068,324.457631092108,15.3554342121507,20.5714795302205,15.0657283216508,16.997547354674,0.0737992251081364,0.0660468719736587,0.063381810288691,0.0603165123917589,0.0678647298616293,0.0540936646459264,0.0607583022997715,0.00689615422071625,0.067742635790162,0.00541177827253866
"282",283,"hif1al",418.580344834805,644.079507602216,763.213163644399,608.624338693807,58.9587860145746,91.2141490845056,104.012897747752,84.7286109489441,0.0905885488202375,0.130421002588347,0.157980938098151,0.231591519856674,0.300912901188494,0.373459463060424,0.30198796136853,0.0709400813574993,0.126330163168912,0.0338819237723179
"283",284,"slc47a3",20.6495847870531,33.9126512710766,20.4959817866033,25.0194059482443,1.15545841596381,3.51559971667051,1.83683140867417,2.1692965137695,0.00446895307599272,0.00686704347366753,0.00424255579454191,0.00453866825918183,0.0115978641557099,0.00659516354673239,0.00757723198720805,0.0036306205382446,0.00519285078140072,0.00145430561107072
"284",285,"slc47a4",12.5034183114266,12.5215943154744,11.0582971499813,12.0277699256274,1.24667881722411,0.452502933828877,0.667938694063335,0.789040148372107,0.00270597158729833,0.00253552374412339,0.00228900684728772,0.0048969841743804,0.00149279439627949,0.00239824128972087,0.00292933995346025,0.00176314388360706,0.00251016739290315,0.000209635653011199
"285",286,"hspa13",63.9379345470679,58.3471512894677,166.827758728166,96.3709481882339,4.53061326259495,3.96810265049939,11.4662809147539,6.65499894261608,0.0138373547077756,0.0118148363354639,0.0345324308858061,0.0177963571215288,0.0130906585519894,0.0411698088068749,0.0240189414934644,0.0150382873678654,0.0200615406430152,0.0125728932014776
"286",287,"hsph1",2.27334878389575,2.26084341807177,0.571980887067998,1.70205769634517,0.364881605041204,0.174039589934184,0.0742154104514817,0.204378868475623,0.000491994834054243,0.000457802898244501,0.000118396905894193,0.00143326366079427,0.00057415169087673,0.00026647125441343,0.000757962202028142,0.00060472378645486,0.000356064879397646,0.000206535278682682
"287",288,"clpb",3.22057744385231,22.9562562450365,9.15169419308797,11.7761759606589,0.0608136008402007,2.07107112021679,1.11323115677222,1.08170529260974,0.000696992681576844,0.00464846019755957,0.00189435049430708,0.000238877276799045,0.00683240512143309,0.00399706881620143,0.00368945040481119,0.00330751026827746,0.00241326779114783,0.002026198473296
"288",289,"mtf1",0.473614329978281,2.08693238591241,1.71594266120399,1.42549645903156,0.121627201680401,0.10442375396051,0.111323115677222,0.112458023772711,0.000102498923761301,0.000422587290687233,0.000355190717682577,0.000477754553598088,0.000344491014526037,0.000399706881620143,0.000407317483248089,6.69569537416129e-05,0.000293425644043704,0.000168746359668999
"289",290,"arnt",13.0717555074006,14.1737491209884,24.2138575525453,17.1531207269781,1.88522162604622,6.38725295058454,5.62181734169974,4.6314306394435,0.00282897029581191,0.00287007201591745,0.00501213568285416,0.00740519558077038,0.021071367055176,0.0201851975218173,0.0162205867192546,0.00764719980148369,0.00357039266486117,0.00124875519430253
"290",291,"cyp4t8",1677.92084824705,1777.97943728129,1726.90562820613,1727.60197124482,73.7668978191635,89.1256740052954,86.479507028589,83.1240262843493,0.363133187101535,0.360026763861743,0.357459991712216,0.289758136757241,0.294023080897973,0.310505629205249,0.298095615620154,0.0109569049013655,0.360206647558498,0.00284087224098794
"291",292,"rxrbb",67.4426805889072,51.6515765513321,72.6415726576358,63.9119432659584,4.19613845797385,4.28137391238092,5.58470963647399,4.68740733560959,0.0145958467436092,0.010459035444509,0.0150364070485625,0.0164825320991341,0.0141241315955675,0.0200519618946106,0.0168862085297707,0.00298446125943224,0.0133637630788936,0.00252519411492326
"292",293,"ahr1a",29.742979922636,74.1730552159701,10.6769765586026,38.1976705657362,2.49335763444823,4.96012831312423,1.11323115677222,2.85557236811489,0.00643693241220967,0.0150194566231754,0.00221007557669159,0.00979396834876084,0.0163633231899868,0.00399706881620143,0.0100514534516497,0.00618714681763319,0.00788882153735888,0.00652694777229752
"293",294,"abcb4",164.62834110045,1337.81061488593,338.803345439944,613.747433808775,7.54088650418489,107.800122005233,18.4054217919674,44.5821434337951,0.035628625899428,0.270896061134294,0.07013043392466,0.0296207823230815,0.355629557329045,0.0660848710945304,0.150445070248886,0.178627861058246,0.125551706986127,0.127048532661
"294",295,"gstk1",4984.12776295944,2401.18962102438,2844.556281537,3409.95788850694,184.75171935253,88.7601908664336,102.973882001431,125.495264073465,1.07865767409442,0.486221893543218,0.588807545829469,0.725709166915499,0.292817362347132,0.369728865498635,0.462751798253755,0.230951895704251,0.717895704489037,0.316611517555691
"295",296,"aldh5a1",132.13839806394,96.4336673323691,44.2331885999252,90.9350846654114,12.8772799779125,24.2263109188384,9.46246483256391,15.5220185764383,0.0285971997294028,0.0195270543905059,0.00915602738915089,0.0505822633621977,0.0799219153700408,0.0339750849377123,0.0548264212233169,0.0232655853925248,0.0190934271696865,0.00972783737095869
"296",297,"sult2st3",24.8173908908619,14.5215711853072,26.6924413965066,22.0104678242252,2.91905284032963,2.15809091518388,2.96861641805927,2.68192005785759,0.00537094360509215,0.002940503231032,0.00552518894172899,0.0114661092863541,0.00711948096687145,0.0106588501765372,0.00974814680992093,0.00231199695142681,0.00461221192595105,0.00144979494290382
"297",298,"slc39a3",18.9445731991312,18.2606583767336,25.5484796223706,20.9179037327451,3.67922285083214,4.73387684620979,5.30640184728094,4.57316718144096,0.00409995695045202,0.00369763879351329,0.0052883951299406,0.0144520752463422,0.015616925991847,0.0190526946905602,0.0163738986429165,0.00239189893462907,0.00436199695796864,0.000827118585588181
"298",299,"dnajc17",4.64142043378715,27.1301210168613,9.72367508015597,13.8317388436015,0.243254403360803,1.14866129356561,0.686492546676205,0.692802747867539,0.00100448945286075,0.00549363477893403,0.00201274740020127,0.000955509107196179,0.0037894011597864,0.00246485910332423,0.00240325645676894,0.00141795000122729,0.00283695721066535,0.00235533390380224
"299",300,"ephx2",686.551332736516,502.255060876252,820.887903090422,669.898098901063,32.3376322467767,27.080560193759,44.8261079126949,34.7481001177435,0.148582439884381,0.101702674625394,0.169919292775815,0.127022991937892,0.0893380031004191,0.160948637665712,0.125769877568008,0.0358217596919662,0.140068135761864,0.0348962287215703
"300",301,"slc22a3",76.3466299924989,82.0860071792213,42.7079062344105,67.0468478020436,3.13190044327034,3.81146701955862,1.8182775560613,2.92054833963009,0.0165228265103217,0.0166217667670311,0.00884030230676637,0.0123021797551508,0.0125739220302004,0.00652854573312903,0.0104682158394934,0.00341455873814583,0.0139949651947064,0.00446434311067474
"301",302,"dnajc5gb",37.8891463982625,66.0861922205595,43.0892268257892,49.0215218148704,2.75181543801908,5.18637978003867,4.23027839573445,4.05615787126407,0.00819991390090405,0.0133819308717624,0.00891923357736251,0.0108091967751568,0.0171097203881265,0.0151888615015655,0.0143692595549496,0.00322923519777823,0.0101670261166763,0.00280732339381149
"302",303,"npas3",2.84168597986969,6.08688612557785,5.33848827930132,4.75568679491629,0.152034002100502,1.49674047343398,0.983354188482132,0.877376221338871,0.000614993542567805,0.00123254626450443,0.0011050377883458,0.000597193191997613,0.00493770454153987,0.00353074412097795,0.00302188061817181,0.00221454650938796,0.00098419253180601,0.000326029942051276
"303",304,"bach2a",0.189445731991312,0,0.190660295689333,0.126702009226882,0.0456102006301505,0.0870197949670918,0.259753936580186,0.130794644059143,4.09995695045202e-05,0,3.94656352980642e-05,0.000179157957599283,0.000287075845438364,0.000932649390447005,0.000466294397828218,0.000407463865863299,2.68217349341948e-05,2.32409624843204e-05
"304",305,"slc22a15",400.677723161626,437.386245880808,310.013640790855,382.692536611096,22.2273711070934,25.4967999253579,20.3535763163188,22.69258244959,0.0867140895020604,0.0885672530065324,0.0641711229946524,0.087309644670051,0.0841132227134408,0.073079741522883,0.0815008696354583,0.00746597799002106,0.0798174885010817,0.0135817936560001
"305",306,"dnajc27",2.08390305190444,1.91302135375304,1.90660295689333,1.9678424541836,0.440898606091455,0.435098974835459,0.333969347031667,0.403322309319527,0.000450995264549724,0.000387371683129963,0.000394656352980642,0.00173186025679307,0.00143537922719182,0.00119912064486043,0.00145545337628178,0.000266936513288833,0.000411007766886776,3.482120877736e-05
"306",307,"aldh6a1",29565.2798260282,15009.0438084499,11991.960617972,18855.42808415,1413.29288012605,765.217269022619,636.675452410648,938.395200519772,6.39847481601444,3.03921257901503,2.48227006334235,5.55144819349058,2.5244301544468,2.28599027379921,3.45395620724553,1.82038948262246,3.97331915279061,2.11862720519466
"307",308,"gstz1",8358.91403265268,5415.41563041054,4400.34429436196,6058.22465247506,321.004592034999,226.703969848268,181.605109374776,243.104557086014,1.80902400524795,1.09657880372581,0.910847129861674,1.26091370558376,0.747889992536028,0.652055159549664,0.886952952556483,0.327385189657267,1.27214997961181,0.474130101576726
"308",309,"slc39a9",141.705407529502,128.694163797932,163.205213110069,144.534928145834,9.97343053779292,8.04062905495928,11.1879731255609,9.73401090610437,0.0306676779893812,0.0260595495923794,0.033782583815143,0.0391758733950433,0.0265258081185049,0.0401705416028247,0.035290741038791,0.00760692960620309,0.0301699371323012,0.00388550175293995
"309",310,"slc30a4",126.170857506214,158.867727877582,156.341442465253,147.126675949683,9.91261693695272,21.1284062180099,19.4444375382882,16.8284868977503,0.0273057132900105,0.0321694575035656,0.0323618209444127,0.0389369961182443,0.0697020152724349,0.0698154686563187,0.0594848266823326,0.0177950336775585,0.0306123305793296,0.00286522937072439
"310",311,"cyp1a",4207.02137033107,2936.48777801092,2005.93697094747,3049.81537309649,358.070481747102,349.454092628847,238.268575254482,315.264383210144,0.91047743998688,0.594615533604495,0.415217948970933,1.40650940579278,1.15283918011138,0.855505962294317,1.13828484939949,0.275789902087881,0.640103640854103,0.250743627608375
"311",312,"ugt5f1",17.6184530751921,15.9128594425821,15.443483950836,16.3249321562034,0.88179721218291,0.522118769802551,1.07612345154648,0.826679811177314,0.00381295996392039,0.00322222809149015,0.00319671645914321,0.00346372051358615,0.00172245507263019,0.00386383318899472,0.00301666959173702,0.00113853676021279,0.00341063483818458,0.000348657196892596
"312",313,"dnaja2b",61.7593086291678,82.43382924354,78.7427021196944,74.3119466641341,5.29078327309746,12.6526781882151,12.1156657562044,10.0197090725057,0.0133658596584736,0.0166921979821457,0.0162993073781005,0.0207823230815169,0.041740827926738,0.0435014322829925,0.0353415277637491,0.0126393339483996,0.0154524550062399,0.0018176910809257
"313",314,"hsbp1b",109.499633090979,66.6948808331173,64.4431799429945,80.2125646223636,14.1847723959768,13.5576840558729,10.7055729576262,12.8160098031586,0.0236977511736128,0.0135051854982128,0.0133393847307457,0.0557181248133771,0.0447264167192972,0.0384384784491372,0.0462943399939371,0.00874587515144517,0.0168474404675238,0.00593312228519619
"314",315,"bmal2",6.25170915571331,4.08690925574513,4.00386620947599,4.78082820697814,0.471305406511556,0.243655425907857,0.148430820902963,0.287797217774125,0.00135298579364917,0.000827566777595831,0.000828778341259348,0.0018512988951926,0.00080381236722742,0.000532942508826859,0.00106268459041563,0.000696259298912148,0.00100311030416812,0.000303001667613121
"315",316,"nr1h4",135.264252641797,175.128409384483,162.919222666535,157.770628230938,6.71990289284218,10.8078585349128,10.8911114837549,9.47295763716996,0.0292736926262274,0.0354621168101703,0.0337233853621959,0.0263959390862944,0.0356548200034449,0.0391046565851707,0.0337184718916367,0.00657190673428483,0.0328197315995312,0.00319164394351654
"316",317,"mt2",218.241483253992,914.598118126112,510.588271856033,547.809291078712,13.926314592406,79.4664767639482,50.1510636125887,47.8479516563143,0.0472315040692073,0.18519888014368,0.105688971328216,0.0547028963869814,0.262157662054314,0.180067950169875,0.165642836203724,0.104476949056834,0.112706451847034,0.0692508699572989
"317",318,"slco3a1a",7.00949208367856,7.39121886677311,3.62254561809732,6.00775218951633,1.73318762394572,7.62293403911724,1.26166197767519,3.53926121357938,0.00151698407166725,0.00149666332118395,0.000749847070663219,0.00680800238877277,0.0251478440604007,0.00453001132502832,0.0121619525914006,0.0113036429417738,0.00125449815450481,0.000437158747529908
"318",319,"nat10",49.0664445857499,93.9119573660583,108.48570824723,83.8213700663461,1.85481482562612,5.88253813977541,5.43627881557103,4.39121059365752,0.0106188885016707,0.0190164280809255,0.0224559464845985,0.00728575694237086,0.0194063271516334,0.0195190193857837,0.0154037011599293,0.00703057171391153,0.0173637543557316,0.00608912828360989
"319",320,"ugt5c3",156.103283160841,101.216220716752,52.9082320537898,103.409245310461,13.7894839905155,35.48667238758,6.41963300405316,18.5652631273829,0.0337836452717246,0.0204954835983308,0.0109517137952128,0.0541654225141833,0.117069529769765,0.0230497635067617,0.0647615719302366,0.0478971596117446,0.0217436142217561,0.0114670242991319
"320",321,"abcc5",96.143708985591,257.997016208421,235.75145561986,196.630726937957,6.52225869011153,13.0877771630506,11.4662809147539,10.358772255972,0.020807281523544,0.0522423538112091,0.0487992580460564,0.0256195879366976,0.04317620715393,0.0411698088068749,0.0366552012991675,0.00960962956082126,0.0406162977936032,0.0172412752226337
"321",322,"dnajc8",45.182807079928,95.2162901072535,92.3749132614817,77.5913368162211,3.31434124579094,6.21321336065036,6.34541759360168,5.29099073334766,0.00977839732682808,0.019280545137605,0.0191211003019121,0.0130188115855479,0.0204972153642992,0.0227832922523483,0.0187664397340651,0.00510714782287907,0.0160600142554484,0.00544062396167519
"322",323,"cyp51",78.9988702403773,344.517754707706,16.9687663163506,146.828463754811,4.68264726469546,31.6403974500346,0.853477220192039,12.3921739783074,0.0170968204833849,0.0697621185709506,0.00351244154152771,0.0183935503135265,0.104380777401389,0.00306441942575444,0.0419462490468901,0.0546104231038379,0.0301237935319544,0.0349933057416962
"323",324,"hsf1",3.031131711861,5.56515302909975,7.62641182757331,5.40756552284469,0.973017613443211,3.41117596271,2.89440100760778,2.426198194587,0.000655993112072324,0.00112689944183262,0.00157862541192257,0.00382203642878471,0.0112533731411839,0.0103923789221237,0.00848926283069745,0.00406479759352753,0.00112050598860917,0.000461349376681954
"324",325,"hsd17b8",359.946890783494,234.953804447305,291.3289318133,295.409875681366,17.1190286365165,10.7208387399457,12.4310812506232,13.4236495423618,0.0778991820585886,0.0475762858098709,0.060303490735442,0.0672439534189311,0.0353677441580065,0.0446339351142496,0.049081877563729,0.0163969912861163,0.0619263195346338,0.0152264470317681
"325",326,"rxrba",23.8701622309054,19.4780356018491,31.8402693801186,25.062822404291,9.13724352624016,16.3423174948198,16.8468981724863,14.1088197311821,0.00516594575756956,0.00394414804641417,0.00659076109477673,0.0358913108390565,0.0539128437733247,0.0604889747518485,0.0500977097880765,0.0127349009806011,0.00523361829958682,0.00132460365266296
"326",327,"hsbp1l1",10.2300695275309,4.86950890046228,6.19645960990332,7.0986793459655,1.30749241806432,0.417695015842041,0.538061725773242,0.754416386559868,0.0022139767532441,0.000986037011603543,0.00128263314718709,0.00513586145117948,0.00137796405810415,0.00193191659449737,0.002815247367927,0.00202870725973129,0.00149421563734491,0.00064072955674068
"327",328,"thrb",3.69419177383059,6.17384164165754,5.91046916636932,5.25950086061915,1.09464481512361,2.03626320222995,1.15033886199797,1.42708229311718,0.000799491605338144,0.00125015406828306,0.00122343469423999,0.00429979098238279,0.00671757478325773,0.00413030444340818,0.00504922340301624,0.00144731774938632,0.00109102678928707,0.00025283008888859
"328",329,"slc39a7",88.2817111079516,88.4337598530382,114.586837709289,97.1007695567596,6.56786889074168,11.9043079514982,11.0952038624965,9.85579356824546,0.0191057993891064,0.0179071364428715,0.0237188468141366,0.0257987458942968,0.0392719756559684,0.0398374525348077,0.034969391361691,0.00794704314456661,0.0202439275487048,0.00306846804458197
"329",330,"nfe2l3",6.82004635168725,13.5650605084306,10.867636854292,10.4175812381366,0.88179721218291,4.00291056848622,2.96861641805927,2.61777473290947,0.00147598450216273,0.002746817389467,0.00224954121198967,0.00346372051358615,0.0132054888901648,0.0106588501765372,0.00910935319342937,0.00505234781574091,0.00215744770120647,0.000640402192305594
"330",331,"txnl4a",72.5577153526726,69.0426797672688,119.353345101522,86.9845800738211,2.73661203780903,2.68020968498643,3.41390888076816,2.94357686785454,0.0157028351202312,0.013980596200236,0.0247054876965881,0.010749477455957,0.00884193603950163,0.0122576777030178,0.0106163637328255,0.00171175705794791,0.0181296396723518,0.00575958849682653
"331",332,"abcf1",202.517487498713,682.166023645118,1106.87834662442,663.853952589417,13.0445173802231,48.6266614276109,71.8034096118085,44.4915294732142,0.0438285398003322,0.138133220643389,0.229117745722911,0.0512391758733953,0.160417982430958,0.257810938644993,0.156489365649782,0.103341902517814,0.137026502055544,0.0926495605892413
"332",333,"slc30a8",19.3234646631139,7.39121886677311,5.62447872283532,10.7797207509074,1.14025501575376,0.765774195710408,0.259753936580186,0.721927716014785,0.00418195608946107,0.00149666332118395,0.00116423624129289,0.00447894893998208,0.00252626743985761,0.000932649390447005,0.00264595525676223,0.00177617679409869,0.00228095188397931,0.00165468718578641
"333",334,"cyp46a1.1",9.85117806354824,1028.5098441905,7.81707212326264,348.726031459104,1.07944141491356,121.688481281981,0.333969347031667,41.0339640146421,0.00213197761423505,0.208265103093692,0.00161809104722063,0.00424007166318303,0.401446862261008,0.00119912064486043,0.135628684856351,0.230210315635126,0.0706717239183824,0.11915963878139
"334",335,"cyp46a1.5",23.680716498914,141.128802597326,53.2895526451685,72.6996905804695,1.33789921848442,28.4032610772588,2.41200083967315,10.7177203784721,0.00512494618806502,0.028577465532724,0.0110306450658089,0.005255300089579,0.0937015559510823,0.00866031576843646,0.0358723906030326,0.0501104560604109,0.014911018928866,0.0121982843830894
"335",336,"cyp46a1.2",691.47692176829,1034.5097748,142.232580584242,622.739759050844,39.2855861427697,61.7318425496549,9.01717236985502,36.6782003540932,0.149648428691499,0.209480041554418,0.0294413639323558,0.154314720812183,0.203651604753976,0.0323762574112317,0.130114194325797,0.0881649605200848,0.129523278059424,0.0916910444151879
"336",337,"cyp46a1.4",1287.94680894294,737.469731871797,894.673437522194,973.36332611231,63.5046026773796,39.6636225460005,39.9278908228971,47.6987053487591,0.278735573276481,0.149331783846601,0.185192493636166,0.249447596297402,0.130849170350807,0.143361534874425,0.174552767174211,0.0651618476452054,0.204419950253083,0.0668102274780574
"337",338,"cyp46a1.3",427.010679908418,304.779083859291,747.579019397874,493.122927721861,21.0415058907094,17.9608856812077,42.7295225674406,27.2439713797859,0.0924130296631886,0.0617153522441146,0.15474475600371,0.0826515377724693,0.0592524544984783,0.153420824728532,0.0984416056664933,0.0490297376193219,0.102957712637004,0.0474026396441185
"338",339,"slc30a1a",68.7688007128464,132.868028569757,98.7620331670744,100.132954149893,7.43446270271454,20.9891745460625,13.9896048701043,14.1377473729604,0.0148828437301409,0.0269047241737539,0.0204431990843973,0.0292027470886832,0.0692426939197334,0.0502298314569316,0.049558424155116,0.0200284154735723,0.0207435889960973,0.00601656695503506
"339",340,"fmo5",160.27108926465,367.560966468823,170.926955085487,232.919670272987,9.33488772897081,19.8405132524969,9.68511106391836,12.9535040151287,0.0346856358008241,0.0744281865722889,0.0353809420447146,0.0366676619886534,0.065453292759947,0.0347744987009526,0.0456318178165177,0.0171919797727959,0.0481649214726092,0.0227473115546704
"340",341,"prdx6",1566.14786637218,1499.20005272982,1124.51442397568,1396.62078102589,79.2097150943614,99.8117048272543,69.3914087721353,82.8042762312503,0.338943441093869,0.30357614494744,0.232768316987982,0.311137653030756,0.329275994717804,0.249150622876557,0.296521423541705,0.0420148119897253,0.291762634343097,0.0540643923421353
"341",342,"hif1ab",97.1856605115433,254.170973500915,215.255473833257,188.870702615238,13.8807043917758,43.5621093605262,33.9906579867786,30.4778239130269,0.0210327791558189,0.0514676104449492,0.0445567022515145,0.0545237384293819,0.143710168226445,0.122043834521351,0.106759247059059,0.0465163280516203,0.0390190306174275,0.0159552215354311
"342",343,"esr2a",53.6131421535414,100.172754523796,56.7214379675765,70.1691115483046,4.34817246007435,8.11024489093296,4.78689397412057,5.74843710837596,0.0116028781697792,0.0202841899529873,0.0117410265011741,0.0170797252911317,0.0267554687948556,0.0171873959096662,0.0203408633318845,0.0055554721378752,0.0145426982079802,0.0049727574678296
"343",344,"cyp2n13",3547.56077726932,5038.02869062471,1875.8113191395,3487.13359567784,143.580911583714,223.780104737373,78.0189502371201,148.459988852736,0.767757938541647,1.02016093532654,0.388282652880005,0.563989250522545,0.738244244129297,0.280127906202118,0.527453800284653,0.231233159629012,0.725400508916063,0.318061558256039
"344",345,"cyp2ad6",37.0366406043016,13.2172384441119,30.6009774581379,26.9516188355171,2.35652703255778,0.696158359736734,1.33587738812667,1.46285426014039,0.00801541583813371,0.00267638617435247,0.0063342344653393,0.00925649447596299,0.00229660676350691,0.00479648257944174,0.00544986127297055,0.00352564703712203,0.0056753454926085,0.00272981875707412
"345",346,"cyp2ad2",7455.06844532212,5239.93939896173,5564.42072969318,6086.47619132568,391.791623412993,302.358979592657,332.707685053992,342.286096019881,1.61341505914188,1.06104625570053,1.151804566174,1.53896685577785,0.99747373256014,1.19459063353541,1.2436770739578,0.274063513802954,1.2754219603388,0.296207307234105
"346",347,"cyp2v1",159.797474934672,199.997686983272,131.55560402564,163.783588647861,8.28585311447735,8.99784679959729,6.56806382495613,7.95058791301026,0.0345831368770628,0.0404979486908597,0.0272312883556644,0.0325470289638699,0.0296836424183269,0.0235827060155886,0.0286044591325951,0.00457856406566762,0.0341041246411957,0.00664628908895365
"347",348,"cyp2ad3",1015.90273780341,588.775799375538,546.718397889162,717.13231168937,45.5493870293103,36.7571613940996,26.4206861207275,36.2424115147125,0.219860191467989,0.119222439385136,0.113167709217199,0.178919080322484,0.121260837113165,0.0948637665711812,0.131681228002277,0.0429856063371091,0.150750113356775,0.0599275989153184
"348",349,"cyp2p6",1389.30027555829,1136.07381758107,782.088532917643,1102.487542019,103.06385002393,160.360078165357,80.6350434555348,114.686323881607,0.300670342961399,0.230045956367863,0.161888035992659,0.40483726485518,0.529023367973819,0.289521017920192,0.407793883583064,0.119778546142576,0.230868111773974,0.069394806264772
"349",350,"cyp2p7",359.283830721524,97.1293114610066,93.2328845920837,183.215342258205,14.1999757961869,4.14214224043357,3.91486290131566,7.41899364597871,0.0777556835653227,0.019667916820735,0.0192986956607534,0.0557778441325771,0.0136648102428661,0.0140563586703084,0.0278330043485839,0.0242017330052528,0.0389074320156037,0.0336440792327406
"350",351,"cyp2p8",37.4155320682842,64.0862153507268,13.8228714374766,38.4415396188292,1.68757742331557,3.2197324137824,0.964800335869262,1.95737005765574,0.00809741497714275,0.0129769513848538,0.00286125855910965,0.00662884443117349,0.0106218062812195,0.00346412630737459,0.00690492567325586,0.00358681771089184,0.00797854164036872,0.00505889399857811
"351",352,"cyp2p9",1430.5047222664,1349.11483197629,969.507603580257,1249.70905260765,128.955240581646,192.435574590227,119.802226321304,147.064347164392,0.309587749328632,0.273185075625517,0.200682755490656,0.506539265452376,0.6348395246024,0.430151222436878,0.523843337497218,0.103435479613384,0.261151860148269,0.0554407172279888
"352",353,"cyp2p10",64.6009946090375,32.7822295620407,76.8360991628011,58.0731077779598,2.52376443486833,1.20087317054587,2.44910854489889,2.0579153834377,0.0139808532010414,0.00663814202454528,0.0159046510251199,0.00991340698716036,0.00396164666704944,0.00879355139564317,0.00755620168328432,0.00316293194046562,0.0121745487502355,0.00489020440177947
"353",354,"cyp2j20",73.5049440126292,97.564089041405,38.8947003206239,69.987911124886,2.37173043276783,6.05657772970959,2.00381608219,3.47737474822247,0.0159078329677539,0.0197559558396281,0.0080509896008051,0.00931621379516275,0.0199804788425102,0.00719472386916259,0.0121638055022785,0.00685204104318168,0.014571592802729,0.00596579516887447
"354",355,"esr1",9.75645519755259,14.6085267013868,14.6808427680786,13.015274889006,1.14025501575376,1.67078006336816,1.70695444038408,1.505996506502,0.00211147782948279,0.00295811103481062,0.00303885391795094,0.00447894893998208,0.00551185623241659,0.00612883885150889,0.00537321467463585,0.000833636786134942,0.00270281426074812,0.000513701211309317
"355",356,"sod2",1583.1979822514,1425.72264164249,1272.27615313492,1427.06559234294,77.1572560660047,77.8479085775603,69.6326088561027,74.8792578332226,0.342633402349276,0.288697550754494,0.263354184343983,0.303075544938788,0.256818051329161,0.250016654453401,0.269970083573783,0.0288711521939769,0.298228379149251,0.0404898273557746
"356",357,"slc22a16",0.947228659956562,0.434777580398418,2.28792354827199,1.22330992954232,0.334474804621104,0.487310851815714,0.296861641805927,0.372882432747582,0.000204997847522601,8.80390188931735e-05,0.00047358762357677,0.00131382502239475,0.00160762473445484,0.00106588501765372,0.0013291115915011,0.000271193177617398,0.000255541496664181,0.000197681377460745
"357",358,"rxrgb",121.434714206431,306.952971761283,228.60169453151,218.996460166408,8.3618701155276,21.0935983000231,11.7816964091727,13.7457216082411,0.0262807240523974,0.0621555473385804,0.047319296722379,0.0328456255598687,0.0695871849342597,0.042302311638132,0.0482450407107534,0.0190780650994384,0.0452518560377856,0.0180265490233696
"358",359,"ephx1",1296.47186688255,1084.1613744815,1392.29680927135,1257.6433502118,101.938798408386,103.04884120003,129.116260332965,111.367966647127,0.280580553904185,0.219534097512018,0.288197801764113,0.400418035234397,0.339955216168111,0.463593364865764,0.401322205422757,0.06182403332154,0.262770817726772,0.0376372966276349
"359",360,"ncoa1",2.84168597986969,7.47817438285279,9.53301478446664,6.61762504906304,0.0304068004201004,0.417695015842041,0.315415494418797,0.254505770226979,0.000614993542567805,0.00151427112496258,0.00197328176490321,0.000119438638399523,0.00137796405810415,0.00113250283125708,0.00087663517592025,0.000667137730005095,0.00136751547747787,0.00069093388886728
"360",361,"dnajc5ga",5.49392622774806,10.8694395099604,10.1049956715346,8.82278713641435,2.41734063339798,5.04714810809133,4.73123241628196,4.06524038592376,0.00118898751563109,0.00220097547232933,0.00209167867079739,0.00949537175276203,0.0166503990354252,0.0169875424688562,0.0143777710856811,0.00423164079976585,0.0018272138862526,0.000555415270607328
"361",362,"cyp39a1",42.9094582960323,163.650281261965,2.09726325258266,69.5523342701933,2.05245902835677,13.9927830307084,0.296861641805927,5.44736790029037,0.00928640249277385,0.0331378867113906,0.000434121988278706,0.00806210809196774,0.0461617959464891,0.00106588501765372,0.0184299296853702,0.0242699214887447,0.0142861370641477,0.0169154386908619
"362",363,"hsf2",125.791966042231,183.128316863814,145.283145315272,151.401142740439,11.3721433571175,17.0384758545566,12.0785580509786,13.4963924208842,0.0272237141510013,0.0370820347578047,0.030072814097125,0.0446700507614212,0.0562094505368318,0.0433681966557856,0.0480825659846795,0.00706812531164373,0.031459521001977,0.00507334587098142
"363",364,"hsdl1",15.155658559305,7.65208541501216,5.14782798361199,9.31852398597638,0.760170010502509,0.661350441749898,0.556615578386112,0.659378676879506,0.00327996556036162,0.00154948673251985,0.00106557215304773,0.00298596595998806,0.00218177642533157,0.00199853440810072,0.00238875893114012,0.000525249070155052,0.00196500814864307,0.00116420705891675
"364",365,"slc22a2",7658.62788434679,5744.89008083646,4185.85146171146,5863.12314229824,340.039249097982,299.52213427673,209.677088378049,283.079490584254,1.65746909657449,1.16329477224306,0.866448290151351,1.33568229322186,0.98811505999885,0.752847911531545,1.02554842158408,0.293214804434838,1.2290707196563,0.399591460734785
"365",366,"mgst3a",1360.7886928936,2740.75091131555,1930.62615415018,2010.72191945311,55.9637161731947,128.30198569948,77.6664270374756,87.3107096367168,0.29449990775097,0.554980367298788,0.399629023028197,0.219826813974321,0.423264626514324,0.278862167743655,0.307317869410766,0.104661507302308,0.416369766025985,0.131044674858039
"366",367,"hsp90ab1",9195.6958308583,25275.0120368173,29056.1524123151,21175.6200933302,588.097926925161,1780.92971983751,2018.47362575417,1462.50042417228,1.99011910374941,5.11798989312063,6.01446415533674,2.31006270528516,5.87523683757249,7.24735194190925,5.14421716158897,2.54852870820152,4.37419105073559,2.11276260190511
"367",368,"hsp90aa1.2",11.1772981874874,13.9128825727494,8.38905301033064,11.1597445901891,0.653746209032158,0.992025662624847,0.760707957127687,0.802159942928231,0.00241897460076669,0.00281724860458156,0.00173648795311482,0.00256793072558973,0.00327266463799736,0.00273133035773766,0.00285730857377491,0.00036887037697718,0.00232423705282102,0.000546573232680458
"368",369,"txnl1",270.528505283594,350.865507381523,461.49324571603,360.962419460382,18.7609958592019,28.1770096103443,38.8703212239635,28.6027755645032,0.0585473852524549,0.0710474882467909,0.0955265702389644,0.0736936398925052,0.0929551587529423,0.139564319499034,0.102071039381494,0.0338682900023309,0.0750404812460701,0.0188101840869738
"369",370,"dnajc21",3.78891463982625,13.3911494762713,24.2138575525453,13.7979738895476,0.243254403360803,1.63597214538133,1.91104681912565,1.26342445595593,0.000819991390090405,0.00271160178190975,0.00501213568285416,0.000955509107196179,0.00539702589424126,0.00686163480114581,0.00440472326752775,0.00307556150246096,0.00284790961828477,0.00209939355827602
"370",371,"slc31a2",22.6387649729618,20.7823683430444,22.5932450391859,22.004792785064,1.64196722268542,1.5141444324274,1.76261599822269,1.63957588444517,0.00489944855579016,0.0042082651030937,0.0046766777828206,0.00644968647357421,0.00499511971062755,0.00632869229231896,0.00592449949217357,0.000807136903960109,0.00459479714723482,0.000352791681000702
"371",372,"gstt1b",2843.01209999363,1452.07016301464,1303.16312103659,1866.08179468162,121.718422081662,75.3417384825081,66.4970077645276,87.8523894428992,0.615280539554336,0.294032715299421,0.269747617262269,0.478112869513289,0.248550266980536,0.238758243954433,0.321807126816086,0.135453256988635,0.393020290705342,0.192865640175955
"372",373,"rxraa",11.5561896514701,22.9562562450365,10.6769765586026,15.0631408183697,2.73661203780903,6.28282919662403,2.70886248147908,3.90943457197071,0.00250097373977574,0.00464846019755957,0.00221007557669159,0.010749477455957,0.0207268760406499,0.00972620078609019,0.013734184760899,0.00607742316168633,0.00311983650467563,0.00133179323889109
"373",374,"esrra",31.8268829745405,59.8253950628223,81.6026065550344,57.7516281974657,6.38542808822107,16.9514560595895,26.1609321841473,16.4992721106526,0.00688792767675941,0.0121141689997007,0.0168912919075715,0.0250821140638997,0.0559223746913934,0.0939311171807341,0.0583118686453424,0.0344866433356805,0.0119644628613438,0.0050033621625332
"374",375,"prdx5",604.521330784278,377.647806334066,387.707711284258,456.625616134201,32.2008016448863,19.8579172114904,21.1142842734465,24.3910010432744,0.130829626288924,0.0764706918106105,0.0802533693786135,0.126485518065094,0.0655107079290349,0.0758110718806207,0.0892690992915833,0.0326392515865145,0.0958512291593827,0.030351167386277
"375",376,"hif1al2",23.8701622309054,37.1300053660249,61.4879453598098,40.82937098558,1.15545841596381,3.09790470082847,2.87584715499491,2.37640342392906,0.00516594575756956,0.00751853221347702,0.0127276673836257,0.00453866825918183,0.0102199000976058,0.0103257611085204,0.00836144315510267,0.0033110432747202,0.00847071511822409,0.00386974129633503
"376",377,"dnajc18",17.9973445391747,25.7388327595863,18.8753692732439,20.8705155240016,2.97986644116983,3.34156012673633,1.59563132470686,2.63901929753767,0.00389495910292943,0.00521190991847586,0.00390709789450835,0.0117049865631532,0.0110237124648332,0.00572913196988876,0.00948594366595838,0.00327127791376009,0.00433798897197121,0.00075686207668236
"377",378,"aldh3a2b",32.0163287065318,70.6078790567031,46.7117724438865,49.7786600690405,30.4828174211506,144.557283399333,58.2962049096388,77.7787685767075,0.00692892724626392,0.0142975366682514,0.00966908064802572,0.119737234995521,0.476890394442211,0.209313170341749,0.268646933259827,0.185822405517209,0.0102985148541803,0.00372441160028785
"378",379,"slc47a1",85.2505793960906,219.301811552962,45.6631408175952,116.738510588883,4.91069826784621,14.4452859645372,2.17080075570584,7.17559499602975,0.0184498062770341,0.0444068811297167,0.00945201965388637,0.0192893401015229,0.0476545903427684,0.00779428419159283,0.0249127382119614,0.0205165288571854,0.0241029023535457,0.0181501709809116
"379",380,"slc47a2.1",42.8147354300366,268.257767105824,92.8515640007051,134.641355512189,2.43254403360803,13.2618167529848,5.4548326681839,7.04973115159224,0.00926590270802157,0.054320074657088,0.0192197643901573,0.00955509107196179,0.0437503588448068,0.0195856371993871,0.0242970290387186,0.0175777414451326,0.0276019139184223,0.0236678035639063
"380",381,"slco2b1",38.2680378622451,232.779916545313,56.3401173761978,109.129357261252,3.10149364285024,26.0363226541539,3.87775519608992,11.005190497698,0.00828191303991309,0.0471360907154051,0.011662095230578,0.0121827411167513,0.0858930929551587,0.0139231230431017,0.0373329857050039,0.0420632885592924,0.0223600329952987,0.0215231546252647
"381",382,"hspa4a",31.0691000465752,60.3471281593004,115.158818596357,68.8583489340775,2.43254403360803,6.85715984340683,11.6332655882698,6.97432315509489,0.00672392939874131,0.0122198158223725,0.0238372437200308,0.00955509107196179,0.0226215766205431,0.0417693691293053,0.0246486789406034,0.0162025240487696,0.0142603296470482,0.00873722806537247
"382",383,"pparda",138.674275817641,170.084989451861,201.813922987159,170.19106275222,28.3087311911134,57.7637398991555,78.4827965524419,54.8517558809036,0.0300116848773089,0.0344408641910094,0.041774374963001,0.111197372349955,0.190560946201986,0.281793351542202,0.194517223364715,0.0853667741330411,0.0354089746771064,0.00594080364496068
"383",384,"ahr2",33.1530030984797,51.3037544870133,59.7720026986058,48.0762534280329,9.36529452939091,26.123342449121,20.2979147584802,18.595517245664,0.00717492466329105,0.0103886042293945,0.0123724766659431,0.0367871006270529,0.0861801688005971,0.072879888082073,0.0652823858365743,0.0255579796966987,0.00997866851954288,0.00262291291691638
"384",385,"sult3st3",747.07924410774,1014.07522852127,433.942832988921,731.699101872644,34.8918034820652,52.1944730212617,21.0029611577693,36.0297458870321,0.161681802341076,0.205342207666438,0.089823785938394,0.137055837563452,0.172188092093931,0.0754113649990006,0.128218431552128,0.0489898819712643,0.152282598648636,0.0583299683882438
"385",386,"sult3st2",321.489407189257,514.428833127408,186.084448592789,340.667562969818,17.8183850461788,29.6215382067981,10.5385882841104,19.3261705123624,0.0695762694491708,0.104167767154403,0.0385184600509107,0.0699910421021201,0.0977206177872194,0.0378389181267071,0.0685168593386822,0.0299680563212392,0.0707541655514948,0.0328405003039396
"386",387,"slc30a7",917.864571497909,529.211270860954,972.653498459131,806.576446939331,52.8014089295043,41.6128659532633,75.0503338190608,56.4882029006095,0.198642914249401,0.107161093796771,0.201333938473074,0.207405195580771,0.137279669288626,0.269469056025581,0.204717973631659,0.0661356512240252,0.169045982173082,0.0536107727966542
"387",388,"gpx4a",120737.459189837,55715.6165063482,63473.4816791185,79975.5191251012,15821.4184285887,6627.60162428365,7796.45874489644,10081.8262659229,26.129825136836,11.2819713697111,13.1386625096197,62.1469095252314,21.8642705402767,27.993271600826,37.3348172221114,21.7053243892821,16.8501530053889,8.08987401926759
"388",389,"hsd11b1la",660.597267453706,662.948854591508,369.118332454548,564.221484833254,40.4106377583134,50.4018652449396,26.5320092364047,39.1148374132192,0.142965498862262,0.134241896008311,0.0764054699370522,0.158733950432965,0.166274329677901,0.0952634734528012,0.140090584521222,0.0390040606199507,0.117870954935875,0.0361740949621282
"389",390,"dnaja3b",25.0068366228532,32.9561405942001,19.4473501603119,25.8034424591217,1.91562842646632,2.33213050511806,1.48430820902963,1.91068904687134,0.00541194317459667,0.00667335763210255,0.00402549480040254,0.0075246342191699,0.00769363265774817,0.00532942508826859,0.00684923065506222,0.00131889985923995,0.00537026520236725,0.00132442334013769
"390",391,"hmox2a",681.152129374764,546.167596496493,695.052107935463,640.790611268907,33.1890226585395,27.707102717522,35.4007507853567,32.0989587204727,0.147413952153503,0.110594615533605,0.143871973479093,0.130367273813078,0.0914049491875751,0.127106788355206,0.116293003785287,0.0216152524296906,0.133960180388733,0.0203125236980026
"391",392,"dnajc19",173.721736236033,157.998172716785,169.211012424283,166.976973792367,9.86700673632257,9.67660120034061,11.596157883044,10.3799219399024,0.037596605235645,0.0319933794657792,0.035025751327032,0.038757838160645,0.0319228340127461,0.0416361335020984,0.0374389352251632,0.00498915578604033,0.0348719120094854,0.00280477889658691
"392",393,"cp",30952.5909214006,58428.1068749379,99440.5931594327,62940.4303185904,1489.84200018366,2983.07337938989,5428.78305911543,3300.56614622966,6.69871466349605,11.8312292007818,20.5836572804231,5.85213496566141,9.84107481196529,19.492105789088,11.7284385222382,7.01311680689288,13.0378670482336,7.02067582501973
"393",394,"ncoa6",7.19893781566987,90.2598256907116,46.6164422960419,48.0250686008078,0.699356409662308,5.70849854984122,3.24692420725232,3.21825972225195,0.00155798364117177,0.0182769003222228,0.0096493478303767,0.00274708868318901,0.0188321754607567,0.0116581173805876,0.0110791271748444,0.00805815899596369,0.00982807726459043,0.00836089121475531
"394",395,"gss",19.8918018590878,22.6084341807177,43.4705474171679,28.6569278189911,0.942610813023111,1.11385337557878,2.15224690309297,1.40290369723162,0.00430495479797463,0.00457802898244501,0.00899816484795864,0.00370259779038519,0.00367457082161108,0.00772766637798948,0.00503494499666192,0.00233200722679811,0.00596038287612609,0.00263433708147784
"395",396,"dnajc5ab",2.84168597986969,2.43475445023114,4.19452650516532,3.15698897842205,1.79400122478592,8.84121116865653,2.6346470710276,4.42328648815668,0.000614993542567805,0.000493018505801771,0.000868243976557412,0.00704687966557181,0.0291669058965378,0.00945972953167677,0.0152245050312621,0.0121345938347817,0.000658752008308996,0.000191401778907526
"396",397,"hsd17b10",603.952993588304,429.560249433637,314.39882759171,449.304023537884,30.3763936196803,27.3938314556405,15.7707747209399,24.5136665987536,0.130706627580411,0.0869825506664554,0.0650788326065079,0.119319199761123,0.0903714761439971,0.056625141562854,0.0887719391559914,0.0313776213609952,0.0942560036177913,0.0334130095421024
"397",398,"hspb7",2.65224024787837,4.52168683614355,2.28792354827199,3.15395021076464,1.00342441386331,1.74039589934184,0.705046399289076,1.14962223749808,0.000573993973063283,0.000915605796489005,0.00047358762357677,0.00394147506718423,0.0057415169087673,0.00253147691692759,0.00407148963095971,0.00160896458239387,0.000654395797709686,0.000231718269350996
"398",399,"sult1st5",167.280581348329,211.214948557551,99.2386839062977,159.244737937393,7.28242870061403,9.46775369241959,5.12086332115223,7.29034857139528,0.0362026198724914,0.0427693553783036,0.0205418631726424,0.0286055538966856,0.0312338519836941,0.0183865165545266,0.0260753074783021,0.00678712878253329,0.0331712794744791,0.011419593727215
"399",400,"hnf4a",680.394346446799,848.946703485951,399.147329025618,642.829459652789,73.4932366153826,104.528177714471,42.1729069890545,73.3981071063027,0.147249953875485,0.171904988290811,0.0826213074964974,0.288683189011646,0.344835505540564,0.151422290320432,0.261646994957547,0.0995006773702847,0.133925416554264,0.0461091247494858
"400",401,"hspg2",3.22057744385231,6.78253025421532,3.05056473102932,4.35122414303232,0.608136008402007,2.40174634109173,0.630830988837594,1.21357111277711,0.000696992681576844,0.00137340869473351,0.000631450164769026,0.00238877276799045,0.00792329333409885,0.00226500566251415,0.00419235725486782,0.00323167798435741,0.000900617180359792,0.000410758831219997
"401",402,"dnajc22",542.383130691127,777.73013581669,992.100848619443,770.738038375753,27.867832585022,47.7042516009597,57.0530967845765,44.2083936568527,0.117381767491441,0.157484196996109,0.205359433273477,0.109465512093162,0.157374978469311,0.204849776830324,0.157230089130933,0.0476922974342034,0.160075132587009,0.044046022857246
"402",403,"dnajc11a",283.221369327012,198.084665629519,204.006516387586,228.437517114706,15.3706376123607,13.7665315637939,13.1546815025251,14.0972835595599,0.0612943564092578,0.0401105770077298,0.0422282297689287,0.0603762317109584,0.0454153987483492,0.0472320298447804,0.0510078867680293,0.00816391158467613,0.0478777210619721,0.0116672915167052
"403",404,"aldh8a1",1104.27917177736,1081.81357554734,1444.15640969885,1210.08305234118,46.051099236242,45.7898161116837,59.1125744246051,50.3178299241769,0.238986490641849,0.219058686809993,0.298932454565187,0.180889817856077,0.151059309869667,0.212244354140297,0.18139782728868,0.0305956854113032,0.25232587733901,0.0415741400626032
"404",405,"rarga",4.92558903177412,6.08688612557785,6.86377064481598,5.95874860072265,1.38350941911457,1.60116422739449,1.78116985083556,1.58861449911487,0.00106598880711753,0.00123254626450443,0.00142076287073031,0.00543445804717828,0.00528219555606591,0.00639531010592232,0.0057039879030555,0.000603523618164531,0.00123976598078409,0.000177497189500147
"405",406,"nfe2",3.22057744385231,5.21733096478102,10.295655967224,6.24452145861911,0.182440802520602,0.400291056848622,0.296861641805927,0.29319783372505,0.000696992681576844,0.00105646822671808,0.00213114430609547,0.000716631830397134,0.00132054888901648,0.00106588501765372,0.00103435524568911,0.000303190613827283,0.0012948684047968,0.000746206207564859
"406",407,"dnajc16",2.84168597986969,3.82604270750608,1.143961774136,2.60389682050392,0.0608136008402007,0.31327126188153,0,0.124694954240577,0.000614993542567805,0.000774743366259927,0.000236793811788386,0.000238877276799045,0.00103347304357811,0,0.000424116773459052,0.000541065510167475,0.000542176906872039,0.000276268216801299
"407",408,"cyp2aa12",644.399657368449,178.432718995511,374.647481029539,399.1599524645,49.3654404820329,21.4764853978783,43.2304765879881,38.0241341559664,0.139460035669626,0.0361312133537584,0.0775499733606962,0.193908629441624,0.0708503186541885,0.155219505695823,0.139992817930545,0.0629263536103137,0.0843804074613601,0.0520019471058406
"408",409,"cyp2aa6",299.229533680278,168.954567742825,816.216725846034,428.133609089712,14.3976199989175,10.5816070679984,49.0749401610422,24.6847224093194,0.0647588200323898,0.0342119627418872,0.168952384711013,0.0565541952821738,0.0349084228053052,0.17620411698088,0.0892222450227865,0.0761020328475578,0.0893077224950966,0.0706451115590961
"409",410,"cyp2aa7",25.9540652828098,40.1734484288138,10.2003258193793,25.442613177001,1.33789921848442,2.76722947995352,0.742154104514817,1.61576093431759,0.00561694102211927,0.00813480534572922,0.00211141148844643,0.005255300089579,0.00912901188493999,0.0026647125441343,0.00568300817288443,0.00325330480362336,0.00528771928543164,0.00302516257479143
"410",411,"cyp2aa1",42.3411211000583,92.0858915283849,45.6631408175952,60.0300511486795,3.04068004201004,7.65774195710408,3.67366281734834,4.79069493882082,0.00916340378426027,0.0186466642015741,0.00945201965388637,0.0119438638399523,0.0252626743985761,0.0131903270934648,0.0167989551106644,0.00735624400078027,0.0124206958799069,0.00539377752014789
"411",412,"cyp2aa2",302.260665392139,198.780309758157,285.990443533999,262.343806228098,17.4687068413477,11.9913277464653,18.906375812515,16.1221368001093,0.0654148131444621,0.040251439437959,0.0591984529470963,0.0686174977605258,0.0395590515014068,0.0678835520618215,0.0586867004412513,0.0165690942584866,0.0549549018431724,0.0131074268470968
"412",413,"abce1",574.58890512965,491.472576882372,551.198914837861,539.086798949961,31.197377231023,33.1023300054817,37.0705975205151,33.7901015856733,0.12435169430721,0.0995193069568433,0.114095151646704,0.12254404299791,0.109203651604754,0.133102391579508,0.121616695394057,0.011976327620728,0.112655384303586,0.0124786442725719
"413",414,"vdra",2.46279451588706,4.34777580398418,4.76650739223332,3.85902590403485,1.71798422373567,4.05512244546648,3.78498593302556,3.18603086740924,0.000532994403558763,0.000880390188931735,0.000986640882451605,0.00674828306957301,0.0133777343974278,0.0135900339750849,0.0112386838140286,0.00389024959508045,0.000800008491647368,0.000237265030918391
"414",415,"abcg2a",2356.98907456991,3027.18238128203,2055.5086478267,2479.89336789288,91.0379604577805,131.156234974401,83.0284904425951,101.740895291592,0.510096143990488,0.612980472945611,0.425479014148431,0.35759928336817,0.432680714244704,0.298114715875025,0.362798237829299,0.0674334770342134,0.51618521036151,0.0938989180433974
"415",416,"ncoa2",25.9540652828098,55.4776192588381,54.6241747149938,45.3519530855472,5.76208867960902,17.1254956495237,15.6965593104884,12.861381213207,0.00561694102211927,0.0112337788107689,0.0113069045128954,0.0226336219767095,0.0564965263822702,0.0563586703084405,0.0451629395558067,0.0195110831070225,0.00938587478192786,0.00326419716108671
"416",417,"hnf4g",56.0759366694285,208.258461010842,69.1143571873831,111.149584955885,3.60320584978189,16.8644362646224,5.49194037340964,8.65319416260464,0.012135872573338,0.0421706900498301,0.0143062927955483,0.0141534786503434,0.0556352988459551,0.0197188728265938,0.0298358834409641,0.0225155674925978,0.0228709518062388,0.0167492567951118
"417",418,"abcd3a",4222.36647462237,2859.35823524824,2696.69922222992,3259.47464403351,218.837742623462,215.965727149328,189.304958209117,208.036142660636,0.913798405116747,0.578997411652845,0.558201945655819,0.859599880561361,0.712464833208931,0.679701552195057,0.750588755321783,0.095817155119518,0.683665920808471,0.199571623989817
"418",419,"abcb8",109.120741626996,77.9121424073965,56.2447872283532,81.0925570875819,5.01712206931656,3.28934824975607,2.41200083967315,3.57282371958193,0.0236157520346037,0.0157765921856567,0.0116423624129289,0.0197073753359212,0.0108514669575702,0.00866031576843646,0.0130730526873093,0.00584901390302881,0.0170115688777298,0.00608147928801701
"419",420,"abcd4",46.4142043378715,40.3473594609732,13.6322111417873,33.4645916468773,2.91905284032963,2.15809091518388,1.07612345154648,2.05108906902,0.0100448945286075,0.0081700209532865,0.00282179292381159,0.0114661092863541,0.00711948096687145,0.00386383318899472,0.00748314114740677,0.00381416268796977,0.00701223613523518,0.00374815267324901
"420",421,"slc22a17",0,0,0.571980887067998,0.190660295689333,0.0912204012603011,0.0348079179868367,0.296861641805927,0.140963320351022,0,0,0.000118396905894193,0.000358315915198567,0.000114830338175346,0.00106588501765372,0.000513010423675878,0.000494038504627126,3.94656352980642e-05,6.83564854892308e-05
"421",422,"pparab",13.8295384353658,14.4346156692275,18.5893788297099,15.6178443114344,17.2102490377768,39.6288146280136,39.5568137706397,32.1319591454767,0.00299296857382998,0.00292289542725336,0.00384789944156125,0.0676022693341296,0.130734340012631,0.142029178602358,0.113455262649706,0.040109426469232,0.00325458781421486,0.000515016093754457
"422",423,"fth1b",19.8918018590878,41.5647366860888,13.3462206982533,24.9342530811433,1.48993322058492,2.95867302888112,0.89058492541778,1.77973039162794,0.00430495479797463,0.00841653020618739,0.00276259447086449,0.00585249328157661,0.00976057874490439,0.00319765505296116,0.00627024235981405,0.00330134481171592,0.00516135982500884,0.00292263913313591
"423",424,"cat",11073.8608178202,17794.1420329661,17624.2564129305,15497.4197545723,695.084254203284,1326.44273468338,1409.57329070499,1143.70009319722,2.39658883581723,3.60317292624092,3.64812439568245,2.73030755449388,4.37589711201699,5.06108853507427,4.05576440052838,1.19791431646116,3.2159620525802,0.709953878722139
"424",425,"dnajc24",12.3139725794353,9.91292883308393,6.48245005343731,9.56978382198551,0.516915607141706,1.14866129356561,0.612277136224724,0.759284678977347,0.00266497201779381,0.00200728963076436,0.00134183160013418,0.00203045685279188,0.0037894011597864,0.0021983878489108,0.00267274862049636,0.000970687836017094,0.00200469774956412,0.000661574016718647
"425",426,"cyp2x7",888.689928771246,125.215943154744,771.983537246108,595.296469724033,39.1183487404591,6.1610014836701,41.4121990319268,28.897183085352,0.192328980545704,0.0253552374412339,0.159796357321862,0.153657808300985,0.0203249698570362,0.148690959962694,0.107557912706905,0.0755867523729541,0.125826858436267,0.0885183758463929
"426",427,"cyp2x8",632.464576252996,1142.59548128704,512.685535108616,762.581864216217,23.4132363234773,52.5077442831432,23.3593004396038,33.0934270154081,0.136877062790841,0.231366541651259,0.106123093316495,0.0919677515676323,0.173221565137509,0.0838718273266269,0.116353714677256,0.0494150818000567,0.158122232586198,0.0652686622156521
"427",428,"cyp2x9",1943.42904163288,3099.44241514424,1348.06362067143,2130.31169248285,72.7786768055102,112.377363220502,47.108231784078,77.4214239366967,0.420594083762121,0.627612557885655,0.279041774374963,0.285876381009257,0.370729746799103,0.169142628738925,0.275249585515761,0.101212835790711,0.442416138674246,0.175307014519543
"428",429,"bmal1a",47.5508787298194,62.9557936416909,56.5307776718872,55.6791500144658,2.09806922898692,3.93329473251255,3.4510165859939,3.16079351583112,0.0102908919456346,0.0127480499357315,0.011701560865876,0.00824126604956702,0.0129758282138141,0.0123909133302245,0.0112026691978685,0.0025812715491282,0.011580167582414,0.00123306877100451
"429",430,"dnajb9a",5.30448049575675,1.91302135375304,4.38518680085465,3.86756288345481,1.61156042226532,0.974621703631428,1.37298509335241,1.31972240641639,0.00114798794612657,0.000387371683129963,0.000907709611855476,0.00633024783517469,0.00321524946890968,0.00492971820664845,0.00482507183691094,0.00156013360084412,0.000814356413704002,0.000388806365158238
"430",431,"cyp11a1.1",0.378891463982625,0,0.190660295689333,0.189850586557319,0,0,0.0371077052257408,0.0123692350752469,8.19991390090406e-05,0,3.94656352980642e-05,0,0,0.000133235627206715,4.44118757355716e-05,7.69236252334455e-05,4.04882581023683e-05,4.10091333437553e-05
"431",432,"ugt5a3",134.790638311819,319.648477108917,428.509014561775,294.316043327504,5.79249548002912,14.3234582515833,19.9824992640614,13.3661509985579,0.0291711937024662,0.0647262866902612,0.0886990153323992,0.022753060615109,0.0472526841591547,0.0717473852508159,0.0472510433416932,0.0244971623590666,0.0608654985750422,0.0299511210250007
"432",433,"ugt5a2",81.3669418902687,132.259339957199,213.158210580674,142.261497476047,6.65908929200198,15.4547155861555,16.8654520250992,12.9930856344189,0.0176093151021915,0.0267814695473034,0.0441225802632358,0.0261570618094954,0.0509846701498535,0.0605555925654519,0.0458991081749336,0.0177542089373952,0.0295044549709102,0.0134647426484075
"433",434,"ugt5a1",128.917820620088,63.477526738169,212.681559841451,135.025635733236,5.99013968275977,2.62799780800617,8.46055679146891,5.69289809407828,0.027900207047826,0.0128536967584033,0.0440239161749907,0.0235294117647059,0.0086696905322386,0.030377723003131,0.0208589417666918,0.0110976675904016,0.0282592733270733,0.0155882116057045
"434",435,"hsd17b12a",0,23.912766921913,0.381320591378666,8.09802917109722,0.243254403360803,4.78608872319005,0,1.67644770885028,0,0.00484214603912454,7.89312705961285e-05,0.000955509107196179,0.01578917149911,0,0.00558156020210207,0.00885295124275443,0.00164035910324022,0.00277310966668632
"435",436,"clpxb",149.851574005128,244.779777764309,363.779844175247,252.803731981561,16.5717062289547,46.3815507174599,63.6768221673713,42.210026371262,0.0324306594780755,0.0495659676368566,0.0753004321487065,0.0650940579277397,0.153011425618648,0.228632336286723,0.148912606611037,0.0818461505514947,0.0524323530878795,0.0215781481219606
