"","Geneid","Length","E1_cpm","E2_cpm","E3_cpm","E4_cpm","E5_cpm","E6_cpm","CPM_mean","CPM_stdev"
"1","rpl24",635,0.568337195973937,0.869555160796836,0.953301478446664,6.14408789659861,11.824160160679,9.15371262629647,4.91885908646525,4.86143812489949
"2","nfkbiz",2396,0.189445731991312,0,0,0,0,0,0.0315742886652187,0.0773408962211285
"3","hikeshi",865,0,0,0,0,0.16197479672163,0,0.026995799453605,0.0661259338598372
"4","tmem39a",2292,0,0,0,0,0,0.273245153023775,0.0455408588372959,0.111551866599493
"5","pou2f1a",3029,0,0.173911032159367,0,0,0,0,0.0289851720265612,0.0709988815718676
"6","creg1",1491,0.189445731991312,0,0.381320591378666,0.180708467547018,0,0.136622576511888,0.148016227904814,0.142241720388934
"7","h2af1al",559,0,0,0,0.180708467547018,0.16197479672163,0,0.057113877378108,0.0886785375175253
"8","f7l",2862,0.189445731991312,0.347822064318734,0.381320591378666,0,0,0,0.153098064614785,0.179800535523834
"9","f7",1809,0,0,0,0.542125402641054,0.64789918688652,0.136622576511888,0.221107861006577,0.296312983102754
"10","f7i",1785,0.568337195973937,0.521733096478102,0.953301478446664,1.08425080528211,0.64789918688652,0.273245153023775,0.674794486015184,0.297303477857848
"11","f10",2786,0.189445731991312,0,0.762641182757331,1.08425080528211,0.971848780329781,0.409867729535663,0.569675704982699,0.437815080192566
"12","prozb",1520,0,0,0.381320591378666,0.180708467547018,0.32394959344326,0,0.147663108728157,0.174457972399681
"13","pcid2",1625,0,0,0,0,0,0.136622576511888,0.0227704294186479,0.0557759332997464
"14","cul4a",3373,0.189445731991312,0,0,0,0,0.0683112882559438,0.0429595033745427,0.0767893272425104
"15","lamp1a",2979,0.189445731991312,0,0,0,0,0,0.0315742886652187,0.0773408962211285
"16","dcun1d2b",1853,0,0,0,0,0.48592439016489,0,0.0809873983608151,0.198377801579512
"17","gas6",5857,0,0,0,0,0,0.136622576511888,0.0227704294186479,0.0557759332997464
"18","pros1",2565,0,0,0.190660295689333,0,0,0,0.0317767159482221,0.0778367397745047
"19","ercc5",3347,0,0,0,0.361416935094036,0,0.683112882559438,0.174088302942246,0.288244683546311
"20","blzf1",3164,0,0,0,0,0.16197479672163,0,0.026995799453605,0.0661259338598372
"21","txnl4b",3661,70.2843665687769,50.0863772618978,27.4550825792639,105.172328112365,46.7297288541903,70.9754284979256,61.7838853124032,26.7627563403981
"22","mrpl16",2132,0.189445731991312,0,0,0.361416935094036,0,0.136622576511888,0.114580873932873,0.145880056709553
"23","mrpl39",1235,0,0.173911032159367,0,0,0,0,0.0289851720265612,0.0709988815718676
"24","atp5pf",1242,1.32612012393919,0.869555160796836,1.52528236551466,0.361416935094036,0.809873983608151,1.63947091814265,1.08861991451592,0.490923641187631
"25","appa",5919,0,0.173911032159367,0,0.180708467547018,0,0,0.0591032499510642,0.0915875891387696
"26","hemk2",2517,0,0,0,0,0.16197479672163,0,0.026995799453605,0.0661259338598372
"27","LOC100332351",1183,1.5155658559305,0.869555160796836,0.476650739223332,0.90354233773509,0.64789918688652,0.409867729535663,0.80384683501799,0.40184505264716
"28","wu:fa56d06",2195,0,0,0,0,0,0.54649030604755,0.0910817176745917,0.223103733198986
"29","sonb",7591,0,0,0,0,0,0.273245153023775,0.0455408588372959,0.111551866599493
"30","atp1a1a.1",3477,0,0,0,0.180708467547018,1.29579837377304,0.273245153023775,0.291625332390639,0.50520092684304
"31","kpnb3",4189,0,0,0.190660295689333,0,0.32394959344326,0.136622576511888,0.10853874427408,0.133623696854696
"32","farp1",8285,0,0,0.190660295689333,0,0,0,0.0317767159482221,0.0778367397745047
"33","ndfip2",5387,0,0,0,0,0,0.136622576511888,0.0227704294186479,0.0557759332997464
"34","tuba8l2",1608,0,0.347822064318734,0.381320591378666,0.180708467547018,0.971848780329781,0,0.3136166505957,0.361496545688283
"35","atic",2912,0,0,0,0.361416935094036,0,0,0.060236155849006,0.147547845896829
"36","fn1b",8613,0,0.695644128637469,2.85990443533999,2.71062701320527,11.6621853639574,2.45920637721398,3.39792788639235,4.21400647555264
"37","abcb6a",7025,22.7334878389575,24.173633470152,26.1204605094386,115.743773463865,82.1212219378665,85.3207990316738,59.3688960419923,40.1387954823142
"38","cnppd1",2347,0,0,0,0,0,0.0683112882559438,0.011385214709324,0.0278879666498732
"39","retreg2",2507,0,0,0,0.180708467547018,0,0,0.030118077924503,0.0737739229484146
"40","fastkd2",2549,0,0,0,0,0.16197479672163,0.136622576511888,0.049766228872253,0.077513222057617
"41","lancl1",2865,0,0,0,0,0,0.0683112882559438,0.011385214709324,0.0278879666498732
"42","mylz3",966,0,0,0,0,0,0.0683112882559438,0.011385214709324,0.0278879666498732
"43","pcnp",1529,0,0,0,0,0,0.136622576511888,0.0227704294186479,0.0557759332997464
"44","arglu1b",1862,0,0,0,0.180708467547018,0,0,0.030118077924503,0.0737739229484146
"45","actb1",1730,0,0.869555160796836,0,0,0.32394959344326,0,0.198917459040016,0.353174343262601
"46","abcg2b",3461,0.378891463982625,16.1737259908212,0,0.180708467547018,0.16197479672163,1.77609349465454,3.11189903562116,6.43184074751565
"47","hapstr1b",3481,0,0.173911032159367,0.381320591378666,0.180708467547018,0.16197479672163,0,0.149652481301113,0.141539135630281
"48","zgc:136472",1709,0,0.347822064318734,0,0,0,0,0.0579703440531224,0.141997763143735
"49","gaa2",5792,0,0,0,0,0.16197479672163,0.273245153023775,0.0725366582909009,0.117753426827362
"50","ugt5b5",1742,2.55751738188272,3.99995373966545,1.42995221767,7.13798446810721,3.48245812951505,5.25996919570767,3.97797252209135,2.0191735405552
"51","ugt5b6",2038,1333.41378462085,605.036480882438,448.147025017777,817.705815650257,488.83993650588,877.458497647598,761.766923387467,328.847942493139
"52","ugt5b4",2310,213.789508552196,131.563695828561,104.577172185599,64.964694083153,35.6344552787586,74.8008606402585,104.221731094754,63.029713957668
"53","ugt5b3",2089,34.0055088924406,42.1734252986465,6.76844049697131,11.8364046243297,4.04936991804075,11.4762964269986,18.3849076095712,15.7541010989832
"54","ugt5b2",2019,734.954717260296,244.69282224823,210.107645849645,224.53027092717,85.7656548641031,198.854160113052,283.150878543749,228.229833070976
"55","ugt5b1",2289,36.9419177383059,18.1737028606539,12.297589071962,21.5043076380952,17.5742654442969,28.0759394731929,22.4279537044178,8.80555784526717
"56","fgb",1819,2.84168597986969,2.78257651454988,8.38905301033064,5.60196249395756,17.0073536557712,8.8804674732727,7.58384985462527,5.30283348169044
"57","fga",2349,2.55751738188272,5.47819751302007,11.0582971499813,3.07204394829931,18.0601898344618,4.23529987186852,7.41025761658561,6.04833278225187
"58","eif3f",893,0.378891463982625,0.173911032159367,0,0.542125402641054,1.29579837377304,1.63947091814265,0.671699531783123,0.652315949781503
"59","mpc2a",3701,0.189445731991312,0,0,0.180708467547018,0.16197479672163,0.136622576511888,0.111458595461975,0.0882141573496444
"60","saraf",1907,0,0,0.381320591378666,0.180708467547018,0,0,0.0936715098209473,0.158376029208812
"61","mttp",3149,0,0,0,0,0.48592439016489,0.136622576511888,0.103757827779463,0.195035443146517
"62","stra6l",3821,0,0,0,0,0.16197479672163,0,0.026995799453605,0.0661259338598372
"63","nansa",2732,0,0,0,0,0.16197479672163,0.136622576511888,0.049766228872253,0.077513222057617
"64","zgc:77739",1242,0,0.347822064318734,0,0,0,0,0.0579703440531224,0.141997763143735
"65","ppp2r2ca",7474,0,0,0,0,0,0.136622576511888,0.0227704294186479,0.0557759332997464
"66","hgsnat",2862,0,0,0,0.180708467547018,0,0,0.030118077924503,0.0737739229484146
"67","pi4k2b",2330,0,0,0,0,0.32394959344326,0,0.05399159890721,0.132251867719674
"68","dlc1",9138,0,0,0,0,0,0.136622576511888,0.0227704294186479,0.0557759332997464
"69","mtus1b",6525,0,0,0,0,0.16197479672163,0.136622576511888,0.049766228872253,0.077513222057617
"70","pcm1",7676,0,0,0,0,0.48592439016489,0,0.0809873983608151,0.198377801579512
"71","asah1b",1644,0,0,0.571980887067998,0,0,0,0.0953301478446664,0.233510219323514
"72","fat1a",21375,0,0,0,0,0.16197479672163,0,0.026995799453605,0.0661259338598372
"73","ufsp2",1798,0,0,0,0.542125402641054,0,0,0.090354233773509,0.221321768845244
"74","cyp4v2a",2471,4786.15697302852,2882.22753597719,2510.04279275007,2609.43027137894,2809.04791214487,3242.94178737442,3139.97454544233,845.547873879399
"75","fam114a1",2683,0,0,0,0.180708467547018,0,0,0.030118077924503,0.0737739229484146
"76","tmsb5",439,0,0,0,0.542125402641054,0,0,0.090354233773509,0.221321768845244
"77","exosc9",1394,0,0,0,0,0,0.136622576511888,0.0227704294186479,0.0557759332997464
"78","rbm47",7419,0,0,0,0,0,0.273245153023775,0.0455408588372959,0.111551866599493
"79","clockb",5541,5.49392622774806,9.21728470444646,10.867636854292,79.6020799544615,107.470277624802,87.8483166971437,50.0832536771489,46.4476732517953
"80","ecpas",6370,0,0,0,0.180708467547018,0.16197479672163,0.136622576511888,0.079884306796756,0.0886206506346712
"81","fbxo10",4530,0,0,0,0,0.16197479672163,0,0.026995799453605,0.0661259338598372
"82","tmem192",1554,0,0,0,0,0.32394959344326,0,0.05399159890721,0.132251867719674
"83","tma16",2101,0,0,0,0.180708467547018,0,0,0.030118077924503,0.0737739229484146
"84","grhprb",2478,0,0,0.381320591378666,0,2.59159674754608,0.819735459071326,0.632108799666012,1.01354586580662
"85","mettl14",1696,0,0,0,0,0,0.136622576511888,0.0227704294186479,0.0557759332997464
"86","ugt8",5434,0,0,0,0.180708467547018,0.64789918688652,0,0.138101275738923,0.259998897092698
"87","zcchc7",4295,0,0,0,0,0,0.136622576511888,0.0227704294186479,0.0557759332997464
"88","melk",2571,0,0,0,0,0.16197479672163,0,0.026995799453605,0.0661259338598372
"89","adgrl3.1",6832,0,0,0.190660295689333,0,0,0,0.0317767159482221,0.0778367397745047
"90","rpl9",781,0.75778292796525,1.21737722511557,0.190660295689333,7.9511725720688,11.3382357705141,8.06073201420137,4.91932680092574,4.76751660385187
"91","ugdh",2210,0,0.347822064318734,0,0,0,0,0.0579703440531224,0.141997763143735
"92","n4bp2",5876,0,0,0,0.361416935094036,0,0,0.060236155849006,0.147547845896829
"93","ncapg",3803,0,0,0,0,0,0.409867729535663,0.0683112882559438,0.167327799899239
"94","lrba",10760,0,0,0,0,0,0.136622576511888,0.0227704294186479,0.0557759332997464
"95","rps3a",1461,2.27334878389575,0.695644128637469,3.43188532240799,11.7460503905562,15.3876056885549,17.077822063986,8.43539272967303,7.16791300649331
"96","qdprb.4",849,0,0,0,0,0.16197479672163,0,0.026995799453605,0.0661259338598372
"97","gatb",2126,0.378891463982625,0,0,0,0,0.273245153023775,0.108689436167733,0.171663213253815
"98","dctpp1",1337,0,0,0,0.180708467547018,0,0,0.030118077924503,0.0737739229484146
"99","plrg1",4748,0,0,0,0,0,0.136622576511888,0.0227704294186479,0.0557759332997464
"100","fgg",1578,6.062263423722,3.30430961102798,6.67311034912665,8.31258950716283,14.5777317049467,12.5692770390937,8.58321360584664,4.23713813784009
"101","lrata",1148,0,0,0.190660295689333,0.180708467547018,0,0,0.0618947938727251,0.0959386319938456
"102","fabp2",616,0,1.73911032159367,0,0.180708467547018,0,0,0.319969798190115,0.698981577782119
"103","si:ch211-145b13.6",982,0,0,0.381320591378666,0,0,0,0.0635534318964443,0.155673479549009
"104","pdcd4a",2848,0,0,0,0,0.32394959344326,0,0.05399159890721,0.132251867719674
"105","mxd4",3754,0,0,0,0,0.16197479672163,0,0.026995799453605,0.0661259338598372
"106","uso1",3911,0,0,0,0,0.16197479672163,0,0.026995799453605,0.0661259338598372
"107","anp32b",1495,0.378891463982625,0,0,0.361416935094036,0.48592439016489,0.409867729535663,0.272683419796202,0.215479709732955
"108","hemgn",5665,0,0,0,0,0.16197479672163,0.273245153023775,0.0725366582909009,0.117753426827362
"109","dnajb14",5422,24.6279451588706,26.9562099847019,14.2995221767,36.3224019769506,30.9371861738314,47.6129679143928,30.1260388975746,11.2747598055751
"110","zgc:172295",12899,0,0,0.190660295689333,0,0,0,0.0317767159482221,0.0778367397745047
"111","timmdc1",1084,0,0,0,0,0.16197479672163,0,0.026995799453605,0.0661259338598372
"112","pwp2h",2931,0,0,0,0,0,0.0683112882559438,0.011385214709324,0.0278879666498732
"113","cbsa",2930,0,0,0,0,0,0.273245153023775,0.0455408588372959,0.111551866599493
"114","cryaa",1495,0,0,0,0.180708467547018,0,0,0.030118077924503,0.0737739229484146
"115","cars2",2688,0,0,0,0,0,0.136622576511888,0.0227704294186479,0.0557759332997464
"116","lig4",3210,0,0,0,0,0,0.136622576511888,0.0227704294186479,0.0557759332997464
"117","raph1b",6736,0,0.521733096478102,0.190660295689333,2.52991854565825,0.971848780329781,3.14231925977342,1.22607999632148,1.30445943270551
"118","spp2",1014,0,0,0,0.180708467547018,1.13382357705141,0.273245153023775,0.264629532937034,0.441067257809282
"119","alg11",2846,0,0,0,0,0,0.136622576511888,0.0227704294186479,0.0557759332997464
"120","cpb2",1712,0,0.0869555160796836,0.190660295689333,0.813188103961581,0.566911788525705,0.614801594303494,0.3787528830933,0.329798423335307
"121","zc3h13",5982,0,0,0,0,0,0.136622576511888,0.0227704294186479,0.0557759332997464
"122","tm9sf2",3462,0,0,0,0.180708467547018,0,0,0.030118077924503,0.0737739229484146
"123","pcca",2999,0,0.173911032159367,0,0,0.48592439016489,0,0.109972570387376,0.196877506403458
"124","vps8",4477,0,0,0,0.180708467547018,0,0,0.030118077924503,0.0737739229484146
"125","mzt1",772,0,0,0,0.180708467547018,0,0.409867729535663,0.0984293661804468,0.168829538409488
"126","dis3",3243,0,0,0,0,0,0.136622576511888,0.0227704294186479,0.0557759332997464
"127","metap1d",1256,0,0,0,0.180708467547018,0,0.136622576511888,0.0528885073431509,0.0831121091081427
"128","as3mt",2096,0,0,0,0,0,0.136622576511888,0.0227704294186479,0.0557759332997464
"129","nt5c2b",8134,0,0,0,0,0.32394959344326,0,0.05399159890721,0.132251867719674
"130","pudp",3335,0,0,0,0,0,0.136622576511888,0.0227704294186479,0.0557759332997464
"131","arl13b",5472,0,0,0,0.361416935094036,0.16197479672163,0.136622576511888,0.110002384721259,0.143471681033118
"132","gpalpp1",1658,0,0,0.0953301478446664,0,0,0,0.0158883579741111,0.0389183698872524
"133","gtf2f2a",1292,0,0,0.0953301478446664,0,0,0,0.0158883579741111,0.0389183698872524
"134","tpt1",2733,4.35725183580019,2.08693238591241,1.71594266120399,22.7692669109243,26.4018918656257,30.0569668326153,14.5647087486803,13.209251370757
"135","gab1",6867,0,0,0,0,0.16197479672163,0,0.026995799453605,0.0661259338598372
"136","smad1",3072,0,0,0,0,0,0.136622576511888,0.0227704294186479,0.0557759332997464
"137","mmaa",1687,0,0,0,0,0,0.136622576511888,0.0227704294186479,0.0557759332997464
"138","arhgap10",3629,0,0,0,0,0,0.136622576511888,0.0227704294186479,0.0557759332997464
"139","nr3c2",3540,4.92558903177412,11.4781281225182,2.85990443533999,19.1550975599839,13.119958534452,28.2808733379607,13.3032585036715,9.39347280007907
"140","hmgb2a",1104,0.568337195973937,0.347822064318734,0.762641182757331,0,0.16197479672163,0,0.306795873295272,0.312122577824458
"141","spcs3",709,0,0,0,0,0,0.136622576511888,0.0227704294186479,0.0557759332997464
"142","sod3b",5736,0.189445731991312,0.869555160796836,0.381320591378666,1.44566774037614,0.64789918688652,1.0929806120951,0.771144837254097,0.463415642086862
"143","stox2a",8393,0,0,0,0.180708467547018,0.48592439016489,0.273245153023775,0.156646335122614,0.198097214017371
"144","aip",3917,0,0,0,0,0.16197479672163,0,0.026995799453605,0.0661259338598372
"145","cntf",1137,0,0,0,0,0,0.273245153023775,0.0455408588372959,0.111551866599493
"146","zfp91",2922,0,0.173911032159367,0,0,0,0,0.0289851720265612,0.0709988815718676
"147","tesk1a",5427,0,0,0,0.180708467547018,0.16197479672163,0,0.057113877378108,0.0886785375175253
"148","faah2a",2491,0,0,0,0,0.16197479672163,0,0.026995799453605,0.0661259338598372
"149","txna",656,2172.46893161037,1932.93416693529,1938.63388656914,2006.67717787586,1433.07201399462,1914.97034367887,1899.79275344403,247.565010901665
"150","maml3",6520,0,0,0,0.180708467547018,0,0,0.030118077924503,0.0737739229484146
"151","scoca",2074,0,0,0.190660295689333,0,0,0,0.0317767159482221,0.0778367397745047
"152","clgn",2930,0,0.173911032159367,0,0.180708467547018,0,0.136622576511888,0.0818736793697122,0.0909357240268841
"153","naa15b",3208,0,0,0.190660295689333,0,0.16197479672163,0,0.0587725154018271,0.0915007450520586
"154","htt",11265,0,0,0,0,0.16197479672163,0,0.026995799453605,0.0661259338598372
"155","paip2b",1140,0,0,0,0.180708467547018,0.32394959344326,0.273245153023775,0.129650535669009,0.149269042062087
"156","dtx4b",3216,0,0,0,0,0.16197479672163,0,0.026995799453605,0.0661259338598372
"157","mogs",2992,0,0,0,0,0.16197479672163,0,0.026995799453605,0.0661259338598372
"158","suclg1",3715,0.378891463982625,0.173911032159367,1.71594266120399,0.542125402641054,0.48592439016489,1.0929806120951,0.731629260374505,0.571174901561725
"159","vwa11",5946,0,0,0,0,0,0.136622576511888,0.0227704294186479,0.0557759332997464
"160","ctnnd1",5282,0,0,0,0,0.32394959344326,0.136622576511888,0.076762028325858,0.132856775174322
"161","timm10",1545,0,0,0,0,0,0.273245153023775,0.0455408588372959,0.111551866599493
"162","unc93b1",5221,0,0,0,0.180708467547018,0,0.136622576511888,0.0528885073431509,0.0831121091081427
"163","zdhhc5a",5697,0,0,0.381320591378666,0.542125402641054,0.64789918688652,0.136622576511888,0.284661292903021,0.279839997254053
"164","tmx2b",2024,0,0,0,0,0,0.273245153023775,0.0455408588372959,0.111551866599493
"165","slc43a1b",3846,0.378891463982625,0,0,0,0.16197479672163,0.136622576511888,0.11291480620269,0.149640759090503
"166","tmem187",2163,0.189445731991312,0,0.0953301478446664,0,0,0,0.0474626466393298,0.0793237738660369
"167","ndufs8a",1529,0,0,0,0,0,0.136622576511888,0.0227704294186479,0.0557759332997464
"168","kdm2aa",6376,0,0,0,0,0.32394959344326,0,0.05399159890721,0.132251867719674
"169","vps37c",5370,0,0,0,0.180708467547018,0.16197479672163,0,0.057113877378108,0.0886785375175253
"170","dnaja1",2399,36.9419177383059,14.4346156692275,17.9220677947973,37.7680697173268,25.9159674754608,33.2675973806446,27.7083726292938,9.92509892145422
"171","rps6",818,0.378891463982625,1.21737722511557,1.90660295689333,7.22833870188072,15.7115552819981,8.74384489676081,5.86443508777186,5.90707678703781
"172","atf7ip",4482,0,0,0,0.180708467547018,0.16197479672163,0,0.057113877378108,0.0886785375175253
"173","prr36a",7547,0,0,0,0.542125402641054,0,0.409867729535663,0.158665522029453,0.249336327324428
"174","pkn1a",6914,0,0.173911032159367,0,0.722833870188072,0,0,0.149457483724573,0.289381621513916
"175","eif5b",4504,0,0.173911032159367,0.762641182757331,0.180708467547018,0.48592439016489,0.136622576511888,0.289967941523416,0.281006038970458
"176","atp11a",11173,0,0,0.190660295689333,0,0,0,0.0317767159482221,0.0778367397745047
"177","cab39l",3028,0,0,0,0,0.16197479672163,0.136622576511888,0.049766228872253,0.077513222057617
"178","cdadc1",3200,0,0.173911032159367,0,0,0,0,0.0289851720265612,0.0709988815718676
"179","kpna3",1857,0,0,0,0,0.16197479672163,0,0.026995799453605,0.0661259338598372
"180","agpat3",8048,0,0,1.143961774136,0.722833870188072,0,1.0929806120951,0.493296042736528,0.559588786219687
"181","itsn1",10355,0,0.173911032159367,0,0.180708467547018,0,0.136622576511888,0.0818736793697122,0.0909357240268841
"182","mhc1zba",2323,0,0,0.190660295689333,0.180708467547018,0.48592439016489,0.683112882559438,0.25673433932678,0.274334648170431
"183","cbr1",3815,0,0,0,0.180708467547018,0,0,0.030118077924503,0.0737739229484146
"184","bcl9",7386,0,0,0,0,0,0.136622576511888,0.0227704294186479,0.0557759332997464
"185","atp5md",372,0.189445731991312,0,0,0,0,0,0.0315742886652187,0.0773408962211285
"186","pdcd11",5772,0,0,0,0.180708467547018,0.48592439016489,0,0.111105476285318,0.197338035886034
"187","herc56.4",3165,2.08390305190444,4.34777580398418,5.91046916636932,12.2881757931972,4.21134471476238,31.4231925977342,10.0441435213253,11.0365054192125
"188","herc56.3",3180,0.75778292796525,5.73906406125912,0,18.2515552222488,3.88739512131912,31.1499474447104,9.96429079625045,12.2990965481207
"189","herc56.2",5478,1.13667439194787,4.34777580398418,3.05056473102932,3.16239818207282,1.6197479672163,6.55788367257061,3.31250745813685,1.96443774827271
"190","gstcd",4545,0.568337195973937,0.347822064318734,0,0.180708467547018,0.32394959344326,1.29791447686293,0.453121966357647,0.454807901638739
"191","hadh",3474,0,0.173911032159367,0,0,0.48592439016489,0,0.109972570387376,0.196877506403458
"192","cyp2u1",2205,320.068564199322,302.25737389298,139.468006296747,1590.05380594621,1497.61897048819,1802.59827449785,942.01083255355,762.81616455671
"193","aimp1a",1146,0,0.173911032159367,0,0.361416935094036,0.16197479672163,0.273245153023775,0.161757986166468,0.144756429889463
"194","abcg2d",2884,0,0.173911032159367,0,0,0.48592439016489,0,0.109972570387376,0.196877506403458
"195","ppm1kb",3570,0,0,0,0,0,0.136622576511888,0.0227704294186479,0.0557759332997464
"196","herc56.1",7132,0.189445731991312,1.91302135375304,0.762641182757331,1.44566774037614,0.48592439016489,2.25427251244615,1.17516215191481,0.824493510957569
"197","herc3",7432,0,0.347822064318734,0,0.180708467547018,0.48592439016489,1.0929806120951,0.351239255687624,0.410889469718333
"198","zgc:154142",4803,0,0.173911032159367,0,0,0,0,0.0289851720265612,0.0709988815718676
"199","mdh1aa",3248,3.031131711861,2.43475445023114,1.33462206982533,1.80708467547018,5.34516829181379,4.3719224483804,3.05411394126364,1.54151989583607
"200","ugp2a",5134,0,0.173911032159367,0.190660295689333,0.361416935094036,1.78172276393793,0.341556441279719,0.474877911360064,0.653507646835131
"201","psen2",2995,0,0.173911032159367,0.190660295689333,0,0,0,0.0607618879747833,0.0942808074610305
"202","srd5a2a",1024,0.189445731991312,0,0,0.180708467547018,0.16197479672163,0,0.0886881660433268,0.0975577014993251
"203","esf1",2515,0,0.173911032159367,0,0,0.16197479672163,0,0.0559809714801662,0.0868074499943072
"204","kif16ba",4458,0,0,0,0.180708467547018,0,0,0.030118077924503,0.0737739229484146
"205","spred2a",6702,0,0.173911032159367,0,0,0,0,0.0289851720265612,0.0709988815718676
"206","ppp3r1b",4401,0,0,0,0,0.16197479672163,0,0.026995799453605,0.0661259338598372
"207","fbxo48",1581,0,0.173911032159367,0,0,0,0,0.0289851720265612,0.0709988815718676
"208","prdx2",1022,20332.6420774316,11196.3922504201,8344.81982173072,9116.10970811065,5576.87323852409,9667.75507042245,10705.7653611066,5067.57414863352
"209","nfixa",13663,0,0,0,0,0.16197479672163,0.136622576511888,0.049766228872253,0.077513222057617
"210","rad23aa",1658,0,0,0.190660295689333,0,0.32394959344326,1.22960318860699,0.290702179623264,0.478784324190042
"211","si:ch211-217k17.11",1438,0,0,0,0,0,0.273245153023775,0.0455408588372959,0.111551866599493
"212","si:ch211-217k17.10",1365,0,0,0,0,0,0.136622576511888,0.0227704294186479,0.0557759332997464
"213","ccdc86",4620,0,0,0.190660295689333,0.542125402641054,0.48592439016489,0,0.203118348082546,0.252519873883817
"214","acy3.2",1801,0,0,0,0,0.16197479672163,0,0.026995799453605,0.0661259338598372
"215","abca1a",9626,300.176762340234,391.386777874656,1316.22335129131,7187.13717128,4792.10534840779,3573.02193222714,2926.67522390352,2755.6801893171
"216","osbp",8163,0,0.347822064318734,0.381320591378666,1.08425080528211,0.32394959344326,0.273245153023775,0.401764701241091,0.361414552101656
"217","LOC108179086",1112,0.378891463982625,0.869555160796836,0.190660295689333,0.180708467547018,0,0,0.269969231335969,0.326003528365581
"218","smarca5",5598,0,0,0,0,0.16197479672163,0,0.026995799453605,0.0661259338598372
"219","znf330",1696,0.568337195973937,0.695644128637469,3.05056473102932,1.80708467547018,0.48592439016489,1.36622576511888,1.32896348106578,0.988358221976973
"220","ucp1",2982,2.46279451588706,6.26079715773722,4.57584709654399,3.07204394829931,34.3386569049856,4.50854502489229,9.20311410805757,12.3848718129278
"221","elmod2",5808,0,0,0,0,0.32394959344326,0,0.05399159890721,0.132251867719674
"222","zgc:66455",2271,0,0,0,0,0,0.136622576511888,0.0227704294186479,0.0557759332997464
"223","commd1",2223,0,0,0,0,0,0.273245153023775,0.0455408588372959,0.111551866599493
"224","usp34",12146,0,0,0,0.180708467547018,0,0.54649030604755,0.121199795599095,0.220531567866173
"225","cct4",2389,0,0,0,0,1.13382357705141,0.683112882559438,0.302822743268475,0.490303871319094
"226","pus10",1894,0,0,0,0.180708467547018,0,0,0.030118077924503,0.0737739229484146
"227","ltv1",2359,0.189445731991312,0,0,0,0.48592439016489,0.273245153023775,0.15810254586333,0.19834143385941
"228","nup133",3659,0,0,0,0,0.32394959344326,0,0.05399159890721,0.132251867719674
"229","smdt1b",605,0,0.521733096478102,0,0.361416935094036,0,0,0.14719167192869,0.233595931138544
"230","rfx1b",6522,0,0,0,0,0,0.136622576511888,0.0227704294186479,0.0557759332997464
"231","tnpo2b",4758,0,0,0,0,0,0.136622576511888,0.0227704294186479,0.0557759332997464
"232","tsc2",6780,0,0,0,0.180708467547018,0,0.136622576511888,0.0528885073431509,0.0831121091081427
"233","exosc1",612,0,0,0,0,1.29579837377304,0.136622576511888,0.238736825047488,0.520727860611102
"234","pgam1b",2576,0,0,0,0,0.16197479672163,0.273245153023775,0.0725366582909009,0.117753426827362
"235","avpi1",4049,0,0,0,0,0,0.136622576511888,0.0227704294186479,0.0557759332997464
"236","zfyve27",3004,0,0,0,0,0,0.136622576511888,0.0227704294186479,0.0557759332997464
"237","zgc:136864",1406,0,0,0,0.180708467547018,0,0,0.030118077924503,0.0737739229484146
"238","aftpha",4099,0,0,0,0,0.16197479672163,0,0.026995799453605,0.0661259338598372
"239","rab1aa",1069,0,0,0,0.361416935094036,0,0,0.060236155849006,0.147547845896829
"240","mb",1457,0,0,0.762641182757331,0.180708467547018,0,0.273245153023775,0.202765800554687,0.297407537995989
"241","mri1",6670,0,0,0,0,0.16197479672163,0,0.026995799453605,0.0661259338598372
"242","cc2d1a",11759,0,0,0,0.180708467547018,0,0,0.030118077924503,0.0737739229484146
"243","dnajb1b",2169,17.6184530751921,24.5214555344708,10.6769765586026,59.814502758063,34.0147073115423,39.2106794589117,30.9761291161304,17.5547058415877
"244","tecrb",3548,0.189445731991312,0,0,0,0.16197479672163,0,0.0585700881188238,0.0911512905111682
"245","ndufb7",589,0,0,0.190660295689333,0,0.16197479672163,0,0.0587725154018271,0.0915007450520586
"246","c3a.6",5152,0,0.260866548239051,0.953301478446664,2.89133548075229,3.72542032459749,0.409867729535663,1.37346526026186,1.55338103186678
"247","c3a.1",6264,2.27334878389575,2.95648754670924,10.867636854292,21.0525364692276,24.6201691016878,7.7874868611776,11.5929442694983,9.33427333097292
"248","c3a.2",5164,0.189445731991312,0.347822064318734,1.33462206982533,0.542125402641054,4.53529430820564,1.22960318860699,1.36315212759818,1.62257215684681
"249","c3a.3",5179,0,0,1.143961774136,0.90354233773509,2.10567235738119,0,0.692196078208713,0.858379975218236
"250","gcgrb",4737,0,0,0,0,0.32394959344326,0,0.05399159890721,0.132251867719674
"251","slc25a10b",2802,0,0,0.190660295689333,0,0,0,0.0317767159482221,0.0778367397745047
"252","colgalt1b",5614,0,0,0,0.180708467547018,0,0,0.030118077924503,0.0737739229484146
"253","slc27a1b",2590,0.189445731991312,0,0.190660295689333,0.451771168867545,1.37678577213386,0.819735459071326,0.504733071292229,0.512895831220063
"254","adgre5b.1",4833,0,0,0.190660295689333,0,0,0,0.0317767159482221,0.0778367397745047
"255","sid4",1625,428.71569149634,194.258622922013,297.23940097967,206.188361471148,141.323010139622,239.909244354875,251.272388560611,101.09423111115
"256","adgrl1.1",1446,0.189445731991312,0,0,0.180708467547018,0,0.273245153023775,0.107233225427018,0.121831327211857
"257","LOC101884937",9019,0,0,0,0,0,0.136622576511888,0.0227704294186479,0.0557759332997464
"258","LOC108190761",4008,0.189445731991312,0,0,0,0,0,0.0315742886652187,0.0773408962211285
"259","mfap4.5",1960,0,0,0.190660295689333,0.090354233773509,0.0809873983608151,0,0.0603336546372761,0.0764634491964028
"260","LOC141375416",1976,0,0,0,0.090354233773509,0,0,0.0150590389622515,0.0368869614742073
"261","akap8l",2351,0.189445731991312,0.347822064318734,0,0.180708467547018,0.64789918688652,0.409867729535663,0.295957196713208,0.224386435599281
"262","txndc11",5450,0,0,0,0,0.16197479672163,0,0.026995799453605,0.0661259338598372
"263","parn",2512,0,0,0,0,0.16197479672163,0,0.026995799453605,0.0661259338598372
"264","LOC108190785",2668,0,0,0,0.180708467547018,0,0,0.030118077924503,0.0737739229484146
"265","thumpd1",1361,0,0,0,0,0.16197479672163,0,0.026995799453605,0.0661259338598372
"266","gtf3c1",6393,0,0.173911032159367,0,0,0,0,0.0289851720265612,0.0709988815718676
"267","cyp3a65",2012,1468.58331439665,10054.4924132617,1502.3077998841,1221.95065755294,2870.43636010237,3568.10351947271,3447.64567744507,3366.09120775372
"268","LOC100330916",38229,0,0,0.190660295689333,0,0,0,0.0317767159482221,0.0778367397745047
"269","tmc7",2868,0,0.347822064318734,0,0,0,0.409867729535663,0.126281632309066,0.196616093028934
"270","LOC101884216",2537,0,0,0,0,0.16197479672163,0,0.026995799453605,0.0661259338598372
"271","cdc37",1628,0.189445731991312,0.173911032159367,0.762641182757331,0,0,0.136622576511888,0.210436753903316,0.28309725189995
"272","zmp:0000000625",2647,0,0.173911032159367,0,0,0.32394959344326,0,0.0829767709337712,0.137023734521591
"273","zgc:77398",1349,0,0.347822064318734,0.190660295689333,0,0,0.273245153023775,0.13528791883864,0.156318600638652
"274","zgc:77197",2462,0.378891463982625,0.869555160796836,0.190660295689333,0.542125402641054,0.16197479672163,0.54649030604755,0.448282904313171,0.264226544945289
"275","LOC141377515",3211,0.189445731991312,0.347822064318734,0.381320591378666,0.722833870188072,0,0.683112882559438,0.387422523406037,0.279581834732505
"276","zgc:153913",2454,0,0,0.190660295689333,0,0.16197479672163,0.273245153023775,0.104313374239123,0.119968676332979
"277","tada1",1269,0,0,0,0.090354233773509,0,0.136622576511888,0.0378294683808994,0.0604039798451322
"278","fggy",2783,2.08390305190444,1.21737722511557,0.953301478446664,0.361416935094036,0.16197479672163,0.273245153023775,0.841869773384352,0.736545396312101
"279","igfbp1b",1297,1.32612012393919,0.173911032159367,0.571980887067998,0.180708467547018,0,0,0.375453418452262,0.510463651805409
"280","LOC100536119",1353,0,0,0,0,0.16197479672163,0.136622576511888,0.049766228872253,0.077513222057617
"281","LOC101886546",4555,0,0,0,0,0.32394959344326,0,0.05399159890721,0.132251867719674
"282","dhx30",4809,0,0,0,0,0.16197479672163,0,0.026995799453605,0.0661259338598372
"283","polr2d",633,0.378891463982625,0,0,0,0,0,0.0631485773304375,0.154681792442257
"284","abcf3",2407,104.005706863231,141.824446725964,126.693766485562,336.117749637454,289.286986944831,220.372215913675,203.050145428453,94.6916235451877
"285","ss18",2103,0,0,0.190660295689333,0,0,0.273245153023775,0.077317574785518,0.122593815324465
"286","dsg2l",4631,0,0.347822064318734,0.190660295689333,0.361416935094036,0,0,0.149983215850351,0.174919380019013
"287","si:ch211-188c16.1",2845,0.189445731991312,0,0,0,0,0,0.0315742886652187,0.0773408962211285
"288","c8a",1970,0.378891463982625,0.173911032159367,1.143961774136,0.180708467547018,1.13382357705141,0.409867729535663,0.570194007402013,0.451204632654093
"289","c8b",2289,0.189445731991312,0,0.381320591378666,0.722833870188072,0.48592439016489,0.136622576511888,0.319357860039138,0.263300386413453
"290","prkacbb",1881,0,0,0,0,0.16197479672163,0,0.026995799453605,0.0661259338598372
"291","slc22a23",6948,89.6078312318908,98.0858221378831,158.72469616137,214.049179809443,265.962616216917,315.256595301181,190.281123476447,91.1508319964741
"292","LOC141377659",4592,0,0.173911032159367,0,0,0,0.136622576511888,0.0517556014452091,0.081041867986555
"293","dspa",8586,0,0,0,0,0,0.273245153023775,0.0455408588372959,0.111551866599493
"294","rock1",10251,0,0,0.190660295689333,0.180708467547018,0.16197479672163,0.409867729535663,0.157201881582274,0.151630933285543
"295","eif2b5",2266,0,0,0,0.361416935094036,0.16197479672163,0,0.087231955302611,0.149131855477145
"296","serbp1b",4989,0,0.173911032159367,0.381320591378666,0.722833870188072,2.10567235738119,0.683112882559438,0.677808455611122,0.753935370755013
"297","pik3r3a",3463,0,0,0,0,0.16197479672163,0,0.026995799453605,0.0661259338598372
"298","arf1",5093,0,0,0,0,0.16197479672163,0,0.026995799453605,0.0661259338598372
"299","cyp8b1.2",2911,66.7796205269376,46.173379038312,54.9101651585278,30.359022547899,14.90168129839,30.7400797151747,40.6439913808735,18.8875807425992
"300","cyp8b1.1",1975,3100.46884976982,1144.85632470511,1066.74435438182,1584.36148921848,1257.24837215329,1330.02078234323,1580.61669542863,765.673802905012
"301","cyp8b1.3",1951,13.1664783733962,11.7389946707573,4.95716768792265,15.3602197414965,11.9051475590398,15.1651059928195,12.048852337572,3.8035229167365
"302","zgc:92744",1000,0.378891463982625,0,0,0.90354233773509,4.37331951148401,1.91271607116643,1.26141156406136,1.68507560734214
"303","gpt",6778,0.189445731991312,0.347822064318734,0.190660295689333,0,1.6197479672163,1.0929806120951,0.573442778551797,0.638496921876199
"304","npc1",5107,0,0.173911032159367,0,0.361416935094036,1.13382357705141,0.273245153023775,0.323732782888098,0.422437824374028
"305","rab18b",5946,0,0.173911032159367,0.381320591378666,0.180708467547018,0.32394959344326,0.683112882559438,0.290500427847958,0.233901495801519
"306","mib1",5543,0,0,0,0,0.16197479672163,0,0.026995799453605,0.0661259338598372
"307","cables1",10848,0.189445731991312,0,0,0,0,0,0.0315742886652187,0.0773408962211285
"308","wacb",3538,0,0,0,0,0,0.273245153023775,0.0455408588372959,0.111551866599493
"309","ptmab",1026,0,0,0.381320591378666,0.361416935094036,0.64789918688652,0.409867729535663,0.300084073815814,0.254357936112757
"310","phb2a",2206,0,0,0,0.180708467547018,0.32394959344326,0.136622576511888,0.106880106250361,0.132457144069666
"311","proca",1638,0.378891463982625,0,0.190660295689333,0.542125402641054,0.32394959344326,0.409867729535663,0.307582414215323,0.189263460614869
"312","slc35d1b",2717,0,0,0,0.180708467547018,0,0,0.030118077924503,0.0737739229484146
"313","scp2a",2461,0,0.347822064318734,0,0.722833870188072,4.37331951148401,0.819735459071326,1.04395181751036,1.66747392069589
"314","uck2b",1822,0,0,0,0.180708467547018,0,0,0.030118077924503,0.0737739229484146
"315","aldh9a1b",6226,308.985988877831,329.996183522399,543.381842714598,621.998545296836,472.561469435356,463.355468240067,456.713249681181,120.835853571908
"316","LOC141377740",2463,0,0,0,0.180708467547018,0.0809873983608151,0,0.0436159776513055,0.0745659277385723
"317","zte38",5771,0.189445731991312,0.434777580398418,0.571980887067998,0,0.16197479672163,0.204933864767831,0.260518810157865,0.206444562041821
"318","prdx1",1921,116.130233710675,194.867311534571,146.236446793718,150.801216167987,60.0926495837248,100.485905024493,128.102293802528,46.5466712725448
"319","xpr1b",4571,0,0.521733096478102,0,0,0,0,0.0869555160796836,0.212996644715603
"320","tbl1xr1b",12662,0,0,0,0,0.16197479672163,0,0.026995799453605,0.0661259338598372
"321","fubp1",4980,0,0,0,0,0,0.136622576511888,0.0227704294186479,0.0557759332997464
"322","miga1",2450,0,0,0,0,0,0.136622576511888,0.0227704294186479,0.0557759332997464
"323","zzz3",4204,0,0,0,0.180708467547018,0,0,0.030118077924503,0.0737739229484146
"324","dnajb4",1948,0,1.5651992894343,0,1.26495927282913,0.32394959344326,0.819735459071326,0.66230726912967,0.662566951645035
"325","wu:fi34b01",1982,0,0,0,0.180708467547018,0,0,0.030118077924503,0.0737739229484146
"326","selenot1a",1341,0,0,0,0,0.16197479672163,0,0.026995799453605,0.0661259338598372
"327","dvl3a",3009,0,0,0,0.180708467547018,0,0.136622576511888,0.0528885073431509,0.0831121091081427
"328","ahsg2",1488,1.5155658559305,2.78257651454988,2.47858384396133,0.542125402641054,5.18319349509216,1.63947091814265,2.35691933838626,1.59373127218914
"329","pfn2a",2749,0,0,0,0.180708467547018,0,0.273245153023775,0.0756589367617989,0.120807959690264
"330","gng12a",1840,0,0,0,0.180708467547018,0,0,0.030118077924503,0.0737739229484146
"331","mtf2",5259,1.70501158792181,2.43475445023114,2.28792354827199,23.9438719499799,5.9120800803395,14.618615686772,8.48370955058605,8.99105489816731
"332","rpl5a",1039,0.947228659956562,0.347822064318734,1.71594266120399,7.58975563697476,10.2044121934627,12.9791447686293,5.63071766409101,5.36517307886873
"333","evi5a",3407,0,0.347822064318734,0,0.361416935094036,0.64789918688652,0,0.226189697716549,0.269964838321329
"334","rpap2",3779,0,0,0,0.180708467547018,0,0,0.030118077924503,0.0737739229484146
"335","ssbp3a",4718,0,0,0,0,0,0.273245153023775,0.0455408588372959,0.111551866599493
"336","acot11a",4718,0,0,0,0,0.32394959344326,0,0.05399159890721,0.132251867719674
"337","cryz",2555,0,0,0,0,0,0.136622576511888,0.0227704294186479,0.0557759332997464
"338","tyw3",1453,0,0,0,0,0,0.136622576511888,0.0227704294186479,0.0557759332997464
"339","sdr16c5a",1381,0,0,0,0,0,0.136622576511888,0.0227704294186479,0.0557759332997464
"340","abhd3",6494,0.189445731991312,0,1.52528236551466,0,0,0.136622576511888,0.308558445669644,0.601629756905038
"341","cdc73",6793,0,0,0,0.180708467547018,0,0.54649030604755,0.121199795599095,0.220531567866173
"342","arhgap21b",8513,0,0,0,0,0.16197479672163,0,0.026995799453605,0.0661259338598372
"343","kdsr",2245,0,0,0,0,0.16197479672163,0,0.026995799453605,0.0661259338598372
"344","vps4b",5527,0,0,0,0,0,0.136622576511888,0.0227704294186479,0.0557759332997464
"345","leprot",1854,0.189445731991312,0,0,0.361416935094036,0,0,0.0918104445142248,0.152274055578154
"346","ebna1bp2",1071,0,0,0,0.180708467547018,0,0.136622576511888,0.0528885073431509,0.0831121091081427
"347","cpdp",3501,0,0,0,0,0.16197479672163,0,0.026995799453605,0.0661259338598372
"348","hccsa.1",1752,0,0,0,0,0.16197479672163,0,0.026995799453605,0.0661259338598372
"349","f3b",1332,0,0,0,0.180708467547018,0,0,0.030118077924503,0.0737739229484146
"350","abcd3b",1980,40.4466637801452,35.1300284961922,27.2644222835746,136.254184530452,105.36460526742,129.928070262805,79.0646624367648,50.3076166112868
"351","arhgap29b",6861,0,0,0,0,0,0.273245153023775,0.0455408588372959,0.111551866599493
"352","abca4b",7578,0,0,0,1.9877931430172,0.32394959344326,1.22960318860699,0.590224320844575,0.834026429611447
"353","amy2a",1606,0,0,0.571980887067998,0,0,0.409867729535663,0.16364143610061,0.258643605461799
"354","selenoj",1408,0,0,0,0.180708467547018,0,0.273245153023775,0.0756589367617989,0.120807959690264
"355","sh3glb1b",1963,0,0,0,0,0,0.136622576511888,0.0227704294186479,0.0557759332997464
"356","atp1b3a",3343,0,0,0,0,0,0.0683112882559438,0.011385214709324,0.0278879666498732
"357","xrn1",6423,0,0,0,0,0,0.136622576511888,0.0227704294186479,0.0557759332997464
"358","gk5",3234,0,0,0,0,0.16197479672163,0,0.026995799453605,0.0661259338598372
"359","tfa",2224,409269.276553164,445031.722676599,427221.008934246,374326.748015595,390244.338980855,352071.188013227,399694.047195614,34367.5923729522
"360","eif4g1a",6657,0,0,0,0,0.48592439016489,0.136622576511888,0.103757827779463,0.195035443146517
"361","clcn2a",4695,0,0.0869555160796836,0.0953301478446664,0.090354233773509,0,0,0.0454399829496432,0.0498482379283056
"362","st3gal3b",8415,0,0,0.190660295689333,0,0.16197479672163,0,0.0587725154018271,0.0915007450520586
"363","ptprfb",12772,0,0,0,0.361416935094036,0.16197479672163,0,0.087231955302611,0.149131855477145
"364","glula",1968,0,0.347822064318734,0.571980887067998,0,2.75357154426771,0.136622576511888,0.634999512027722,1.0610954735328
"365","ptbp2b",2906,0,0,0,0.542125402641054,0,0,0.090354233773509,0.221321768845244
"366","dpydb",5871,0,0.173911032159367,0,0,1.29579837377304,0.136622576511888,0.267721997074049,0.509500499447927
"367","agla",8314,0,0,0,0.180708467547018,0,0.136622576511888,0.0528885073431509,0.0831121091081427
"368","rxrga",1867,10.7984067235048,15.1302597978649,13.727541289632,59.453085822969,57.0151284460138,70.7704946331578,37.8158194521904,27.3774203691374
"369","ptgs2a",2135,1.32612012393919,0.521733096478102,0,0.180708467547018,0,4.3719224483804,1.06674735605745,1.69407567257425
"370","dnajc1",2039,310.596277599757,315.822434401411,517.07072190947,605.373366282511,416.842139363115,442.24728016898,434.658703287541,114.737786011671
"371","si:dkey-29d8.3",1499,0,0,0,0,0,0.136622576511888,0.0227704294186479,0.0557759332997464
"372","zbtb47a",3875,0,0,0,0,0,0.136622576511888,0.0227704294186479,0.0557759332997464
"373","ctdsplb",3428,0,0,0,0,0,0.136622576511888,0.0227704294186479,0.0557759332997464
"374","zgc:55781",1764,0,0,0,0,0.48592439016489,0,0.0809873983608151,0.198377801579512
"375","chd7",10911,0,0,0.190660295689333,0,0.809873983608151,0,0.166755713216247,0.32416119765824
"376","rab2a",2292,0,0,0,0.542125402641054,0,0,0.090354233773509,0.221321768845244
"377","cyp7a1",1981,121.24526847444,18.7823914732117,62.6319071339458,442.735745490194,4439.16226635136,621.222855399553,950.96340572045,1725.17140936399
"378","selenof",966,0,0,0,0.180708467547018,0.64789918688652,0,0.138101275738923,0.259998897092698
"379","agxtb",1566,0.378891463982625,0.173911032159367,0.762641182757331,0.90354233773509,5.34516829181379,1.36622576511888,1.48839667892785,1.93480040233242
"380","kif1ab",9503,0,0,0.190660295689333,0,0,0,0.0317767159482221,0.0778367397745047
"381","mllt1b",3323,0,0.173911032159367,0,0.180708467547018,0.32394959344326,0,0.113094848858274,0.134982419160664
"382","znf414",1979,0,0,0,0.180708467547018,0.32394959344326,0,0.0841096768317131,0.137950906423143
"383","csnk1g2a",3262,0,0,0,0,0,0.136622576511888,0.0227704294186479,0.0557759332997464
"384","rnf2",2019,0,0,0,0.361416935094036,0.16197479672163,0.136622576511888,0.110002384721259,0.143471681033118
"385","ivns1abpb",3008,0,0,0.190660295689333,0.180708467547018,0.16197479672163,0.683112882559438,0.20274274041957,0.251100868548952
"386","slc22a13a",1822,0,1.0434661929562,0,0.361416935094036,0,0,0.234147188008373,0.422017644868531
"387","tgfbr1a",2167,0,0,0,0,0,0.273245153023775,0.0455408588372959,0.111551866599493
"388","trnau1apb",1962,0,0,0,1.44566774037614,0,0.54649030604755,0.332026341070616,0.587734280637052
"389","nr2f6a",3339,0,0,0,0,0,0.136622576511888,0.0227704294186479,0.0557759332997464
"390","zgc:154006",3888,0,0,0,0,0,0.136622576511888,0.0227704294186479,0.0557759332997464
"391","rps28",513,0.189445731991312,1.21737722511557,2.28792354827199,3.25275241584633,6.80294146230846,3.55218698930908,2.88377122880712,2.29495600747244
"392","angptl4",2402,0,0,0,0.180708467547018,0.16197479672163,0.136622576511888,0.079884306796756,0.0886206506346712
"393","mast3a",6465,0,0,0,0.180708467547018,0.16197479672163,0.54649030604755,0.1481955950527,0.212495380308376
"394","pik3r2",4899,0,0,0,0.180708467547018,0,0,0.030118077924503,0.0737739229484146
"395","ifi30a",1041,0,0,0.190660295689333,0.180708467547018,0,0,0.0618947938727251,0.0959386319938456
"396","gyg1a",2570,0,0,0,0,0.809873983608151,0,0.134978997268025,0.330629669299186
"397","pccb",2045,0,0,0,0,0.16197479672163,0,0.026995799453605,0.0661259338598372
"398","fndc3ba",6931,0,0,0,0,0.16197479672163,0,0.026995799453605,0.0661259338598372
"399","slc2a2",3181,0.189445731991312,0.347822064318734,0.381320591378666,0,1.29579837377304,0,0.369064460243626,0.482517820974395
"400","eif5a2",2786,0,0,0.190660295689333,0.180708467547018,0.809873983608151,0.54649030604755,0.287955508815342,0.324359113385828
"401","acadm",1631,0.568337195973937,0.173911032159367,0.953301478446664,0.180708467547018,0.809873983608151,0.409867729535663,0.5159999812118,0.322813573401934
"402","rps8a",694,0.568337195973937,1.0434661929562,2.85990443533999,4.51771168867545,13.2819333311737,6.28463851954683,4.75933189394435,4.69040712561843
"403","ndc1",2883,0,0,0,0,0,0.136622576511888,0.0227704294186479,0.0557759332997464
"404","yipf1",2125,0,0,0.190660295689333,0,0,0.136622576511888,0.0545471453668701,0.0862145351539329
"405","lrrc42",1537,0,0,0,0,0,0.136622576511888,0.0227704294186479,0.0557759332997464
"406","ttpa",1837,0,0,0,0.180708467547018,0.48592439016489,0.136622576511888,0.133875905703966,0.189687765997028
"407","asph",4618,0,0,0,0,0,0.136622576511888,0.0227704294186479,0.0557759332997464
"408","tesk2",3543,0,0,0,0,0.16197479672163,0,0.026995799453605,0.0661259338598372
"409","toe1",2475,0,0,0,0.542125402641054,0,0,0.090354233773509,0.221321768845244
"410","selenop2",1324,0.189445731991312,0.173911032159367,0.381320591378666,0.361416935094036,1.13382357705141,0.273245153023775,0.418860503449761,0.360476466995037
"411","zswim5",3456,0,0,0,0,0.16197479672163,0,0.026995799453605,0.0661259338598372
"412","tgs1",2855,0,0,0,0.722833870188072,0.32394959344326,0.136622576511888,0.19723434002387,0.287294121794358
"413","buc",2608,0,0,0,0,0.48592439016489,0,0.0809873983608151,0.198377801579512
"414","cahz",1538,0,0,0,0,0.16197479672163,0,0.026995799453605,0.0661259338598372
"415","si:ch211-207d6.2",10142,0,0,0,0,0.32394959344326,0,0.05399159890721,0.132251867719674
"416","paxip1",3948,0,0,0.190660295689333,0.180708467547018,0.16197479672163,0.273245153023775,0.134431452163626,0.110882600108951
"417","cnpy1",1209,0,0,0.190660295689333,0,0,0,0.0317767159482221,0.0778367397745047
"418","dnajb6a",3972,61.0015257012026,82.2599182113807,105.62580381189,175.467921988155,140.432148757653,123.165252725467,114.658761865958,41.0968616991115
"419","rpl7",826,1.13667439194787,0.173911032159367,1.143961774136,4.87912862376949,15.8735300787198,5.87477079001117,4.84699611512394,5.864443355399
"420","rdh10b",1547,0,0,0,0.180708467547018,0.16197479672163,0,0.057113877378108,0.0886785375175253
"421","elocb",881,0.189445731991312,0,0,0,0,0,0.0315742886652187,0.0773408962211285
"422","marchf6",7131,0,0,0,0,0,0.136622576511888,0.0227704294186479,0.0557759332997464
"423","lpin2",5268,0,0.173911032159367,0,0.180708467547018,0,0,0.0591032499510642,0.0915875891387696
"424","stard3nl",2409,0,0.173911032159367,0,0,0,0,0.0289851720265612,0.0709988815718676
"425","mycb",1693,0,0,0,0,1.21481097541223,0,0.202468495902038,0.495944503948779
"426","abcf2a",2419,68.5793549808551,186.606537507001,308.869679016719,791.412733622166,650.490783634067,514.930490873305,420.148263272352,279.42942313378
"427","tmub1",1609,0,0,0.190660295689333,0,0,0,0.0317767159482221,0.0778367397745047
"428","si:dkeyp-73d8.6",930,0.189445731991312,0.173911032159367,0.953301478446664,0,1.6197479672163,0.54649030604755,0.580482752643533,0.612436481031407
"429","si:dkeyp-73d8.8",5418,0,0,0,0.180708467547018,0,0,0.030118077924503,0.0737739229484146
"430","si:dkeyp-73d8.9",4191,0.75778292796525,0,0.762641182757331,0,0.48592439016489,0.409867729535663,0.402702705070522,0.342623348941146
"431","puf60a",2507,0,0,0,0.361416935094036,0,0,0.060236155849006,0.147547845896829
"432","mrps14",709,0,0,0.381320591378666,0,0.16197479672163,0.273245153023775,0.136090090187345,0.164426923555832
"433","cacybp",1020,0,0,0,0.180708467547018,0,0,0.030118077924503,0.0737739229484146
"434","lamc1",6050,0,0,0,0,0,0.136622576511888,0.0227704294186479,0.0557759332997464
"435","smg7",6169,0,0.347822064318734,0.762641182757331,0,0.64789918688652,0.136622576511888,0.315830835079079,0.329407391697551
"436","ccnl1b",1967,0,0,0.190660295689333,0.361416935094036,0,0,0.0920128717972282,0.152430533599323
"437","nrd1a",4948,0,0,0,0,0.16197479672163,0,0.026995799453605,0.0661259338598372
"438","zgc:101744",1100,0,0,0,0.180708467547018,0.16197479672163,0,0.057113877378108,0.0886785375175253
"439","elavl1a",3519,0.189445731991312,0,0,0,0.16197479672163,0,0.0585700881188238,0.0911512905111682
"440","pex19",2420,0,0,0.190660295689333,0,0,0,0.0317767159482221,0.0778367397745047
"441","copa",4251,0,0,0,0.361416935094036,0.32394959344326,0,0.114227754756216,0.177357075035051
"442","sec62",1317,0.189445731991312,0.434777580398418,0.381320591378666,1.44566774037614,1.13382357705141,0.88804674732727,0.745513661420537,0.489841005202452
"443","prkci",3528,0,0,0,0,0,0.273245153023775,0.0455408588372959,0.111551866599493
"444","dapk3",3550,0,0,0.190660295689333,0,0,0,0.0317767159482221,0.0778367397745047
"445","insra",6703,0,0,0,0,0.16197479672163,0.273245153023775,0.0725366582909009,0.117753426827362
"446","myo9b",7548,0,0,0,0.180708467547018,0,0,0.030118077924503,0.0737739229484146
"447","cbln13",1243,0,0.173911032159367,0,0.361416935094036,0.32394959344326,0.409867729535663,0.211524215038721,0.181850037998233
"448","hbl4",1076,0,0,0,0.180708467547018,0.32394959344326,0,0.0841096768317131,0.137950906423143
"449","mbl2",1401,0,0.347822064318734,0,0,0,0,0.0579703440531224,0.141997763143735
"450","tep1",8577,0,0.869555160796836,0.190660295689333,0,0,0,0.176702576081028,0.347889270791361
"451","LOC103910098",734,0.75778292796525,0.347822064318734,2.66924413965066,4.51771168867545,3.80640772295831,0.683112882559438,2.13034690435464,1.78633220313309
"452","cbln10",1144,0,0,0.190660295689333,0.180708467547018,0.728886585247336,0.136622576511888,0.206146320832596,0.269803798195989
"453","cbln9",841,0,0,0,0.180708467547018,0,0,0.030118077924503,0.0737739229484146
"454","hnrnpc",2495,0,0.173911032159367,0,0,0.32394959344326,0,0.0829767709337712,0.137023734521591
"455","c1ql4l",985,0,0,0,0,0,0.273245153023775,0.0455408588372959,0.111551866599493
"456","tox4a",3328,0,0,0,0.180708467547018,0,0.136622576511888,0.0528885073431509,0.0831121091081427
"457","chd8",8825,0,0,0.381320591378666,0,0.16197479672163,0,0.0905492313500493,0.156490414015607
"458","acin1a",7089,0,0.347822064318734,0.381320591378666,0.542125402641054,0.971848780329781,0.136622576511888,0.396623235863354,0.340464790222416
"459","dhrs1",1325,0,0,0,0.180708467547018,0,0.273245153023775,0.0756589367617989,0.120807959690264
"460","copb2",5211,0,0,0,0,0.32394959344326,0,0.05399159890721,0.132251867719674
"461","rbp2b",575,0,0,0.571980887067998,0,0.16197479672163,0.136622576511888,0.145096376716919,0.221696164666232
"462","nmnat3",9527,0,0,0.190660295689333,0,0,0,0.0317767159482221,0.0778367397745047
"463","spsb4a",2897,0,0,0,0.542125402641054,0,0,0.090354233773509,0.221321768845244
"464","slc25a36a",6126,0,0,0,0,0.16197479672163,0,0.026995799453605,0.0661259338598372
"465","ccl34a.4",530,0,0,0,0.180708467547018,0,0,0.030118077924503,0.0737739229484146
"466","znf622",2098,0,0,0,0,0.16197479672163,0,0.026995799453605,0.0661259338598372
"467","zgc:110158",7099,0,0,0,0,0.16197479672163,0,0.026995799453605,0.0661259338598372
"468","keap1a",3068,369.60862311505,1443.98330001923,471.312250944031,846.61917045778,943.179241310052,814.543801163874,814.874397835002,381.980246207293
"469","crlf1a",2489,0,0,0,0,0.48592439016489,0.136622576511888,0.103757827779463,0.195035443146517
"470","ebi3",996,0,0.521733096478102,0,0,0,0,0.0869555160796836,0.212996644715603
"471","gbp2",3092,0,0,0,0.180708467547018,0.16197479672163,0,0.057113877378108,0.0886785375175253
"472","cyp7b1",3752,102.300695275309,10.7824839938808,47.0930930352652,68.3078007327728,24.4581943049661,52.4630693805649,50.9008894537931,32.4671615692905
"473","LOC103908842",679,0,0,0,0,0,0.136622576511888,0.0227704294186479,0.0557759332997464
"474","slc39a6",2935,25.3857280868359,50.9559324226946,56.7214379675765,123.785300269707,107.713239819884,81.0171878715494,74.263137739708,37.0321733873803
"475","apom",2093,2.08390305190444,1.91302135375304,3.62254561809732,1.9877931430172,3.40147073115423,2.04933864767831,2.50967875760076,0.781706875232148
"476","gtpbp4",2229,0,0.695644128637469,0.762641182757331,1.08425080528211,3.56344552787586,1.91271607116643,1.33644961928653,1.25548265028158
"477","slco5a1a",5859,14.5873213633311,30.9561637243674,28.4083840577106,70.8377192784311,97.9137646182254,83.0665265192277,54.2949799268822,34.0457833880987
"478","lactb2",1113,0,0,0.381320591378666,0.180708467547018,0.16197479672163,0.136622576511888,0.1434377386932,0.141078841468035
"479","slco5a1b",1378,0,0.173911032159367,0,1.9877931430172,0,1.36622576511888,0.587988323382574,0.868764393515536
"480","ftr11",3483,0,0,0,0,0,0.136622576511888,0.0227704294186479,0.0557759332997464
"481","basp1",2498,0.189445731991312,0,0,0,0,0,0.0315742886652187,0.0773408962211285
"482","adcy8",5889,0,0,0,0,0,0.409867729535663,0.0683112882559438,0.167327799899239
"483","efr3a",9134,0,0,0.190660295689333,0,0,0,0.0317767159482221,0.0778367397745047
"484","ftr14",2490,0,0,0,0,0.16197479672163,0,0.026995799453605,0.0661259338598372
"485","itgb1b.2",2413,0,0,0,0,0.16197479672163,0,0.026995799453605,0.0661259338598372
"486","kif5ba",4571,0,0,0,0,0.16197479672163,0,0.026995799453605,0.0661259338598372
"487","arhgap12a",3936,0,0,0,0.361416935094036,0,0,0.060236155849006,0.147547845896829
"488","gbp3",5039,0,0,0,0,0.16197479672163,0,0.026995799453605,0.0661259338598372
"489","sdhc",744,0,0,0,0,0,0.136622576511888,0.0227704294186479,0.0557759332997464
"490","zgc:152670",4276,0,0.173911032159367,0,0,0,0.956358035583214,0.188378177957097,0.382608863396735
"491","pip4p1a",3615,0,0.347822064318734,0,0,0,0,0.0579703440531224,0.141997763143735
"492","yeats2",7152,0,0,0,0.361416935094036,0,0,0.060236155849006,0.147547845896829
"493","vwa5b2",6372,0,0,0,0,0,0.409867729535663,0.0683112882559438,0.167327799899239
"494","LOC110438586",7588,0,0,0.190660295689333,0,0,0,0.0317767159482221,0.0778367397745047
"495","prpf38b",2344,0,0,0,0.180708467547018,0.48592439016489,0,0.111105476285318,0.197338035886034
"496","ap1s3b",1076,0,0,0,0,0,0.136622576511888,0.0227704294186479,0.0557759332997464
"497","mbnl1",6923,0,0,0,0.180708467547018,0.48592439016489,0,0.111105476285318,0.197338035886034
"498","ftr21",5753,0,0,0,0,0,0.273245153023775,0.0455408588372959,0.111551866599493
"499","gigyf2",5997,0.378891463982625,0,0.381320591378666,0.722833870188072,1.29579837377304,0.956358035583214,0.62253372248427,0.464731673699147
"500","per2",5482,31.4479915105579,153.650396912801,95.9974588795791,338.828376650659,370.922284492533,303.302119856391,215.69143805042,140.752506144336
"501","cdc34b",2437,0.189445731991312,0,0,0,0,0,0.0315742886652187,0.0773408962211285
"502","rorcb",3933,0,0,0,0,0,1.77609349465454,0.296015582442423,0.725087132896704
"503","sh3gl1a",2765,0,0,0,0,0.32394959344326,0,0.05399159890721,0.132251867719674
"504","ahrrb",2562,0,0,0,0,0.16197479672163,0.409867729535663,0.0953070877095488,0.16716862425807
"505","eef1da",3379,0.378891463982625,0.695644128637469,1.33462206982533,3.61416935094036,9.23256341313292,4.64516760140418,3.31684300465381,3.35499745988751
"506","pigr",3044,0,0,0,0.180708467547018,0,0,0.030118077924503,0.0737739229484146
"507","abhd4",3323,0,0,0,0,0,0.136622576511888,0.0227704294186479,0.0557759332997464
"508","si:ch211-9d9.1",2645,0,0,0.190660295689333,0,0,0,0.0317767159482221,0.0778367397745047
"509","thfp5",559,0,0,0.571980887067998,0.180708467547018,0.16197479672163,0,0.152444025222774,0.222089367251369
"510","ly97.3",749,0.189445731991312,0,0.190660295689333,0.361416935094036,0.32394959344326,0,0.177578759369657,0.154013816984899
"511","hsd11b1lb",2915,259.06703849812,436.255824171773,364.542485358004,677.927816002638,716.495513298131,775.264810416706,538.258914624229,212.592386370333
"512","ccl25a",495,0,0,0,0,0,0.136622576511888,0.0227704294186479,0.0557759332997464
"513","ranbp3b",2782,0,0.347822064318734,0,0,0.32394959344326,0,0.111961942960332,0.173614899988614
"514","acss2l",5252,0,0,0,0,0.16197479672163,0,0.026995799453605,0.0661259338598372
"515","ndufv2",843,0,0.173911032159367,0,0,0.16197479672163,0,0.0559809714801662,0.0868074499943072
"516","rnf126",2510,0,0,0.190660295689333,0,0,0,0.0317767159482221,0.0778367397745047
"517","rab8a",6441,0.189445731991312,0.347822064318734,0.190660295689333,0,0.16197479672163,0,0.148317148120168,0.132264279654809
"518","ap1m1",6148,0,0,0.190660295689333,0,0,0,0.0317767159482221,0.0778367397745047
"519","eps15l1b",5581,0,0,0,0.180708467547018,0,0,0.030118077924503,0.0737739229484146
"520","calr3b",2917,0,0,0.190660295689333,0,0,0,0.0317767159482221,0.0778367397745047
"521","upf1",5565,0,0,0,0.180708467547018,0.32394959344326,0,0.0841096768317131,0.137950906423143
"522","uba52",511,0.568337195973937,0.695644128637469,1.33462206982533,1.9877931430172,8.74663902296803,5.73814821349928,3.17853062898687,3.32719590443581
"523","rab11bb",1176,0,0,0,0,0,0.136622576511888,0.0227704294186479,0.0557759332997464
"524","gpx4b",879,3652.13482132852,4639.1637383672,1405.35703952607,1639.47757182032,901.389743755872,2678.14405607428,2485.94449514538,1444.18024631009
"525","arhgap45a",3653,0,0,0,0.180708467547018,0,0,0.030118077924503,0.0737739229484146
"526","sbno2a",11377,0,0,0,0,0.16197479672163,0,0.026995799453605,0.0661259338598372
"527","tm6sf2a",2232,0,0,0,0,0.16197479672163,0,0.026995799453605,0.0661259338598372
"528","LOC100006950",5939,0,0,0,0,0.16197479672163,0,0.026995799453605,0.0661259338598372
"529","slc25a42",6122,0,0,0,0.180708467547018,0,0.273245153023775,0.0756589367617989,0.120807959690264
"530","eef2b",2810,4.35725183580019,10.2607508974027,12.3929192198066,18.7936806248899,64.9518934853737,28.6907410674964,23.2412061884616,22.0546622305947
"531","si:ch1073-325m22.2",635,0.189445731991312,0,0,0.180708467547018,0,0,0.0616923665897217,0.0956133327944091
"532","sf3a2",1067,0,0.173911032159367,0,0.180708467547018,0,0,0.0591032499510642,0.0915875891387696
"533","plekhj1",11407,0.378891463982625,0,0,0.180708467547018,0.32394959344326,0.136622576511888,0.170028683580798,0.158974739997003
"534","si:dkeyp-68b7.7",7314,0,0,0,0,0.32394959344326,0,0.05399159890721,0.132251867719674
"535","si:dkeyp-68b7.5",3961,0,0,0,0.180708467547018,0,0,0.030118077924503,0.0737739229484146
"536","si:dkeyp-68b7.12",6568,0,0.173911032159367,0,0.180708467547018,0,0,0.0591032499510642,0.0915875891387696
"537","si:ch211-155e24.3",3381,0,0,0,0,0,0.273245153023775,0.0455408588372959,0.111551866599493
"538","LOC101882640",4388,0,0,0.190660295689333,0,0,0,0.0317767159482221,0.0778367397745047
"539","LOC553316",4169,0,0,0.381320591378666,0,0,0,0.0635534318964443,0.155673479549009
"540","nop9",2019,0,0,0,0,0,0.273245153023775,0.0455408588372959,0.111551866599493
"541","stk11",2139,0.189445731991312,0,0,0.180708467547018,0.16197479672163,0.136622576511888,0.111458595461975,0.0882141573496444
"542","LOC141379220",3512,0,0.173911032159367,0.571980887067998,0,0,0.273245153023775,0.169856178708523,0.227580037462008
"543","cirbpa",1648,0.189445731991312,0.347822064318734,0,0.542125402641054,0.48592439016489,0.819735459071326,0.397508841364553,0.286628291703194
"544","LOC103910228",3013,0,0,0,0.180708467547018,0,0,0.030118077924503,0.0737739229484146
"545","mau2",3170,0,0,0,0,0.0809873983608151,0,0.0134978997268025,0.0330629669299186
"546","sugp1",2228,0,0,0,0,0,0.136622576511888,0.0227704294186479,0.0557759332997464
"547","fem1a",2064,0,0,0,0.180708467547018,0,0,0.030118077924503,0.0737739229484146
"548","prkab2",1774,0,0.173911032159367,0,0,0,0.273245153023775,0.0745260308638571,0.119652150084985
"549","wbp11",2541,0.189445731991312,0.347822064318734,0,0,0.32394959344326,0.409867729535663,0.211847519881495,0.179180656614379
"550","cd9r",1360,1.70501158792181,1.73911032159367,1.52528236551466,0.542125402641054,0.32394959344326,1.50284834163076,1.2230546021242,0.622940862479136
"551","tcf20",8803,0,0,0.190660295689333,0,0,0,0.0317767159482221,0.0778367397745047
"552","wbp2nl",1182,0,0,1.143961774136,0.361416935094036,0.16197479672163,0.683112882559438,0.391744398085184,0.449748317653793
"553","rrp7a",953,0.189445731991312,0.347822064318734,0.190660295689333,0.90354233773509,0.48592439016489,0.409867729535663,0.421210424905837,0.264278154452656
"554","poldip3",2144,0,0.173911032159367,0.190660295689333,0.722833870188072,0,0.273245153023775,0.226775058510091,0.26652825367214
"555","ndufa6",463,0.189445731991312,0,0,0,0,0.136622576511888,0.0543447180838667,0.0858316066269076
"556","triobpb",2592,0,0,0,0,0,0.136622576511888,0.0227704294186479,0.0557759332997464
"557","srebf2",4345,0,0,0.190660295689333,0,0,0.273245153023775,0.077317574785518,0.122593815324465
"558","si:ch1073-322p19.1",6668,0,0,0,0,0.32394959344326,0,0.05399159890721,0.132251867719674
"559","zgc:153921",4891,0.378891463982625,0,0,0,0.64789918688652,0.136622576511888,0.193902204563505,0.266986680061883
"560","si:ch1073-464p5.2",2049,0,0.173911032159367,0,0,0,0,0.0289851720265612,0.0709988815718676
"561","zgc:172253",2182,0.189445731991312,0.173911032159367,0,0,0,0,0.0605594606917799,0.0939468390109909
"562","zgc:172051",5131,0,0,0,0.180708467547018,0.64789918688652,0.409867729535663,0.206412563994867,0.270105010274343
"563","ccdc134",4011,0,0,0,0,0.16197479672163,0.409867729535663,0.0953070877095488,0.16716862425807
"564","LOC137490252",3219,0,0.173911032159367,0,0,0,0.136622576511888,0.0517556014452091,0.081041867986555
"565","zgc:174288",1538,0,0,0,0.542125402641054,0.16197479672163,0.136622576511888,0.140120462645762,0.210237509052077
"566","zgc:110249",1340,0,0,0,0.180708467547018,0,0,0.030118077924503,0.0737739229484146
"567","im:7151441",2186,0,0,0,0,0,0.136622576511888,0.0227704294186479,0.0557759332997464
"568","LOC101885586",5460,0,0,0,0,0,0.0683112882559438,0.011385214709324,0.0278879666498732
"569","LOC792627",5463,0,0,0,0,0.16197479672163,0,0.026995799453605,0.0661259338598372
"570","kdelr3",1399,0,0,0,0,0.32394959344326,0,0.05399159890721,0.132251867719674
"571","LOC560278",5796,0,0.695644128637469,0,0,0,0.136622576511888,0.138711117524893,0.278259532584421
"572","LOC100331609",3182,0,0.173911032159367,0,0,0,0,0.0289851720265612,0.0709988815718676
"573","LOC100151285",5073,0,0,0.190660295689333,0,0,0,0.0317767159482221,0.0778367397745047
"574","micall1b.2",3727,0,0,0,0,0.0809873983608151,0,0.0134978997268025,0.0330629669299186
"575","LOC100005864",3649,0,0.173911032159367,0,0,0,0,0.0289851720265612,0.0709988815718676
"576","LOC100329848",9029,0.378891463982625,0.347822064318734,1.143961774136,0,0,0.54649030604755,0.402860934747484,0.423805976531824
"577","LOC793010",3312,0,0,0,0,0,0.0683112882559438,0.011385214709324,0.0278879666498732
"578","tnrc6bb.1",8337,0,0,0.381320591378666,0.180708467547018,0.16197479672163,0.136622576511888,0.1434377386932,0.141078841468035
"579","a2m3g",4558,0,0,0,0,0,0.136622576511888,0.0227704294186479,0.0557759332997464
"580","a2m3h",4589,0,0,0,0,0,0.136622576511888,0.0227704294186479,0.0557759332997464
"581","a2m3a",5097,0,0,0,0.180708467547018,0.16197479672163,0,0.057113877378108,0.0886785375175253
"582","csdc2b",4640,0,0.173911032159367,0.190660295689333,0.90354233773509,0.64789918688652,0.409867729535663,0.387646763667662,0.337381085222551
"583","polr3h",1957,0,0,0,0,0,0.136622576511888,0.0227704294186479,0.0557759332997464
"584","zc3h7ba",4026,0,0,0,0.90354233773509,0.48592439016489,0.136622576511888,0.254348217401978,0.369599486816818
"585","rangap1a",1835,0.568337195973937,0.173911032159367,0.190660295689333,0.542125402641054,0.16197479672163,0,0.272834787197554,0.229393297250609
"586","LOC100330744",4126,0.0947228659956562,0,0,0,0,0.0683112882559438,0.0271723590419333,0.0429158033134538
"587","LOC571488",6966,0,0,0,0.271062701320527,0,0,0.0451771168867545,0.110660884422622
"588","slc25a38a",1511,0,0,0,0,0,0.136622576511888,0.0227704294186479,0.0557759332997464
"589","myh9b",7784,0.189445731991312,1.21737722511557,0.953301478446664,1.44566774037614,0.16197479672163,1.22960318860699,0.866228360209718,0.557258705089199
"590","txn2",1205,160.839426460624,152.867797268084,193.329539828983,240.432616071308,157.439502413424,175.833255970799,180.12368966887,33.0433283222856
"591","ddx39ab",4736,0,0,0,0,1.45777317049467,0.273245153023775,0.288503053919741,0.583157175646321
"592","LOC141381091",1520,0,0,0.190660295689333,0,0,0,0.0317767159482221,0.0778367397745047
"593","si:ch73-144l3.1",3037,0,0,0,0,0,0.409867729535663,0.0683112882559438,0.167327799899239
"594","jpt1b",957,0,0,0,0,0.48592439016489,0,0.0809873983608151,0.198377801579512
"595","sumo2b",4613,0.568337195973937,0,0,0.180708467547018,0,0,0.124840943920159,0.228976483900619
"596","nup85",3254,0,0,0,0,0.16197479672163,0,0.026995799453605,0.0661259338598372
"597","gga3b",2993,0,0.173911032159367,0,0,0,0,0.0289851720265612,0.0709988815718676
"598","LOC100535890",1170,0,0,0,0.180708467547018,0.16197479672163,0.136622576511888,0.079884306796756,0.0886206506346712
"599","evplb",6316,0,0.521733096478102,0,0,0,0.136622576511888,0.109725945498332,0.209108801192278
"600","LOC101884473",4390,0,0,0,0.180708467547018,0,0,0.030118077924503,0.0737739229484146
"601","LOC110437855",3872,0,0,0,0.361416935094036,0,0,0.060236155849006,0.147547845896829
"602","zmp:0000001228",3362,0,0,0,0,0,0.136622576511888,0.0227704294186479,0.0557759332997464
"603","LOC110437722",3399,0,0,0,0,0.16197479672163,0,0.026995799453605,0.0661259338598372
"604","wu:fb44c10",11979,0,0,0,0,0,0.136622576511888,0.0227704294186479,0.0557759332997464
"605","LOC100536030",3514,0,0,0,0,0,0.273245153023775,0.0455408588372959,0.111551866599493
"606","LOC103911361",3916,0,0,0,0.180708467547018,0,0,0.030118077924503,0.0737739229484146
"607","LOC100538160",7652,0,0,0,0.361416935094036,0,0,0.060236155849006,0.147547845896829
"608","LOC100538333",3435,0,0,0,0,0,0.273245153023775,0.0455408588372959,0.111551866599493
"609","zgc:173517",1530,0,0,0,0,0.32394959344326,0,0.05399159890721,0.132251867719674
"610","znf1001",6313,0,0,0,0.180708467547018,0,0,0.030118077924503,0.0737739229484146
"611","junbb",1651,2.08390305190444,0.173911032159367,1.33462206982533,0.361416935094036,0.971848780329781,0.54649030604755,0.91203202922675,0.712328915529985
"612","hook2",4611,0,0,0,0,0.16197479672163,0.273245153023775,0.0725366582909009,0.117753426827362
"613","trir",7434,0,0,0,0.361416935094036,0,0.136622576511888,0.083006585267654,0.146933570159263
"614","ubn2b",4772,0,0,0.190660295689333,0.180708467547018,0.16197479672163,0,0.0888905933263302,0.0978095167937219
"615","cyp2k22",4059,4482.75963324443,9919.62440782207,9853.22875107687,5.24054555886352,7.77479024263825,11.3396738504867,4046.66130029923,4844.12240897359
"616","trim35-10",6451,0,0,0,0.361416935094036,0,0,0.060236155849006,0.147547845896829
"617","LOC101883776",7346,0,0,0,0,0,0.136622576511888,0.0227704294186479,0.0557759332997464
"618","LOC141381128",1352,0,0,0,0.180708467547018,0,0,0.030118077924503,0.0737739229484146
"619","hlfa",1790,0,0,0,0,0.16197479672163,0.136622576511888,0.049766228872253,0.077513222057617
"620","foxk2b",3453,0,0,0,0.180708467547018,0.32394959344326,0,0.0841096768317131,0.137950906423143
"621","elac2",5063,0,0,0,0.180708467547018,0,0,0.030118077924503,0.0737739229484146
"622","map2k4a",7277,0.189445731991312,0.347822064318734,0,0.180708467547018,0.809873983608151,0.683112882559438,0.368493855004109,0.315384900281902
"623","tmem220",898,0,0,0,0.361416935094036,0,0,0.060236155849006,0.147547845896829
"624","trap1",5838,0,0.173911032159367,0.190660295689333,0.90354233773509,0.32394959344326,0.683112882559438,0.379196023597748,0.344044751471528
"625","crebbpb",9022,0,0.695644128637469,0,1.08425080528211,0.809873983608151,0.819735459071326,0.568250729433176,0.458242142461577
"626","glis2b",5572,0,0,0,0.180708467547018,0,0,0.030118077924503,0.0737739229484146
"627","dnaja3a",2354,561.327703890259,534.776423890054,498.767333523294,1088.13603733437,1060.36800673815,996.456761789452,789.972044527597,285.255991859284
"628","hmox2b",9161,1.5155658559305,4.69559786830291,6.86377064481598,16.9865959494197,22.352521947585,13.9355028042125,11.0582591783778,8.00155320052774
"629","abca3b",7179,28.7957512626795,50.5211548422962,57.7700695938678,176.190755858343,217.046227606984,247.628419927796,129.658729848661,95.2079069056212
"630","cyp2k18",4825,26.2382338807968,41.3038701378497,20.6866420822926,96.0465505012401,82.6071463280314,85.6623554729535,58.7574664005273,33.1501802473432
"631","cyp2k20",2629,0,0.608688612557785,0.285990443533999,1.08425080528211,0.809873983608151,0.819735459071326,0.601423217342228,0.396357147946078
"632","cyp2k19",4943,358.336602061567,190.693446762746,164.158514588516,598.596798749497,322.005895882601,407.203589293681,340.165807889768,158.278965989396
"633","cyp2k21",3070,26.4276796127881,39.9125818805748,13.155560402564,124.508134139895,58.3919142181477,88.6680521562151,58.5106537350308,41.7071701145647
"634","cyp2k17",1708,3.031131711861,2.86953203062956,2.95523458318466,6.77656753301318,3.56344552787586,6.89944011385032,4.3492252500691,1.94335322369924
"635","cyp2k16",1872,19.7970789930921,76.6947651822809,7.14976108834998,14.0952604686674,12.7960089410088,22.6793477009733,25.5353703957288,25.6498210668287
"636","cyp2k8",1954,3.31530030984797,3.30430961102798,7.43575153188398,27.1062701320527,17.4932780459361,12.4326544625818,11.8479273488884,9.27680266532487
"637","cyp2k6",2125,0.189445731991312,0,0.0953301478446664,7753.11609163726,4585.10155819755,6928.13085491782,3211.10554677208,3667.85413074647
"638","sun1b",4151,0,0,0.571980887067998,0.180708467547018,0.16197479672163,0.409867729535663,0.220755313478718,0.22875647546135
"639","dhps",4222,0,0,0,0.180708467547018,0,0.136622576511888,0.0528885073431509,0.0831121091081427
"640","slc25a19",2503,0,0,0,0.180708467547018,0,0,0.030118077924503,0.0737739229484146
"641","jmjd8",2372,0,0,0,0,0.16197479672163,0,0.026995799453605,0.0661259338598372
"642","tufm",1773,0,0,0,0,0.48592439016489,0.136622576511888,0.103757827779463,0.195035443146517
"643","hspbp1",1866,0,0,0,0.180708467547018,0,0,0.030118077924503,0.0737739229484146
"644","ilf3b",3957,0,0.173911032159367,0,0.180708467547018,0.48592439016489,0.273245153023775,0.185631507149175,0.182719284849295
"645","farsa",2798,0.947228659956562,0.521733096478102,0.762641182757331,0.90354233773509,1.13382357705141,1.77609349465454,1.00751039143884,0.428265982867983
"646","gcdhb",2296,0,0,0.381320591378666,0,0.48592439016489,0,0.144540830257259,0.226351760186551
"647","zgc:63569",4738,0,0,0,0,0,0.136622576511888,0.0227704294186479,0.0557759332997464
"648","nfil3-2",4483,0,0,0,0,0.32394959344326,0,0.05399159890721,0.132251867719674
"649","nfil3-6",4635,0,0,0,0,0.32394959344326,0,0.05399159890721,0.132251867719674
"650","tlcd4b",6227,0,0,0,0,0.32394959344326,0.136622576511888,0.076762028325858,0.132856775174322
"651","elof1",1232,0,0,0,0.180708467547018,0,0,0.030118077924503,0.0737739229484146
"652","epor",1530,0,0,0,0,0.16197479672163,0,0.026995799453605,0.0661259338598372
"653","gadd45gip1",1111,0.947228659956562,1.99997686983272,2.66924413965066,2.34921007811124,2.26764715410282,2.86907410674964,2.18373016806727,0.678608435879914
"654","nfixb",6549,0,0,0,0,0,0.136622576511888,0.0227704294186479,0.0557759332997464
"655","nme4",2652,0,0,0.381320591378666,0.180708467547018,0.64789918688652,0.273245153023775,0.247195566472663,0.247331083840799
"656","hirip3",1847,0,0,0,0.542125402641054,0,0,0.090354233773509,0.221321768845244
"657","kctd13",2082,0,0.173911032159367,0,0.180708467547018,0.32394959344326,0,0.113094848858274,0.134982419160664
"658","pitpnbl",1764,0,0,0,0,0.32394959344326,0,0.05399159890721,0.132251867719674
"659","sh2b1",5222,0.189445731991312,0,0,0,0,0,0.0315742886652187,0.0773408962211285
"660","nupr1b",714,0,0,0,0.542125402641054,1.45777317049467,1.91271607116643,0.652102440717025,0.839768989492531
"661","phb",1888,0.378891463982625,0,0,0.180708467547018,0,0.409867729535663,0.161577943510884,0.193680797427917
"662","znf652",4903,0,0,0,0.180708467547018,0.16197479672163,0,0.057113877378108,0.0886785375175253
"663","natd1",2606,0,0,0.190660295689333,0,0,0,0.0317767159482221,0.0778367397745047
"664","tmem11",1168,0,0,0,0.180708467547018,0.16197479672163,0.136622576511888,0.079884306796756,0.0886206506346712
"665","dhrs7b",3208,0,0,0,0,0.16197479672163,0,0.026995799453605,0.0661259338598372
"666","jpt2",2149,0,0,0,0,0.16197479672163,0,0.026995799453605,0.0661259338598372
"667","mrps34",1032,0,0,0,0.180708467547018,0,0,0.030118077924503,0.0737739229484146
"668","spsb3a",5059,0,0,0,0,0,0.273245153023775,0.0455408588372959,0.111551866599493
"669","atp6v0ca",1631,0,0.869555160796836,0,0,0.32394959344326,0,0.198917459040016,0.353174343262601
"670","arl5c",1295,0,0,0,0,0.16197479672163,0.136622576511888,0.049766228872253,0.077513222057617
"671","rpl19",687,1.32612012393919,0.347822064318734,2.66924413965066,5.78267096150458,14.0918073147818,11.2030512739748,5.90345264636163,5.61117803771851
"672","bckdhbl",2216,0,0,0,0,0.48592439016489,0.273245153023775,0.126528257198111,0.207233697737872
"673","LOC101884217",6112,0,0,0,0,0,0.136622576511888,0.0227704294186479,0.0557759332997464
"674","gys1",3770,0,0,0,0,0.16197479672163,0,0.026995799453605,0.0661259338598372
"675","tmem86b",2926,0,0.173911032159367,0.190660295689333,0.180708467547018,0,0,0.0908799658992863,0.0996964758566112
"676","stat3",6472,0,0,0,0,0,0.409867729535663,0.0683112882559438,0.167327799899239
"677","stat5a",7235,0,0,0,0,0.16197479672163,0,0.026995799453605,0.0661259338598372
"678","LOC141381166",4216,0,0.347822064318734,0,0.361416935094036,0.32394959344326,0.273245153023775,0.217738957646634,0.171316735948649
"679","rab5c",2246,0,0.173911032159367,0,0,0,0.136622576511888,0.0517556014452091,0.081041867986555
"680","nkiras2",2385,0,0,0,0,0.16197479672163,0,0.026995799453605,0.0661259338598372
"681","dnajc7",3756,151.746031325041,146.520044594267,150.430973298884,358.254536911963,465.839515371408,348.11432495229,270.150904408975,138.399236151789
"682","odad4",3971,0,0,0,0.090354233773509,0,0,0.0150590389622515,0.0368869614742073
"683","aclya",5509,0,0,0.190660295689333,0,0,0,0.0317767159482221,0.0778367397745047
"684","si:ch73-141c7.1",1185,0.189445731991312,0,0,0,0,0,0.0315742886652187,0.0773408962211285
"685","hsd17b1",2504,1.13667439194787,0,0,1.26495927282913,0.971848780329781,1.63947091814265,0.835492227208239,0.683552778962701
"686","tob1a",2192,0.189445731991312,0.521733096478102,0,0.361416935094036,0.32394959344326,0.136622576511888,0.255527988919766,0.184693832641828
"687","kdelr2a",2844,0,0,0,0.180708467547018,0,0,0.030118077924503,0.0737739229484146
"688","rps2",919,10.0406237955396,4.52168683614355,7.81707212326264,31.9853987558222,51.1840357640351,43.8558470603159,24.9007773891865,20.1409070260198
"689","hagh",2508,0,0,0.190660295689333,0,0,0.273245153023775,0.077317574785518,0.122593815324465
"690","fahd1",982,0.568337195973937,0,0,0,0,0.136622576511888,0.117493295414304,0.227527954298537
"691","msrb1a",3293,0,0,0,0.180708467547018,0.48592439016489,0,0.111105476285318,0.197338035886034
"692","tnpo2a",3811,0,0,0,0.180708467547018,0.32394959344326,0.136622576511888,0.106880106250361,0.132457144069666
"693","grin2ca",5628,0,0,0,0.180708467547018,0,0,0.030118077924503,0.0737739229484146
"694","il12rb2l",4882,0,0,0,0,0,0.136622576511888,0.0227704294186479,0.0557759332997464
"695","smarca4a",7631,0.189445731991312,0,0,0,0.16197479672163,0,0.0585700881188238,0.0911512905111682
"696","ldlra",5226,0,0,0.381320591378666,0,0.16197479672163,0.136622576511888,0.113319660768697,0.150505072004062
"697","kri1",2562,0,0.173911032159367,0,0,0.16197479672163,0,0.0559809714801662,0.0868074499943072
"698","mettl2a",1348,0,0,0,0,0.16197479672163,0,0.026995799453605,0.0661259338598372
"699","tlk2",3970,0,0.173911032159367,0.190660295689333,0,0.32394959344326,0,0.114753486881993,0.136036434856019
"700","ubtf",7109,0,0,0,0,0.32394959344326,0,0.05399159890721,0.132251867719674
"701","ndufa4a",619,0.189445731991312,0,0,0,0.48592439016489,0,0.112561687026034,0.197985554023501
"702","slc35b1",2145,0,0,0,0,0,0.136622576511888,0.0227704294186479,0.0557759332997464
"703","nlk1",2147,0,0,0,0,0.16197479672163,0.409867729535663,0.0953070877095488,0.16716862425807
"704","cdipt",1486,0,0,0.190660295689333,0,0,0,0.0317767159482221,0.0778367397745047
"705","taok2a",7852,0,0.173911032159367,0,0,0,0,0.0289851720265612,0.0709988815718676
"706","kansl1b",4092,0,0,0,0,0,0.273245153023775,0.0455408588372959,0.111551866599493
"707","coa3b",637,0,0,0.190660295689333,0,0,0.136622576511888,0.0545471453668701,0.0862145351539329
"708","lsm12a",1910,0,0,0,0,0.16197479672163,0,0.026995799453605,0.0661259338598372
"709","casc3",3669,0,0,0.190660295689333,0,0,0,0.0317767159482221,0.0778367397745047
"710","msl1a",2194,0,0,0,0,0.16197479672163,0,0.026995799453605,0.0661259338598372
"711","nr1d1",2980,0.568337195973937,1.0434661929562,0.381320591378666,1.62637620792316,3.40147073115423,1.36622576511888,1.39786611408418,1.08763337260519
"712","ube2z",3138,0,0,0,0,0.16197479672163,0,0.026995799453605,0.0661259338598372
"713","nfe2l1a",4448,16.2923329512529,68.5209466707907,43.6612077128572,144.386065570067,94.593281285432,100.759150177517,78.0354973946529,45.3370914869049
"714","atf4b",1975,0,0,0,0.180708467547018,0.16197479672163,0,0.057113877378108,0.0886785375175253
"715","adsl",1690,0,0,0,0,0.16197479672163,0,0.026995799453605,0.0661259338598372
"716","ep300b",11007,0,0,0,0.361416935094036,0.16197479672163,1.22960318860699,0.292165820070443,0.480960879630277
"717","st13",2202,0.75778292796525,2.43475445023114,0.953301478446664,0.361416935094036,1.45777317049467,0.409867729535663,1.06248278196124,0.782501924491123
"718","rbx1",548,0,0,0,0,0.16197479672163,0,0.026995799453605,0.0661259338598372
"719","mpst",1655,0,0,0.190660295689333,0,0.16197479672163,0.136622576511888,0.0815429448204751,0.0909476777472999
"720","mgat3a",4174,0,0,0,0,0.16197479672163,0,0.026995799453605,0.0661259338598372
"721","ddx5",2542,0,0.521733096478102,3.05056473102932,2.16850161056422,1.6197479672163,2.52751766546992,1.64801084512631,1.18294889068129
"722","kpna2",1819,0,0,0,0,0.16197479672163,0,0.026995799453605,0.0661259338598372
"723","bptf",10354,0,0,0,0,0,0.136622576511888,0.0227704294186479,0.0557759332997464
"724","grb2b",1965,0,0,0,0,0,0.136622576511888,0.0227704294186479,0.0557759332997464
"725","gcat",1718,0,0,0,0,0.16197479672163,0,0.026995799453605,0.0661259338598372
"726","hmox1a",1413,16.2923329512529,122.520322156274,26.1204605094386,142.578980894597,223.201269882406,857.648224053375,231.393598407891,316.357080685276
"727","hsp70.1",2272,0.189445731991312,0.347822064318734,0,0.722833870188072,0.16197479672163,0,0.237012743869958,0.271493745018242
"728","hsp70.2",2297,0.568337195973937,0.608688612557785,0,0.361416935094036,0.32394959344326,0.409867729535663,0.37871001110078,0.217503313131943
"729","hsp70.3",2358,1.5155658559305,0.173911032159367,0.953301478446664,0.813188103961581,0.64789918688652,0.956358035583214,0.843370615494641,0.439088508188554
"730","gdpd3a",1282,0,0,0,0,0,0.136622576511888,0.0227704294186479,0.0557759332997464
"731","mapk3",2725,0.189445731991312,0.173911032159367,0,0.180708467547018,0.404936991804075,0,0.158167037250295,0.150108880493972
"732","rhot1a",5185,0,0,0,0,0.16197479672163,0,0.026995799453605,0.0661259338598372
"733","rps15a",444,1.13667439194787,0.521733096478102,0.190660295689333,3.25275241584633,5.50714308853542,2.32258380070209,2.15525784819986,2.00165860625342
"734","clec16a",6697,0,0,0,0,0.64789918688652,0.136622576511888,0.130753627233068,0.259175623303325
"735","hapstr1a",2425,0,0,0,0,0.16197479672163,0,0.026995799453605,0.0661259338598372
"736","usp7",6483,0,0,0,0,0,0.136622576511888,0.0227704294186479,0.0557759332997464
"737","eci1",1131,0,0,0,0,0,0.136622576511888,0.0227704294186479,0.0557759332997464
"738","naa60",1564,47.3614329978281,38.6082491393795,28.7897046490892,76.4396817723886,75.5612426706405,83.4080829605074,58.3613990316389,22.959384120482
"739","abat",7378,3.22057744385231,2.43475445023114,4.76650739223332,1.9877931430172,4.53529430820564,5.60152563698739,3.75774206242117,1.42781610035365
"740","alg1",1709,0,0,0,0,0.16197479672163,0,0.026995799453605,0.0661259338598372
"741","eif3d",1812,0.378891463982625,0.695644128637469,1.90660295689333,0.722833870188072,2.26764715410282,0.819735459071326,1.13189250547927,0.763178761355523
"742","sult3st1",4264,303.776231248069,146.259178046028,62.7272372817905,551.251180252179,309.857786128478,592.327180467289,327.699798903972,211.671775631497
"743","rpl3",1360,2.65224024787837,3.65213167534671,3.43188532240799,16.4444705467786,27.2117658492339,18.4440478291048,11.9727569117917,10.228905562955
"744","slc25a39",2193,0,0,0,0,0.16197479672163,0,0.026995799453605,0.0661259338598372
"745","rpl27",483,0.75778292796525,0.347822064318734,1.143961774136,1.9877931430172,4.61628170656646,3.14231925977342,1.99932681262951,1.62207066288621
"746","grna",4436,0,0,0,0,0.16197479672163,0,0.026995799453605,0.0661259338598372
"747","hsd17b14",2117,89.1342169019125,69.9122349280656,87.8943963127824,71.7412616161662,81.2303605558975,60.2505562417424,76.6938377594278,11.3286825243342
"748","tbc1d17",2436,0,0,0,0,0.16197479672163,0,0.026995799453605,0.0661259338598372
"749","akt1s1",2357,0,0,0,0,0.48592439016489,0.136622576511888,0.103757827779463,0.195035443146517
"750","emc10",1116,0.75778292796525,0.695644128637469,0.190660295689333,0.180708467547018,0.16197479672163,1.0929806120951,0.513291871442633,0.391712598641712
"751","med25",2812,0,0,0,0.361416935094036,0,0,0.060236155849006,0.147547845896829
"752","ppp1caa",2240,2.46279451588706,0.521733096478102,2.47858384396133,0.542125402641054,0,0.819735459071326,1.13749538633981,1.06615493943156
"753","cox6a2",511,0,0.173911032159367,0.190660295689333,1.26495927282913,0.32394959344326,0.341556441279719,0.382506105900134,0.449545764687397
"754","armc5",4979,0,0,0.190660295689333,0.361416935094036,0,0.956358035583214,0.251405877727764,0.374797211679407
"755","elob",1763,0.189445731991312,0,0,0,0,0,0.0315742886652187,0.0773408962211285
"756","arl6ip1",1541,0,0,0,0,0.16197479672163,0.273245153023775,0.0725366582909009,0.117753426827362
"757","smg1",12279,0,0,0,0,0.64789918688652,0,0.10798319781442,0.264503735439349
"758","mylk5",3039,0,0,0,0,0.16197479672163,0.136622576511888,0.049766228872253,0.077513222057617
"759","ccdc47",2400,0,0,0,0,0.48592439016489,0,0.0809873983608151,0.198377801579512
"760","dcaf7",2495,0,0,0,0.180708467547018,0,0,0.030118077924503,0.0737739229484146
"761","limd2",3846,0,0,0,0,0,0.136622576511888,0.0227704294186479,0.0557759332997464
"762","zp3e",1374,0,0,0,0.180708467547018,0,0,0.030118077924503,0.0737739229484146
"763","ddx42",3693,0.189445731991312,0.173911032159367,0,0.361416935094036,1.45777317049467,0.54649030604755,0.454839529297823,0.525211808739306
"764","snrnp70",5433,0,0,0,0,0,0.136622576511888,0.0227704294186479,0.0557759332997464
"765","aldh16a1",3631,309.459603207809,311.387703081347,133.366876834688,547.727365135012,739.414947034241,469.161927741822,418.419737172487,213.033545531829
"766","fthl27",889,850.042999445019,1419.98357758123,740.905909048747,1200.53670414861,753.101817357219,1136.6998365789,1016.87847402662,277.183796687406
"767","fthl28",891,5.96754055772634,7.21730783461374,2.09726325258266,2.71062701320527,2.83455894262853,1.84440478291048,3.7786170639445,2.24570508081094
"768","fthl30",736,0.378891463982625,0.347822064318734,0.571980887067998,0.090354233773509,0.0809873983608151,0.478179017791607,0.324702510882548,0.201240533166928
"769","fthl31",883,42.2463982340627,29.9126975314112,40.8013032775172,19.6068687288515,16.6834040623279,18.3757365408489,27.9377347291699,11.5030849913565
"770","fthl29",666,7.67255214564815,3.30430961102798,4.48051694869932,2.80098124697878,1.53876056885549,3.62049827756502,3.90293646646246,2.08736005544763
"771","LOC558816",784,0,0,0,0.180708467547018,0,0,0.030118077924503,0.0737739229484146
"772","zgc:173594",4595,0.284168597986969,0.347822064318734,0.0953301478446664,0.271062701320527,0.0809873983608151,0.136622576511888,0.202665581057267,0.112320493480411
"773","prmt1",2313,0,0,0,0.180708467547018,0.16197479672163,0,0.057113877378108,0.0886785375175253
"774","ap2a1",5460,0,0,0,0,0.32394959344326,0,0.05399159890721,0.132251867719674
"775","prr12b",9206,0,0,0,0.361416935094036,0,0.409867729535663,0.12854744410495,0.199733364449706
"776","scaf1",5800,0,0,0,0,0.16197479672163,0,0.026995799453605,0.0661259338598372
"777","nosip",1464,0,0,0,0,0.48592439016489,0,0.0809873983608151,0.198377801579512
"778","rcn3",2113,0,0,0,0.90354233773509,2.42962195082445,0.683112882559438,0.66937952851983,0.948438829985138
"779","srrm2",4553,0,0,0,0,0.32394959344326,0.54649030604755,0.145073316581802,0.235506853654724
"780","rnf25",2168,0,0,0.190660295689333,0,0,0,0.0317767159482221,0.0778367397745047
"781","kat8",1713,0,0,0,0,0.16197479672163,0.273245153023775,0.0725366582909009,0.117753426827362
"782","setd1a",8421,0,0,0,0.180708467547018,0.48592439016489,0,0.111105476285318,0.197338035886034
"783","hsd3b7",4524,2032.84742713278,1858.67415620324,1083.9991111417,680.27702608075,432.391719848392,1679.91120079017,1294.6834401995,659.818485051793
"784","cd2bp2",1367,0,0.173911032159367,0,0,0,0,0.0289851720265612,0.0709988815718676
"785","prr14",4479,0,0,0,0,0.48592439016489,0,0.0809873983608151,0.198377801579512
"786","kat7a",1408,0,0,0,0.180708467547018,0,0.273245153023775,0.0756589367617989,0.120807959690264
"787","aoc2",2753,0,0.173911032159367,0,0,0.48592439016489,0.136622576511888,0.132742999806024,0.189372154495634
"788","rarab",5306,3.031131711861,8.78250712404804,7.81707212326264,75.084368265786,72.0787845411254,55.4004547755704,37.0323864236089,34.121151417243
"789","rpl23",483,0.75778292796525,0.173911032159367,0.953301478446664,4.15629475358142,8.5846642262464,3.68880956582097,3.05246066403668,3.16817704864545
"790","nacc1a",9519,0,0,0,0,0,0.54649030604755,0.0910817176745917,0.223103733198986
"791","alkbh7",3451,0,0,0,0,0,0.136622576511888,0.0227704294186479,0.0557759332997464
"792","gtf2f1",2674,0,0.347822064318734,0,0,0,0.136622576511888,0.0807407734717703,0.141796672623002
"793","aldh3b1",1943,8.71450367160037,5.56515302909975,2.47858384396133,74.0001174605039,69.6491625903009,65.9887044552417,37.732704175118,35.3611296299458
"794","clpp",1182,350.474604183928,202.954174529982,332.892876273575,475.805395051299,364.68625481875,387.734872140737,352.424696166378,88.7092812399904
"795","si:dkey-204f11.64",3073,0,0,0,0,0.16197479672163,0,0.026995799453605,0.0661259338598372
"796","carm1",4686,0,0,0,0,0,0.136622576511888,0.0227704294186479,0.0557759332997464
"797","yipf2",2567,0,0.173911032159367,0.571980887067998,0,0,0.136622576511888,0.147085749289876,0.221931342908384
"798","tnrc6c1",10215,0,0,0,0,0.16197479672163,0,0.026995799453605,0.0661259338598372
"799","tac4",883,0,0,0,0,0,0.273245153023775,0.0455408588372959,0.111551866599493
"800","thraa",5411,90.9339513558299,35.999583656989,86.9410948343357,188.930702820407,148.449901195374,168.455636839157,119.951811783682,58.1421874692411
"801","smarce1",2787,1.89445731991312,2.26084341807177,2.66924413965066,2.16850161056422,2.26764715410282,2.04933864767831,2.21833871499682,0.262105929633828
"802","rbbp6",7214,0,0.173911032159367,0,0,0.48592439016489,0.273245153023775,0.155513429224672,0.197951465616974
"803","ndufab1b",677,0,0,0,0,0.16197479672163,0,0.026995799453605,0.0661259338598372
"804","gng13b",1645,0,0.173911032159367,0,0,0,0,0.0289851720265612,0.0709988815718676
"805","gps1",2106,0,0,0,0,0.16197479672163,0,0.026995799453605,0.0661259338598372
"806","si:ch1073-443f11.2",1045,2.08390305190444,2.08693238591241,0.762641182757331,2.89133548075229,0.809873983608151,0.683112882559438,1.55296649458234,0.926465393727477
"807","rogdi",3313,0,0,0.190660295689333,0,0,0.136622576511888,0.0545471453668701,0.0862145351539329
"808","glyr1",3136,0,0,0,0,0,0.136622576511888,0.0227704294186479,0.0557759332997464
"809","si:dkeyp-72e1.9",6918,0,0,0,0,0.16197479672163,0,0.026995799453605,0.0661259338598372
"810","rrn3",2410,0,0,0,0,0.48592439016489,0,0.0809873983608151,0.198377801579512
"811","gspt1l",4788,0,0.521733096478102,0.190660295689333,0.90354233773509,1.13382357705141,0.819735459071326,0.594915794337544,0.437931236843337
"812","nde1",2804,0,0,0,0,0,0.273245153023775,0.0455408588372959,0.111551866599493
"813","abcc1",7189,6.72532348569159,15.9998149586618,16.2061251335933,334.401019195757,140.027211765849,252.888389123504,127.707980610509,140.065764342625
"814","LOC137487238",5964,696.970847996038,525.733050217767,761.783211426729,1759.01622310267,1042.55077909877,1818.71973852625,1100.79564172804,558.70612715763
"815","LOC141381242",2162,0,0.173911032159367,0,0,0,0,0.0289851720265612,0.0709988815718676
"816","abcc6b.2",8282,60.7173571032156,14.4346156692275,91.3262816351904,29.3651259763904,16.9263662574103,30.9450135799425,40.6191267035628,29.8072841406909
"817","ezh1",3761,0,0,0,0,0,0.273245153023775,0.0455408588372959,0.111551866599493
"818","si:ch211-18i17.2",6284,0,0,0,0,0,0.136622576511888,0.0227704294186479,0.0557759332997464
"819","mlx",2138,0,0,0,0.361416935094036,0.16197479672163,0,0.087231955302611,0.149131855477145
"820","arf2a",2600,0,0.173911032159367,0.190660295689333,0.180708467547018,1.13382357705141,0.136622576511888,0.302620991493169,0.413278789932128
"821","gosr2",1362,0,0,0,0,0.16197479672163,0.136622576511888,0.049766228872253,0.077513222057617
"822","gpatch8",7670,0,0,0,0,0,0.136622576511888,0.0227704294186479,0.0557759332997464
"823","rps11",561,1.13667439194787,1.5651992894343,1.33462206982533,3.43346088339334,4.53529430820564,5.73814821349928,2.95723319271763,1.91497350589896
"824","retsat.2",2465,0,0,0,0,0.48592439016489,0,0.0809873983608151,0.198377801579512
"825","retsat.1",2416,0,0,0.190660295689333,0,0,0,0.0317767159482221,0.0778367397745047
"826","aldoaa",1669,0,0.521733096478102,0,0,0,0,0.0869555160796836,0.212996644715603
"827","prpsap2",2496,0,0,0,0,0.48592439016489,0,0.0809873983608151,0.198377801579512
"828","ccdc97",1499,0,0,0.190660295689333,0,0,0,0.0317767159482221,0.0778367397745047
"829","llgl1",5610,0,0,0,0,0,0.136622576511888,0.0227704294186479,0.0557759332997464
"830","znf598",3301,0,0,0,0,0.48592439016489,0.136622576511888,0.103757827779463,0.195035443146517
"831","smcr8a",4728,0,0,0,0.361416935094036,0,0,0.060236155849006,0.147547845896829
"832","shmt1",1776,0.189445731991312,0.869555160796836,0,0,1.45777317049467,0.956358035583214,0.578855349811006,0.603539240786856
"833","pdap1b",1249,0.189445731991312,0,0,0,0,0,0.0315742886652187,0.0773408962211285
"834","bud31",687,0,0,0.190660295689333,0,0,0,0.0317767159482221,0.0778367397745047
"835","atp5mf",850,0,0.173911032159367,0.381320591378666,0,0.48592439016489,0.273245153023775,0.219066861121116,0.199245641997745
"836","tnrc18",12985,0,0,0,0,0,0.136622576511888,0.0227704294186479,0.0557759332997464
"837","actb2",1843,0.947228659956562,2.08693238591241,3.43188532240799,1.62637620792316,5.02121869837053,3.55218698930908,2.77763804397996,1.49763122010493
"838","rnf216",2924,0,0,0,0.180708467547018,0,0.136622576511888,0.0528885073431509,0.0831121091081427
"839","smurf1",4436,0,0,0,0,0.32394959344326,0,0.05399159890721,0.132251867719674
"840","wipi2",2936,0,0,0,0,0.16197479672163,0,0.026995799453605,0.0661259338598372
"841","foxk1",2430,0,0,0,0,0.32394959344326,0,0.05399159890721,0.132251867719674
"842","cyp3c4",2312,35.6157976143667,39.3908487840967,71.6882711791891,140.681541985354,24.7011565000486,34.4288892809957,57.7510842240084,43.6692057700818
"843","cyp3c3",2395,19.5129103951052,102.172731393628,232.033579853918,53.2186436925968,22.6764715410282,43.3093567542684,78.8206156050908,80.753468045221
"844","cyp3c2",2152,23.3018250349314,33.5648292067579,22.7839053348753,128.75478312725,82.3641841329489,124.189922049306,69.1599081476783,49.5477780059175
"845","cyp3c1",1881,2710.40008759971,2284.75618499369,5254.97906978939,9300.7937619437,3066.1019145421,3366.2436626764,4330.5457802575,2641.84654752294
"846","sdk1a",9833,0,0,0,0,0.48592439016489,0,0.0809873983608151,0.198377801579512
"847","eif3ba",2663,0.189445731991312,0.173911032159367,0.571980887067998,0.542125402641054,3.72542032459749,0.683112882559438,0.98099937683611,1.36076728068851
"848","LOC141381264",5520,0,0,0,0,0.16197479672163,0,0.026995799453605,0.0661259338598372
"849","tmem184a",2920,0,0,0,0,0,0.136622576511888,0.0227704294186479,0.0557759332997464
"850","mafk",4664,0.568337195973937,0.869555160796836,0.762641182757331,4.69842015622247,1.6197479672163,0.956358035583214,1.57917661642501,1.56916017910063
"851","ints1",7071,0,0,0,0,0,0.273245153023775,0.0455408588372959,0.111551866599493
"852","micall2a",3839,0,0,0,0,0.16197479672163,0,0.026995799453605,0.0661259338598372
"853","axin1",7913,0,0,0,0,0.64789918688652,0,0.10798319781442,0.264503735439349
"854","ubfd1",2800,0,0,0,0,0.16197479672163,0,0.026995799453605,0.0661259338598372
"855","LOC799265",4548,0,0,0,0,0.16197479672163,0,0.026995799453605,0.0661259338598372
"856","kdm8",1565,0.189445731991312,0,0,0,0,0,0.0315742886652187,0.0773408962211285
"857","pdpk1a",5202,0,0,0,0,0.32394959344326,0.136622576511888,0.076762028325858,0.132856775174322
"858","gpr146",3528,0,0,0,0.180708467547018,0.16197479672163,0,0.057113877378108,0.0886785375175253
"859","igfals",3505,0,0,0.381320591378666,1.26495927282913,1.37678577213386,0.273245153023775,0.549385131560904,0.617217173229297
"860","cdip1",5736,0,0,0,0,0.16197479672163,0.409867729535663,0.0953070877095488,0.16716862425807
"861","sc:d0202",3221,0.947228659956562,3.65213167534671,2.66924413965066,7.04763023433371,6.64096666558684,11.3396738504867,5.38281253756019,3.73823168107659
"862","prkcsh",2111,0,0,0,0.180708467547018,0.32394959344326,0.273245153023775,0.129650535669009,0.149269042062087
"863","dnm2a",7589,0,0,0,0.180708467547018,0.16197479672163,0,0.057113877378108,0.0886785375175253
"864","atp5pd",703,0,0.173911032159367,0,0,0.809873983608151,0.136622576511888,0.186734598713234,0.314829408634347
"865","slc16a5b",5399,2.65224024787837,1.73911032159367,2.47858384396133,21.5043076380952,30.4512617836665,13.7988802277006,12.1040640104826,11.97727643703
"866","zgc:92161",1789,0.189445731991312,0,0,0,0,0,0.0315742886652187,0.0773408962211285
"867","gipc1",6485,0,0,0,0,0.16197479672163,0,0.026995799453605,0.0661259338598372
"868","LOC141381283",3222,0,0.347822064318734,0,0,0,0,0.0579703440531224,0.141997763143735
"869","dnajb1a",2988,35.2369061503841,26.7822989525426,34.8908341111479,43.9121576139254,45.0289934886132,34.7021344340195,36.7588874584388,6.76952774272377
"870","prkacaa",6547,0,0,0.190660295689333,0,0.16197479672163,0.136622576511888,0.0815429448204751,0.0909476777472999
"871","crb3a",2458,0,0,0,0,0,0.273245153023775,0.0455408588372959,0.111551866599493
"872","gcgra",5142,0,0,0,0.180708467547018,0,0,0.030118077924503,0.0737739229484146
"873","mrpl12",1072,0,0.173911032159367,0,0,0.16197479672163,0,0.0559809714801662,0.0868074499943072
"874","hgs",4592,0.378891463982625,0,0,0.180708467547018,0.971848780329781,0,0.255241451976571,0.382051083157193
"875","baiap2a",9591,0,0,0.381320591378666,0,0,0,0.0635534318964443,0.155673479549009
"876","zgc:165582",4241,0,0,0,0,0,0.136622576511888,0.0227704294186479,0.0557759332997464
"877","slc27a1a",2906,0,0,0,0.180708467547018,0,0,0.030118077924503,0.0737739229484146
"878","lmx1al",9044,0,0,0,0,0.16197479672163,0.136622576511888,0.049766228872253,0.077513222057617
"879","lpar2a",1613,0,0.173911032159367,0,0.180708467547018,0,0,0.0591032499510642,0.0915875891387696
"880","brd4",7363,0,0.173911032159367,0.190660295689333,0,0.32394959344326,0.409867729535663,0.183064775137937,0.166406141045355
"881","nr5a5",3926,0,0,0.190660295689333,0.722833870188072,0.16197479672163,0,0.179244827099839,0.280108457124778
"882","eif3g",1031,0,0.173911032159367,0.571980887067998,0.542125402641054,0.32394959344326,1.36622576511888,0.496365446738426,0.478445686476165
"883","aanat2",1446,0,0,0,0.361416935094036,0,0,0.060236155849006,0.147547845896829
"884","hbba2",666,0,0,0,0,0.16197479672163,0,0.026995799453605,0.0661259338598372
"885","ba1l",617,0,0,0,0,0.16197479672163,0,0.026995799453605,0.0661259338598372
"886","hbaa1",584,0,0.173911032159367,0,0.180708467547018,0.64789918688652,0.136622576511888,0.189856877184132,0.238774319911596
"887","hbba1",716,0,0,0,0,0.48592439016489,0.136622576511888,0.103757827779463,0.195035443146517
"888","si:ch211-5k11.8",657,0.189445731991312,0,0,0.722833870188072,0.32394959344326,0.136622576511888,0.228808628689089,0.271244253539168
"889","mafga",1176,0.189445731991312,0,0.190660295689333,0,0,0,0.0633510046134409,0.0981437058693778
"890","ern1",5209,0,0,0,0.180708467547018,0.48592439016489,0.409867729535663,0.179416764541262,0.220738472643218
"891","tex2",4681,0,0,0,0.361416935094036,0.16197479672163,0,0.087231955302611,0.149131855477145
"892","LOC100537840",16127,0,0.173911032159367,0,0,0,0,0.0289851720265612,0.0709988815718676
"893","zgc:112148",841,0.189445731991312,0,0.190660295689333,0.180708467547018,0,0.136622576511888,0.116239511956592,0.0921873825841328
"894","usp36",6890,0,0,0,0.180708467547018,0.16197479672163,0,0.057113877378108,0.0886785375175253
"895","lgals3bp.2",1977,0,0,0,0,0.48592439016489,0.204933864767831,0.115143042488787,0.199285162761482
"896","lgals3bp.1",1960,0,0,0,0,0,0.0683112882559438,0.011385214709324,0.0278879666498732
"897","uqcrc2a",1667,0.189445731991312,0,0.190660295689333,0.361416935094036,0.32394959344326,0.409867729535663,0.245890047625601,0.150350680991931
"898","luc7l3",2263,0,0,0,0.180708467547018,0,0,0.030118077924503,0.0737739229484146
"899","sec14l1",3459,0.75778292796525,1.91302135375304,1.33462206982533,0.722833870188072,1.29579837377304,0.136622576511888,1.0267801953361,0.618010400505613
"900","mcrip1",1147,0,0,0,0.180708467547018,0,0,0.030118077924503,0.0737739229484146
"901","alyref",1254,0.378891463982625,0.347822064318734,0.190660295689333,0.722833870188072,0.48592439016489,0.819735459071326,0.490977923902497,0.238793587605537
"902","arhgdia",4632,0,0.347822064318734,0.381320591378666,0,0,0,0.121523775949567,0.188561614922061
"903","cdr2l",2382,0,0,0,0,0,0.136622576511888,0.0227704294186479,0.0557759332997464
"904","recql5",8707,0,0,0,0,0,0.273245153023775,0.0455408588372959,0.111551866599493
"905","zgc:113265",12693,0,0,0,0.180708467547018,0,0,0.030118077924503,0.0737739229484146
"906","LOC101882465",3877,0,0,0,0,0.16197479672163,0,0.026995799453605,0.0661259338598372
"907","LOC100334642",5029,0,0,0,0,0,0.136622576511888,0.0227704294186479,0.0557759332997464
"908","mettl23",1523,0,0,0,0.180708467547018,0,0,0.030118077924503,0.0737739229484146
"909","tsen54",3407,0,0,0,0,0.16197479672163,0,0.026995799453605,0.0661259338598372
"910","helz",6211,0.189445731991312,0.521733096478102,0.381320591378666,0.90354233773509,0.48592439016489,0.54649030604755,0.504742742299268,0.234977450389552
"911","aimp2",1465,0,0.173911032159367,0.190660295689333,0,0.16197479672163,0.956358035583214,0.247150693358924,0.358036906223338
"912","lmtk2",8757,0,0,0,0,0,0.273245153023775,0.0455408588372959,0.111551866599493
"913","bri3",3058,0,0.173911032159367,0,0,0,0,0.0289851720265612,0.0709988815718676
"914","baiap2l1b",2628,0,0,0,0,0,0.136622576511888,0.0227704294186479,0.0557759332997464
"915","zgc:113295",2186,0,0.173911032159367,0,0.361416935094036,0,0.136622576511888,0.111991757294215,0.144416103174938
"916","srebf1",3505,0,0,0,0,0.48592439016489,0.273245153023775,0.126528257198111,0.207233697737872
"917","tom1l2a",7588,0,0,0,0,0,0.136622576511888,0.0227704294186479,0.0557759332997464
"918","tbl3",4560,0,0,0,0.361416935094036,0.32394959344326,0.273245153023775,0.159768613593512,0.177241301269342
"919","znf1024",7599,0,0,0,0,0,0.136622576511888,0.0227704294186479,0.0557759332997464
"920","LOC137490038",3255,0,0,0,0,0.0809873983608151,0,0.0134978997268025,0.0330629669299186
"921","LOC795918",3623,0.189445731991312,0.347822064318734,0.190660295689333,0.180708467547018,0.242962195082445,0.273245153023775,0.23747398460877,0.0651259611624656
"922","zgc:113407",16510,0,0,0,0,0.48592439016489,0.136622576511888,0.103757827779463,0.195035443146517
"923","sox9b",1901,0,0,0,0,0.16197479672163,0,0.026995799453605,0.0661259338598372
"924","ptpn12",6027,0,0.521733096478102,0.190660295689333,1.08425080528211,0.64789918688652,0.273245153023775,0.45296475622664,0.386660168309672
"925","c4h11orf98",696,0,0.173911032159367,0,0,0.48592439016489,0.409867729535663,0.17828385864332,0.220747960471696
"926","lrp6",6411,0,0,0,0.180708467547018,0,0.136622576511888,0.0528885073431509,0.0831121091081427
"927","dusp16",4927,0.189445731991312,0,0,0,0.16197479672163,0,0.0585700881188238,0.0911512905111682
"928","crebl2",2543,0,0,0,0,0.809873983608151,0,0.134978997268025,0.330629669299186
"929","eps8a",3666,0,0,0,0.180708467547018,0.32394959344326,0,0.0841096768317131,0.137950906423143
"930","etv6",2034,0,0,0,0.180708467547018,0.16197479672163,0.273245153023775,0.102654736215404,0.118597073709655
"931","si:ch211-51e12.7",1860,0,0,0,0.542125402641054,0.48592439016489,0,0.171341632134324,0.266035612552576
"932","tulp4a",8209,0,0,0,0.542125402641054,0.64789918688652,0.409867729535663,0.266648719843873,0.301680501691906
"933","rpl18a",620,0.378891463982625,0.869555160796836,0.953301478446664,4.87912862376949,11.6621853639574,5.73814821349928,4.08020171740871,4.35106885282592
"934","xpot",3854,0,0,0,0,0.16197479672163,0,0.026995799453605,0.0661259338598372
"935","rtcb",1693,0,0,0,0,0.16197479672163,0,0.026995799453605,0.0661259338598372
"936","fbxo7",2626,0,0,0,0.180708467547018,0,0,0.030118077924503,0.0737739229484146
"937","ost4",344,0,0,0,0,0,0.409867729535663,0.0683112882559438,0.167327799899239
"938","agbl5",3134,0.378891463982625,0.173911032159367,0,0,0.16197479672163,0,0.119129548810604,0.151583987914119
"939","tmem214",3299,0.189445731991312,0.173911032159367,0,0.180708467547018,0,0.136622576511888,0.113447968034931,0.0897032467917084
"940","mapre3b",2685,0,0.347822064318734,0,0,0,0,0.0579703440531224,0.141997763143735
"941","sim1b",2325,0,0.173911032159367,0.190660295689333,1.44566774037614,0.809873983608151,0.54649030604755,0.527767226313424,0.536632027357525
"942","atp23",1240,0,0,0,0,0,0.136622576511888,0.0227704294186479,0.0557759332997464
"943","upf2",5174,0.378891463982625,1.91302135375304,1.71594266120399,1.9877931430172,2.59159674754608,0.54649030604755,1.52228927925842,0.872906374748724
"944","mtpn",8973,0.378891463982625,0,0,0,0,0.136622576511888,0.0859190067490854,0.153578654485021
"945","slc38a4",5398,0,1.21737722511557,1.52528236551466,0.180708467547018,4.21134471476238,0.54649030604755,1.28020051316453,1.55188562663258
"946","slc38a2",4634,0,0,0,0.180708467547018,0.16197479672163,0,0.057113877378108,0.0886785375175253
"947","scaf11",5006,0,0,0,0,0,0.273245153023775,0.0455408588372959,0.111551866599493
"948","tm7sf3",3757,0,0,0,0,0.32394959344326,0,0.05399159890721,0.132251867719674
"949","pmpcb",1532,0,0.173911032159367,0,0.180708467547018,0,0.136622576511888,0.0818736793697122,0.0909357240268841
"950","dnajc2",2042,4.5466975677915,41.9995142664872,24.5951781439239,147.819526453461,134.925005669118,76.5086428466571,71.7324274912397,59.0343112242086
"951","pwp1",1952,0,0.173911032159367,0,0,0,0,0.0289851720265612,0.0709988815718676
"952","LOC141381549",783,0,0,0,0,0,0.136622576511888,0.0227704294186479,0.0557759332997464
"953","ano6",7626,0,0,0,0.180708467547018,0,0,0.030118077924503,0.0737739229484146
"954","cpsf6",3464,0,0,0.190660295689333,0,0.16197479672163,0.136622576511888,0.0815429448204751,0.0909476777472999
"955","si:ch73-278m9.1",4065,0,0,0,0.180708467547018,0,0,0.030118077924503,0.0737739229484146
"956","nap1l1",3545,0.75778292796525,0,0,0,1.6197479672163,0.136622576511888,0.419025578615573,0.65772175856132
"957","bcap29",1415,0,0,0,0,0,0.341556441279719,0.0569260735466198,0.139439833249366
"958","LOC141381554",4908,0,0.173911032159367,0,0.90354233773509,0.16197479672163,1.57115962988671,0.468431299417133,0.636371735215124
"959","slco1c1",3937,0,0.521733096478102,0,5.24054555886352,2.59159674754608,4.09867729535663,2.07542544970739,2.25418311891867
"960","aebp2",3810,0,0,0,0,0.16197479672163,0,0.026995799453605,0.0661259338598372
"961","plekha5",5292,0,0.173911032159367,0,0,0,0,0.0289851720265612,0.0709988815718676
"962","pik3cg",4827,0,0,0,0.180708467547018,0.16197479672163,0,0.057113877378108,0.0886785375175253
"963","waslb",5511,0,0,0,0.361416935094036,0.48592439016489,0.54649030604755,0.232305271884413,0.261381687370055
"964","cd9b",1348,0,0,0,0.180708467547018,0,0.273245153023775,0.0756589367617989,0.120807959690264
"965","creb3l2",4629,0,0,0,0,0.64789918688652,0,0.10798319781442,0.264503735439349
"966","coa6",585,0,0,0,0,0.16197479672163,0,0.026995799453605,0.0661259338598372
"967","zgc:113263",4840,0,0,0,0,0.16197479672163,0,0.026995799453605,0.0661259338598372
"968","apex1",2104,0,0,0,0,0.32394959344326,0,0.05399159890721,0.132251867719674
"969","si:ch211-214j24.14",928,0.189445731991312,0,0,0,0,0.409867729535663,0.0998855769211626,0.169716510819191
"970","tigarb",1518,0,0,0,0,0.16197479672163,0,0.026995799453605,0.0661259338598372
"971","ccnd2b",1477,0,0,0,0,0,0.136622576511888,0.0227704294186479,0.0557759332997464
"972","tmem209",2637,0,0,0.381320591378666,0,0,0,0.0635534318964443,0.155673479549009
"973","vegfab",2899,0,0,0,0,0.16197479672163,0.136622576511888,0.049766228872253,0.077513222057617
"974","pgm3",2712,0,0,0,0,0.16197479672163,0,0.026995799453605,0.0661259338598372
"975","si:ch73-352p4.8",4254,0,0,0.190660295689333,0,0,0,0.0317767159482221,0.0778367397745047
"976","LOC137490068",1041,0,0,0,0,0.16197479672163,0,0.026995799453605,0.0661259338598372
"977","tmem168a",3804,0,0,0,0,0.16197479672163,0,0.026995799453605,0.0661259338598372
"978","ifrd1",1770,0,0,0,0,0.32394959344326,0.136622576511888,0.076762028325858,0.132856775174322
"979","cald1a",5515,0,0,0,0,0.32394959344326,0,0.05399159890721,0.132251867719674
"980","elk3",11784,0,0.173911032159367,0,0,0,0,0.0289851720265612,0.0709988815718676
"981","phyh",2997,0,0,0.190660295689333,0,0.32394959344326,0.136622576511888,0.10853874427408,0.133623696854696
"982","nudt5",1397,0,0,0,0.180708467547018,0,0,0.030118077924503,0.0737739229484146
"983","cdc123",1389,0.378891463982625,0.521733096478102,0.762641182757331,1.08425080528211,0.64789918688652,1.22960318860699,0.770836487332279,0.32849644272534
"984","optn",3943,0,0,0,0,0.16197479672163,0.136622576511888,0.049766228872253,0.077513222057617
"985","si:ch211-240l19.8",513,0,0,0,0.180708467547018,0.16197479672163,0.273245153023775,0.102654736215404,0.118597073709655
"986","si:ch211-240l19.5",1081,0,0.173911032159367,0,0,0,0,0.0289851720265612,0.0709988815718676
"987","wnk1b",9497,0,0,0,0,0,0.273245153023775,0.0455408588372959,0.111551866599493
"988","erc1b",4600,0,0,0,0,0,0.136622576511888,0.0227704294186479,0.0557759332997464
"989","adipor2",5128,0.378891463982625,0.521733096478102,0.762641182757331,0.722833870188072,1.78172276393793,1.22960318860699,0.899570927658508,0.519801390649323
"990","sult4a1",3192,0,0.347822064318734,0,0,0,0,0.0579703440531224,0.141997763143735
"991","aldh1l2",4609,2.27334878389575,3.13039857886861,12.7742398111853,34.1539003663864,40.8176487738508,14.2087479572363,17.8930473785705,16.0725836500149
"992","nfyba",2429,0,0,0,0,0.16197479672163,0,0.026995799453605,0.0661259338598372
"993","ipo8",6385,0,0,0,0.180708467547018,0,0.136622576511888,0.0528885073431509,0.0831121091081427
"994","tmtc1",4852,0,0,0,0,0,0.136622576511888,0.0227704294186479,0.0557759332997464
"995","lmf2b",2579,0,0,0,0.180708467547018,0,0.273245153023775,0.0756589367617989,0.120807959690264
"996","tymp",1923,0,0,0,0,0,0.204933864767831,0.0341556441279719,0.0836638999496197
"997","shank3b",8367,0,0,0,0,0.16197479672163,0,0.026995799453605,0.0661259338598372
"998","hspa14",2242,271.665179675542,218.693122940404,133.080886391154,716.780136525247,651.8675694062,670.95347324988,443.840061364738,263.157302458236
"999","dmtf1",2717,0,0,0,0,0,0.136622576511888,0.0227704294186479,0.0557759332997464
"1000","glt8d2",6684,1.23139725794353,0.695644128637469,6.95910079266065,7.86081833829529,4.04936991804075,3.48387570105313,4.0467010227718,2.9155397571625
"1001","hsp90b1",2720,2124.06554708659,2121.97545889252,10840.9444128955,7164.91002977172,3798.38997052059,4195.06452308577,5040.89165704211,3389.37299002216
"1002","sbf1",7669,0,0,0.190660295689333,0,0.16197479672163,0.204933864767831,0.0929281595297991,0.102733845496469
"1003","ccdc136b",5221,0,0,0.190660295689333,0,0.16197479672163,0,0.0587725154018271,0.0915007450520586
"1004","ing3",2139,0,0,0,0,0.16197479672163,0,0.026995799453605,0.0661259338598372
"1005","LOC108183374",5158,0,0,0,0,0.16197479672163,0,0.026995799453605,0.0661259338598372
"1006","sema3aa",4931,0,0,0,0.361416935094036,0,0,0.060236155849006,0.147547845896829
"1007","gdi2",2532,0,0.521733096478102,0.190660295689333,0.180708467547018,0.64789918688652,0.136622576511888,0.279603937185477,0.249231313120725
"1008","net1",3934,0,0,0,0,0,0.54649030604755,0.0910817176745917,0.223103733198986
"1009","podxl",4177,0,0,0,0.361416935094036,0,0,0.060236155849006,0.147547845896829
"1010","cry1a",3350,0,0,0,0,0.16197479672163,0,0.026995799453605,0.0661259338598372
"1011","mrps33",2218,0,0,0,0.180708467547018,0,0,0.030118077924503,0.0737739229484146
"1012","cnot4b",15130,0,0,0.190660295689333,0,0.64789918688652,0.273245153023775,0.185300772599938,0.254860495336072
"1013","mgst1.1",4435,70.6632580327595,105.303129972497,114.777498004978,113.123500684433,71.9168097444038,48.0228356439285,87.3011720138334,27.5757071726391
"1014","mgst1.2",2149,4620.6761261341,4938.46462471347,4831.04590232416,8523.92805995907,3337.08574945738,4552.12762679958,5133.88801489796,1757.98777735902
"1015","dera",2842,0,0,0,0,0.32394959344326,0,0.05399159890721,0.132251867719674
"1016","b2m",1145,0,0,0.190660295689333,0.180708467547018,0.64789918688652,0.273245153023775,0.215418850524441,0.238751536810596
"1017","tmbim4",1828,0,0,0.190660295689333,0,0,0,0.0317767159482221,0.0778367397745047
"1018","tnpo3",3796,0,0,0.190660295689333,0,0.32394959344326,0,0.0857683148554322,0.139396889811469
"1019","pphln1",2791,0,0.173911032159367,0,0,0,0,0.0289851720265612,0.0709988815718676
"1020","zcrb1",1249,0.568337195973937,1.0434661929562,0.381320591378666,0.180708467547018,1.13382357705141,0.409867729535663,0.61958729240715,0.384735438955248
"1021","plxnb2a.1",7877,0,0,0,0.361416935094036,0,0.409867729535663,0.12854744410495,0.199733364449706
"1022","plxnb2a.3",2919,0,0.173911032159367,0,0,0,0.409867729535663,0.097296460282505,0.168188582085958
"1023","abcc9",5739,7.95672074363512,15.4780818621837,23.4512163697879,70.6570108108841,41.4655479607373,47.9545243556726,34.4938503504834,23.3466355217636
"1024","LOC137491532",469,0,0,0,0,0.16197479672163,0,0.026995799453605,0.0661259338598372
"1025","LOC141381604",3731,0,0,0,0,0.0809873983608151,0,0.0134978997268025,0.0330629669299186
"1026","akr1b1.1",2607,1075.48342051468,695.904995185708,240.231972568559,101.829221462745,129.984774369108,177.131170447662,403.427592424744,395.165155409346
"1027","akr1b1.2",1615,111.2046446789,62.9557936416909,35.6534752939052,110.774290606322,70.2160743788267,145.84460042644,89.4414798376809,40.1853042603335
"1028","prdm4",3733,0,0,0.381320591378666,0.180708467547018,0.48592439016489,0.54649030604755,0.265740625856354,0.24046897090081
"1029","psmc2",1456,0,0,0,0,0.16197479672163,0.273245153023775,0.0725366582909009,0.117753426827362
"1030","slc26a5",3897,0.189445731991312,0,0.190660295689333,0,0.32394959344326,0,0.117342603520651,0.137527199642902
"1031","tspan33a",1705,0,0,0.190660295689333,0,0.16197479672163,0.136622576511888,0.0815429448204751,0.0909476777472999
"1032","ube2h",2758,0,0,0,0,0,0.136622576511888,0.0227704294186479,0.0557759332997464
"1033","nrf1",3013,0,0,0,0,0.32394959344326,0,0.05399159890721,0.132251867719674
"1034","chchd3a",2046,0,0,0.190660295689333,0.180708467547018,0,0.956358035583214,0.221287799803261,0.371434475720688
"1035","btg1",1457,0,0,0,0,0.728886585247336,0,0.121481097541223,0.297566702369267
"1036","dennd5b",5749,0,0,0,0.542125402641054,0.971848780329781,0,0.252329030495139,0.41385271926943
"1037","tcp11l2",3397,0,0,0.381320591378666,0.361416935094036,0,0,0.12378958774545,0.191877263987691
"1038","pkp2",2824,0,0,0.190660295689333,0,0,0.409867729535663,0.100088004204166,0.169845372355931
"1039","gys2",2973,0.189445731991312,0,0.190660295689333,0.361416935094036,1.29579837377304,0,0.339553556091287,0.48788870768696
"1040","ldhba",1524,3.97836037181756,0,0.381320591378666,0.722833870188072,1.6197479672163,2.32258380070209,1.50414110021712,1.47909308278822
"1041","etnk1",6654,0,0,0,0,0.16197479672163,0,0.026995799453605,0.0661259338598372
"1042","sox5",6771,0,0,0,0.180708467547018,0,0.136622576511888,0.0528885073431509,0.0831121091081427
"1043","bcat1",3808,0,0,0,0,0.32394959344326,0.409867729535663,0.122302887163154,0.191408943132819
"1044","pah",2148,0,0,0,0.90354233773509,2.75357154426771,0.409867729535663,0.677830268589744,1.07794372052503
"1045","klhl42",3725,0,0,0,0,0,0.136622576511888,0.0227704294186479,0.0557759332997464
"1046","washc3",1734,0,0,0,0,0,0.0683112882559438,0.011385214709324,0.0278879666498732
"1047","dram1",1682,0,0,0,0,0,0.136622576511888,0.0227704294186479,0.0557759332997464
"1048","gnptab",4807,0,0.173911032159367,0,0,0,0,0.0289851720265612,0.0709988815718676
"1049","chpt1",2563,0,0.347822064318734,0.571980887067998,0.361416935094036,1.6197479672163,0.819735459071326,0.620117218794733,0.559828908588461
"1050","apaf1",6835,0.378891463982625,0.0869555160796836,1.62061251335933,0.90354233773509,0.32394959344326,0.478179017791607,0.632021740398599,0.553314252106625
"1051","dnajb9b",1106,22.3545963749749,6.08688612557785,104.672502333444,48.2491608350538,11.824160160679,10.3833158149035,33.9284369407721,37.8467526722681
"1052","anks1b",10464,0,0,0.381320591378666,0.542125402641054,0,0.273245153023775,0.199448524507249,0.234644401459048
"1053","bltp3b",6030,0,0,0,0,0.16197479672163,0.136622576511888,0.049766228872253,0.077513222057617
"1054","cdkn1ba",2286,0,0,0,0,0,0.136622576511888,0.0227704294186479,0.0557759332997464
"1055","pparaa",5665,23.680716498914,90.2598256907116,74.1668550231504,109.057560164625,90.5439113673912,103.218356554731,81.8212042165873,30.9381917362867
"1056","slc26a3.2",2947,0,0,0,0,0,0.273245153023775,0.0455408588372959,0.111551866599493
"1057","cbll1",1995,0,0,0,0,0,0.136622576511888,0.0227704294186479,0.0557759332997464
"1058","impdh1b",3916,0,0,0,0,0,0.136622576511888,0.0227704294186479,0.0557759332997464
"1059","snd1",4332,0.75778292796525,1.0434661929562,0.762641182757331,4.33700322112843,5.34516829181379,4.64516760140418,2.8152049030042,2.17487514184274
"1060","gcc1",3450,0,0,0.190660295689333,0,0,0.273245153023775,0.077317574785518,0.122593815324465
"1061","ppp6r2a",5031,0,0,0,0,0.16197479672163,0.136622576511888,0.049766228872253,0.077513222057617
"1062","dcp1b",3073,0,0,0,0,0.32394959344326,0,0.05399159890721,0.132251867719674
"1063","pawr",2277,0,0,0,0,0,0.136622576511888,0.0227704294186479,0.0557759332997464
"1064","ppp1r12a",5381,0,0,0,0,0,0.273245153023775,0.0455408588372959,0.111551866599493
"1065","rps16",519,0.378891463982625,0.347822064318734,0.190660295689333,2.34921007811124,6.31701707214357,3.14231925977342,2.12098670566982,2.39194672414271
"1066","llph",889,0,0,0,0.180708467547018,0.16197479672163,0.136622576511888,0.079884306796756,0.0886206506346712
"1067","golgb1",11232,0,0,0,0,0.16197479672163,0.136622576511888,0.049766228872253,0.077513222057617
"1068","kmt2e",8879,0,0,0.190660295689333,0.722833870188072,0.16197479672163,0.956358035583214,0.338637833030375,0.402900282324041
"1069","cd36",1698,0,0.173911032159367,0,0,0,0,0.0289851720265612,0.0709988815718676
"1070","gnai1",4725,0,0,0.381320591378666,0,0.32394959344326,0,0.117545030803654,0.183001490104117
"1071","nup107",2953,0,0,0.381320591378666,0,0,0,0.0635534318964443,0.155673479549009
"1072","slc35e3",1354,0.189445731991312,0,0,0.180708467547018,0,0.273245153023775,0.107233225427018,0.121831327211857
"1073","usp6nl",6671,0,0,0,0.180708467547018,0,0,0.030118077924503,0.0737739229484146
"1074","taf3",2697,0,0.869555160796836,0,0,0.64789918688652,0.341556441279719,0.309835131493846,0.378569276188504
"1075","atp5f1c",3492,0.189445731991312,0,0.190660295689333,1.26495927282913,0.48592439016489,0.683112882559438,0.469017095539017,0.45940537730138
"1076","itih2",3260,0.568337195973937,0.695644128637469,1.33462206982533,2.16850161056422,4.21134471476238,2.04933864767831,1.83796472790694,1.33843717667768
"1077","tmem110l",6825,0,0,0,0,0.16197479672163,0,0.026995799453605,0.0661259338598372
"1078","sfmbt2",7101,0,0,0,0,0.16197479672163,0.0683112882559438,0.038381014162929,0.0664283875871608
"1079","rbm17",1633,0,0,0,0,0,0.136622576511888,0.0227704294186479,0.0557759332997464
"1080","LOC137487196",3550,0.189445731991312,0.173911032159367,0,0,0,0,0.0605594606917799,0.0939468390109909
"1081","acot16",2675,0,0.173911032159367,0.381320591378666,0,0,0,0.0925386039230055,0.157651565942111
"1082","tmcc3",1848,0,0,0,0,0.48592439016489,0.136622576511888,0.103757827779463,0.195035443146517
"1083","ndufa12",5179,0,0,0,0,0.32394959344326,0,0.05399159890721,0.132251867719674
"1084","nr2c1",2371,0,0.347822064318734,0,0.722833870188072,0.32394959344326,1.16129190035104,0.425982904716852,0.449052914157111
"1085","usp44",3058,0.75778292796525,0.521733096478102,0.190660295689333,1.44566774037614,0.16197479672163,0.54649030604755,0.604051527213001,0.470821613352579
"1086","LOC110437835",6516,0.0947228659956562,0,0,0,0,0,0.0157871443326094,0.0386704481105642
"1087","LOC108183619",5091,0,0,0.190660295689333,0,0,0,0.0317767159482221,0.0778367397745047
"1088","LOC137491263",7048,0,0.173911032159367,0,0,0,0.136622576511888,0.0517556014452091,0.081041867986555
"1089","znf977",7969,0,0,0,0.180708467547018,0,0,0.030118077924503,0.0737739229484146
"1090","LOC108183681",4372,0,0,0,0,0.0809873983608151,0,0.0134978997268025,0.0330629669299186
"1091","LOC137490873",2369,0,0,0,0.180708467547018,0,0,0.030118077924503,0.0737739229484146
"1092","LOC137491121",2586,0,0,0,0,0.32394959344326,0,0.05399159890721,0.132251867719674
"1093","LOC101886012",1141,0,0,0,0.180708467547018,0,0,0.030118077924503,0.0737739229484146
"1094","LOC137491250",3037,0,0,0,0,0.16197479672163,0,0.026995799453605,0.0661259338598372
"1095","LOC101884850",2020,0,0,0,0,0.16197479672163,0,0.026995799453605,0.0661259338598372
"1096","LOC137490970",3857,0,0,0.381320591378666,0,0,0,0.0635534318964443,0.155673479549009
"1097","LOC108183338",4257,0,0,0,0,0,0.409867729535663,0.0683112882559438,0.167327799899239
"1098","LOC101882721",3965,0,0,0,0,0,0.136622576511888,0.0227704294186479,0.0557759332997464
"1099","myrfl",3489,0,0,0.190660295689333,0.180708467547018,0,0.136622576511888,0.0846652232913731,0.0945128846225886
"1100","ptprb",6486,0,0.173911032159367,0,0,0.32394959344326,0,0.0829767709337712,0.137023734521591
"1101","trim24",4829,0,0.173911032159367,0,0,0,0.136622576511888,0.0517556014452091,0.081041867986555
"1102","nup50",2555,0,0,0,0,0.32394959344326,0,0.05399159890721,0.132251867719674
"1103","LOC141381899",1697,0,0,0.381320591378666,0,0,0,0.0635534318964443,0.155673479549009
"1104","slc37a3",2464,0,0,0,0,0,0.273245153023775,0.0455408588372959,0.111551866599493
"1105","slco1f1",8498,1.5155658559305,0,0,0,0,0,0.25259430932175,0.618727169769028
"1106","LOC100536648",4652,0.378891463982625,0,0,0,0,0,0.0631485773304375,0.154681792442257
"1107","slco1f4",5582,3.031131711861,0,0,0,0,0,0.5051886186435,1.23745433953806
"1108","LOC100334356",5040,0,0,0,0.180708467547018,0.16197479672163,0.273245153023775,0.102654736215404,0.118597073709655
"1109","slco1f2",8152,0.568337195973937,0,0,0,0,0,0.0947228659956562,0.232022688663385
"1110","slco1f3",2763,0,0,0,0,0,0.409867729535663,0.0683112882559438,0.167327799899239
"1111","slco1e1",4598,0,0.521733096478102,0.381320591378666,0.722833870188072,0.16197479672163,0.751424170815382,0.423214420930309,0.302096363440346
"1112","slco1d1",3268,7883.40524535448,6274.01439618133,6831.26306440095,7055.31034420445,6927.9050179792,7166.74218479583,7023.10670881937,523.218584293683
"1113","abcd2",4034,0,0,0.190660295689333,0.722833870188072,0.16197479672163,0.136622576511888,0.202015256518487,0.267910706106266
"1114","si:cabz01066312.1",5516,0,0,0,0,0.32394959344326,0,0.05399159890721,0.132251867719674
"1115","LOC137491375",5097,0,0,0,0,0,0.54649030604755,0.0910817176745917,0.223103733198986
"1116","LOC103911011",2422,0,0,0,0.180708467547018,0,0,0.030118077924503,0.0737739229484146
"1117","zgc:171673",5172,0,0,0,0.180708467547018,0,0,0.030118077924503,0.0737739229484146
"1118","mhc2d4b",4022,0,0,0,0,0.16197479672163,0,0.026995799453605,0.0661259338598372
"1119","si:cabz01015815.1",6360,0,0,0,0.361416935094036,0,0.136622576511888,0.083006585267654,0.146933570159263
"1120","LOC131384668",2614,0,0,0,0.361416935094036,0,0,0.060236155849006,0.147547845896829
"1121","zgc:162948",1494,0,0,0,0,0.16197479672163,0,0.026995799453605,0.0661259338598372
"1122","nots",2738,0,0,0,5.9633794290516,5.99306747870031,5.87477079001117,2.97186961629385,3.25575274726925
"1123","cct2",2677,0,0,0,0.180708467547018,0.809873983608151,0.54649030604755,0.25617879286712,0.344510560268722
"1124","terfa",2151,0.378891463982625,0.347822064318734,0,0.180708467547018,0.16197479672163,0.273245153023775,0.223773657598964,0.139746434345728
"1125","ikbip",9865,0,0,0,0,0.16197479672163,0,0.026995799453605,0.0661259338598372
"1126","ckap4",1929,0,0,0,0.180708467547018,0,0,0.030118077924503,0.0737739229484146
"1127","arfgap3",1869,0,0,0,0.361416935094036,0,0,0.060236155849006,0.147547845896829
"1128","pacsin2",2336,0,0,0,0,0.16197479672163,0,0.026995799453605,0.0661259338598372
"1129","ttll1",2182,0.189445731991312,0,0,0,0,0,0.0315742886652187,0.0773408962211285
"1130","kdm5a",5743,0,0,0,0.180708467547018,0,0.136622576511888,0.0528885073431509,0.0831121091081427
"1131","rnf170",1864,0,0,0,0,0,0.54649030604755,0.0910817176745917,0.223103733198986
"1132","hook3",3628,0,0,0,0.90354233773509,0.16197479672163,0.409867729535663,0.245897477332064,0.359950755081272
"1133","mbd2",1522,0,0,0.381320591378666,0,0.16197479672163,0,0.0905492313500493,0.156490414015607
"1134","rnf185",926,0,0,0,0,0,0.273245153023775,0.0455408588372959,0.111551866599493
"1135","surf4",1273,3.22057744385231,2.60866548239051,3.24122502671866,5.42125402641054,3.72542032459749,6.55788367257061,4.12917099609002,1.52689657356036
"1136","surf2",915,0,0,0,0,0,0.136622576511888,0.0227704294186479,0.0557759332997464
"1137","ciz1a",4696,0,0,0,0,0.16197479672163,0,0.026995799453605,0.0661259338598372
"1138","ddrgk1",1260,0.189445731991312,0,0.381320591378666,0.542125402641054,0,0.136622576511888,0.20825238375382,0.216169575725023
"1139","si:ch73-55i23.1",3839,0,0,0,0,0.16197479672163,0,0.026995799453605,0.0661259338598372
"1140","hspa5",2340,788.852028011825,441.820977200872,10612.7240389553,4415.97282144648,1053.07914088568,1055.68264870736,3061.35527586792,3973.41881925406
"1141","mcc",5024,0,0,0,0,0,0.136622576511888,0.0227704294186479,0.0557759332997464
"1142","rcl1",1219,0.189445731991312,0.173911032159367,0,0,0.48592439016489,0.409867729535663,0.209858147308539,0.202980860771486
"1143","gusb",3799,0,0.521733096478102,0.190660295689333,0,0.48592439016489,0,0.199719630388721,0.247124139126249
"1144","rplp0",1081,10.2300695275309,4.86950890046228,6.86377064481598,32.5275241584633,39.1979008066345,34.7021344340195,21.3984847453211,15.6643562291141
"1145","nupr1a",699,0,0,0,0,0.64789918688652,0,0.10798319781442,0.264503735439349
"1146","mtmr4",6852,0,0,0,0.180708467547018,0,0,0.030118077924503,0.0737739229484146
"1147","hpda",1785,0.378891463982625,0.173911032159367,2.28792354827199,0.722833870188072,8.5846642262464,2.8007628184937,2.49149782655702,3.16942425306665
"1148","hsf5",2138,0,1.39128825727494,0.762641182757331,0.542125402641054,0,0.273245153023775,0.494883332616183,0.53224249678141
"1149","hspb1",943,36.373580542332,59.1297509341848,48.2370548094012,76.8010987074827,49.7262625935404,86.8919586615605,59.5266177080836,19.0104781809822
"1150","mlxipl",7689,0,0,0,0,0,0.136622576511888,0.0227704294186479,0.0557759332997464
"1151","c1qbp",1405,0,0,0,0,0.48592439016489,0.273245153023775,0.126528257198111,0.207233697737872
"1152","prdx4",1135,1777.2851346765,1604.5901382184,1168.65228242777,4046.5143595466,3061.40464543717,4407.92249729129,2677.72817626629,1360.44761826826
"1153","sat1a.2",1416,0,0,0,0.180708467547018,0.32394959344326,0.409867729535663,0.152420965087657,0.18231705430949
"1154","tnks1bp1",5924,0.189445731991312,0.173911032159367,0.381320591378666,0,0,0.54649030604755,0.215194610262816,0.215564124460815
"1155","pxna",6192,0,0,0,0,0.16197479672163,0,0.026995799453605,0.0661259338598372
"1156","ostf1",2398,0,0.173911032159367,0,0,0,0,0.0289851720265612,0.0709988815718676
"1157","me2",5226,0,0,0,0,0,0.136622576511888,0.0227704294186479,0.0557759332997464
"1158","elac1",1446,0,0,0,0,0.48592439016489,0.136622576511888,0.103757827779463,0.195035443146517
"1159","smad4b",7873,0,0,0,0,0.16197479672163,0.273245153023775,0.0725366582909009,0.117753426827362
"1160","mex3c",5034,0,0,0,0,0.64789918688652,0,0.10798319781442,0.264503735439349
"1161","nipbla",9033,0,0.521733096478102,0,0.180708467547018,0,0.273245153023775,0.162614452841482,0.210172846113478
"1162","slc1a3a",8074,0.189445731991312,0,0,0,0.16197479672163,0.409867729535663,0.126881376374768,0.163415895085469
"1163","lifra",4036,0,0,0,0.361416935094036,0,0,0.060236155849006,0.147547845896829
"1164","mybbp1a",6605,0,0,0,0,0.16197479672163,0,0.026995799453605,0.0661259338598372
"1165","tnksb",8352,0,0,0,0,0,0.136622576511888,0.0227704294186479,0.0557759332997464
"1166","atp5meb",616,1.89445731991312,2.60866548239051,4.76650739223332,0.722833870188072,0.64789918688652,2.1859612241902,2.13772074596696,1.51097885913075
"1167","LOC571561",3486,2.27334878389575,3.91299822358576,1.52528236551466,2.71062701320527,2.91554634098934,2.59582895372586,2.65560528015278,0.784723759026041
"1168","ugt2b1",3412,104.858212657191,129.563718958729,90.8496308959671,181.250592949659,209.109462567624,166.064741750199,146.949393296562,46.1019642903194
"1169","ugt2b2p",749,1.13667439194787,1.99997686983272,1.62061251335933,3.88523205226089,3.07752113771097,4.23529987186852,2.65921947283005,1.26440193777013
"1170","ugt2b4p",1391,1.42084298993484,1.21737722511557,2.28792354827199,11.8364046243297,6.4789918688652,14.7552382632839,6.33279641996686,5.79490119961497
"1171","ugt2b5",1683,30.8796543145839,55.2167527105991,54.9101651585278,56.7424588097637,82.3641841329489,50.0721742916068,55.0308982363384,16.4800400605834
"1172","ugt2b6",1952,75.1152327345554,96.6945338806082,42.6125760865659,203.477734457942,175.985616638051,221.601819102282,135.914585483334,74.0983229800797
"1173","gak",5576,0.189445731991312,0.347822064318734,0.381320591378666,1.08425080528211,1.21481097541223,1.50284834163076,0.786749751668968,0.547419928277769
"1174","gstt2",1457,181.678456979669,129.12894137833,222.119244478073,227.511960641696,183.84139427905,223.99271419124,194.71211865801,38.1406229157805
"1175","prodhb",4599,0,0,0,0,0,0.136622576511888,0.0227704294186479,0.0557759332997464
"1176","LOC108190056",1596,0,0,0,0,0.16197479672163,0,0.026995799453605,0.0661259338598372
"1177","castor1",5260,0,0,0,0,0.16197479672163,0,0.026995799453605,0.0661259338598372
"1178","nipsnap1",1560,0,0.173911032159367,0,0,0,0.136622576511888,0.0517556014452091,0.081041867986555
"1179","pes",2421,0.378891463982625,0,0,1.26495927282913,0.48592439016489,0.683112882559438,0.468814668256013,0.474915417235343
"1180","top3b",4266,0,0,0,0.180708467547018,0,0,0.030118077924503,0.0737739229484146
"1181","ube2l3b",2409,0.189445731991312,0.173911032159367,0.381320591378666,1.80708467547018,0.32394959344326,1.36622576511888,0.706989564926944,0.699943692175047
"1182","add2",6731,0,0,0,0.180708467547018,0,0,0.030118077924503,0.0737739229484146
"1183","tet3",11624,0,0,0,0.180708467547018,0,0,0.030118077924503,0.0737739229484146
"1184","kat6a",10308,0,0,0,0,1.13382357705141,0.54649030604755,0.280052313849827,0.47193892984702
"1185","pebp1",1960,0,0,0.190660295689333,0,0,0,0.0317767159482221,0.0778367397745047
"1186","hspb8",3074,136.969264229719,56.8689075161131,77.2174197541798,111.135707541416,121.319122744501,130.337937992341,105.641393296378,31.7931160722608
"1187","xbp1",1663,0,0,0.381320591378666,0.722833870188072,1.13382357705141,0.136622576511888,0.395766769188339,0.454384818414565
"1188","slc39a14",2385,14.5873213633311,27.8257651454987,22.4979148913413,55.6582080044816,55.0714308853542,59.4308207826711,39.1785768454463,19.7290400175618
"1189","fbrsl1",6527,0,0,0,0.542125402641054,0,0.409867729535663,0.158665522029453,0.249336327324428
"1190","rnf215",5057,0,0,0,0,0.16197479672163,0,0.026995799453605,0.0661259338598372
"1191","aacs",7588,0,0,0,0,0.16197479672163,0,0.026995799453605,0.0661259338598372
"1192","pgam5",2433,0,0,0,0,0,0.136622576511888,0.0227704294186479,0.0557759332997464
"1193","ranbp1",2522,0,0,0,0,0.48592439016489,0,0.0809873983608151,0.198377801579512
"1194","rusc2",7883,0,0,0,0,0.16197479672163,0,0.026995799453605,0.0661259338598372
"1195","acacb",9788,0,0,0,0,0.32394959344326,0.136622576511888,0.076762028325858,0.132856775174322
"1196","aldh3b4",3467,0,0.173911032159367,0.285990443533999,4.33700322112843,0.48592439016489,1.50284834163076,1.13094623810291,1.65783423845707
"1197","ankrd13a",2878,0,0.173911032159367,0,0,0,0,0.0289851720265612,0.0709988815718676
"1198","isg15",1143,0,0,0,0.180708467547018,0,0,0.030118077924503,0.0737739229484146
"1199","pxmp2",1344,0,0,0,0.180708467547018,0,0,0.030118077924503,0.0737739229484146
"1200","usp30",2869,0,0,0,0,0.16197479672163,0.136622576511888,0.049766228872253,0.077513222057617
"1201","dao.2",1547,0,0,0,0,0,0.0683112882559438,0.011385214709324,0.0278879666498732
"1202","ssh1a",6819,0,0,0,0,0.32394959344326,0,0.05399159890721,0.132251867719674
"1203","limk2",3597,0,0,0,0,0,0.273245153023775,0.0455408588372959,0.111551866599493
"1204","hs3st1l2",2197,0,0,0.190660295689333,0,0,0,0.0317767159482221,0.0778367397745047
"1205","LOC101884650",2793,0,0,0,0,0,0.0683112882559438,0.011385214709324,0.0278879666498732
"1206","smarca1",3948,0,0,0,0,0.16197479672163,0,0.026995799453605,0.0661259338598372
"1207","amer1",5826,0,0,0,0,0,0.136622576511888,0.0227704294186479,0.0557759332997464
"1208","msna",3621,0.189445731991312,0,0,0,0,0.136622576511888,0.0543447180838667,0.0858316066269076
"1209","rpl36a",960,0.568337195973937,1.73911032159367,2.28792354827199,4.87912862376949,6.96491625903009,4.23529987186852,3.44578597008462,2.34926286137523
"1210","aifm1",2868,0,0,0,0,0.64789918688652,0,0.10798319781442,0.264503735439349
"1211","nono",4004,0,0,0.190660295689333,0,0,0,0.0317767159482221,0.0778367397745047
"1212","npas2",8336,0.947228659956562,5.21733096478102,5.14782798361199,27.9194582360143,31.990022352522,30.6034571386628,16.9708875559248,14.6012399337144
"1213","apool",1737,0,0,0,0,0,0.273245153023775,0.0455408588372959,0.111551866599493
"1214","chmp1b",1957,0,0,0,0,0.16197479672163,0,0.026995799453605,0.0661259338598372
"1215","nexmifa",6815,0,0,0,0,0.0809873983608151,0,0.0134978997268025,0.0330629669299186
"1216","prps1a",2554,0,0,0,0,0.16197479672163,0.273245153023775,0.0725366582909009,0.117753426827362
"1217","si:dkeyp-20g2.1",2570,0,0,0,0.361416935094036,0,0,0.060236155849006,0.147547845896829
"1218","stag2a",5506,0,0,0.381320591378666,0,0,0,0.0635534318964443,0.155673479549009
"1219","cwc15",1276,0.568337195973937,1.21737722511557,1.33462206982533,1.62637620792316,1.78172276393793,2.1859612241902,1.45239944782769,0.552721930163382
"1220","rnf128a",1919,0,0.347822064318734,0,0,0.16197479672163,0.136622576511888,0.107736572925375,0.138736251022202
"1221","pdha1a",3000,0,0,0,0.180708467547018,0,0,0.030118077924503,0.0737739229484146
"1222","gps2",2488,0,0,0,0,0,0.136622576511888,0.0227704294186479,0.0557759332997464
"1223","tp53",4243,0,0,0,0,0,0.54649030604755,0.0910817176745917,0.223103733198986
"1224","si:ch211-114c12.2",4306,0,0,0,0,0.242962195082445,0,0.0404936991804075,0.0991889007897558
"1225","tm4sf21a",968,0,0,0,0.180708467547018,0,0,0.030118077924503,0.0737739229484146
"1226","mpdu1a",4682,0,0.173911032159367,0,0,0,0,0.0289851720265612,0.0709988815718676
"1227","eif4a1b",2703,0.947228659956562,2.60866548239051,1.33462206982533,6.68621329923967,5.34516829181379,7.51424170815382,4.07268991856328,2.8179026088643
"1228","plscr3a",802,0,0.173911032159367,0,0,0,0,0.0289851720265612,0.0709988815718676
"1229","tia1l",2720,0,0,0,0,0,0.136622576511888,0.0227704294186479,0.0557759332997464
"1230","atp6v0a2b",3529,0,0,0,0,0.0809873983608151,0,0.0134978997268025,0.0330629669299186
"1231","osbp2b",5212,0,0,0,0,0.32394959344326,0,0.05399159890721,0.132251867719674
"1232","ap1b1",4754,0,0,0,0,0.16197479672163,0.136622576511888,0.049766228872253,0.077513222057617
"1233","ewsr1b",2693,0,0,0,0.180708467547018,0,0.409867729535663,0.0984293661804468,0.168829538409488
"1234","pnpla7b",4772,0,0,0,0,0.16197479672163,0,0.026995799453605,0.0661259338598372
"1235","mrpl41",589,0,0,0,0,0.32394959344326,0,0.05399159890721,0.132251867719674
"1236","abca2",9940,2.84168597986969,12.3476832833151,2.09726325258266,15.3602197414965,8.74663902296803,21.5863670888782,10.4966430615184,7.51362988520625
"1237","trpm6",6766,0,0,0,0.180708467547018,0,0,0.030118077924503,0.0737739229484146
"1238","cyp1d1",2271,227.808492719553,647.644683761484,371.882906742044,363.766145172147,442.839094236937,358.634263343705,402.095930995978,138.997282237833
"1239","zfand5a",4594,0,0,0.571980887067998,0,0.48592439016489,0,0.176317546205481,0.274502235156176
"1240","gda",1917,0,0,0,0,0.16197479672163,0,0.026995799453605,0.0661259338598372
"1241","klf9",1366,0,0,0,0,0,0.409867729535663,0.0683112882559438,0.167327799899239
"1242","ela3l",1007,0,0,0,0.180708467547018,0,0.409867729535663,0.0984293661804468,0.168829538409488
"1243","bco2l",2189,0,0,0,0,0.32394959344326,0,0.05399159890721,0.132251867719674
"1244","fam151b",1741,0,0,0,0,0.16197479672163,0,0.026995799453605,0.0661259338598372
"1245","tmem150aa",5787,0,0,0,0,0.16197479672163,0,0.026995799453605,0.0661259338598372
"1246","tcn2",3318,0.189445731991312,0.695644128637469,0.762641182757331,0,0.16197479672163,0,0.301617640017957,0.341124212822253
"1247","rabl6b",3757,0.189445731991312,0,0,0,0,0.136622576511888,0.0543447180838667,0.0858316066269076
"1248","histh1l1",1371,0,0,0,0.180708467547018,0,0,0.030118077924503,0.0737739229484146
"1249","ppp3cca",4646,0,0,0,0,0.16197479672163,0,0.026995799453605,0.0661259338598372
"1250","abcb9",3243,6.062263423722,40.6082260092122,2.85990443533999,33.3407122624248,9.88046260001944,43.2410454660124,22.6654356994552,18.388262052115
"1251","ncaph",2681,0,0,0,0.542125402641054,0,0,0.090354233773509,0.221321768845244
"1252","si:ch211-186e20.7",2997,0,0,0,0.090354233773509,0,0.136622576511888,0.0378294683808994,0.0604039798451322
"1253","zgc:174260",1448,0,0,0,0.180708467547018,0.48592439016489,0.0683112882559438,0.122490690994642,0.19153103091741
"1254","serpina7",1491,0.568337195973937,0.521733096478102,2.09726325258266,0.542125402641054,1.13382357705141,1.98102735942237,1.14071831402492,0.733515012260407
"1255","zgc:174259",1944,0,0,0.381320591378666,0,0.809873983608151,0.136622576511888,0.221302858583117,0.324381645548912
"1256","tsc1a",5761,0,0,0,0,0,0.136622576511888,0.0227704294186479,0.0557759332997464
"1257","usf1l",1920,0,0,0.190660295689333,0,0,0,0.0317767159482221,0.0778367397745047
"1258","ubash3ba",6689,0,0,0,0,0.32394959344326,0,0.05399159890721,0.132251867719674
"1259","zbtb44",6476,0,0.173911032159367,0,0,0.16197479672163,0,0.0559809714801662,0.0868074499943072
"1260","atf5a",2336,0,0,0,0,0.16197479672163,0,0.026995799453605,0.0661259338598372
"1261","dpagt1",2165,0,0,0,0,0,0.136622576511888,0.0227704294186479,0.0557759332997464
"1262","tcnba",518,0,0.173911032159367,0,0,0,0,0.0289851720265612,0.0709988815718676
"1263","abcg4a",7252,0.189445731991312,0.434777580398418,0,1.80708467547018,0.809873983608151,1.16129190035104,0.733745645303184,0.673004453067579
"1264","atp5l",452,0,0.173911032159367,0,0,0.32394959344326,0,0.0829767709337712,0.137023734521591
"1265","cyb5d2",965,0,0,0,0,0.16197479672163,0,0.026995799453605,0.0661259338598372
"1266","atp2a3",6006,0,0,0,0,0,0.136622576511888,0.0227704294186479,0.0557759332997464
"1267","ppp6c",1653,0,0,0.190660295689333,0,0,0,0.0317767159482221,0.0778367397745047
"1268","arpc5lb",1283,0,0.173911032159367,0,0,0,0,0.0289851720265612,0.0709988815718676
"1269","zmat5",910,0,0,0,0.090354233773509,0,0,0.0150590389622515,0.0368869614742073
"1270","dab2",3549,0,0,0,0,0,0.273245153023775,0.0455408588372959,0.111551866599493
"1271","c9",2132,7.00949208367856,4.69559786830291,13.5368809939426,7.9511725720688,12.9579837377304,6.42126109605872,8.762064725297,3.63728409768129
"1272","gas1b",3037,0,0,0,0,0.16197479672163,0,0.026995799453605,0.0661259338598372
"1273","gpr107",4179,0,0,0,0,0.16197479672163,0,0.026995799453605,0.0661259338598372
"1274","ntmt1",2782,0,0.173911032159367,0,0,0.32394959344326,0,0.0829767709337712,0.137023734521591
"1275","ptpa",2027,0,0,0,0,0.16197479672163,0,0.026995799453605,0.0661259338598372
"1276","crata",2351,0,0,0.381320591378666,0.180708467547018,0,0,0.0936715098209473,0.158376029208812
"1277","rpl12",769,0.568337195973937,0.869555160796836,1.33462206982533,8.67400644225687,15.7115552819981,7.92410943768948,5.84703093142343,6.04345253406036
"1278","surf6",1467,0,0,0,0.180708467547018,0,0.136622576511888,0.0528885073431509,0.0831121091081427
"1279","rpl7a",831,3.41002317584362,4.17386477182481,2.47858384396133,6.68621329923967,23.1623959311931,10.929806120951,8.47348119050226,7.81096892258447
"1280","si:dkey-34e4.1",6159,0,0.173911032159367,0,0,0,0,0.0289851720265612,0.0709988815718676
"1281","arhgef28a",7328,0,0,0,0,0,0.54649030604755,0.0910817176745917,0.223103733198986
"1282","btf3",1089,0.75778292796525,0,0.381320591378666,5.9633794290516,7.61281544591662,9.29033520280836,4.00093893285341,4.1110034712161
"1283","LOC141385843",3231,0,0,0,0,0.0809873983608151,0,0.0134978997268025,0.0330629669299186
"1284","ttc33",1715,0,0,0,0.180708467547018,0.32394959344326,0,0.0841096768317131,0.137950906423143
"1285","fbp1b",1351,0.947228659956562,0.695644128637469,0.762641182757331,0.361416935094036,5.02121869837053,0.819735459071326,1.43464751064788,1.76797789711506
"1286","ar",8433,32.2057744385231,100.433621072035,104.958492776978,734.579920578629,930.302244970683,532.554803243338,405.839142846697,380.155887848113
"1287","si:dkey-204l11.1",5143,0,0,0,0,0.16197479672163,0.273245153023775,0.0725366582909009,0.117753426827362
"1288","stard8",7308,0,0,0,0,0.32394959344326,0.136622576511888,0.076762028325858,0.132856775174322
"1289","capns1a",1282,0,0,0,0,0,0.136622576511888,0.0227704294186479,0.0557759332997464
"1290","zgc:153990",3032,0,0,0,0,0,0.273245153023775,0.0455408588372959,0.111551866599493
"1291","srsf7a",1633,0,0,0,0,0.16197479672163,0,0.026995799453605,0.0661259338598372
"1292","hnrnpl",1900,0.568337195973937,0,0,0.180708467547018,1.45777317049467,0.409867729535663,0.436114427258548,0.549105113602342
"1293","h3f3c",1708,0,0.173911032159367,0,0,0.32394959344326,0.273245153023775,0.128517629771067,0.148829172461543
"1294","nfkbib",2089,0,0.0869555160796836,0,0.451771168867545,0,0.273245153023775,0.135328639661834,0.187850110551622
"1295","tagln2",1312,0,0,0,0,0.16197479672163,0,0.026995799453605,0.0661259338598372
"1296","wdr44",3548,0,0,0,0.180708467547018,0.16197479672163,0,0.057113877378108,0.0886785375175253
"1297","klhl13",3787,0,0,0,0,0,0.273245153023775,0.0455408588372959,0.111551866599493
"1298","dpf2",5802,0,0,0,0,0,0.136622576511888,0.0227704294186479,0.0557759332997464
"1299","apoa1a",960,3.97836037181756,12.5215943154744,5.33848827930132,3.25275241584633,11.5002105672357,6.42126109605872,7.16877784095568,3.92012024287664
"1300","si:ch211-284e13.6",2638,0,0,0,0,0.16197479672163,0,0.026995799453605,0.0661259338598372
"1301","hsd20b2",2523,82.6930620142079,132.085428925039,224.883818765568,300.427827296918,144.805468269137,254.117992312111,189.835599597164,82.9862191058531
"1302","mink1",9990,0,0,0,0,0.16197479672163,0.136622576511888,0.049766228872253,0.077513222057617
"1303","gltpd2b",1383,0,0,0,0.361416935094036,0,0,0.060236155849006,0.147547845896829
"1304","si:ch211-271e10.2",3858,0.189445731991312,0,0,0,0,0,0.0315742886652187,0.0773408962211285
"1305","cnot6l",3111,0,0,0,0,0.16197479672163,0.136622576511888,0.049766228872253,0.077513222057617
"1306","bmp2k",7355,0,0.173911032159367,0.190660295689333,0,0.16197479672163,0.54649030604755,0.17883940510298,0.199791235008202
"1307","paqr3a",3683,0,0,0,0,0.16197479672163,0,0.026995799453605,0.0661259338598372
"1308","rasgef1ba",3488,0,0,0,0,0,0.136622576511888,0.0227704294186479,0.0557759332997464
"1309","zfr",4685,0,0,0,0,0.48592439016489,0,0.0809873983608151,0.198377801579512
"1310","vcp",3750,0,0,0,0,0.16197479672163,0.273245153023775,0.0725366582909009,0.117753426827362
"1311","akr1a1a",1086,1055.11800432561,1225.29017707882,832.518181127472,675.307543223206,432.715669441835,659.887044552417,813.472769958228,288.445106842679
"1312","dnajb5",7173,0.568337195973937,0.173911032159367,0,0.180708467547018,0.32394959344326,0.273245153023775,0.253358573691226,0.189931891605054
"1313","riok2",1758,0,0,0,0,0,0.136622576511888,0.0227704294186479,0.0557759332997464
"1314","atxn2",4455,0,0,0,0,0.32394959344326,0,0.05399159890721,0.132251867719674
"1315","ncor1",10105,0.189445731991312,0.173911032159367,0,0,0.16197479672163,0.273245153023775,0.133096118982681,0.110223427247522
"1316","si:ch211-202a12.4",2294,0,0,0,0.180708467547018,0.48592439016489,0.136622576511888,0.133875905703966,0.189687765997028
"1317","emc6",902,0,0,0,0,0,0.136622576511888,0.0227704294186479,0.0557759332997464
"1318","cxcl20",1010,0,0.173911032159367,0,0,0,0,0.0289851720265612,0.0709988815718676
"1319","grsf1",1371,0,0,0,0,0.16197479672163,0,0.026995799453605,0.0661259338598372
"1320","rhobtb4",10526,0,0,0,0.180708467547018,0,0,0.030118077924503,0.0737739229484146
"1321","si:dkey-40c11.2",8092,0,0.521733096478102,0,0,0,0,0.0869555160796836,0.212996644715603
"1322","rtkna",9222,0,0,0,0,0,0.136622576511888,0.0227704294186479,0.0557759332997464
"1323","mccc2",1881,0,0,0.190660295689333,0,0.16197479672163,0,0.0587725154018271,0.0915007450520586
"1324","bdp1",7581,0,0,0,0,0.16197479672163,0,0.026995799453605,0.0661259338598372
"1325","si:ch211-204c21.1",4407,0,0,0,0.180708467547018,0,0,0.030118077924503,0.0737739229484146
"1326","dapk1",6638,0.189445731991312,0.173911032159367,0,0,0.16197479672163,0,0.0875552601453849,0.0963068281844209
"1327","ctsla",1980,0,0.173911032159367,0.190660295689333,0,0.809873983608151,0.273245153023775,0.241281744080104,0.299283777802065
"1328","gc",1630,0.378891463982625,0,0.571980887067998,0,2.26764715410282,0.54649030604755,0.627501635200166,0.84250179034721
"1329","iqgap2",5959,0,0,0,0,0.16197479672163,0,0.026995799453605,0.0661259338598372
"1330","cox7c",361,0,0,0,0,0.32394959344326,0.273245153023775,0.0995324577445059,0.155026444115234
"1331","arrdc3a",3581,0,0,0,0,0,0.136622576511888,0.0227704294186479,0.0557759332997464
"1332","skic3",5545,0,0,0,0,0.16197479672163,0,0.026995799453605,0.0661259338598372
"1333","nol6",3936,0,0,0,0,0.16197479672163,0,0.026995799453605,0.0661259338598372
"1334","cert1a",3140,0,0,0,0.180708467547018,0,0,0.030118077924503,0.0737739229484146
"1335","hmgcra",4017,0,0.173911032159367,0,0,0,0,0.0289851720265612,0.0709988815718676
"1336","serinc5",5756,0,0,0,0,0,0.136622576511888,0.0227704294186479,0.0557759332997464
"1337","erap2",3288,0,0,0,0,0,0.136622576511888,0.0227704294186479,0.0557759332997464
"1338","sat2b",1639,0,0,0,0,0,0.136622576511888,0.0227704294186479,0.0557759332997464
"1339","rangrf",1108,0,0,0,0,0.16197479672163,0,0.026995799453605,0.0661259338598372
"1340","ccnb1",1495,0,0,0,0.180708467547018,0.32394959344326,0,0.0841096768317131,0.137950906423143
"1341","slc30a5",2694,547.687611186884,387.734646199309,476.841399519021,702.594521822806,334.234993035084,434.664727172571,480.626316489279,131.113063198468
"1342","pik3r1",8399,0,0,0,0,0.64789918688652,0.136622576511888,0.130753627233068,0.259175623303325
"1343","mast4",13503,0,0,0.190660295689333,0.180708467547018,0,0,0.0618947938727251,0.0959386319938456
"1344","kcmf1",4663,0,0,0,0,0.16197479672163,0,0.026995799453605,0.0661259338598372
"1345","LOC137495638",1172,0,0,0,0,0.16197479672163,0,0.026995799453605,0.0661259338598372
"1346","acaca",10929,0,0,0.381320591378666,0,1.13382357705141,0,0.252524028071679,0.457897584349547
"1347","man2a1",4178,0,0,0,0.180708467547018,0,0,0.030118077924503,0.0737739229484146
"1348","atp6v1g1",980,0,0.173911032159367,0.190660295689333,0.361416935094036,0,0,0.120998043823789,0.147902289892175
"1349","slc31a1",4270,281.895249203073,126.607231412019,310.966942269302,646.755605350778,574.929540963426,485.966504652784,404.52017897523,197.674249377098
"1350","prpf4",1781,0,0,0,0,0.16197479672163,0,0.026995799453605,0.0661259338598372
"1351","si:ch211-202f5.3",3928,0,0.173911032159367,0,0,0.16197479672163,0.273245153023775,0.101521830317462,0.117731646845435
"1352","pisd",3169,0,0,0,0,0.16197479672163,0,0.026995799453605,0.0661259338598372
"1353","hspb2",1515,0,0.173911032159367,0,0,0,0.136622576511888,0.0517556014452091,0.081041867986555
"1354","cryabb",5021,0,0,0.190660295689333,0,0,0,0.0317767159482221,0.0778367397745047
"1355","btg4",1235,0,0,0,0.180708467547018,0.0809873983608151,0,0.0436159776513055,0.0745659277385723
"1356","slc37a2",2412,0,0.173911032159367,0,0.361416935094036,0.48592439016489,0,0.170208726236382,0.211264619903359
"1357","nup88",5763,0.189445731991312,0.521733096478102,0,0,0.16197479672163,0,0.145525604198507,0.203599968192199
"1358","gtf2ird1",6115,0,0,0,0.180708467547018,0,0,0.030118077924503,0.0737739229484146
"1359","si:ch211-209a2.1",749,0,0,0,0.180708467547018,0.16197479672163,0.273245153023775,0.102654736215404,0.118597073709655
"1360","bckdk",6039,0,0,0,0,0,0.273245153023775,0.0455408588372959,0.111551866599493
"1361","orai2",6146,0,0,0,0,0.16197479672163,0,0.026995799453605,0.0661259338598372
"1362","pex12",1407,0,0.347822064318734,0,0,0,0,0.0579703440531224,0.141997763143735
"1363","hnrnpul1l",3619,0,0,0.571980887067998,0.180708467547018,0,0,0.125448225769169,0.230388429102892
"1364","sympk",5792,0,0,0,0.361416935094036,0,0.136622576511888,0.083006585267654,0.146933570159263
"1365","selenow1",841,0,0,0.190660295689333,0,0.16197479672163,0.273245153023775,0.104313374239123,0.119968676332979
"1366","zgc:85789",1339,0,0,0,0,0.16197479672163,0.136622576511888,0.049766228872253,0.077513222057617
"1367","abr",8390,0,0,0,0.180708467547018,0,0,0.030118077924503,0.0737739229484146
"1368","rab14",2394,0,0,0,0,0,0.136622576511888,0.0227704294186479,0.0557759332997464
"1369","c5",5218,0.378891463982625,0.347822064318734,0.762641182757331,0.542125402641054,3.07752113771097,1.0929806120951,1.03366364391764,1.03875312318791
"1370","rgs3b",10520,0,0,0,0,0,0.136622576511888,0.0227704294186479,0.0557759332997464
"1371","edf1",852,0,0,0,0.180708467547018,0.48592439016489,0,0.111105476285318,0.197338035886034
"1372","rxrab",4969,0,0.347822064318734,0.381320591378666,2.89133548075229,1.78172276393793,1.77609349465454,1.19638239917369,1.12847379084023
"1373","ptgs1",5781,8.71450367160037,17.3911032159367,8.57971330601998,14.4566774037614,4.53529430820564,10.6565609679272,10.7223088122419,4.58963605995802
"1374","notch1b",12091,0,0,0.190660295689333,0,0,0,0.0317767159482221,0.0778367397745047
"1375","lcn15",5537,0,0,0.762641182757331,0,0.48592439016489,0.683112882559438,0.321946409246943,0.364002844590886
"1376","gldc",3500,0,0.347822064318734,0.571980887067998,0.542125402641054,0.971848780329781,0.273245153023775,0.451170381230224,0.328593050404199
"1377","mfsd10",7571,0,0,0,0,0.16197479672163,0,0.026995799453605,0.0661259338598372
"1378","stip1",2716,0,0,0,0.180708467547018,0,0,0.030118077924503,0.0737739229484146
"1379","rps6ka4",4980,0,0,0.190660295689333,0,0,0.136622576511888,0.0545471453668701,0.0862145351539329
"1380","clip1a",6418,0,0,0,0,0.16197479672163,0,0.026995799453605,0.0661259338598372
"1381","rsrc2",3803,0,0,0,0,0.32394959344326,0,0.05399159890721,0.132251867719674
"1382","mlxip",8253,0,0.173911032159367,0,0,0.48592439016489,0,0.109972570387376,0.196877506403458
"1383","si:dkey-251i10.3",2641,0,0,0,0,0.32394959344326,0.136622576511888,0.076762028325858,0.132856775174322
"1384","zbtb20",8210,0,0,0,0,0.16197479672163,0,0.026995799453605,0.0661259338598372
"1385","b4galt4",6083,0,1.21737722511557,0.190660295689333,0.180708467547018,0,0,0.264790998058654,0.475463683346738
"1386","mtif3",1998,0,0,0,0,0,0.136622576511888,0.0227704294186479,0.0557759332997464
"1387","gtf3aa",5241,0,0,0,0,0.32394959344326,0,0.05399159890721,0.132251867719674
"1388","spag7",3714,0,0,0,0,0,0.273245153023775,0.0455408588372959,0.111551866599493
"1389","isca1",2442,0.189445731991312,0,0,0,0,0,0.0315742886652187,0.0773408962211285
"1390","aldh2.1",3800,832.803437833809,1044.68357018132,1765.13301749184,955.767084856179,950.711069357608,1031.29551879998,1096.73228308679,336.036425917301
"1391","aldh2.2",1940,1891.42618820126,2546.84011045785,1735.77133195569,1619.59964039015,1639.02296802618,1855.81276804923,1881.41216784673,344.110311813877
"1392","mob1a",2641,0,0.347822064318734,0,0,0,0,0.0579703440531224,0.141997763143735
"1393","eif2b1",3857,0,0,0,0,0.16197479672163,0,0.026995799453605,0.0661259338598372
"1394","gtf2h3",1198,0,0,0,0.180708467547018,0,0.273245153023775,0.0756589367617989,0.120807959690264
"1395","arl6ip4",1122,0,0,0,0,0.16197479672163,0,0.026995799453605,0.0661259338598372
"1396","ugt2a5",4091,204.127776220639,222.953943228309,166.637098432477,135.260287958943,95.2411804723185,106.975477408808,155.199293953582,51.8335568160757
"1397","ythdc1",4542,0,0,0,0.361416935094036,0,0.136622576511888,0.083006585267654,0.146933570159263
"1398","ugt2a1",2126,709.853157771448,270.257743975657,305.056473102932,512.39885972957,501.473970650167,514.930490873305,468.99511601718,160.893652823181
"1399","ugt2a2",2108,7.38838354766118,14.3476601531478,13.441550846098,50.056245510524,37.4971654410574,40.8501503770544,27.2635259792571,17.6732547997695
"1400","ugt2a3",2131,300.366208072226,228.258229709169,213.348870876363,349.219113534612,296.575852797305,282.740422091351,278.418116180171,50.1854691852604
"1401","ugt2a4",2097,6.34643202170897,21.0432348912834,5.05249783576732,9.75825724753898,8.66565162460721,11.4762964269986,10.3903950079841,5.70759669586485
"1402","dnajc25",5267,19.8918018590878,8.86946264012773,17.7314074991079,111.49712447651,56.5292040558489,61.2069142773257,45.954319134668,38.7076305420775
"1403","trim32",4330,0,0,0,0,0.32394959344326,0,0.05399159890721,0.132251867719674
"1404","nacc2",11830,0,0,0,0.180708467547018,0.16197479672163,0,0.057113877378108,0.0886785375175253
"1405","nup214",6495,0,0.869555160796836,1.04863162629133,1.08425080528211,1.29579837377304,1.22960318860699,0.921306525791717,0.475297257342943
"1406","prrc2b",7178,0.378891463982625,1.5651992894343,0.571980887067998,0.722833870188072,2.26764715410282,0.409867729535663,0.986070065718581,0.764103215589959
"1407","spra",2624,0,0,0,0.361416935094036,0,0,0.060236155849006,0.147547845896829
"1408","rab14l",2945,0,0.347822064318734,0,0,0,0,0.0579703440531224,0.141997763143735
"1409","ddx54",3350,0,0.173911032159367,0.190660295689333,1.9877931430172,1.6197479672163,0.956358035583214,0.821411745610902,0.837594007792069
"1410","mtfp1",1103,0.378891463982625,0.347822064318734,0,0,0,0.273245153023775,0.166659780220856,0.185768107864211
"1411","wbp1",1806,0.947228659956562,1.39128825727494,0,0.542125402641054,0.64789918688652,0.409867729535663,0.656401539382456,0.475270897052186
"1412","LOC100151196",3240,0,0.173911032159367,0,0,0,0,0.0289851720265612,0.0709988815718676
"1413","keap1b",3085,86.7661452520211,138.954914695334,107.723067064473,217.482640692836,196.880365415141,222.011686831817,161.636469991937,58.3656872615593
"1414","fdx2",1135,0,0,0,0,0.16197479672163,0,0.026995799453605,0.0661259338598372
"1415","lyl1",2553,0,0,0,0.180708467547018,0,0,0.030118077924503,0.0737739229484146
"1416","hmgxb4b",1775,0.189445731991312,0,0.190660295689333,0,0.16197479672163,0.136622576511888,0.113117233485694,0.0898549340204378
"1417","hmox1b",1157,5230.50193741414,6865.39886103926,2120.6191388046,1513.61412417382,1945.64125822022,1656.95860793617,3222.1223212647,2259.13715839319
"1418","LOC141386149",1769,0,0.173911032159367,0.381320591378666,0,0,0.54649030604755,0.183620321597597,0.233239602168425
"1419","rbfox2",7952,0,0,0.381320591378666,0,0.16197479672163,0,0.0905492313500493,0.156490414015607
"1420","LOC557729",2486,0,0,0,0.180708467547018,0.16197479672163,0,0.057113877378108,0.0886785375175253
"1421","atf4a",1540,0,0.173911032159367,0,0.361416935094036,0.48592439016489,0.136622576511888,0.19297915565503,0.196066194100564
"1422","rps19bp1",1182,0,0,0,0,0.16197479672163,0,0.026995799453605,0.0661259338598372
"1423","tmprss6",5648,0,0.173911032159367,0,0,0.16197479672163,0.409867729535663,0.12429225973611,0.162345953206489
"1424","tab1",3364,0,0,0,0.180708467547018,0,0,0.030118077924503,0.0737739229484146
"1425","fam83fb",2621,0,0.173911032159367,0,0,0,0.136622576511888,0.0517556014452091,0.081041867986555
"1426","lgals2b",685,0.568337195973937,5.56515302909975,0.190660295689333,0,0.64789918688652,0.956358035583214,1.32140129053879,2.10656462415684
"1427","kynu",3484,0,0.347822064318734,0,0.180708467547018,0.32394959344326,0,0.142080020884835,0.16580632301235
"1428","ntan1",1300,0,0,0,0,0,0.683112882559438,0.11385214709324,0.278879666498732
"1429","chchd6b",1167,0.189445731991312,0,0.190660295689333,0.180708467547018,0.16197479672163,0,0.120464881991549,0.0938740560313085
"1430","tpra1",5832,0,0,0,0,0.32394959344326,0,0.05399159890721,0.132251867719674
"1431","trim107",4400,0,0,0,0,0.16197479672163,0,0.026995799453605,0.0661259338598372
"1432","tgm2b",2453,0,0,0,0,0.16197479672163,0,0.026995799453605,0.0661259338598372
"1433","hyi",1385,0,0,0,0,0.32394959344326,0.136622576511888,0.076762028325858,0.132856775174322
"1434","uqcrh",818,5.49392622774806,2.26084341807177,4.19452650516532,3.61416935094036,1.13382357705141,2.59582895372586,3.21551967211713,1.54514687632167
"1435","phospho2",4685,0,0,0,0,0,0.54649030604755,0.0910817176745917,0.223103733198986
"1436","ssb",4643,0,0,0.190660295689333,0.361416935094036,1.6197479672163,0.683112882559438,0.475823013426518,0.616239400932359
"1437","gorasp2",2013,0,0,0,0,0,0.273245153023775,0.0455408588372959,0.111551866599493
"1438","tlk1b",4559,0,0,0,0.542125402641054,0.16197479672163,0,0.117350033227114,0.217949354287325
"1439","slc25a12",4438,0,0,0,0,0,0.136622576511888,0.0227704294186479,0.0557759332997464
"1440","unc50",1237,0,0,0,0,0.16197479672163,0,0.026995799453605,0.0661259338598372
"1441","obi1",4249,0,0,0,0,0,0.136622576511888,0.0227704294186479,0.0557759332997464
"1442","rtn4a",2837,0,0,0.190660295689333,0,1.78172276393793,0.273245153023775,0.374271368775173,0.699296206857852
"1443","rps27a",616,1.5155658559305,2.08693238591241,3.43188532240799,7.04763023433371,10.2044121934627,7.7874868611776,5.34565214220415,3.5048011158261
"1444","mtif2",2468,0,0.347822064318734,0,0.361416935094036,0.48592439016489,1.02466932383916,0.369972118902803,0.378522367365853
"1445","sec23b",5696,0,0,0,0,0.16197479672163,0,0.026995799453605,0.0661259338598372
"1446","dtd1",3808,0,0,0,0,0,0.273245153023775,0.0455408588372959,0.111551866599493
"1447","tuba8l4",1562,0,0,0,0,0.16197479672163,0,0.026995799453605,0.0661259338598372
"1448","abcc4",5795,188.024889001378,184.345694088929,153.00488729069,594.350149762142,276.24801580874,279.803036696346,279.296112108037,162.827568931675
"1449","fkbp11",2971,0,0,0,0,0.32394959344326,0.273245153023775,0.0995324577445059,0.155026444115234
"1450","erbb3a",7369,0,0,0,0.180708467547018,0,0,0.030118077924503,0.0737739229484146
"1451","pa2g4a",4057,0,0.347822064318734,0,0,0.32394959344326,0.136622576511888,0.13473237237898,0.164725458220966
"1452","myh10",9557,0.189445731991312,0.521733096478102,0.762641182757331,0.180708467547018,0.32394959344326,0.956358035583214,0.489139351300039,0.318242811257801
"1453","rpsa",2068,2.46279451588706,3.65213167534671,3.81320591378666,7.58975563697476,23.648320321358,12.159409309558,8.8876028954852,8.05860695137044
"1454","myh9a",7005,0,0,0.190660295689333,0,0,0.136622576511888,0.0545471453668701,0.0862145351539329
"1455","palm3",3965,0,0,0,0,0.16197479672163,0,0.026995799453605,0.0661259338598372
"1456","gcdha",1866,0,0,0,0.180708467547018,0.32394959344326,0,0.0841096768317131,0.137950906423143
"1457","pglyrp2",2693,0,0,0.190660295689333,0,0.16197479672163,0,0.0587725154018271,0.0915007450520586
"1458","cavin2b",3404,0,0.347822064318734,0,0,0,0,0.0579703440531224,0.141997763143735
"1459","rgn",2652,0,0,0,0,0,0.136622576511888,0.0227704294186479,0.0557759332997464
"1460","cyp27a2",3321,121.90832853641,106.520507197612,79.6960035981411,553.690744564063,573.795717386375,494.30048182001,321.651963850435,241.639288672595
"1461","cyp27c1",2660,0.189445731991312,0.521733096478102,0,0,0,0.273245153023775,0.164070663582198,0.210353477314506
"1462","nop58",2607,0,0.347822064318734,0.381320591378666,0.361416935094036,0.48592439016489,0.956358035583214,0.422140336089923,0.309365870084633
"1463","sumo1",1407,0,0,0,0,0.16197479672163,0,0.026995799453605,0.0661259338598372
"1464","fzd7b",2844,0,0,0,0,0,0.136622576511888,0.0227704294186479,0.0557759332997464
"1465","cyp20a1",2063,959.92152399998,430.603715626593,653.297503179499,662.838658962462,405.260941397519,632.972396979575,624.149123357605,200.269480679243
"1466","abi2b",4421,0,0,0,0,0.32394959344326,0,0.05399159890721,0.132251867719674
"1467","itm2ba",1826,0,0.869555160796836,0.190660295689333,0.180708467547018,0.48592439016489,0.683112882559438,0.401660199459586,0.334638104393461
"1468","sucla2",4190,0,0,0,0.180708467547018,0.16197479672163,0.136622576511888,0.079884306796756,0.0886206506346712
"1469","ola1",2858,0,0,0.190660295689333,0.180708467547018,0,0.136622576511888,0.0846652232913731,0.0945128846225886
"1470","atp5mc3b",861,1.32612012393919,0,0.762641182757331,1.80708467547018,3.88739512131912,2.32258380070209,1.68430415069799,1.34838604926496
"1471","nfe2l2b",2911,10.2300695275309,23.6519003736739,41.0872937210512,22.5885584433773,17.4932780459361,21.7913009536461,22.8070668442026,10.2213225907744
"1472","cycsb",807,0,0,0,0,0.16197479672163,0,0.026995799453605,0.0661259338598372
"1473","abcc6a",6149,0.189445731991312,0.695644128637469,0.571980887067998,4.33700322112843,5.50714308853542,9.15371262629647,3.40915494727618,3.57887201865403
"1474","sumo3a",1505,0,0,0,0,0.32394959344326,0,0.05399159890721,0.132251867719674
"1475","atg9a",4258,0,0,0,0.180708467547018,0,0,0.030118077924503,0.0737739229484146
"1476","marchf7",3097,0,0.173911032159367,0.190660295689333,0.542125402641054,0.32394959344326,0,0.205107720655502,0.20640960457541
"1477","baz2ba",9422,0,0,0,0.361416935094036,0,0,0.060236155849006,0.147547845896829
"1478","stk24b",2712,0.189445731991312,1.5651992894343,1.71594266120399,0.542125402641054,1.21481097541223,1.36622576511888,1.09895830430029,0.603353973958428
"1479","slc15a1b",4835,3.97836037181756,797.729904515017,1.143961774136,5.9633794290516,0.64789918688652,284.721449450774,182.36415912128,321.85471965164
"1480","fam117ba",5945,0,0.173911032159367,0,0,0,0,0.0289851720265612,0.0709988815718676
"1481","mcm6",4125,0,0,0,0,0.16197479672163,0,0.026995799453605,0.0661259338598372
"1482","si:ch73-71c20.5",1199,0,0,0.190660295689333,0.180708467547018,0.32394959344326,0,0.115886392779935,0.136654529012628
"1483","casp8",2054,0,0.173911032159367,0,0,0,0.273245153023775,0.0745260308638571,0.119652150084985
"1484","eef1b2",2978,0.189445731991312,0.347822064318734,0.571980887067998,4.15629475358142,7.12689105575173,7.7874868611776,3.36332022564813,3.50213672433448
"1485","ndufs1",2515,0,0.0869555160796836,0,0,0.16197479672163,0.136622576511888,0.0642588148855336,0.0744145862307713
"1486","dnpep",1762,0,0.173911032159367,0,0,0.16197479672163,0.136622576511888,0.0787514008988142,0.087104433218226
"1487","inpp4ab",12835,0,0,0,0,0.32394959344326,0,0.05399159890721,0.132251867719674
"1488","mrps9",1470,0,0,0,0,0,0.136622576511888,0.0227704294186479,0.0557759332997464
"1489","ackr3b",1937,0,0,0,0,0,0.136622576511888,0.0227704294186479,0.0557759332997464
"1490","psmb3",4211,0,0,0.190660295689333,0,0,0,0.0317767159482221,0.0778367397745047
"1491","nomo",4376,0,0,0,0,0,0.136622576511888,0.0227704294186479,0.0557759332997464
"1492","tns1a",8068,0,0,0,0.180708467547018,0,0,0.030118077924503,0.0737739229484146
"1493","igfbp2a",1735,0,0,0,0,0.32394959344326,0,0.05399159890721,0.132251867719674
"1494","stk11ip",5074,0,0,0,0.542125402641054,0.32394959344326,0,0.144345832680719,0.234020928468818
"1495","cidec",1452,0,0,0.190660295689333,0,0.16197479672163,0,0.0587725154018271,0.0915007450520586
"1496","psmd12",1542,0,0,0,0.542125402641054,0,0,0.090354233773509,0.221321768845244
"1497","micall1a",3575,0,0.173911032159367,0,0,0.16197479672163,0,0.0559809714801662,0.0868074499943072
"1498","rhebl1",2285,0,0,0,0,0.16197479672163,0,0.026995799453605,0.0661259338598372
"1499","mtmr14",3937,0,0,0.190660295689333,0,0,0,0.0317767159482221,0.0778367397745047
"1500","setd5",6864,0,0,0,0,0.32394959344326,0,0.05399159890721,0.132251867719674
"1501","si:dkey-156n14.3",4277,0,0,0,0,0.16197479672163,0,0.026995799453605,0.0661259338598372
"1502","aldh1l1",2770,11398.0971881233,16811.1099236852,12581.9589029826,6431.05294306328,26700.249441187,12162.8248739708,14347.5488788354,6898.09893118425
"1503","ddx17",3584,0,0,0.381320591378666,0.451771168867545,0.48592439016489,0.204933864767831,0.253991669196489,0.219341002180537
"1504","gga1",3109,0,0,0,0,0.16197479672163,0,0.026995799453605,0.0661259338598372
"1505","uqcrc1",1679,0,0.173911032159367,0,0,0,0.273245153023775,0.0745260308638571,0.119652150084985
"1506","srp68",3753,0,0,0.190660295689333,0,0,0.136622576511888,0.0545471453668701,0.0862145351539329
"1507","acox1",4008,0,0,0,0,0.16197479672163,0.409867729535663,0.0953070877095488,0.16716862425807
"1508","aanat1",1598,0,0,0,11.3846334554621,1.29579837377304,3.48387570105313,2.69405125504805,4.46942701589663
"1509","rptor",8946,0,0.173911032159367,0,0,0.48592439016489,0,0.109972570387376,0.196877506403458
"1510","p4hb",2853,0,0.347822064318734,0.190660295689333,0,0.971848780329781,0.136622576511888,0.274492286141623,0.3656258267992
"1511","anapc11",445,0.189445731991312,0,0,0,0,0,0.0315742886652187,0.0773408962211285
"1512","trim25",3292,0,0,0,0,0.32394959344326,0,0.05399159890721,0.132251867719674
"1513","znf207b",2186,0,0,0,0,0.32394959344326,0,0.05399159890721,0.132251867719674
"1514","tnrc6c2",11821,0,0,0,0,0,0.136622576511888,0.0227704294186479,0.0557759332997464
"1515","glulb",2634,0,0.521733096478102,0.190660295689333,0.180708467547018,0.16197479672163,0,0.175846109406014,0.190744348367015
"1516","sec16b",3898,0,0,0,0,0.16197479672163,0,0.026995799453605,0.0661259338598372
"1517","dr1",2366,0,0,0,0,0.16197479672163,0,0.026995799453605,0.0661259338598372
"1518","btbd8",5552,0,0,0,0.180708467547018,0,0,0.030118077924503,0.0737739229484146
"1519","ephx4",2209,0,0,0,1.08425080528211,0,0.341556441279719,0.237634541093638,0.436678270723393
"1520","brdt",5306,0.189445731991312,0,0,0,0,0.136622576511888,0.0543447180838667,0.0858316066269076
"1521","hdlbpa",5568,0,0.347822064318734,0.190660295689333,2.52991854565825,9.07058861641129,2.86907410674964,2.50134393813787,3.45035228582478
"1522","agxta",1374,0.189445731991312,0.347822064318734,0.381320591378666,1.08425080528211,2.10567235738119,0.54649030604755,0.77583364273326,0.720954334202048
"1523","zgc:103559",1636,0.378891463982625,0,0,0,0,0,0.0631485773304375,0.154681792442257
"1524","slco2a1",1764,336.455620016571,530.42864808607,987.14368093152,877.158901473226,669.036897858693,1037.10197830174,739.55428777797,275.66825600964
"1525","lpp",13716,0,0,0,0,0.16197479672163,0.136622576511888,0.049766228872253,0.077513222057617
"1526","evi5b",4750,0,0,0,0,0,0.273245153023775,0.0455408588372959,0.111551866599493
"1527","rpl5b",1038,1.70501158792181,0.347822064318734,0.571980887067998,4.33700322112843,11.6621853639574,8.8804674732727,4.58407843294451,4.71065650009546
"1528","atp1b1a",2218,0.378891463982625,0.695644128637469,0,0.361416935094036,1.13382357705141,0.819735459071326,0.564918593972811,0.400206375760975
"1529","tmem131",6208,0.378891463982625,0,0,0.542125402641054,0.64789918688652,0.273245153023775,0.307026867755662,0.270666576637643
"1530","actl6a",1944,0,0,0,0,0,0.136622576511888,0.0227704294186479,0.0557759332997464
"1531","ndufb5",1051,0,0,0,0,0.16197479672163,0,0.026995799453605,0.0661259338598372
"1532","phb2b",1564,0,0,0,0,0,0.136622576511888,0.0227704294186479,0.0557759332997464
"1533","ptmaa",1347,0,0,0,0,0,0.54649030604755,0.0910817176745917,0.223103733198986
"1534","dlg1a",10907,0,0,0.190660295689333,0,0,0,0.0317767159482221,0.0778367397745047
"1535","meltf",4149,0,0,0,0,0.16197479672163,0.683112882559438,0.140847946546845,0.273441101816425
"1536","cldn34a",3893,0,0,0,0,0,0.136622576511888,0.0227704294186479,0.0557759332997464
"1537","pde4ba",8031,0.189445731991312,0,0,0.361416935094036,0,0,0.0918104445142248,0.152274055578154
"1538","dnajc6",7534,3.78891463982625,1.73911032159367,3.05056473102932,19.1550975599839,26.4018918656257,18.1708026760811,12.0510636323567,10.4830648430683
"1539","ak4",2263,0,0,0,0,0.16197479672163,0,0.026995799453605,0.0661259338598372
"1540","jak1",4817,0,0,0,0,0.0809873983608151,0,0.0134978997268025,0.0330629669299186
"1541","pgm1",1983,0,0,0.381320591378666,0,0,0.136622576511888,0.0863238613150922,0.154505836542208
"1542","angptl3",3790,0,0,0.190660295689333,0.542125402641054,0.16197479672163,0.136622576511888,0.171897178593984,0.198927636931321
"1543","cyldl",3010,0,0,0,0.361416935094036,0,0,0.060236155849006,0.147547845896829
"1544","tmem69",1073,0,0,0,0,0.16197479672163,0,0.026995799453605,0.0661259338598372
"1545","gpbp1l1",4711,0,0,0.190660295689333,0,0.48592439016489,0.956358035583214,0.272157120239573,0.385403052647865
"1546","akr1a1b",1686,220.89372350187,244.69282224823,282.272567768057,338.376605481791,226.683728011921,286.292609080661,266.535342682088,44.6039934573613
"1547","mier1a",4071,0,0,0.762641182757331,1.9877931430172,0.64789918688652,2.86907410674964,1.04456793656845,1.15217791115886
"1548","il23r",5915,0,0,0,0,0,0.136622576511888,0.0227704294186479,0.0557759332997464
"1549","serbp1a",2295,15.5345500232876,11.6520391546776,16.2061251335933,23.1306838460183,50.6981113738702,42.2163761421733,26.5729809456034,16.0657418214081
"1550","hsd17b7",1740,19.5129103951052,10.0868398652433,6.48245005343731,14.2759689362144,4.8592439016489,17.2144446404978,12.0719762986912,5.89706949860766
"1551","uap1",2370,0,0,0,0,0,0.136622576511888,0.0227704294186479,0.0557759332997464
"1552","rgs5a",3125,0.189445731991312,0,0,0,0,0,0.0315742886652187,0.0773408962211285
"1553","opa1",4518,0,0,0,0,0,0.136622576511888,0.0227704294186479,0.0557759332997464
"1554","chd1l",4832,0,0,0,0.180708467547018,0,0,0.030118077924503,0.0737739229484146
"1555","traf3ip2l",2816,0,0,0,0,0,0.136622576511888,0.0227704294186479,0.0557759332997464
"1556","cth",1934,0,0,0,0,0.32394959344326,0,0.05399159890721,0.132251867719674
"1557","nit2",1583,0,0,0,0.180708467547018,0,0,0.030118077924503,0.0737739229484146
"1558","gtpbp6",1936,0,0,0,0.180708467547018,0,0,0.030118077924503,0.0737739229484146
"1559","chst7",5785,0,0,0,0.180708467547018,0,0,0.030118077924503,0.0737739229484146
"1560","cyfip1",4111,0,0,0,0,0.16197479672163,0,0.026995799453605,0.0661259338598372
"1561","slc48a1b",1388,0,0,0,0.180708467547018,0,0.136622576511888,0.0528885073431509,0.0831121091081427
"1562","vdrb",3726,10.6089609915135,56.1732633874756,20.5913119344479,31.0818564180871,19.5989504033172,33.4725312454125,28.587812396709,15.8683370118278
"1563","eif4bb",2203,0,0,0.190660295689333,0,1.29579837377304,1.0929806120951,0.429906546926246,0.600188896548527
"1564","stat2",6335,0.189445731991312,0,0,0,0.16197479672163,0.273245153023775,0.10411094695612,0.119794739564911
"1565","apof",2425,0,0,0,0,0.48592439016489,0,0.0809873983608151,0.198377801579512
"1566","c1galt1lb",1710,0,0,0,0,0.16197479672163,0,0.026995799453605,0.0661259338598372
"1567","os9",2400,0,0,0,0.180708467547018,0.64789918688652,0,0.138101275738923,0.259998897092698
"1568","krt4",2480,0,0.521733096478102,0,0,0,0.136622576511888,0.109725945498332,0.209108801192278
"1569","zgc:158846",3455,0,0.173911032159367,0,0,0,0.273245153023775,0.0745260308638571,0.119652150084985
"1570","tmt1a.2",1942,0,0.173911032159367,0,0,0,0,0.0289851720265612,0.0709988815718676
"1571","atf7b",3439,0,0,0,0,0,0.136622576511888,0.0227704294186479,0.0557759332997464
"1572","larp4ab",6836,0,0,0,0,0.32394959344326,0,0.05399159890721,0.132251867719674
"1573","pfdn5",1053,0,0,0,0,0.32394959344326,0,0.05399159890721,0.132251867719674
"1574","uroc1",5974,0,0.173911032159367,0.381320591378666,0.180708467547018,0.32394959344326,0.136622576511888,0.199418710173366,0.13660755942542
"1575","sec61a1a",2586,0,0.173911032159367,0.762641182757331,1.44566774037614,2.91554634098934,2.1859612241902,1.24728792007873,1.15293502357956
"1576","ip6k2b",2650,0,0,0,0.361416935094036,0.32394959344326,0.819735459071326,0.250850331268104,0.325569172600783
"1577","ccdc174",1640,0,0,0,0,0,0.136622576511888,0.0227704294186479,0.0557759332997464
"1578","crbn",2519,0,0,0,0,0.16197479672163,0,0.026995799453605,0.0661259338598372
"1579","fgd5b",5340,0,0,0,0,0.16197479672163,0,0.026995799453605,0.0661259338598372
"1580","ddi2",4372,0,0,0,0,0.16197479672163,0.136622576511888,0.049766228872253,0.077513222057617
"1581","si:ch73-15b2.5",1900,0.189445731991312,0.695644128637469,0.381320591378666,0.542125402641054,0,0.54649030604755,0.392504360116009,0.258228349729107
"1582","tomm6",712,0,0,0,0,0.16197479672163,0,0.026995799453605,0.0661259338598372
"1583","uqcc2",809,0,0,0.190660295689333,0,0,0,0.0317767159482221,0.0778367397745047
"1584","tspo",928,0,0.347822064318734,0,0,0.16197479672163,0,0.0849661435067274,0.144153078319906
"1585","eefsec",2658,0,0.173911032159367,0,0.542125402641054,0,0,0.11933940580007,0.218491938814767
"1586","srsf3a",4765,0,0.173911032159367,0,0,0,0,0.0289851720265612,0.0709988815718676
"1587","fkbp5",3041,0,0,0.190660295689333,0,1.37678577213386,0.409867729535663,0.329552299559809,0.538192095361189
"1588","slc6a22.1",2838,0,0,0,0,0,0.136622576511888,0.0227704294186479,0.0557759332997464
"1589","slc6a22.2",2711,0,0,0,0,0,0.136622576511888,0.0227704294186479,0.0557759332997464
"1590","gpx1b",870,90.7445056238386,2425.71107655885,24.4045178482346,21.5043076380952,8.90861381968966,403.17322328658,495.741040795882,957.229308178432
"1591","usp4",4588,0,0.173911032159367,0,0.180708467547018,0.16197479672163,0,0.0860990494046692,0.0945073058261799
"1592","sec61a1b",2524,0,0,0,0,0.48592439016489,0,0.0809873983608151,0.198377801579512
"1593","ip6k2a",5836,0.378891463982625,0,0,0.180708467547018,0,0,0.0932666552549405,0.157494303279468
"1594","edem1",3363,0,0,0.190660295689333,0,0,0,0.0317767159482221,0.0778367397745047
"1595","foxp1b",7139,0,0,0,0,0.16197479672163,0,0.026995799453605,0.0661259338598372
"1596","shq1",5533,0,0,0,0,0.16197479672163,0,0.026995799453605,0.0661259338598372
"1597","rbm19",4388,0,0,0,0,0,0.409867729535663,0.0683112882559438,0.167327799899239
"1598","h6pd",4887,0,0,0,0.180708467547018,0,0,0.030118077924503,0.0737739229484146
"1599","ca16b",5289,0,0,0,0,0,0.136622576511888,0.0227704294186479,0.0557759332997464
"1600","pbrm1l",6001,0,1.0434661929562,0.381320591378666,0.180708467547018,0.32394959344326,1.0929806120951,0.503737576236708,0.456929605678143
"1601","stau1",3774,0,0,0,0,0,0.136622576511888,0.0227704294186479,0.0557759332997464
"1602","st7l",2730,0.189445731991312,0,0,0,0,0.136622576511888,0.0543447180838667,0.0858316066269076
"1603","capza1a",4931,0,0,0,0,0.16197479672163,0,0.026995799453605,0.0661259338598372
"1604","mov10a",3402,0,0,0,0,0,0.136622576511888,0.0227704294186479,0.0557759332997464
"1605","LOC137496016",1702,0,0,0,0,0.16197479672163,0,0.026995799453605,0.0661259338598372
"1606","rhoca",2663,0,0.173911032159367,0.190660295689333,0,0.32394959344326,0.409867729535663,0.183064775137937,0.166406141045355
"1607","slc25a55a",2785,0,0,0,0,0.16197479672163,0,0.026995799453605,0.0661259338598372
"1608","si:dkey-183k8.2",1131,0,0,0.381320591378666,0,0,0,0.0635534318964443,0.155673479549009
"1609","rplp2",418,0,0.347822064318734,0.571980887067998,0.361416935094036,1.6197479672163,0.683112882559438,0.597346789376085,0.552820421388956
"1610","rps26l",421,0.378891463982625,1.73911032159367,1.143961774136,1.08425080528211,6.64096666558684,2.73245153023775,2.28660542680317,2.27374823376784
"1611","ppp4r1l",5844,0,0,0,0,0.48592439016489,0,0.0809873983608151,0.198377801579512
"1612","vapb",8450,0.189445731991312,0.173911032159367,0.190660295689333,0.722833870188072,0.32394959344326,0.54649030604755,0.357881804919816,0.228076110392947
"1613","npepl1",3446,0,0,0,0,0,0.136622576511888,0.0227704294186479,0.0557759332997464
"1614","ctsz",2256,0,0.173911032159367,0,0.180708467547018,0,0,0.0591032499510642,0.0915875891387696
"1615","nelfcd",2016,0,0,0,0.361416935094036,0,0,0.060236155849006,0.147547845896829
"1616","atp5f1e",394,0,0,0,0,0.16197479672163,0,0.026995799453605,0.0661259338598372
"1617","chmp4ba",1963,0,0,0,0,0.32394959344326,0,0.05399159890721,0.132251867719674
"1618","ahcy",8320,1.13667439194787,1.5651992894343,0.953301478446664,6.32479636414563,14.2537821115035,7.65086428466571,5.31410298669061,5.23300288001715
"1619","eif2s2",4843,0,0,0,0.180708467547018,0.48592439016489,0.273245153023775,0.156646335122614,0.198097214017371
"1620","cyc1",1370,0.189445731991312,0,0,0.180708467547018,0.16197479672163,0,0.0886881660433268,0.0975577014993251
"1621","ergic3",1987,0,0,0,0,0.16197479672163,0,0.026995799453605,0.0661259338598372
"1622","romo1",1032,0,0.173911032159367,0.953301478446664,0,0.32394959344326,0,0.241860350674882,0.37228846870026
"1623","mych",2167,0,0,0,0.180708467547018,1.29579837377304,0.273245153023775,0.291625332390639,0.50520092684304
"1624","mtss1",4723,0,0,0,0,0.16197479672163,0,0.026995799453605,0.0661259338598372
"1625","blcap",1109,0,0.173911032159367,0.381320591378666,0,0,0,0.0925386039230055,0.157651565942111
"1626","ywhaba",1347,0,0,0,0.180708467547018,0,0,0.030118077924503,0.0737739229484146
"1627","cox6c",462,0.189445731991312,0.173911032159367,0,0,0,0,0.0605594606917799,0.0939468390109909
"1628","eif6",1494,0,0,0,0.180708467547018,0,0.136622576511888,0.0528885073431509,0.0831121091081427
"1629","sdc4",2558,0,0,0,0,0.32394959344326,0,0.05399159890721,0.132251867719674
"1630","oser1",1614,0,0.173911032159367,0,0,0,0,0.0289851720265612,0.0709988815718676
"1631","gnai2b",1979,0,0,0,0,0.16197479672163,0,0.026995799453605,0.0661259338598372
"1632","slc38a3b",2763,0,0,0,0,0.16197479672163,0,0.026995799453605,0.0661259338598372
"1633","rbm5",2946,0,0,0,0,0.16197479672163,0,0.026995799453605,0.0661259338598372
"1634","gnb1b",8514,0,0,0,0,0,0.136622576511888,0.0227704294186479,0.0557759332997464
"1635","mst1",2430,0,0,0.190660295689333,1.08425080528211,2.26764715410282,0.956358035583214,0.749819381776246,0.882657445798605
"1636","cacna2d2a",7213,0,0,0,0.090354233773509,0,0,0.0150590389622515,0.0368869614742073
"1637","rps10",561,3.031131711861,2.08693238591241,2.09726325258266,5.42125402641054,9.39453820985455,6.42126109605872,4.74206344711331,2.89477123203236
"1638","ilrun",2801,0.568337195973937,0,0,0,0,0.136622576511888,0.117493295414304,0.227527954298537
"1639","snrpc",890,0.189445731991312,0,0,0,0,0.136622576511888,0.0543447180838667,0.0858316066269076
"1640","ube2c",2405,0,0,0.190660295689333,0,0,0,0.0317767159482221,0.0778367397745047
"1641","ncoa5",2464,39.0258207902104,112.78130435535,82.3652477377918,190.557079028331,153.06618290194,254.391237465135,138.69781204646,77.537515244588
"1642","nat8l2",1240,3.78891463982625,6.26079715773722,3.43188532240799,20.7814737679071,12.3100845508439,9.29033520280836,9.31058177358846,6.55633824758895
"1643","cyp24a1",3604,4156.81825135338,3453.43832110463,1788.39357356594,2074.89462437486,5107.065340633,2121.54367936485,3117.02563173278,1341.40856806294
"1644","ddx27",2626,0,0,0,0.180708467547018,0.16197479672163,0.136622576511888,0.079884306796756,0.0886206506346712
"1645","snrpb",963,0,0.347822064318734,0,0,0,0.136622576511888,0.0807407734717703,0.141796672623002
"1646","snta1",7056,0,0,0,0.180708467547018,0.16197479672163,0.273245153023775,0.102654736215404,0.118597073709655
"1647","ralgapb",5677,0,0,0,0,0.32394959344326,0,0.05399159890721,0.132251867719674
"1648","igsf8",4095,0,0,0,0.180708467547018,0,0,0.030118077924503,0.0737739229484146
"1649","soat2",2164,0,0,0.381320591378666,0.180708467547018,0.16197479672163,0.54649030604755,0.211749026949144,0.216297263295711
"1650","dctn2",2009,0.189445731991312,0,0,0.542125402641054,0.16197479672163,0,0.148924321892333,0.211165693437602
"1651","ddit3",3522,0.568337195973937,0.695644128637469,0.953301478446664,1.08425080528211,1.45777317049467,1.50284834163076,1.0436925200776,0.384500386309195
"1652","mars1",3177,0,0,0.190660295689333,0.180708467547018,0,0,0.0618947938727251,0.0959386319938456
"1653","LOC100329520",4398,0,0,0.190660295689333,0,0,0,0.0317767159482221,0.0778367397745047
"1654","shmt2",6543,0,0,0,0,0,0.136622576511888,0.0227704294186479,0.0557759332997464
"1655","fam210b",1709,0.378891463982625,0.521733096478102,0.190660295689333,0,0.48592439016489,0,0.262868207719158,0.233940103005916
"1656","prelid3b",1637,0,0,0,0.180708467547018,0.32394959344326,0,0.0841096768317131,0.137950906423143
"1657","pck1",2610,0.189445731991312,3.82604270750608,0.381320591378666,1.26495927282913,0.971848780329781,0.136622576511888,1.12837327675781,1.39598123987325
"1658","ccndbp1",2709,0,0,0,0,0.16197479672163,0,0.026995799453605,0.0661259338598372
"1659","tgds",1600,0,0,0.381320591378666,0,0,0,0.0635534318964443,0.155673479549009
"1660","nufip1",1954,0,0,0,0,0.48592439016489,0,0.0809873983608151,0.198377801579512
"1661","mtrf1",1936,0,0,0,0.180708467547018,0.16197479672163,0.136622576511888,0.079884306796756,0.0886206506346712
"1662","LOC100330805",2158,0,0,0,0,0,0.136622576511888,0.0227704294186479,0.0557759332997464
"1663","slain1b",2434,0,0.173911032159367,0,0,0,0.273245153023775,0.0745260308638571,0.119652150084985
"1664","wbp4",1609,0,0,0,0.361416935094036,0.32394959344326,0,0.114227754756216,0.177357075035051
"1665","fbxl3b",763,0,0,0,0,0.16197479672163,0,0.026995799453605,0.0661259338598372
"1666","ddx3xb",8502,0,0,0,0.180708467547018,0.809873983608151,0.409867729535663,0.233408363448472,0.32547386700535
"1667","aamp",1847,0,0,0.190660295689333,0.361416935094036,0.16197479672163,0.819735459071326,0.255631247762721,0.307600909608749
"1668","drap1",3903,0,0,0.190660295689333,0,0,0,0.0317767159482221,0.0778367397745047
"1669","epdl1",2245,1.89445731991312,0.173911032159367,0.762641182757331,0.361416935094036,0.32394959344326,0.273245153023775,0.631603536065149,0.650772687013286
"1670","dctn1a",4250,0,0,0,0,0.0809873983608151,0,0.0134978997268025,0.0330629669299186
"1671","emc4",896,0.189445731991312,0,0,0,0,0,0.0315742886652187,0.0773408962211285
"1672","tox4b",10978,0,0,0,0,0.32394959344326,0,0.05399159890721,0.132251867719674
"1673","supt16h",7279,0,0,0,0.180708467547018,0.809873983608151,0.273245153023775,0.210637934029824,0.31527901855512
"1674","ndrg2",7782,0.189445731991312,0.521733096478102,0.381320591378666,0,0.16197479672163,0.273245153023775,0.254619894932247,0.181885406666876
"1675","cbln11",862,10.9878524554961,1.5651992894343,62.1552563947225,0.180708467547018,5.99306747870031,1.77609349465454,13.7763629300925,24.0284565291222
"1676","pnp5a",3076,0.189445731991312,0.695644128637469,0,0,0.971848780329781,0,0.309489773493094,0.421804924467496
"1677","sf3b2",2672,0.189445731991312,0,0.381320591378666,0.361416935094036,0.16197479672163,0,0.182359675864274,0.16650694053819
"1678","klc2",7493,0,0,0,0.180708467547018,0.32394959344326,0,0.0841096768317131,0.137950906423143
"1679","ccs",2861,0,0,0,0,0,0.0683112882559438,0.011385214709324,0.0278879666498732
"1680","rbm14b",3082,0,0,0,0.361416935094036,0,0,0.060236155849006,0.147547845896829
"1681","mfap3l",8109,0,0,0,0,0.16197479672163,0.273245153023775,0.0725366582909009,0.117753426827362
"1682","aadat",3283,0.189445731991312,0.347822064318734,0,0,0.16197479672163,0,0.116540432171946,0.142559233011923
"1683","ino80b",3639,0,0,0,0,0.32394959344326,0,0.05399159890721,0.132251867719674
"1684","tex261",1227,0.378891463982625,0,0,0,0,0,0.0631485773304375,0.154681792442257
"1685","snrpa1",1101,0,0.173911032159367,0.762641182757331,0.722833870188072,0.971848780329781,0.273245153023775,0.484080003076388,0.386654288439727
"1686","selenos",3735,0,0,0,0.180708467547018,0.48592439016489,0.273245153023775,0.156646335122614,0.198097214017371
"1687","aldh1a3",2228,0.189445731991312,0.347822064318734,0.190660295689333,0,0,0.409867729535663,0.189632636922507,0.170557647701082
"1688","cers3a",8073,0,0.173911032159367,0,0,0,0,0.0289851720265612,0.0709988815718676
"1689","zfand6",3300,0,0,0,0,0.16197479672163,0,0.026995799453605,0.0661259338598372
"1690","mthfs",984,0,0,0,0,0.16197479672163,0,0.026995799453605,0.0661259338598372
"1691","fah",2550,0.947228659956562,1.73911032159367,0.571980887067998,0,0.971848780329781,0.409867729535663,0.773339396413946,0.595494358555264
"1692","LOC137496091",392,0,0,0,0.090354233773509,0,0,0.0150590389622515,0.0368869614742073
"1693","arnt2",7553,2.27334878389575,4.52168683614355,3.90853606163132,35.6899223405361,27.9406524344812,39.3473020354236,18.9469080820186,17.2605866532776
"1694","stard5",8403,0,0,0,0,0,0.136622576511888,0.0227704294186479,0.0557759332997464
"1695","fth1a",1165,4697.96998478656,10660.3114937888,5165.75005140678,4319.20343707505,5645.63153973242,5414.62595231913,5983.91540985146,2341.00503798749
"1696","saa",2440,0,0,0,0.180708467547018,0,0,0.030118077924503,0.0737739229484146
"1697","rplp2b",441,1.13667439194787,1.0434661929562,1.90660295689333,4.15629475358142,5.50714308853542,5.60152563698739,3.22528450348361,2.12516940369453
"1698","sdhaf2",807,0,0,0,0,0,0.409867729535663,0.0683112882559438,0.167327799899239
"1699","dagla",16288,0,0,0,0,0.16197479672163,0,0.026995799453605,0.0661259338598372
"1700","plekho2",9443,0,0,0,0.180708467547018,0.32394959344326,0,0.0841096768317131,0.137950906423143
"1701","clpxa",3589,300.555653804217,362.952324116599,1054.25610501417,1811.33132445754,1501.26340341443,1375.58441160994,1067.65720373615,619.857732757066
"1702","si:cabz01068815.1",1766,0,0,0.190660295689333,1.44566774037614,0.48592439016489,0.273245153023775,0.399249596542357,0.5441857308841
"1703","abhd2a",2974,0,0,0,0,0.32394959344326,0,0.05399159890721,0.132251867719674
"1704","slc39a1",1888,117.077462370631,179.302274156308,133.462206982533,124.688842607442,136.544753636334,150.694701892612,140.29504027431,22.2399588438962
"1705","furina",8454,0.189445731991312,0.521733096478102,0.953301478446664,1.08425080528211,1.6197479672163,0,0.728079846569081,0.605881263337107
"1706","mctp2b",3808,0,0,0,0,0,0.136622576511888,0.0227704294186479,0.0557759332997464
"1707","htatip2",2426,0,0,0,0.180708467547018,0,0.136622576511888,0.0528885073431509,0.0831121091081427
"1708","map4k2",4063,0.378891463982625,0,0,0,0.16197479672163,0,0.0901443767840425,0.15558825422069
"1709","rtn3",8129,0,0.173911032159367,0.381320591378666,0,0.64789918688652,0.54649030604755,0.291603519412017,0.27708474381944
"1710","mta2",4441,0,0,0,0,0.16197479672163,0,0.026995799453605,0.0661259338598372
"1711","cth1",1432,0,0,0,0,0.32394959344326,0,0.05399159890721,0.132251867719674
"1712","rab1ba",2972,0,0.347822064318734,0,0,0.16197479672163,0.136622576511888,0.107736572925375,0.138736251022202
"1713","peli3",1903,0,0,0,0,0.16197479672163,0,0.026995799453605,0.0661259338598372
"1714","ndufs2",3386,0,0,0,0,0.16197479672163,0,0.026995799453605,0.0661259338598372
"1715","kirrel1a",10861,0,0.173911032159367,0,0,0,0,0.0289851720265612,0.0709988815718676
"1716","LOC110439931",3411,0,0,0,0,0.16197479672163,0.204933864767831,0.0611514435815769,0.0957044715664096
"1717","cd68",2009,0.189445731991312,0,0.190660295689333,0.361416935094036,0.64789918688652,0.54649030604755,0.322652075951459,0.243582459537742
"1718","oxa1l",1541,0,0,0,0.180708467547018,0.32394959344326,0,0.0841096768317131,0.137950906423143
"1719","znf638",10056,0,0,0,0,0.16197479672163,0.273245153023775,0.0725366582909009,0.117753426827362
"1720","tkfc",2695,0,0.173911032159367,0,0,0.16197479672163,0,0.0559809714801662,0.0868074499943072
"1721","tmem179ba",1920,0,0,0,0,0.32394959344326,0,0.05399159890721,0.132251867719674
"1722","trip6",4899,0,0,0,0,0.32394959344326,0.683112882559438,0.16784374600045,0.283745453173064
"1723","bcl6b",3494,0,0,0,0,0.16197479672163,0,0.026995799453605,0.0661259338598372
"1724","si:ch73-335l21.1",6957,0.189445731991312,1.0434661929562,3.81320591378666,1.08425080528211,3.07752113771097,1.22960318860699,1.73958216172237,1.39047001413902
"1725","acadvl",5564,0,0,0.762641182757331,0,0.32394959344326,0.136622576511888,0.203868892118746,0.301945521609429
"1726","ponzr1",1367,0,0.173911032159367,0,0.361416935094036,0,0,0.0892213278755672,0.150402510612175
"1727","slc3a2a",2075,0.568337195973937,2.43475445023114,0,0.542125402641054,0.16197479672163,1.0929806120951,0.800028742943811,0.886059012640565
"1728","zpax4",2646,0,0,0,0,0.16197479672163,0,0.026995799453605,0.0661259338598372
"1729","sat2a.2",935,0,0.347822064318734,0,0,0.16197479672163,0,0.0849661435067274,0.144153078319906
"1730","chd3",14517,0,0,0.571980887067998,0.180708467547018,0.16197479672163,0,0.152444025222774,0.222089367251369
"1731","dnajc3b",3682,11.3667439194787,17.5650142480961,32.2215899714972,44.6349914841135,17.1693284524928,21.927923530158,24.1475986009727,12.2084108600328
"1732","gigyf1a",8849,0,0,0,0,0,0.136622576511888,0.0227704294186479,0.0557759332997464
"1733","wrap53",3141,0,0,0,0,0,0.136622576511888,0.0227704294186479,0.0557759332997464
"1734","ugt5g1",3094,156.861066088807,65.5644591240814,103.242550115774,137.24808110196,92.3256341313292,161.214640284027,119.409405140996,38.3736863442366
"1735","si:dkey-112a7.4",1439,0,0,0,0,0,0.136622576511888,0.0227704294186479,0.0557759332997464
"1736","si:dkey-165a24.9",5697,0,0,0,0,0.0809873983608151,0,0.0134978997268025,0.0330629669299186
"1737","tifa",1390,0,0,0.190660295689333,0,0,0,0.0317767159482221,0.0778367397745047
"1738","rbm4.3",2603,0,0.695644128637469,1.90660295689333,2.34921007811124,1.78172276393793,2.04933864767831,1.46375309587638,0.911781742120125
"1739","rbm4.2",2576,0,0,0,0,0,0.54649030604755,0.0910817176745917,0.223103733198986
"1740","rbm4.1",3032,0,0,0,0,0.16197479672163,0,0.026995799453605,0.0661259338598372
"1741","sf1",2829,0,0.521733096478102,1.52528236551466,0.722833870188072,1.94369756065956,1.63947091814265,1.05883630183051,0.756333225067694
"1742","si:ch211-200p22.4",4034,0,0,0.381320591378666,0,0,0,0.0635534318964443,0.155673479549009
"1743","cideb",1174,0,0,0,0,0.16197479672163,0,0.026995799453605,0.0661259338598372
"1744","dhrs4",1082,0,0,0,0.542125402641054,0.16197479672163,0,0.117350033227114,0.217949354287325
"1745","acin1b",7357,0,0,0,0.180708467547018,0.32394959344326,0,0.0841096768317131,0.137950906423143
"1746","mrpl52",423,0,0,0,0,0.32394959344326,0,0.05399159890721,0.132251867719674
"1747","lrp10",3538,0,0,0,0,0.16197479672163,0,0.026995799453605,0.0661259338598372
"1748","zgc:153151",2575,0,0,0,0,0.16197479672163,0,0.026995799453605,0.0661259338598372
"1749","gmpr2",2812,0,0,0,0,0.32394959344326,0,0.05399159890721,0.132251867719674
"1750","txnb",636,4975.41325928784,2198.6702240748,4031.32129205525,2515.91363942336,1237.08250996145,1540.89772918932,2749.88310899867,1463.13751404856
"1751","ptgr1.1",1200,0,0,0,0,0.48592439016489,0.409867729535663,0.149298686616759,0.232539666172851
"1752","nicol1",1098,0.189445731991312,0,0.190660295689333,0,0,0,0.0633510046134409,0.0981437058693778
"1753","faah2b",1720,0,0.347822064318734,0,0,0,0,0.0579703440531224,0.141997763143735
"1754","shroom4",6901,0,0,0,0,0.16197479672163,0,0.026995799453605,0.0661259338598372
"1755","fam113",1484,0,0,0,0.180708467547018,0,0,0.030118077924503,0.0737739229484146
"1756","naa40",4915,0.189445731991312,0,0,0,0,0,0.0315742886652187,0.0773408962211285
"1757","sb:cb1058",1471,0,0,0.953301478446664,0.542125402641054,0.809873983608151,0.819735459071326,0.520839387294532,0.424947937761197
"1758","si:dkey-23i12.5",806,0,0,0,0.180708467547018,0.32394959344326,0,0.0841096768317131,0.137950906423143
"1759","badb",2097,0,0.173911032159367,0,0,0,0,0.0289851720265612,0.0709988815718676
"1760","cyp26b1",3323,0.189445731991312,1.0434661929562,2.09726325258266,11.5653419230092,6.31701707214357,51.096843615446,12.0515629646881,19.5889329527057
"1761","hmgb3a",1709,0,0.173911032159367,0,0,0,0.273245153023775,0.0745260308638571,0.119652150084985
"1762","nat16",5471,0,0,0,0.180708467547018,0,0.273245153023775,0.0756589367617989,0.120807959690264
"1763","LOC141375366",2340,0,0,0,0,0,0.273245153023775,0.0455408588372959,0.111551866599493
"1764","nat16l",2339,1.32612012393919,5.21733096478102,0.571980887067998,15.7216366765906,6.96491625903009,30.8083910034307,10.1017293191399,11.505421002272
"1765","serpine1",1793,0,0.347822064318734,0.190660295689333,0,0.16197479672163,0,0.11674285945495,0.142684266932269
"1766","zgc:77439",2112,1.13667439194787,1.0434661929562,1.143961774136,0,0.809873983608151,0.273245153023775,0.734536915945333,0.486372451418538
"1767","mblac1",2429,0,0,0,0,0.32394959344326,0,0.05399159890721,0.132251867719674
"1768","eif4a1a",2666,0,0,0,0.542125402641054,0.64789918688652,0.409867729535663,0.266648719843873,0.301680501691906
"1769","tnk1",2922,0,0,0,0.180708467547018,0,0,0.030118077924503,0.0737739229484146
"1770","phf23b",2519,0,0,0,0.180708467547018,0.16197479672163,0,0.057113877378108,0.0886785375175253
"1771","hsbp1a",625,4.73614329978281,7.47817438285279,2.28792354827199,2.52991854565825,1.53876056885549,3.14231925977342,3.61887326753246,2.17502733438812
"1772","caprin1a",3321,0,0,0.190660295689333,0.361416935094036,0,0,0.0920128717972282,0.152430533599323
"1773","nucb2a",1816,0,0,0,0,0.32394959344326,0.136622576511888,0.076762028325858,0.132856775174322
"1774","rps13",503,0.947228659956562,1.0434661929562,1.90660295689333,3.07204394829931,7.45084064919499,4.91841275442795,3.22309919362139,2.5469296266949
"1775","sox6",9229,0,0,0,0,0,0.273245153023775,0.0455408588372959,0.111551866599493
"1776","cyp2r1",3592,21.217921983027,19.8258576661679,403.341855530783,105.714453515006,212.348958502057,35.1120021635551,132.926841560099,151.664844034765
"1777","calca",1801,0.189445731991312,0,0,0,0.16197479672163,0,0.0585700881188238,0.0911512905111682
"1778","pde3b",6820,0,0,0,0.180708467547018,0.16197479672163,0.273245153023775,0.102654736215404,0.118597073709655
"1779","copb1",3239,0,0,0,0,0.16197479672163,0,0.026995799453605,0.0661259338598372
"1780","scube2",7996,0,0.173911032159367,0,0,0,0,0.0289851720265612,0.0709988815718676
"1781","thap11",1418,0,0,0,0.180708467547018,0,0,0.030118077924503,0.0737739229484146
"1782","LOC108179061",3737,0,0.173911032159367,0.190660295689333,1.08425080528211,0,0.273245153023775,0.287011214359097,0.405612251998794
"1783","exosc6",1015,0,0,0,0,0.16197479672163,0.136622576511888,0.049766228872253,0.077513222057617
"1784","aph1b",1931,0,0,0,0,0.16197479672163,0,0.026995799453605,0.0661259338598372
"1785","herc1",15277,0,0,0,0.361416935094036,0.16197479672163,0.273245153023775,0.132772814139907,0.158587028693386
"1786","dapk2a",4433,0,0,0,0,0,0.136622576511888,0.0227704294186479,0.0557759332997464
"1787","rorab",4455,0.378891463982625,0.869555160796836,0.571980887067998,1.44566774037614,0.971848780329781,1.91271607116643,1.02511001728664,0.568273139495622
"1788","serf2b",1297,0,0,0,0,0,0.136622576511888,0.0227704294186479,0.0557759332997464
"1789","aldh1a2",5282,11.840358249457,121.911633543716,9.34235448877731,14.6373858713085,8.74663902296803,15.6432850106111,30.3536093644731,44.9384903634459
"1790","lipca",1681,0.378891463982625,0,0,0.90354233773509,1.6197479672163,0.956358035583214,0.643089967419538,0.63510053218536
"1791","adam10a",4591,0,0,0,0,0.32394959344326,0,0.05399159890721,0.132251867719674
"1792","sltm",3773,0,0,0,0,0,0.136622576511888,0.0227704294186479,0.0557759332997464
"1793","rnf111",5172,0,0,0,0.180708467547018,0,0.273245153023775,0.0756589367617989,0.120807959690264
"1794","ccnb2",1525,0,0,0,0.180708467547018,0,0,0.030118077924503,0.0737739229484146
"1795","mtmr10",5482,0,0,0,0,0.16197479672163,0,0.026995799453605,0.0661259338598372
"1796","mcee",1467,0,0,0,0,0.32394959344326,0,0.05399159890721,0.132251867719674
"1797","sord",1381,0.189445731991312,0,0,0,0.32394959344326,0,0.0855658875724288,0.139214868290303
"1798","tjp1a",8054,0,0,0,0,0,0.136622576511888,0.0227704294186479,0.0557759332997464
"1799","eif3jb",1761,0,0.521733096478102,0.190660295689333,0,0.48592439016489,0,0.199719630388721,0.247124139126249
"1800","nap1l4b",6127,0.189445731991312,0.521733096478102,0,0.180708467547018,0,0,0.148647882669405,0.204045828891923
"1801","cars1",3181,0,0,0,0,0.16197479672163,0,0.026995799453605,0.0661259338598372
"1802","lgr4",9104,0,0.521733096478102,0,0.180708467547018,0.32394959344326,0.54649030604755,0.262146910585988,0.243363905097346
"1803","si:ch73-314g15.3",2581,0,0,0.190660295689333,0,0,0,0.0317767159482221,0.0778367397745047
"1804","slc39a13",1594,10.9878524554961,10.434661929562,6.38711990559265,74.9940140320125,43.0852959279536,63.256252925004,34.8575328626035,29.8728076624767
"1805","tssc4",1443,0,0,0,0.180708467547018,0,0,0.030118077924503,0.0737739229484146
"1806","cd81a",3829,0,0,0,0,0.16197479672163,0,0.026995799453605,0.0661259338598372
"1807","si:ch211-194p6.12",1718,0,0,0,0,0.16197479672163,0,0.026995799453605,0.0661259338598372
"1808","anp32a",2084,0,0,0.190660295689333,0,0,0,0.0317767159482221,0.0778367397745047
"1809","glceb",4898,0,0,0,0,0.16197479672163,0,0.026995799453605,0.0661259338598372
"1810","tle3b",4446,0,0,0.190660295689333,0,0,0,0.0317767159482221,0.0778367397745047
"1811","smad3a",4576,0,0,0,0,0,0.136622576511888,0.0227704294186479,0.0557759332997464
"1812","bbox1",3837,0,0,0.381320591378666,0.180708467547018,0.16197479672163,0.54649030604755,0.211749026949144,0.216297263295711
"1813","nr1h3",5925,77.1991357864598,63.1297046738503,65.2058211257518,343.436442573108,419.3527487123,383.089704539333,225.235592901801,173.420570343878
"1814","esrp2",4045,0,0,0.190660295689333,0,0.16197479672163,0,0.0587725154018271,0.0915007450520586
"1815","nfatc3a",7982,0,0,0,0.180708467547018,0,0,0.030118077924503,0.0737739229484146
"1816","ctrb.3",1588,0,0,0,0,0,0.136622576511888,0.0227704294186479,0.0557759332997464
"1817","ctrb.2",857,0,0,0,0.361416935094036,0,0,0.060236155849006,0.147547845896829
"1818","ctrb.1",848,0.189445731991312,0.347822064318734,0,0.361416935094036,0.32394959344326,0.273245153023775,0.249313246311853,0.137226643763628
"1819","hsd11b2",2561,2200.60162281108,1708.5889354497,1624.52104942096,353.917533690835,542.5345816191,319.491895173049,1124.94260302746,816.050684212968
"1820","slc12a4",4598,0,0,0,0,0.48592439016489,0.136622576511888,0.103757827779463,0.195035443146517
"1821","fto",10327,0,0,0,0,0.16197479672163,0,0.026995799453605,0.0661259338598372
"1822","chd9",12866,0,0.173911032159367,0,0.542125402641054,0.16197479672163,0,0.146335205253675,0.21066413092345
"1823","tox3",4059,0,0,0,0,0,0.136622576511888,0.0227704294186479,0.0557759332997464
"1824","sall1a",6950,0,0,0,0,0.16197479672163,0.136622576511888,0.049766228872253,0.077513222057617
"1825","adcy7",5413,0,0,0,0.361416935094036,0,0,0.060236155849006,0.147547845896829
"1826","tent4b",4085,0,0,0,0.180708467547018,0.16197479672163,0,0.057113877378108,0.0886785375175253
"1827","cebpg",3195,0,0,0,0,0.32394959344326,0,0.05399159890721,0.132251867719674
"1828","abcc12",5866,140.00039594158,492.08126549493,93.6142051834624,520.350032301639,491.512520651787,583.856580723552,386.902500049491,212.406994135188
"1829","LOC141375409",2867,0.0947228659956562,0,0,0,0,0,0.0157871443326094,0.0386704481105642
"1830","gpatch1",3146,0,0,0,0,0,0.54649030604755,0.0910817176745917,0.223103733198986
"1831","rhpn2",3570,0,0,0,0,0.16197479672163,0,0.026995799453605,0.0661259338598372
"1832","celf1",5047,0,0,0,0,0.16197479672163,0,0.026995799453605,0.0661259338598372
"1833","ptpmt1",1075,0,0,0,0,0.16197479672163,0,0.026995799453605,0.0661259338598372
"1834","ndufs3",2376,0,0,0,0,0.16197479672163,0.136622576511888,0.049766228872253,0.077513222057617
"1835","c6ast3",945,0,0,0,0,0,0.136622576511888,0.0227704294186479,0.0557759332997464
"1836","mtch2",1727,0,0,0,0,0.32394959344326,0,0.05399159890721,0.132251867719674
"1837","f2",2010,0.947228659956562,1.73911032159367,2.66924413965066,4.24664898735492,10.1234247951019,5.46490306047551,4.19842666068887,3.33672939373748
"1838","atg13",2555,0,0,0.381320591378666,0,0.16197479672163,0.136622576511888,0.113319660768697,0.150505072004062
"1839","mdka",1938,0,0,0,0,0.16197479672163,0,0.026995799453605,0.0661259338598372
"1840","ambra1a",6787,0,0,0,0.180708467547018,0.16197479672163,0,0.057113877378108,0.0886785375175253
"1841","slc8b1",4896,0,0,0,0.180708467547018,0,0,0.030118077924503,0.0737739229484146
"1842","slc67a1",2064,1652.9140116242,963.641029195054,1396.30067548083,593.536961658181,417.733000745084,683.317816424206,951.240582521259,484.756162893529
"1843","kiaa0232",7934,0,0,0,0,0.16197479672163,0,0.026995799453605,0.0661259338598372
"1844","grpel1",1576,0,0,0,0,0.32394959344326,0,0.05399159890721,0.132251867719674
"1845","shrprbck1r",6734,0,0,0,0,0.16197479672163,0.136622576511888,0.049766228872253,0.077513222057617
"1846","maf1b",4688,0,0,0,0,0,0.136622576511888,0.0227704294186479,0.0557759332997464
"1847","si:ch73-174h16.4",4504,0,0,0,0,0,0.273245153023775,0.0455408588372959,0.111551866599493
"1848","dnajb6b",4181,7.5778292796525,19.9997686983272,17.3500869077293,38.4005493537413,14.4157569082251,30.5351458504069,21.3798561663471,11.2308649010979
"1849","ube3c",5327,0,0,0,0.090354233773509,0,0.0683112882559438,0.0264442536715755,0.0415560545540713
"1850","rbm33a",14126,0,0,0.190660295689333,0.361416935094036,0.48592439016489,0.273245153023775,0.218541128995339,0.195549290746795
"1851","insig1",1698,0,0,0,0,0.32394959344326,0,0.05399159890721,0.132251867719674
"1852","puf60b",2162,0,0.173911032159367,0,0.180708467547018,0.48592439016489,0.136622576511888,0.162861077730527,0.178071027897579
"1853","scrib",8476,0,0,0,0.180708467547018,0.32394959344326,0.54649030604755,0.175191394506305,0.224543267850456
"1854","si:dkey-86l18.10",662,0.378891463982625,0.695644128637469,0.953301478446664,0.361416935094036,1.29579837377304,0.54649030604755,0.705257114330231,0.36340195408512
"1855","abcf2b",6145,5.87281769173068,25.7388327595863,4.00386620947599,22.0464330407362,48.8354012115715,51.5750226332376,26.3453955910564,20.393399971206
"1856","smarcd3b",4721,0,0,0,0,0.16197479672163,0,0.026995799453605,0.0661259338598372
"1857","gpt2",1760,0,0,0,0,0.32394959344326,0,0.05399159890721,0.132251867719674
"1858","dnaja2a",2338,1814.70066674478,1976.32496945905,2531.58740616296,2119.25855315765,2844.35841783019,2717.83291455098,2334.01048798427,422.031116706051
"1859","si:dkey-56m19.5",2417,0,0,0,0.180708467547018,0,0,0.030118077924503,0.0737739229484146
"1860","uqcrfs1",1392,0,0.173911032159367,0,0,0.48592439016489,0.136622576511888,0.132742999806024,0.189372154495634
"1861","pop4",1074,0,0,0,0.361416935094036,0,0,0.060236155849006,0.147547845896829
"1862","si:ch211-260e23.7",1195,0.189445731991312,0.173911032159367,0,0,0,0,0.0605594606917799,0.0939468390109909
"1863","si:ch211-260e23.9",1267,0,0,0,0,0.16197479672163,0,0.026995799453605,0.0661259338598372
"1864","ccne1",2083,0,0,0,0.180708467547018,0,0,0.030118077924503,0.0737739229484146
"1865","rbpms2b",2002,0,0,0,0.180708467547018,0.16197479672163,0,0.057113877378108,0.0886785375175253
"1866","cpt1aa",4167,0,0,0,0,0.16197479672163,0.273245153023775,0.0725366582909009,0.117753426827362
"1867","igf2a",2035,0,0,0,0,0,0.273245153023775,0.0455408588372959,0.111551866599493
"1868","tsg101b",9355,0,0,0,0,0.32394959344326,0,0.05399159890721,0.132251867719674
"1869","hsd17b12b",2256,468.309849482524,635.210044962089,214.111512059121,779.395620530289,445.349703586122,606.467617136269,524.807391292736,194.786924934603
"1870","ttc17",5008,0,0,0,0.180708467547018,0,0,0.030118077924503,0.0737739229484146
"1871","hypk",488,0,0,0,0,0.16197479672163,0,0.026995799453605,0.0661259338598372
"1872","adamtsl5",3877,0,0.347822064318734,0,0,0,0,0.0579703440531224,0.141997763143735
"1873","crtc3",9269,0,0,0,0,0.16197479672163,0,0.026995799453605,0.0661259338598372
"1874","per1b",6990,23.3018250349314,87.390293660082,34.7001738154586,244.227493889795,273.25148206939,200.971810048987,143.973846419774,109.285350784561
"1875","paqr9",6885,0,0,0,0,0,0.136622576511888,0.0227704294186479,0.0557759332997464
"1876","irs4b",7077,0.378891463982625,0,0.381320591378666,1.26495927282913,0.971848780329781,0.136622576511888,0.522273780838681,0.493076558789142
"1877","rps4x",852,0.568337195973937,0.695644128637469,1.90660295689333,3.07204394829931,10.528361786906,6.28463851954683,3.8426047560428,3.88918840242868
"1878","got2b",1646,1.13667439194787,0.521733096478102,0.190660295689333,0.722833870188072,0.809873983608151,1.36622576511888,0.791333567171735,0.42149497575123
"1879","si:ch211-122f10.4",2284,0,0,0,0,0.16197479672163,0,0.026995799453605,0.0661259338598372
"1880","cyp2x10.2",4199,1711.16857421153,469.385875798132,2425.58028175969,298.259325686353,205.70799183647,385.275665763523,915.896285842617,925.027177590077
"1881","cyp2x12",1701,284.35804371896,1755.19709206841,43.9471981563912,2546.27266197126,1481.66445301111,3832.39989373496,1657.30655711018,1417.71933087865
"1882","si:dkey-286h2.3",2164,29.6482570566404,54.6080640980413,9.34235448877731,218.747599965665,94.5122938870712,251.658785934897,109.752892571849,101.773656272987
"1883","slco3a1b",3207,0,0,0.571980887067998,2.9816897145258,0.809873983608151,3.96205471884474,1.38759988400778,1.67444370014252
"1884","myzap",5442,0,0,0,0,0,0.136622576511888,0.0227704294186479,0.0557759332997464
"1885","ppip5k1a",10738,0,0,0,0.180708467547018,0,0,0.030118077924503,0.0737739229484146
"1886","tp53bp1",5864,0,0,0,0,0.16197479672163,0,0.026995799453605,0.0661259338598372
"1887","tubgcp4",2823,0,0,0.190660295689333,0,0,0,0.0317767159482221,0.0778367397745047
"1888","aprt",2664,0,0.173911032159367,0,0,0.16197479672163,0,0.0559809714801662,0.0868074499943072
"1889","ankrd11",13463,0,0,0,0,0.16197479672163,0,0.026995799453605,0.0661259338598372
"1890","slc22a31",3342,73.5996668786249,225.997386291098,237.848718872443,322.203197636333,227.736564190612,235.127454176959,220.418831341011,80.6482961134968
"1891","hp",2905,0.568337195973937,0.173911032159367,4.19452650516532,5.42125402641054,1.29579837377304,0.273245153023775,1.98784538108433,2.25308148194313
"1892","sult5a1",1945,1.13667439194787,2.78257651454988,1.90660295689333,5.60196249395756,0.32394959344326,3.07400797151747,2.4709623203849,1.8424124927415
"1893","kcng4b",2835,0,0,0,0,0,0.273245153023775,0.0455408588372959,0.111551866599493
"1894","nqo1",1544,409.392226833226,749.556548606873,554.344809716735,246.938120903,181.978684116751,220.850394931466,393.843464184675,223.1271885245
"1895","sirt3",3661,0,0.347822064318734,0,0,0,0,0.0579703440531224,0.141997763143735
"1896","ggh",1508,0,0,0,0.180708467547018,0.16197479672163,0,0.057113877378108,0.0886785375175253
"1897","cyp7a1b",4056,96.9014919135563,108.520484067445,63.2038880210138,222.452123550379,125.287505264181,305.556392368837,153.653647530902,91.7074487986972
"1898","sdr16c5b",1479,0,0,0,0.180708467547018,0.809873983608151,0.273245153023775,0.210637934029824,0.31527901855512
"1899","rps20",482,0.947228659956562,1.5651992894343,2.09726325258266,14.8180943388555,17.4932780459361,18.0341800995692,9.15920728105571,8.42877790059514
"1900","zgc:56231",2624,0,0,0,0,0,0.273245153023775,0.0455408588372959,0.111551866599493
"1901","fastkd3",2568,0,0,0,0.180708467547018,0,0,0.030118077924503,0.0737739229484146
"1902","chmp5b",1390,0,0,0,0,0.16197479672163,0,0.026995799453605,0.0661259338598372
"1903","ostc",776,0,0,0.190660295689333,0,0,0.136622576511888,0.0545471453668701,0.0862145351539329
"1904","rpl34",668,0.189445731991312,0.173911032159367,0.762641182757331,1.9877931430172,5.50714308853542,3.00569668326153,1.93777181028703,2.07036991392624
"1905","etnppl",2328,0,0,0,0.180708467547018,0.32394959344326,0,0.0841096768317131,0.137950906423143
"1906","hspa12b",13575,9.28284086757431,6.43470818989659,6.29178975774798,47.4359727310922,16.6024166639671,58.2695288823201,24.0528761820997,22.8782335455579
"1907","cct7",2072,0.568337195973937,0,0.190660295689333,0.180708467547018,0.64789918688652,1.36622576511888,0.492305151869281,0.494807859521999
"1908","ppp1r14bb",2634,0,0,0,0.180708467547018,0,0,0.030118077924503,0.0737739229484146
"1909","pcxb",5784,0,0,0.190660295689333,0.361416935094036,0.32394959344326,0.273245153023775,0.191545329541734,0.159023345740581
"1910","cdh1",4892,0,0,0,0.180708467547018,0,0,0.030118077924503,0.0737739229484146
"1911","znf609b",7012,0,0,0,0,0.16197479672163,0.136622576511888,0.049766228872253,0.077513222057617
"1912","rps17",453,0.568337195973937,0.695644128637469,0.571980887067998,1.44566774037614,4.37331951148401,1.50284834163076,1.52629963419505,1.45814803913567
"1913","fadd",1467,0,0,0.190660295689333,0,0,0,0.0317767159482221,0.0778367397745047
"1914","fgf19",920,0,0,0,0,0,0.136622576511888,0.0227704294186479,0.0557759332997464
"1915","tpcn2",3503,0.189445731991312,0,0,0,0,0,0.0315742886652187,0.0773408962211285
"1916","ipo7",6917,0,0,0.190660295689333,0.361416935094036,0.809873983608151,0.136622576511888,0.249762298483901,0.305695244516307
"1917","bola3",897,0,0,0,0,0.16197479672163,0,0.026995799453605,0.0661259338598372
"1918","bmal1b",4360,8.33561220761774,16.6085035712196,8.38905301033064,82.7644781365343,111.519647542842,84.7059974373703,52.0538819843192,46.0863491404755
"1919","eif4g2a",3976,0,0,0.190660295689333,0.180708467547018,0,0,0.0618947938727251,0.0959386319938456
"1920","ctr9",3873,0,0,0,0,0.16197479672163,0,0.026995799453605,0.0661259338598372
"1921","znf143a",2367,0.189445731991312,0,0,0,0,0.54649030604755,0.12265600633981,0.22103138448025
"1922","nfat5b",11165,0,0,0,0.722833870188072,0,0.136622576511888,0.14324274111666,0.289151736985316
"1923","kars1",4080,0,0,0,0,0.32394959344326,0,0.05399159890721,0.132251867719674
"1924","gcshb",967,0,0,0,0,0.32394959344326,0.136622576511888,0.076762028325858,0.132856775174322
"1925","rpl13",1371,0.189445731991312,1.73911032159367,1.90660295689333,2.89133548075229,11.5002105672357,3.14231925977342,3.56150405303996,4.02687215579829
"1926","cyb5b",1773,0,0,0,0.180708467547018,0,0,0.030118077924503,0.0737739229484146
"1927","zfhx3b",18631,0,0,0,0.180708467547018,0,0,0.030118077924503,0.0737739229484146
"1928","LOC141375196",1919,0.473614329978281,0.521733096478102,0.762641182757331,2.16850161056422,0.971848780329781,1.98102735942237,1.14656105992168,0.743220375395427
"1929","hnf4b",2338,545.982599598962,1200.76872154435,1244.15375952074,2576.54133028538,2198.40292850432,2915.86733920496,1780.28611310979,921.430652237242
"1930","usp10",9979,0,0,0,0,0,0.273245153023775,0.0455408588372959,0.111551866599493
"1931","ap1g1",7018,0,0,0,0,0,0.273245153023775,0.0455408588372959,0.111551866599493
"1932","gabarapb",1317,0,0,0.190660295689333,0,0,0,0.0317767159482221,0.0778367397745047
"1933","rap1gds1",9301,0,0,0,0,0.16197479672163,0,0.026995799453605,0.0661259338598372
"1934","tspan5a",4799,0,0,0,0,0,0.273245153023775,0.0455408588372959,0.111551866599493
"1935","adgra3",6626,0,0,0,0,0.16197479672163,0,0.026995799453605,0.0661259338598372
"1936","dhx15",13788,0,0,0,0,0.64789918688652,0,0.10798319781442,0.264503735439349
"1937","sod3a",1122,952.817309050306,983.119064796903,734.42345899531,313.438836960303,272.036671093978,332.402728653423,598.03967825837,331.841053951602
"1938","sepsecs",1822,0,0,0,0,0.16197479672163,0,0.026995799453605,0.0661259338598372
"1939","ppp1r15a",1614,0.189445731991312,0.695644128637469,0.571980887067998,0.361416935094036,0,0.683112882559438,0.416933427558376,0.283279751287162
"1940","myl12.1",1423,0,0,0.190660295689333,0,0,0,0.0317767159482221,0.0778367397745047
"1941","ywhae2",3203,0,0,0,0,0.16197479672163,0.136622576511888,0.049766228872253,0.077513222057617
"1942","LOC101883122",9199,0,3.30430961102798,0,0,0,2.32258380070209,0.937815568621678,1.48565603504448
"1943","cbln8",814,1.32612012393919,1.39128825727494,1.33462206982533,2.71062701320527,3.07752113771097,2.93738539500558,2.12959399949355,0.861549553735247
"1944","sb:cb1081",6296,0,0,0,0.90354233773509,0,0,0.150590389622515,0.368869614742073
"1945","LOC100537708",1134,0,0,0,0.180708467547018,0,0,0.030118077924503,0.0737739229484146
"1946","LOC100330629",9671,0,0,0,0.722833870188072,0.64789918688652,0,0.228455509512432,0.354714150070101
"1947","sb:cb230",1471,0,0.347822064318734,0,0,0.16197479672163,0.54649030604755,0.176047861181319,0.227995868929594
"1948","ppp1cbl",1333,0,0,0,0.180708467547018,0.32394959344326,0.409867729535663,0.152420965087657,0.18231705430949
"1949","rbpms",2249,0,0,0,0.180708467547018,0,0,0.030118077924503,0.0737739229484146
"1950","zgc:112102",775,0,0.347822064318734,0,0,0,0,0.0579703440531224,0.141997763143735
"1951","cldnd1a",1618,0,0,0.190660295689333,0,0,0,0.0317767159482221,0.0778367397745047
"1952","spats2",2623,0,0,0,0,0.16197479672163,0,0.026995799453605,0.0661259338598372
"1953","pym1",1613,0,0,0.190660295689333,0,0,0,0.0317767159482221,0.0778367397745047
"1954","pggt1b",1682,0,0,0.381320591378666,0,0,0,0.0635534318964443,0.155673479549009
"1955","fem1c",3435,0,0,0.381320591378666,0,0.971848780329781,0.273245153023775,0.27106908745537,0.380443861258273
"1956","tmed7",1274,0,0,0,0,0,0.136622576511888,0.0227704294186479,0.0557759332997464
"1957","cdo1",1125,0.378891463982625,1.21737722511557,0.381320591378666,1.08425080528211,1.37678577213386,0.956358035583214,0.899163982246006,0.425618562714805
"1958","sema6a",5135,0,0,0,0,0,0.136622576511888,0.0227704294186479,0.0557759332997464
"1959","hsd17b4",3825,901.193347082673,2040.67205135801,1124.99107471491,984.499731196155,2441.52709838349,1314.44580862087,1467.88818522602,628.010273629083
"1960","gramd2b",3119,0.189445731991312,0.173911032159367,0,0.90354233773509,0.32394959344326,1.0929806120951,0.447304884570689,0.443076401425151
"1961","srp19",1962,0,0,0.381320591378666,0,0,0,0.0635534318964443,0.155673479549009
"1962","fabp1b.1",468,0,4.34777580398418,0,0.180708467547018,0,1.22960318860699,0.959681243356365,1.72753034475727
"1963","dgcr6",3664,0,0,0.381320591378666,0,0.16197479672163,0,0.0905492313500493,0.156490414015607
"1964","serpind1",7154,0,0.173911032159367,1.143961774136,0.361416935094036,1.6197479672163,0.956358035583214,0.709232624031486,0.630817638996609
"1965","vdac3",6630,0.189445731991312,0.173911032159367,0.381320591378666,0,0.64789918688652,0.409867729535663,0.300407378658588,0.227084776704042
"1966","rpl6",950,0.947228659956562,2.08693238591241,2.28792354827199,4.87912862376949,12.3100845508439,6.69450624908249,4.86763400297281,4.20676716860311
"1967","acaa2",5158,0,0,0.762641182757331,0.180708467547018,0.64789918688652,0.409867729535663,0.333519427787755,0.326995652476419
"1968","gle1",2738,0,0.173911032159367,0,0,0.16197479672163,0.54649030604755,0.147062689154758,0.212305407013162
"1969","seta",1685,0,0.260866548239051,0.476650739223332,0.451771168867545,0.728886585247336,0.136622576511888,0.342466269681525,0.26290187506408
"1970","slc25a25a",2641,0,0,0,0.180708467547018,0,0,0.030118077924503,0.0737739229484146
"1971","gcn1",9053,0.189445731991312,0.347822064318734,0.571980887067998,0.180708467547018,0.971848780329781,0.136622576511888,0.399738084627789,0.322831262934935
"1972","rab35b",978,0.378891463982625,0.347822064318734,0.571980887067998,0.361416935094036,0.0809873983608151,0.273245153023775,0.335723983641331,0.159550355212338
"1973","pptc7a",4712,0,0.521733096478102,0.0953301478446664,0,0.16197479672163,0,0.1298396735074,0.203164490461635
"1974","si:ch211-166a6.5",4307,0,0,0,0,0.32394959344326,0.273245153023775,0.0995324577445059,0.155026444115234
"1975","zgc:63587",2409,0,0,0,0,0.16197479672163,0,0.026995799453605,0.0661259338598372
"1976","ufd1l",2705,0,0,0,0.180708467547018,0,0,0.030118077924503,0.0737739229484146
"1977","ciao1",1791,0,0,0,0,0,0.136622576511888,0.0227704294186479,0.0557759332997464
"1978","hsp70l",2302,11.1772981874874,9.04337367228709,5.14782798361199,1.9877931430172,3.88739512131912,0.956358035583214,5.36667435721767,4.00962233283595
"1979","tmem230b",1174,0,0,0,0,0.16197479672163,0.136622576511888,0.049766228872253,0.077513222057617
"1980","irak1",3222,0,0,0,0,0,0.136622576511888,0.0227704294186479,0.0557759332997464
"1981","abcd1",3722,11.9350811154527,14.7824377335462,40.2293223904492,199.592502405681,135.005993067479,192.432899016994,98.9963726216003,87.4892908394478
"1982","tsr2",1132,0,0,0.190660295689333,0.180708467547018,0,0.136622576511888,0.0846652232913731,0.0945128846225886
"1983","comta",2030,0,0,0,0,0.32394959344326,0,0.05399159890721,0.132251867719674
"1984","usp11",3974,0,0,0,0,0.48592439016489,0,0.0809873983608151,0.198377801579512
"1985","elk1",6870,0,0,0,0,0,0.136622576511888,0.0227704294186479,0.0557759332997464
"1986","nr1h5",2205,707.863977585539,836.077287106158,1157.30799483425,962.001526986551,606.676601120866,670.475294232089,823.400446977575,207.156566700497
"1987","trim33",5022,0,0.347822064318734,0,0.542125402641054,0.48592439016489,0.273245153023775,0.274852835024742,0.233409974806969
"1988","bcas2",1090,0,0,0,0,0.16197479672163,0,0.026995799453605,0.0661259338598372
"1989","dennd2c",4088,0,0,0,0,0,0.136622576511888,0.0227704294186479,0.0557759332997464
"1990","tasor2",10290,0,0,0,0,0.32394959344326,0,0.05399159890721,0.132251867719674
"1991","tjp2b",6669,0,0,0,0,0,0.409867729535663,0.0683112882559438,0.167327799899239
"1992","phf19",4188,0,0,0,0.180708467547018,0.32394959344326,0.136622576511888,0.106880106250361,0.132457144069666
"1993","kif2a",3804,0,0,0,0.180708467547018,0.32394959344326,0.273245153023775,0.129650535669009,0.149269042062087
"1994","dennd2da",3034,0,0,0,0,0.16197479672163,0,0.026995799453605,0.0661259338598372
"1995","si:ch73-61d6.3",4899,0,0,0,0,0,0.136622576511888,0.0227704294186479,0.0557759332997464
"1996","ccdc124",1411,0,0,0.381320591378666,0,0.16197479672163,0,0.0905492313500493,0.156490414015607
"1997","b3gnt3.4",5986,0.189445731991312,0,0,0,0,0,0.0315742886652187,0.0773408962211285
"1998","lonrf1",4796,0,0,0,0,0.16197479672163,0,0.026995799453605,0.0661259338598372
"1999","doc2g",7645,0,0,0.381320591378666,0,0,0,0.0635534318964443,0.155673479549009
"2000","serping1",2302,0.189445731991312,0,0.381320591378666,0.180708467547018,0.971848780329781,0.819735459071326,0.423843171719684,0.387955847598472
"2001","ugt5e1",4442,109.878524554961,46.434245586551,84.0811903989958,43.3700322112843,24.1342447115229,42.3529987186852,58.3752060303334,31.9696286754937
"2002","dedd",2175,0,0,0,0,0.0809873983608151,0,0.0134978997268025,0.0330629669299186
"2003","rhoaa",2190,0,0.173911032159367,0,0.542125402641054,0.16197479672163,0,0.146335205253675,0.21066413092345
"2004","ndufb11",816,0,0,0.381320591378666,0,0.16197479672163,0,0.0905492313500493,0.156490414015607
"2005","def6a",2212,0,0,0,0,0,0.136622576511888,0.0227704294186479,0.0557759332997464
"2006","qsox1",2786,1.89445731991312,1.5651992894343,3.24122502671866,1.9877931430172,3.88739512131912,3.48387570105313,2.67665760024259,0.975493093968099
"2007","cep350",11249,0,0,0,0,0.48592439016489,0,0.0809873983608151,0.198377801579512
"2008","soat1",5708,0,0.173911032159367,0.762641182757331,0.180708467547018,0.971848780329781,0.409867729535663,0.416496198721527,0.378467773326539
"2009","fnbp1l",5280,0,0.347822064318734,0.190660295689333,0.361416935094036,0,0.136622576511888,0.172753645268999,0.159722593544208
"2010","gclm",1826,71.0421494967422,87.2163826279226,69.4956777787618,109.780394034813,95.7271048624834,76.0987751171214,84.8934139863075,15.8013942319129
"2011","dnttip2",3154,0,0,0,0,0.16197479672163,0.136622576511888,0.049766228872253,0.077513222057617
"2012","faf1",9666,0,0,0,0,0,0.136622576511888,0.0227704294186479,0.0557759332997464
"2013","rnf11b",1698,0,0,0,0,0,0.136622576511888,0.0227704294186479,0.0557759332997464
"2014","eps15",4109,0,0.173911032159367,0,0,0,0,0.0289851720265612,0.0709988815718676
"2015","calr",3973,0.568337195973937,0.347822064318734,0.953301478446664,0,0.16197479672163,0,0.338572589243494,0.371811379926384
"2016","tor3a",2330,0,0,0,0,0.32394959344326,0,0.05399159890721,0.132251867719674
"2017","osbpl9",5546,0,0,0.190660295689333,0,0.16197479672163,0,0.0587725154018271,0.0915007450520586
"2018","elovl7a",2109,0,0,0,0,0.16197479672163,0,0.026995799453605,0.0661259338598372
"2019","plk2b",2418,0.189445731991312,0.173911032159367,0.381320591378666,0,0,0.136622576511888,0.146883322006872,0.141956044320723
"2020","mier3b",5067,0,0,0,0,0,0.136622576511888,0.0227704294186479,0.0557759332997464
"2021","prkcz",9204,0,0,0,0,0.16197479672163,0.273245153023775,0.0725366582909009,0.117753426827362
"2022","dio1",1442,0.568337195973937,0.173911032159367,0,0,0,0.409867729535663,0.192019326278161,0.244955196378056
"2023","rorca",1435,1.5155658559305,0.347822064318734,0.571980887067998,4.51771168867545,4.53529430820564,7.85579814943354,3.22402882560531,2.93499877021907
"2024","abhd17ab",8039,0,0,0,0.361416935094036,0,0,0.060236155849006,0.147547845896829
"2025","zgc:77486",4614,0,0,0,0.180708467547018,0.809873983608151,0,0.165097075192528,0.324039859938793
"2026","edem3",4608,0,0,0,0,0,0.136622576511888,0.0227704294186479,0.0557759332997464
"2027","si:ch73-281k2.5",2877,0,0.608688612557785,0.476650739223332,0.451771168867545,0.971848780329781,0.341556441279719,0.475085957043027,0.318968900744519
"2028","slc35a3a",2522,0,0,0,0.180708467547018,0,0,0.030118077924503,0.0737739229484146
"2029","mllt1a",4964,0,0,0,0,0,0.273245153023775,0.0455408588372959,0.111551866599493
"2030","mob3a",2133,0,0,0,0,0.16197479672163,0,0.026995799453605,0.0661259338598372
"2031","mknk2b",2117,0,0,0,0,0.971848780329781,0,0.16197479672163,0.396755603159023
"2032","dohh",1317,0,0,0,0,0.16197479672163,0.273245153023775,0.0725366582909009,0.117753426827362
"2033","aldh9a1a.2",4146,49.7295046477195,40.6951815252919,33.3655517456332,16.8962417156462,73.4555703132593,25.2751766546992,39.9028711003749,20.0448751153092
"2034","aldh9a1a.1",2075,11250.4242400361,6860.79021868704,8458.73934840509,2535.61086238598,9628.67277851566,3694.47940274621,7071.45280846268,3404.40686212697
"2035","cry3a",4515,0.189445731991312,0.869555160796836,0.190660295689333,3.07204394829931,2.75357154426771,6.01139336652306,2.18111167459459,2.2557189038457
"2036","ela2l",870,0,0.173911032159367,0,0.180708467547018,0,0.819735459071326,0.195725826462952,0.317809762386611
"2037","si:ch211-147a11.3",1842,0,0,0,0.180708467547018,0,0,0.030118077924503,0.0737739229484146
"2038","lrrc47",2175,0,0,0,0,0,0.273245153023775,0.0455408588372959,0.111551866599493
"2039","csde1",5231,0,0.173911032159367,0.190660295689333,0,0.809873983608151,0.54649030604755,0.2868226029174,0.324820161357784
"2040","iqsec2a",11987,0,0,0,0,0,0.409867729535663,0.0683112882559438,0.167327799899239
"2041","ythdf1",3843,0,0,0,0.361416935094036,0.16197479672163,0.273245153023775,0.132772814139907,0.158587028693386
"2042","dnajc5aa",995,0.189445731991312,0.521733096478102,0.762641182757331,2.71062701320527,0.48592439016489,0.819735459071326,0.915017812278039,0.907938174413374
"2043","ppdpfa",863,0.189445731991312,0.869555160796836,1.71594266120399,2.71062701320527,5.99306747870031,2.59582895372586,2.34574449993727,2.03588094404547
"2044","wasb",1736,0,0,0,0.542125402641054,0,0,0.090354233773509,0.221321768845244
"2045","slc38a5b",2700,0,0,0,0.180708467547018,0,0.136622576511888,0.0528885073431509,0.0831121091081427
"2046","nt5dc2",2811,0,0.173911032159367,0.190660295689333,0,0,0,0.0607618879747833,0.0942808074610305
"2047","ppardb",3926,125.981411774223,141.563580177725,153.767528473447,389.155684862503,397.081214163076,372.228209706638,263.296271526269,135.111756974604
"2048","rpl10a",1048,1.70501158792181,0.347822064318734,2.09726325258266,11.2039249879151,15.2256308918332,13.389012498165,7.32811088045609,6.66082172500733
"2049","hspa1b",2020,0,0,0,0.542125402641054,0,0.683112882559438,0.204206380866749,0.319481356760364
"2050","ngrn",1491,0,0,0,0,0.16197479672163,0,0.026995799453605,0.0661259338598372
"2051","gstm.1",1040,435.346292116036,403.212728061493,223.453866547898,480.865232142615,512.326282030516,681.541722929551,456.124353971352,149.633339685409
"2052","gstm.2",1546,33.7213402944536,1.21737722511557,26.6924413965066,40.9304678993996,11.5811979655966,40.098726206239,25.7069251645518,16.1453176488934
"2053","gstm.3",1001,203.369993292674,173.563210095048,79.2193528589178,94.8719454621845,58.7158638115909,93.5181536223871,117.209753190467,57.4880409055414
"2054","atp5pb",2595,0.852505793960906,1.13042170903589,1.04863162629133,0.180708467547018,0.48592439016489,0.819735459071326,0.752987907678559,0.35862158553364
"2055","wasa",2953,0,0,0.190660295689333,0,0,0.136622576511888,0.0545471453668701,0.0862145351539329
"2056","tspy",3401,0,0,0,0,0,0.136622576511888,0.0227704294186479,0.0557759332997464
"2057","taf10",947,0,0,0,0,0,0.273245153023775,0.0455408588372959,0.111551866599493
"2058","efhd2",4207,0.189445731991312,0,0,0,0,0,0.0315742886652187,0.0773408962211285
"2059","rhoab",1406,0,0.173911032159367,0,0.180708467547018,0,0,0.0591032499510642,0.0915875891387696
"2060","borcs6",3666,0,0,0,0.361416935094036,0.16197479672163,0.409867729535663,0.155543243558555,0.189571826894296
"2061","impdh2",2549,0,0,0,0,0.16197479672163,0.136622576511888,0.049766228872253,0.077513222057617
"2062","mgll",4538,0,0,0,0.361416935094036,0.16197479672163,0,0.087231955302611,0.149131855477145
"2063","prkar2aa",2720,0,0,0,0,0,0.409867729535663,0.0683112882559438,0.167327799899239
"2064","amt",2716,0.189445731991312,0,0,0,0,0,0.0315742886652187,0.0773408962211285
"2065","si:ch211-156j16.1",1835,0,0,0,0,0.32394959344326,0,0.05399159890721,0.132251867719674
"2066","slc16a1b",8738,0,0.173911032159367,0.762641182757331,0.361416935094036,1.94369756065956,0.54649030604755,0.631359502786308,0.69676563535861
"2067","capza1b",2288,0.568337195973937,0.695644128637469,0.571980887067998,0.180708467547018,0.48592439016489,0.273245153023775,0.462640037069181,0.196629708163061
"2068","ddx20",2897,0,0,0,0,0.16197479672163,0,0.026995799453605,0.0661259338598372
"2069","lmod1a",2819,0,0,0,0,0.16197479672163,0,0.026995799453605,0.0661259338598372
"2070","tuba5",1803,0,0.173911032159367,0,0,0,0,0.0289851720265612,0.0709988815718676
"2071","ptpn1",3557,0,0,0,0,0.32394959344326,0,0.05399159890721,0.132251867719674
"2072","cebpb",1518,0,0,0,0,0.32394959344326,0.136622576511888,0.076762028325858,0.132856775174322
"2073","si:ch211-103n10.5",660,0,0,0,0,0.16197479672163,0,0.026995799453605,0.0661259338598372
"2074","slc20a2",9434,0,0,0,0,0.16197479672163,0.273245153023775,0.0725366582909009,0.117753426827362
"2075","hsd17b3",4730,653.114161040049,1379.37535157202,1491.24950273412,5.9633794290516,3.07752113771097,4.44023373663635,589.536691608264,702.538715156956
"2076","ptch1",4863,0,0,0,0.180708467547018,0,0,0.030118077924503,0.0737739229484146
"2077","dock8",8499,0,0,0.190660295689333,0,0.16197479672163,0.273245153023775,0.104313374239123,0.119968676332979
"2078","cbwd",1802,0,0,0,0.180708467547018,0,0,0.030118077924503,0.0737739229484146
"2079","upb1",1303,0,0,0,0,0.16197479672163,0.273245153023775,0.0725366582909009,0.117753426827362
"2080","gucd1",2273,0,0,0,0,0,0.136622576511888,0.0227704294186479,0.0557759332997464
"2081","snrpd3",568,0,0,0,0,0,0.409867729535663,0.0683112882559438,0.167327799899239
"2082","gstt1a",1108,19510.3528777233,9744.75686498582,10541.2264280718,6826.26236158861,8434.67556448217,10423.9610314157,10913.5391880446,4438.4717643967
"2083","ralgds",6712,0,0,0,0,0.48592439016489,0.409867729535663,0.149298686616759,0.232539666172851
"2084","snrnp200",6405,0,0,0,0,0,0.54649030604755,0.0910817176745917,0.223103733198986
"2085","slc20a1a",2798,0,0,0.190660295689333,0.542125402641054,0,0,0.122130949721731,0.21943358323715
"2086","gadd45ga",1102,0,0.173911032159367,0,0,0,0.136622576511888,0.0517556014452091,0.081041867986555
"2087","creb3l3l",2577,0,0,0,0.180708467547018,0.16197479672163,0,0.057113877378108,0.0886785375175253
"2088","znf131",2566,0,0,0,0,0.32394959344326,0,0.05399159890721,0.132251867719674
"2089","selenop",2253,0.189445731991312,1.21737722511557,1.143961774136,2.16850161056422,5.34516829181379,2.86907410674964,2.15558812339509,1.81394565082887
"2090","slc15a4",6513,8.14616647562643,15.651992894343,17.0640964641953,61.0794620308921,48.9163886099323,54.717341893011,34.262574728,23.1364880500892
"2091","sf3a1",3069,0,0.173911032159367,0,0.180708467547018,0,0.273245153023775,0.10464410878836,0.119884255827238
"2092","kdm5c",6408,0,0.173911032159367,0.571980887067998,0.722833870188072,0.64789918688652,0.54649030604755,0.443852547058251,0.288544795815303
"2093","rbm39b",3070,0,0,0,0,0.16197479672163,0,0.026995799453605,0.0661259338598372
"2094","rab11fip1a",4947,0,0.173911032159367,0.190660295689333,0,0,0,0.0607618879747833,0.0942808074610305
"2095","rfk",4303,0,0,0,0,0,0.136622576511888,0.0227704294186479,0.0557759332997464
"2096","pcsk5b",7412,0,0.173911032159367,0,0.180708467547018,0.48592439016489,0,0.140090648311879,0.190405237239102
"2097","LOC101882501",3228,0,0,0,0.180708467547018,0,0,0.030118077924503,0.0737739229484146
"2098","asgrl1",7272,0.75778292796525,0.173911032159367,0.953301478446664,0.361416935094036,0.809873983608151,0.683112882559438,0.623233206638818,0.295265041379391
"2099","cox6a1",1065,0,0,0,0.180708467547018,0,0,0.030118077924503,0.0737739229484146
"2100","hnf1a",2961,0.568337195973937,0,0,0,0,0,0.0947228659956562,0.232022688663385
"2101","gpx8",1581,9.09339513558299,7.82599644717152,4.95716768792265,79.1503087855939,44.3810943017267,71.4536075157172,36.1435949789525,33.6761748369306
"2102","orai1a",3737,0,0,0,0.180708467547018,0,0,0.030118077924503,0.0737739229484146
"2103","fahd2a",4530,0,0,0,0,0.16197479672163,0,0.026995799453605,0.0661259338598372
"2104","rnf10",3671,0.378891463982625,0,0.381320591378666,1.08425080528211,0,0.409867729535663,0.375721765029844,0.396372156200469
"2105","arpc5la",1366,0,0,0,0,0,0.54649030604755,0.0910817176745917,0.223103733198986
"2106","golga1",4221,0,0,0,0.180708467547018,0,0,0.030118077924503,0.0737739229484146
"2107","ncor2",11757,0,0,0,0,0,0.54649030604755,0.0910817176745917,0.223103733198986
"2108","ep400",10843,0,0.173911032159367,0,0,0,0,0.0289851720265612,0.0709988815718676
"2109","mhc1laa",3576,0,0,0,0.180708467547018,0,0,0.030118077924503,0.0737739229484146
"2110","adamts13",6395,0,0,0,0,0.809873983608151,0.136622576511888,0.157749426686673,0.324114889512419
"2111","ubap2b",4483,0,0.173911032159367,0.571980887067998,0.180708467547018,0.32394959344326,0.136622576511888,0.231195426121589,0.196450426147955
"2112","chmp4bb",1743,0,0,0,0,0.16197479672163,0,0.026995799453605,0.0661259338598372
"2113","mak16",2952,0.378891463982625,0,0.381320591378666,0.722833870188072,1.13382357705141,0.273245153023775,0.481685775937425,0.394853045034567
"2114","ywhabb",5145,0,0,0,0,0.16197479672163,0,0.026995799453605,0.0661259338598372
"2115","ppiaa",817,0.947228659956562,2.95648754670924,1.33462206982533,11.3846334554621,7.28886585247336,10.2466932383916,5.6930884704697,4.57567274778396
"2116","ogdha",7632,0,0,0.190660295689333,0.361416935094036,0.566911788525705,0.136622576511888,0.209268599303494,0.22102858357262
"2117","fhip2b",6438,0,0,0,0,0,0.136622576511888,0.0227704294186479,0.0557759332997464
"2118","mtor",8527,0,0,0,0,0.16197479672163,0,0.026995799453605,0.0661259338598372
"2119","ogg1",4925,0,0,0,0,0,0.136622576511888,0.0227704294186479,0.0557759332997464
"2120","sult1st7",1497,0.189445731991312,0,0,0,0,0.136622576511888,0.0543447180838667,0.0858316066269076
"2121","sult1st9",2142,0.378891463982625,1.91302135375304,0,0.180708467547018,0.16197479672163,0.136622576511888,0.461869776419367,0.721224571490032
"2122","sult1st1",1290,37.9838692642581,53.5645979050851,35.6534752939052,113.03314645066,157.277527616703,269.146475728419,111.109848709838,91.0639974725458
"2123","sult1st2",5598,29.3640884586534,204.693284851575,1.81127280904866,60.7180450957981,3.32048333279342,54.1708515869634,59.0130043558054,75.5007959380698
"2124","sult1st3",1806,1192.27671428732,982.075598603947,1829.48086728699,1246.43665490556,897.907285626356,1030.3391607644,1196.41938024576,336.428626155994
"2125","acot7",5354,0.189445731991312,1.21737722511557,0.381320591378666,0.542125402641054,0.16197479672163,0,0.415373957974705,0.435482496591881
"2126","arhgef16",2425,0,0.173911032159367,0,0,0,0,0.0289851720265612,0.0709988815718676
"2127","ybx1",1518,6.062263423722,10.9563950260401,11.153627297826,10.8425080528211,16.8453788590495,19.1271607116643,12.4978888951872,4.71569119717616
"2128","dpp9",3476,0,0,0,0,0.32394959344326,0,0.05399159890721,0.132251867719674
"2129","si:dkeyp-104h9.5",4769,0,0.173911032159367,0,0,0.32394959344326,0,0.0829767709337712,0.137023734521591
"2130","mfn2",7413,0,0,0.190660295689333,0,0.809873983608151,0.136622576511888,0.189526142634895,0.314767213552508
"2131","golm1",3843,0,0,0,0,0,0.136622576511888,0.0227704294186479,0.0557759332997464
"2132","fkbp1aa",1402,0,0,0.571980887067998,0,0,0.136622576511888,0.118100577263314,0.228972219050378
"2133","gkap1",4152,0,0,0,0,0.32394959344326,0,0.05399159890721,0.132251867719674
"2134","msmbl",805,0.378891463982625,0.173911032159367,0,0,0.48592439016489,0,0.173121147717814,0.214523057418057
"2135","ido1",3750,0,0,0,0,0.32394959344326,0,0.05399159890721,0.132251867719674
"2136","b2ml",3657,0,0,0,0.180708467547018,0.64789918688652,0.409867729535663,0.206412563994867,0.270105010274343
"2137","bmp1a",5756,0,0,0,0.90354233773509,1.13382357705141,0.54649030604755,0.430642703472342,0.507518962451176
"2138","kansl3",8904,0,0,0,0,0,0.136622576511888,0.0227704294186479,0.0557759332997464
"2139","ankrd39",1023,0.189445731991312,0,0,0,0,0,0.0315742886652187,0.0773408962211285
"2140","vps13a",11274,0,0,0,0.180708467547018,0.16197479672163,0.273245153023775,0.102654736215404,0.118597073709655
"2141","dbnlb",6054,0,0,0,0.542125402641054,0.32394959344326,0.54649030604755,0.235427550355311,0.270162231663462
"2142","fkbp15b",4078,0,0,0.381320591378666,0,0,0,0.0635534318964443,0.155673479549009
"2143","adgrd2",6448,0,0,0,0,0,0.136622576511888,0.0227704294186479,0.0557759332997464
"2144","tubb2b",1568,0,0.173911032159367,0,0,0,0.136622576511888,0.0517556014452091,0.081041867986555
"2145","wdr46",1867,0,0,0,0,0.16197479672163,0,0.026995799453605,0.0661259338598372
"2146","nr2c2",3995,0,0.347822064318734,0.190660295689333,1.08425080528211,2.91554634098934,2.73245153023775,1.21178850608621,1.30299999049833
"2147","mrps25",727,0.189445731991312,0,0,0,0,0,0.0315742886652187,0.0773408962211285
"2148","sult1st4",2015,495.021697693299,379.2130056235,401.721243017424,579.441701189513,299.167449544851,727.105352196266,480.278408210809,155.023150973397
"2149","gnb1a",3205,0.378891463982625,0.869555160796836,0.953301478446664,0,0.16197479672163,0.273245153023775,0.439494675495255,0.387410365800355
"2150","dcp1a",3837,0,0,0,0,0,0.54649030604755,0.0910817176745917,0.223103733198986
"2151","chdh",6503,0,0.0869555160796836,0,0,0.16197479672163,0.136622576511888,0.0642588148855336,0.0744145862307713
"2152","selenok",959,0,0,0,0.361416935094036,0,0,0.060236155849006,0.147547845896829
"2153","cacna2d3a",7062,0,0,0,0,0,0.0683112882559438,0.011385214709324,0.0278879666498732
"2154","apeh",3361,0,0,0,0,0.32394959344326,0,0.05399159890721,0.132251867719674
"2155","dcaf1",7121,0,0,0,0.180708467547018,0.16197479672163,0.273245153023775,0.102654736215404,0.118597073709655
"2156","ubiad1",2232,0,0,0,0,0.32394959344326,0,0.05399159890721,0.132251867719674
"2157","cdk11b",3355,0,0.173911032159367,0.190660295689333,0.90354233773509,0.16197479672163,0.136622576511888,0.261118506469551,0.322114721240523
"2158","si:ch73-236j9.2",3372,0,0,0,0,0,0.409867729535663,0.0683112882559438,0.167327799899239
"2159","susd3",2145,0.378891463982625,0,0,0,0,0,0.0631485773304375,0.154681792442257
"2160","LOC101883538",10743,0,0,0,0,0,0.136622576511888,0.0227704294186479,0.0557759332997464
"2161","brpf1",3123,0,0,0,0.180708467547018,0,0,0.030118077924503,0.0737739229484146
"2162","LOC110440027",5237,0,0,0,0.090354233773509,0,0,0.0150590389622515,0.0368869614742073
"2163","mbd4",1797,0,0,0.381320591378666,0,0.32394959344326,0,0.117545030803654,0.183001490104117
"2164","plxnd1",6538,0,0.173911032159367,0,0.361416935094036,0,0.136622576511888,0.111991757294215,0.144416103174938
"2165","ift122",4822,0,0,0,0,0,0.0683112882559438,0.011385214709324,0.0278879666498732
"2166","magi1a",6686,0,0,0,0,0,0.136622576511888,0.0227704294186479,0.0557759332997464
"2167","ranbp2",9346,0,0,0.381320591378666,0.361416935094036,0,0,0.12378958774545,0.191877263987691
"2168","gcc2",5568,0,0,0,0,0.16197479672163,0,0.026995799453605,0.0661259338598372
"2169","rrp1",2273,0,0.173911032159367,0,0.180708467547018,0,0.136622576511888,0.0818736793697122,0.0909357240268841
"2170","plbd2",2830,0,0,0,0.180708467547018,0,0,0.030118077924503,0.0737739229484146
"2171","pcbp2",2166,0.378891463982625,0,0.190660295689333,0.722833870188072,0.64789918688652,0.136622576511888,0.34615123220974,0.2904871512275
"2172","bzw1b",1615,0,0,0.190660295689333,0,0.0809873983608151,0,0.0452746156750246,0.0782452070078034
"2173","si:dkey-11f4.16",2991,0,0,0,0.180708467547018,0,0,0.030118077924503,0.0737739229484146
"2174","ptgfrna",4829,0,0,0,0,0.32394959344326,0,0.05399159890721,0.132251867719674
"2175","ndufb3",680,0,0.521733096478102,0,0.180708467547018,0,0,0.117073594004187,0.211008822434266
"2176","usp37",6171,0,0.173911032159367,0,0.722833870188072,0.32394959344326,0,0.203449082631783,0.286121657603045
"2177","marco",2210,0,0.173911032159367,0,0,0,0.136622576511888,0.0517556014452091,0.081041867986555
"2178","dbi",1912,0.189445731991312,0,0.190660295689333,0.361416935094036,0.32394959344326,0.136622576511888,0.200349188788305,0.130869031868387
"2179","zmp:0000001200",7975,0,0,0,0.542125402641054,0,0,0.090354233773509,0.221321768845244
"2180","slc15a1a",2773,5.3992033617524,533.646002181018,0.381320591378666,3.9755862860344,1.45777317049467,58.1329063058082,100.498798649414,213.356352823514
"2181","cmklr2",4593,0,0,0.190660295689333,0,0.32394959344326,0,0.0857683148554322,0.139396889811469
"2182","hnrnpa3",6856,0,0,0.190660295689333,0.090354233773509,0,0.341556441279719,0.103761828457093,0.138979808766779
"2183","nfe2l2a",8286,388.647919180177,284.083671032326,141.660599697174,420.147187046817,671.790469402961,617.05586681594,420.564285529233,199.577849220067
"2184","atp5mc3a",1076,0.378891463982625,0.521733096478102,0.381320591378666,0,0.48592439016489,0.409867729535663,0.362956211923324,0.187008212054105
"2185","gpr155a",7050,0,0,0,0,0.48592439016489,0,0.0809873983608151,0.198377801579512
"2186","sp3a",5964,0,0,0,0,0,0.273245153023775,0.0455408588372959,0.111551866599493
"2187","dync1i2a",4075,0.189445731991312,0,0,0.180708467547018,0,0,0.0616923665897217,0.0956133327944091
"2188","ubr3",6390,0,0,0,0,0.16197479672163,0,0.026995799453605,0.0661259338598372
"2189","mylka",7114,0,0,0,0,0,0.136622576511888,0.0227704294186479,0.0557759332997464
"2190","prpf40a",4019,0,0,0,0,0.16197479672163,0,0.026995799453605,0.0661259338598372
"2191","fmnl2a",7886,0,0,0,0,0,0.136622576511888,0.0227704294186479,0.0557759332997464
"2192","pdzk1",2475,0,0.347822064318734,0,0,0,0,0.0579703440531224,0.141997763143735
"2193","si:dkey-4e7.3",4117,0,0,0,0,0,0.136622576511888,0.0227704294186479,0.0557759332997464
"2194","mgat4a",6293,0,0.173911032159367,0,0,0,0,0.0289851720265612,0.0709988815718676
"2195","creg2",2357,1.13667439194787,0.347822064318734,0.190660295689333,1.80708467547018,1.6197479672163,1.63947091814265,1.12357671879751,0.700259344100837
"2196","dnajb2",8606,36.1841348103407,28.869231338455,30.1243267189146,81.7705815650257,75.2372930771972,68.9944011385033,53.5299947747394,24.3505351659448
"2197","zgc:153499",824,0,0,0,0.180708467547018,0,0,0.030118077924503,0.0737739229484146
"2198","irs2b",7391,0,0,0.381320591378666,0,0.16197479672163,0,0.0905492313500493,0.156490414015607
"2199","rab20",1432,0,0,0,0.180708467547018,0,0,0.030118077924503,0.0737739229484146
"2200","naxd",7716,0,0,0,0,0.16197479672163,0,0.026995799453605,0.0661259338598372
"2201","ing1",2289,0,0,0.190660295689333,0,0,0,0.0317767159482221,0.0778367397745047
"2202","u2af1",915,0,0,0,0,0.32394959344326,0,0.05399159890721,0.132251867719674
"2203","si:ch211-214p13.9",2521,0,0,0,0,0.16197479672163,0,0.026995799453605,0.0661259338598372
"2204","nr1i2",6157,68.6740778468507,40.0864929127341,53.9568636800812,270.159158982792,187.647802002008,376.258575713739,166.130495189701,136.679577849146
"2205","fstl1b",5346,0,0,0,0,0.16197479672163,0,0.026995799453605,0.0661259338598372
"2206","ugt1a6",1882,5.96754055772634,0.95651067687652,0,29.0940632750699,20.3278369885646,54.5124080282432,18.4763932544134,21.0691808590547
"2207","ugt1a5",1872,279.432454687186,32.1735409494829,46.3304518525079,82.5837696689873,91.1108231559169,133.138700810835,110.794956854153,89.9535260178239
"2208","ugt1a4",1899,574.115290799672,239.12766921913,140.897958514417,120.261485152541,126.502316239593,109.776240227302,218.446826692109,180.468851174989
"2209","ugt1ab",1918,1398.67783929186,931.815310309889,137.561403339854,893.061246617363,1163.70792704655,1782.78800090362,1051.26862125152,555.448631652125
"2210","ugt1a2",1894,11.7456353834614,44.9560018131964,0.953301478446664,55.025728368067,28.1836146295636,52.6680032453327,32.255380819678,22.4210560154417
"2211","ugt1a1",1965,202.043873168735,135.476694052147,88.4663771998504,64.0611517454179,24.7011565000486,93.5181536223871,101.377901048098,61.3134759054019
"2212","ugt1a7",1757,0,0.173911032159367,0,0,0,0,0.0289851720265612,0.0709988815718676
"2213","dars1",2223,0,0.173911032159367,0,0.542125402641054,0.809873983608151,0.819735459071326,0.390940979579983,0.38340526714951
"2214","ehhadh",2274,0,0,0,0.180708467547018,0.16197479672163,0.409867729535663,0.125425165634052,0.162784586300392
"2215","si:dkey-230p4.1",8631,0,0,0.190660295689333,0,0,0,0.0317767159482221,0.0778367397745047
"2216","raph1a",7243,0,0,0,0.180708467547018,0,0,0.030118077924503,0.0737739229484146
"2217","ttll4",4037,0,0,0,0.180708467547018,0,0,0.030118077924503,0.0737739229484146
"2218","abcb6b",4496,3.22057744385231,2.43475445023114,1.33462206982533,13.3724265984793,5.83109268197868,16.8728881992181,7.17772690726415,6.42620532232374
"2219","upp2",1908,0.378891463982625,0.347822064318734,0,0.180708467547018,0.971848780329781,0.409867729535663,0.381523084285637,0.327510886730589
"2220","myo1b",5165,0,0,0,0,0.32394959344326,0,0.05399159890721,0.132251867719674
"2221","fbxl3a",5812,0,0,0,0,0.16197479672163,0,0.026995799453605,0.0661259338598372
"2222","mycbp2",15932,0,0,0,0.361416935094036,0.16197479672163,0,0.087231955302611,0.149131855477145
"2223","zgc:101559",8676,0,0.173911032159367,0,0,0,0,0.0289851720265612,0.0709988815718676
"2224","epsti1",9860,0,0,0,0,0,0.136622576511888,0.0227704294186479,0.0557759332997464
"2225","dnajc15",2423,60.62263423722,37.7386939785827,41.7546047559639,93.0648607867143,44.7860312935307,55.878633793362,55.6409098075623,20.2808943836521
"2226","ndufv3",5286,0,0,0,0,0.32394959344326,0,0.05399159890721,0.132251867719674
"2227","parp4",6577,0,0.173911032159367,0,0.180708467547018,0,0.273245153023775,0.10464410878836,0.119884255827238
"2228","tent5c",4424,0,0,0,0.180708467547018,0,0,0.030118077924503,0.0737739229484146
"2229","gdap2",3904,0,0,0,0,0,0.54649030604755,0.0910817176745917,0.223103733198986
"2230","wdr3",3058,0,0,0,0,0.16197479672163,0,0.026995799453605,0.0661259338598372
"2231","hsd3b1",2692,0.189445731991312,0,0,1.08425080528211,0.971848780329781,0.683112882559438,0.488109700027107,0.488490794326456
"2232","LOC100535312",3315,0,0,0,0.090354233773509,0,0,0.0150590389622515,0.0368869614742073
"2233","pla1a",3471,0,0.347822064318734,0,0,0,0,0.0579703440531224,0.141997763143735
"2234","cox17",514,0,0,0,0,0.32394959344326,0.136622576511888,0.076762028325858,0.132856775174322
"2235","xpo4",6285,0,0,0,0,0,0.136622576511888,0.0227704294186479,0.0557759332997464
"2236","cryl1",1280,0,0,0,0,0,0.273245153023775,0.0455408588372959,0.111551866599493
"2237","mphosph8",4113,0,0,0.381320591378666,0.180708467547018,0.32394959344326,0,0.147663108728157,0.174457972399681
"2238","txndc9",1343,0,0.347822064318734,0,0,0,0,0.0579703440531224,0.141997763143735
"2239","mrpl30",775,0,0,0,0,0,0.273245153023775,0.0455408588372959,0.111551866599493
"2240","zgc:162944",927,0,0,0,0,0.32394959344326,0,0.05399159890721,0.132251867719674
"2241","lmo7a",6639,0,0.521733096478102,0,0,0,0,0.0869555160796836,0.212996644715603
"2242","uchl3",1159,0,0,0,0.180708467547018,0,0,0.030118077924503,0.0737739229484146
"2243","arl5a",1274,0,0,0,0.180708467547018,0,0,0.030118077924503,0.0737739229484146
"2244","tsn",3028,0,0,0,0,0.16197479672163,0,0.026995799453605,0.0661259338598372
"2245","cyp27a3",3045,344.507063626202,434.777580398418,433.180191806164,490.442780922607,527.308950727267,684.547419612813,485.793997848912,115.395762814115
"2246","arl4cb",1489,0,0,0,0,0,0.273245153023775,0.0455408588372959,0.111551866599493
"2247","ndufa10",1275,0,0,0,0.361416935094036,0,0.136622576511888,0.083006585267654,0.146933570159263
"2248","parp14rs1",6139,0,0,0,0,0.16197479672163,0,0.026995799453605,0.0661259338598372
"2249","dhrs12",1573,0,0,0,0,0,0.273245153023775,0.0455408588372959,0.111551866599493
"2250","wdfy2",2049,0,0,0,0.180708467547018,0,0,0.030118077924503,0.0737739229484146
"2251","lrrfip1a",7769,0,0,0,0,0.16197479672163,0,0.026995799453605,0.0661259338598372
"2252","tyw5",1634,0,0,0,0,0.16197479672163,0,0.026995799453605,0.0661259338598372
"2253","pgap1",8807,0,0.173911032159367,0,0,0,0,0.0289851720265612,0.0709988815718676
"2254","cavin2a",2284,0,0,0,0,0,0.136622576511888,0.0227704294186479,0.0557759332997464
"2255","slc39a10",7165,5.30448049575675,10.2607508974027,4.19452650516532,32.3468156909162,14.5777317049467,30.6034571386628,16.2146270721418,12.401033216798
"2256","lrch1",7723,0,0,0,0,0.16197479672163,0,0.026995799453605,0.0661259338598372
"2257","esd",1202,0,0,0,0,0.32394959344326,0,0.05399159890721,0.132251867719674
"2258","itm2bb",1478,0.189445731991312,0,0,0,0.64789918688652,0,0.139557486479639,0.260309542484655
"2259","acvr2aa",6344,0,0,0.190660295689333,0,0,0,0.0317767159482221,0.0778367397745047
"2260","zeb2a",6990,0,0,0,0.180708467547018,0.16197479672163,0,0.057113877378108,0.0886785375175253
"2261","gtpbp8",1895,0,0,0,0.180708467547018,0,0,0.030118077924503,0.0737739229484146
"2262","poglut2",1735,0,0,0,0,0.16197479672163,0,0.026995799453605,0.0661259338598372
"2263","lcmt2",2857,0,0,0,0.180708467547018,0,0.0683112882559438,0.041503292633827,0.0734667850796316
"2264","dbr1",2164,0,0,0,0.180708467547018,0,0.136622576511888,0.0528885073431509,0.0831121091081427
"2265","idh1",2166,0,0,0,0,0.48592439016489,0,0.0809873983608151,0.198377801579512
"2266","dnajc3a",3236,210.095316778365,118.25950186837,785.806408683585,1000.13101363897,397.810100748324,414.103029407531,487.700895187524,340.147122435771
"2267","fdx1",4310,0,0.173911032159367,0,0,0,0,0.0289851720265612,0.0709988815718676
"2268","spryd7b",1782,0,0,0,0.180708467547018,0.64789918688652,0.341556441279719,0.195027349285543,0.261103698700344
"2269","tmem30c",4723,0,0,0.190660295689333,0,0.16197479672163,0,0.0587725154018271,0.0915007450520586
"2270","dcbld2",4322,0,0,0,0,0.48592439016489,0,0.0809873983608151,0.198377801579512
"2271","tfg",1872,0.568337195973937,0.173911032159367,0.381320591378666,0.361416935094036,0.16197479672163,0.273245153023775,0.320034284058569,0.152083464191944
"2272","morc3a",3771,0,0,0,0,0,0.136622576511888,0.0227704294186479,0.0557759332997464
"2273","klf12b",12269,0,0,0,0,0,0.136622576511888,0.0227704294186479,0.0557759332997464
"2274","ankrd44",9555,0,0,0,0,0,0.136622576511888,0.0227704294186479,0.0557759332997464
"2275","sf3b1",4505,0,0.173911032159367,0,0,0,0.819735459071326,0.165607748538449,0.32791941440231
"2276","hspd1",2729,763.65574565698,409.908302799628,326.982407107206,924.414165736771,1560.70815381127,743.021882359901,788.115109578626,441.314595796077
"2277","hspe1",1242,2129.37002758235,805.903723026508,1042.91181742065,805.869411025927,862.43480514432,763.856825277964,1068.39110157962,529.01830946347
"2278","dnajb11",2372,171.82727891612,96.2597563002097,696.291399857443,532.186436925968,210.567235738119,145.093176255625,308.704213998914,245.126706722994
"2279","ercc1",1496,0,0,0,0,0.16197479672163,0.136622576511888,0.049766228872253,0.077513222057617
"2280","mxe",3574,0,0.0869555160796836,0,0,0.404936991804075,0.273245153023775,0.127522943484589,0.172409707423429
"2281","hpxa",1874,1.89445731991312,4.52168683614355,8.77037360170931,4.33700322112843,16.6024166639671,9.42695777932025,7.59214923703029,5.26169292657382
"2282","ankrd50l",5789,0,0,0,0.180708467547018,0.404936991804075,0,0.0976075765585156,0.167012624411909
"2283","fhip1b",5145,0,0,0,0,0,0.54649030604755,0.0910817176745917,0.223103733198986
"2284","vangl1",4809,0,0,0,0,0,0.136622576511888,0.0227704294186479,0.0557759332997464
"2285","atp5po",777,0.189445731991312,0.521733096478102,0,1.08425080528211,2.26764715410282,1.36622576511888,0.90488375882887,0.846120992874772
"2286","usp9",9869,0,0.173911032159367,0,0,0.16197479672163,0,0.0559809714801662,0.0868074499943072
"2287","rpl8",823,0.75778292796525,0.521733096478102,2.66924413965066,7.77046410452178,13.119958534452,10.7931835444391,5.93872772458449,5.39196843677332
"2288","ddx3xa",5403,0,0,0.190660295689333,0,0,0.0683112882559438,0.0431619306575461,0.0772529182711042
"2289","mao",4420,0,0,0,0,0,0.136622576511888,0.0227704294186479,0.0557759332997464
"2290","kdm6a",7248,0,0,0,0,0.16197479672163,0,0.026995799453605,0.0661259338598372
"2291","f5",6397,0,0,0.381320591378666,0.542125402641054,0.809873983608151,0.273245153023775,0.334427521775274,0.315852346722298
"2292","dcaf6",7166,0,0.347822064318734,0,0,0,0,0.0579703440531224,0.141997763143735
"2293","mpc2b",1080,0,0,0,0,0.32394959344326,0,0.05399159890721,0.132251867719674
"2294","me3",2806,0,0,0,0,0.16197479672163,0.136622576511888,0.049766228872253,0.077513222057617
"2295","ildr1b",2703,0,0.173911032159367,0,0.542125402641054,0,0,0.11933940580007,0.218491938814767
"2296","ildr2",2460,0,0,0,0,0,0.136622576511888,0.0227704294186479,0.0557759332997464
"2297","asmtl",3036,0,0,0,0.180708467547018,0.32394959344326,0.136622576511888,0.106880106250361,0.132457144069666
"2298","tfdp1a",3892,0,0,0,0.180708467547018,0,0.136622576511888,0.0528885073431509,0.0831121091081427
"2299","gabpa",5385,0,0,0,0,0,0.136622576511888,0.0227704294186479,0.0557759332997464
"2300","appb",4270,0,0.173911032159367,0,0,0,0,0.0289851720265612,0.0709988815718676
"2301","sona",5294,0,0,0,0,0.16197479672163,0,0.026995799453605,0.0661259338598372
"2302","dnajc28",1375,88.2817111079516,155.998195846952,129.267680477368,148.361651856102,128.688975995335,142.97552631969,132.262290267233,24.0557007374107
"2303","slc15a2",3229,3.97836037181756,7.30426335069342,2.85990443533999,69.1209888367344,68.4343516148887,43.3093567542684,32.5012042272904,31.8623946732384
"2304","pdia5",2069,0,0,0,0,0.32394959344326,0,0.05399159890721,0.132251867719674
"2305","sec22a",2589,0,0,0,0,0.16197479672163,0,0.026995799453605,0.0661259338598372
"2306","hacd2",2108,0.378891463982625,0.347822064318734,0.762641182757331,0,1.13382357705141,0.273245153023775,0.482737240188979,0.402036780078727
"2307","nifk",1314,0,0,0.190660295689333,0,0.32394959344326,0,0.0857683148554322,0.139396889811469
"2308","clasp1a",9373,0,0,0,0,0,0.409867729535663,0.0683112882559438,0.167327799899239
"2309","tfcp2l1",2263,0,0,0,0.542125402641054,0.16197479672163,0.136622576511888,0.140120462645762,0.210237509052077
"2310","ddx18",2166,0,0,0,0.180708467547018,0,0,0.030118077924503,0.0737739229484146
"2311","bcs1l",1689,0,0,0,0,0,0.136622576511888,0.0227704294186479,0.0557759332997464
"2312","cyp27a1.1",2671,310.027940403783,985.466863731054,244.045178482346,683.800841197916,285.399591823512,765.42798490785,545.69473342441,308.233800053362
"2313","cyp27a1.2",2986,31.9216058405361,62.6079715773722,7.53108167972864,86.6497101887952,19.1940134115132,106.224053237993,52.3547393226563,39.2669931403717
"2314","zgc:136333",3373,116.414402308661,205.388928980213,70.2583189615191,131.646118608003,67.867439826363,203.157771273177,132.455496659656,61.0183168982974
"2315","cyp27a1.4",4176,54.6550936794936,88.1728933047992,23.1652259262539,80.415268058423,46.4867666591078,133.411945963858,71.0511989319893,38.5616674697016
"2316","heg1",8887,0,0,0,0,0,0.409867729535663,0.0683112882559438,0.167327799899239
"2317","abca12",18839,0,0,0,0.180708467547018,0.48592439016489,4.23529987186852,0.816988788263404,1.68533195465826
"2318","slc40a1",3757,0,0.521733096478102,0,0,1.13382357705141,0.273245153023775,0.321466971092215,0.449972923734319
"2319","wdr75",6276,0,0.173911032159367,0,0.180708467547018,0.16197479672163,0.136622576511888,0.108869478823317,0.0856583679743245
"2320","stat1b",5901,0,0,0,0,0,0.136622576511888,0.0227704294186479,0.0557759332997464
"2321","ctdsp1",6644,0,0,0,0,0,0.273245153023775,0.0455408588372959,0.111551866599493
"2322","sestd1",3595,0,0,0,0.361416935094036,0,0.409867729535663,0.12854744410495,0.199733364449706
"2323","cwc22",3739,0,0,0,0,0.48592439016489,0,0.0809873983608151,0.198377801579512
"2324","ube2e3",1692,0,0.173911032159367,0.381320591378666,0,0,0,0.0925386039230055,0.157651565942111
"2325","LOC141376198",3307,0.0947228659956562,0,0,0.090354233773509,0.16197479672163,0.136622576511888,0.0806124121671138,0.0678936022266975
"2326","dnajc10",2840,95.6700946556128,63.1297046738503,58.9140313680038,170.588793364385,95.4841426674009,140.174763501197,103.993588371742,43.7897554825923
"2327","vil1",3585,0,0.173911032159367,0,0,0,0,0.0289851720265612,0.0709988815718676
"2328","itgb2",2640,0,0,0,0,0,0.136622576511888,0.0227704294186479,0.0557759332997464
"2329","tns1b",8277,0,0.173911032159367,0.571980887067998,0,0.16197479672163,0,0.151311119324833,0.221933633351433
"2330","arpc2",1350,0,0,0,0,0,0.273245153023775,0.0455408588372959,0.111551866599493
"2331","rdh1",3428,0,0,0,0,0.16197479672163,0,0.026995799453605,0.0661259338598372
"2332","dhrs9",5753,0,0.347822064318734,0.190660295689333,0.180708467547018,0.32394959344326,0.409867729535663,0.242168025089001,0.149030109425049
"2333","abcb11a",5189,0.378891463982625,12.9563718958729,0.190660295689333,2.52991854565825,0.971848780329781,5.80645950175522,3.80569174721468,4.94383848017116
"2334","ifih1",3362,0,0,0,0.361416935094036,0,0.273245153023775,0.105777014686302,0.166224218216285
"2335","rbms1b",9882,0.189445731991312,1.21737722511557,2.09726325258266,0.180708467547018,0.64789918688652,0.409867729535663,0.790426932276457,0.746750586869767
"2336","cd302",3814,0,0,0,0,0.16197479672163,0,0.026995799453605,0.0661259338598372
"2337","baz2bb",6465,0,0,0,0.180708467547018,0,0,0.030118077924503,0.0737739229484146
"2338","LOC141376229",2329,0.378891463982625,0.173911032159367,0,0,0,0,0.0921337493569987,0.156762254361287
"2339","LOC101885164",624,0.75778292796525,0,0,0,0,0,0.126297154660875,0.309363584884514
"2340","si:ch211-45c16.2",3808,0,0,0,0.180708467547018,0,0.136622576511888,0.0528885073431509,0.0831121091081427
"2341","zmp:0000000936",8108,0,0,0,0,0.16197479672163,0.136622576511888,0.049766228872253,0.077513222057617
"2342","cog3",3997,0,0,0,0.542125402641054,0.16197479672163,0,0.117350033227114,0.217949354287325
"2343","tmsb4x",683,0,0.347822064318734,0.190660295689333,0.361416935094036,1.13382357705141,0.54649030604755,0.430035529700177,0.390532445619205
"2344","mospd2",8571,0,0.173911032159367,0,0,0,0.273245153023775,0.0745260308638571,0.119652150084985
"2345","tbl1x",4314,0,0,0,0.180708467547018,0,0,0.030118077924503,0.0737739229484146
"2346","arsh",5601,0,0,0,0,0.16197479672163,0,0.026995799453605,0.0661259338598372
"2347","si:ch211-39i22.1",3221,0,0,0,0,0.16197479672163,0,0.026995799453605,0.0661259338598372
"2348","akap17a",3923,0,0,0,0.180708467547018,0.16197479672163,0.409867729535663,0.125425165634052,0.162784586300392
"2349","rpl31",1228,0.75778292796525,0.869555160796836,1.33462206982533,3.25275241584633,8.26071463280314,2.59582895372586,2.84520936016046,2.83190437248097
"2350","lcp1",4413,0,0,0,0,0.16197479672163,0,0.026995799453605,0.0661259338598372
"2351","rab3gap1",6926,0.378891463982625,0.173911032159367,0.381320591378666,0.180708467547018,0.32394959344326,1.22960318860699,0.444730722852987,0.395479349060525
"2352","ubxn4",2306,0.75778292796525,0,0.762641182757331,0.722833870188072,0.64789918688652,0.136622576511888,0.504629957384844,0.34318393461342
"2353","nmi",1487,0.189445731991312,0,0,0,0,0.136622576511888,0.0543447180838667,0.0858316066269076
"2354","gpr39",1751,0,0.521733096478102,0.381320591378666,0.361416935094036,0,0,0.210745103825134,0.237382402728244
"2355","actr3",1397,0,0,0.190660295689333,0,0,0.0683112882559438,0.0431619306575461,0.0772529182711042
"2356","dpp10",5448,0,0.173911032159367,0.190660295689333,0,0.32394959344326,0,0.114753486881993,0.136036434856019
"2357","riox2",2633,0,0,0,0,0.16197479672163,0,0.026995799453605,0.0661259338598372
"2358","hlcs",3022,0,0.347822064318734,0.762641182757331,1.26495927282913,0.48592439016489,0.683112882559438,0.590743298771587,0.426994982873431
"2359","dyrk1aa",3611,0,0,0,0,0.809873983608151,0.273245153023775,0.180519856105321,0.327119021851866
"2360","vps26c",1285,0,0,0,0,0.16197479672163,0,0.026995799453605,0.0661259338598372
"2361","ttc3",6332,0,0,0,0.361416935094036,0.32394959344326,0.136622576511888,0.136998184174864,0.168297506621047
"2362","ets2",2325,0,0,0,0,0.16197479672163,0,0.026995799453605,0.0661259338598372
"2363","akt2l",2930,0,0,0.571980887067998,0.180708467547018,0.809873983608151,0.409867729535663,0.328738511293138,0.327197511485331
"2364","smad4a",5091,0,0,0,0,0.16197479672163,0.136622576511888,0.049766228872253,0.077513222057617
"2365","glis3",9178,0,0,0,0.361416935094036,0,0,0.060236155849006,0.147547845896829
"2366","wdr70",2354,0,0,0,0,0,0.136622576511888,0.0227704294186479,0.0557759332997464
"2367","nup155",6010,0,0,0,0.542125402641054,0.16197479672163,0.136622576511888,0.140120462645762,0.210237509052077
"2368","srsf9",1495,0.378891463982625,0.173911032159367,0.190660295689333,0,0.32394959344326,0.819735459071326,0.314524640724318,0.280538839076638
"2369","linc-epb41l4a",1088,0,0,0,0,0,0.136622576511888,0.0227704294186479,0.0557759332997464
"2370","apc",9895,0,0,0,0,0.64789918688652,0,0.10798319781442,0.264503735439349
"2371","spina",6644,0,0,0,0.361416935094036,0,0,0.060236155849006,0.147547845896829
"2372","ccar2",3533,0,0,0,0,0,0.273245153023775,0.0455408588372959,0.111551866599493
"2373","ube2l3a",1164,0,0.173911032159367,0,0,0.16197479672163,0,0.0559809714801662,0.0868074499943072
"2374","slc25a1b",5759,0,0,0,0,0.64789918688652,0.136622576511888,0.130753627233068,0.259175623303325
"2375","zgc:56235",5874,0,0,0,0,0,0.136622576511888,0.0227704294186479,0.0557759332997464
"2376","ddx55",2150,0,0,0,0,0.32394959344326,0,0.05399159890721,0.132251867719674
"2377","tmed2",1589,0.378891463982625,0.173911032159367,0.190660295689333,0.361416935094036,0,0,0.184146621154227,0.16572113288029
"2378","ptpn11a",2100,0,0,0,0,0.32394959344326,0,0.05399159890721,0.132251867719674
"2379","ttc28",9143,0,0,0,0,0.32394959344326,0,0.05399159890721,0.132251867719674
"2380","hnrnpd",5177,0,0,0.381320591378666,0.180708467547018,0,0,0.0936715098209473,0.158376029208812
"2381","hnrnpdl",2525,0.189445731991312,0,0,0,0.64789918688652,0.409867729535663,0.207868774735583,0.269962231577761
"2382","pam",4137,0,0,0,0,0,0.273245153023775,0.0455408588372959,0.111551866599493
"2383","map3k1",6572,0,0,0,0,0,0.136622576511888,0.0227704294186479,0.0557759332997464
"2384","tln1",9911,0,0,0,0.180708467547018,0,0,0.030118077924503,0.0737739229484146
"2385","dcp2",2258,0,0,0,0,0,0.136622576511888,0.0227704294186479,0.0557759332997464
"2386","chd1",7140,0,0,0,0,0.16197479672163,0,0.026995799453605,0.0661259338598372
"2387","purg",8731,0,0,0,0.180708467547018,0,0,0.030118077924503,0.0737739229484146
"2388","ppp2cb",1692,0,0.173911032159367,0.190660295689333,0,0.32394959344326,0,0.114753486881993,0.136036434856019
"2389","hint1",603,0,0,0,0,0.32394959344326,0,0.05399159890721,0.132251867719674
"2390","pcyox1",10119,0,0.173911032159367,0.190660295689333,0.271062701320527,0.32394959344326,0,0.159930603768748,0.13531292212298
"2391","mat2aa",5526,0,0,0.381320591378666,0.361416935094036,0.16197479672163,0,0.150785387199055,0.182124150621789
"2392","plpp1a",1837,0,0,0,0,0.16197479672163,0,0.026995799453605,0.0661259338598372
"2393","hvcn1",1538,0,0.173911032159367,0,0,0,0,0.0289851720265612,0.0709988815718676
"2394","pptc7b",3945,0,0,0,0.361416935094036,0,0.136622576511888,0.083006585267654,0.146933570159263
"2395","pmaip1",1173,0,0,0,0.361416935094036,0,0,0.060236155849006,0.147547845896829
"2396","golph3b",2427,0,0,0.190660295689333,0,0,0.273245153023775,0.077317574785518,0.122593815324465
"2397","anxa3b",1669,0,0,0,0.180708467547018,0,0,0.030118077924503,0.0737739229484146
"2398","ndufa8",2520,0,0,0,0,0.16197479672163,0,0.026995799453605,0.0661259338598372
"2399","urm1",952,0,0,0,0,0,0.136622576511888,0.0227704294186479,0.0557759332997464
"2400","sardh",5056,0,0,0,0,0.16197479672163,0.273245153023775,0.0725366582909009,0.117753426827362
"2401","ptgdsa",841,0.378891463982625,0.173911032159367,0,0.180708467547018,0,0.136622576511888,0.14502225670015,0.140667222629258
"2402","ambp",1297,1.70501158792181,0.695644128637469,1.71594266120399,3.43346088339334,5.99306747870031,3.55218698930908,2.849218954861,1.89476628732011
"2403","cdc37l1",2748,0,0,0,0,0.16197479672163,0,0.026995799453605,0.0661259338598372
"2404","ugcg",5683,0,0,0,0,0,0.273245153023775,0.0455408588372959,0.111551866599493
"2405","hsdl2",1471,2299.39757204455,3937.69359015239,4660.11894723867,2803.78222822576,2217.11101752567,3083.09337285551,3166.86612134043,960.974840128068
"2406","inip",618,0,0,0,0,0,0.136622576511888,0.0227704294186479,0.0557759332997464
"2407","lin54",5310,0,0,0,0,0.16197479672163,0.136622576511888,0.049766228872253,0.077513222057617
"2408","cops4",3975,0,0,0,0,0.48592439016489,0,0.0809873983608151,0.198377801579512
"2409","ppwd1",1960,0,0.173911032159367,0,0,0,0,0.0289851720265612,0.0709988815718676
"2410","lpar1",2247,0,0,0,0.180708467547018,0,0,0.030118077924503,0.0737739229484146
"2411","ier3ip1",913,0,0.521733096478102,0,0,0.16197479672163,0,0.113951315533289,0.210015163673026
"2412","smad2",3895,0,0,0,0,0.48592439016489,0,0.0809873983608151,0.198377801579512
"2413","pum3",2149,0,0,0,0,0.32394959344326,0,0.05399159890721,0.132251867719674
"2414","erbin",8273,0,0,0,0,0,0.136622576511888,0.0227704294186479,0.0557759332997464
"2415","zfand5b",1945,0,0.521733096478102,0,0,0.16197479672163,0,0.113951315533289,0.210015163673026
"2416","aldh7a1",2816,2377.16504502699,2831.09769252234,2097.45391287835,1901.95662093237,2754.13845605624,2153.03518325084,2352.47448511119,373.845320235414
"2417","slc27a6",7617,0,0,0.190660295689333,0,0,0,0.0317767159482221,0.0778367397745047
"2418","isoc1",3425,0,0.173911032159367,0,0,0,0,0.0289851720265612,0.0709988815718676
"2419","atp8b5b",4756,0,0,0,0.180708467547018,0.32394959344326,0.409867729535663,0.152420965087657,0.18231705430949
"2420","si:dkey-106l3.6",2680,0,0,0,0,0,0.273245153023775,0.0455408588372959,0.111551866599493
"2421","ywhah",2482,0,0,0,0,0,0.273245153023775,0.0455408588372959,0.111551866599493
"2422","depdc5",6452,0,0,0,0.180708467547018,0,0,0.030118077924503,0.0737739229484146
"2423","nt5c2l1",2398,0,0,0,0,0.16197479672163,0,0.026995799453605,0.0661259338598372
"2424","drg1",1493,0,0,0,0,0,0.136622576511888,0.0227704294186479,0.0557759332997464
"2425","stard7",4073,0,0,0,0,0.16197479672163,0.136622576511888,0.049766228872253,0.077513222057617
"2426","slc20a1b",4749,0.189445731991312,0,0.381320591378666,0.180708467547018,0.48592439016489,0.136622576511888,0.229003626265629,0.175546521090742
"2427","prkab1a",1825,0,0,0,0.180708467547018,0,0,0.030118077924503,0.0737739229484146
"2428","bnip3lb",2609,0,0,0,0,0.16197479672163,0,0.026995799453605,0.0661259338598372
"2429","si:ch211-127i16.2",2011,0,0,0,0,0.16197479672163,0,0.026995799453605,0.0661259338598372
"2430","zgc:173837",3142,0,0,0,0,0.32394959344326,0,0.05399159890721,0.132251867719674
"2431","pbdc1",1141,0,0,0,0,0.48592439016489,0,0.0809873983608151,0.198377801579512
"2432","ppp3ccb",3710,0,0,0,0,0.16197479672163,0,0.026995799453605,0.0661259338598372
"2433","golga7",1991,0,0,0,0,0,0.273245153023775,0.0455408588372959,0.111551866599493
"2434","loxl2a",4487,0,0,0,0.90354233773509,0.32394959344326,0.273245153023775,0.250122847367021,0.352314171208856
"2435","avd",683,0,0,0,0.180708467547018,0,0,0.030118077924503,0.0737739229484146
"2436","etf1b",2885,0,0.173911032159367,0,0,0.64789918688652,0.136622576511888,0.159738799259629,0.251231060163447
"2437","fbxw11b",3429,0,0,0,0,0,0.273245153023775,0.0455408588372959,0.111551866599493
"2438","cbln17",3776,0,0,0.190660295689333,0,0,0,0.0317767159482221,0.0778367397745047
"2439","npm1a",1601,0.568337195973937,1.21737722511557,0.190660295689333,2.89133548075229,5.99306747870031,3.68880956582097,2.42493120700873,2.21104556045169
"2440","tmem88a",1335,0,0,0,0,0,0.136622576511888,0.0227704294186479,0.0557759332997464
"2441","per1a",6203,6.44115488770462,32.695274045961,7.62641182757331,73.1869293565423,69.8921247853834,69.9507591740865,43.2987756795419,31.7939370672903
"2442","med11",793,0,0,0,0,0,0.273245153023775,0.0455408588372959,0.111551866599493
"2443","LOC101883815",4912,0,0,0,0,0.16197479672163,0.273245153023775,0.0725366582909009,0.117753426827362
"2444","LOC793236",2528,0,0,0,0,0,0.136622576511888,0.0227704294186479,0.0557759332997464
"2445","slc25a1a",1909,0,0,0,0,0.16197479672163,0,0.026995799453605,0.0661259338598372
"2446","slc43a2b",3661,0,0.173911032159367,0,0,0,0,0.0289851720265612,0.0709988815718676
"2447","hephl1b",5786,0,0.521733096478102,0,0,0,0,0.0869555160796836,0.212996644715603
"2448","proser1",4056,0,0,0,0,0,0.136622576511888,0.0227704294186479,0.0557759332997464
"2449","kpna7",1743,0,0,0,0,0.16197479672163,0,0.026995799453605,0.0661259338598372
"2450","tmem135",3652,0,0,0,0.361416935094036,0,0,0.060236155849006,0.147547845896829
"2451","cct8",3441,0,0.173911032159367,0.190660295689333,0.180708467547018,0.971848780329781,0.683112882559438,0.366706909714156,0.375111040108601
"2452","bach1b",3282,43.3830726260105,78.7816975681933,103.337880263618,249.377685214885,174.041919077392,143.726950490506,132.108200873434,73.741656759338
"2453","sod1",748,7155.55474304386,5387.06813216856,4791.0072402294,3949.20284977253,2990.4596844731,4658.28336874932,4821.92933640613,1407.75411078546
"2454","scaf4a",3874,0,0,0,0.180708467547018,0,0,0.030118077924503,0.0737739229484146
"2455","ugt5d1",1817,707.863977585539,242.605889862317,306.009774581379,271.243409788074,181.897696718391,485.078457905457,365.783201073526,196.340408129214
"2456","ufm1",1890,0,0,0,0,0,0.54649030604755,0.0910817176745917,0.223103733198986
"2457","fhdc3",2915,0,0,0,0,0,0.136622576511888,0.0227704294186479,0.0557759332997464
"2458","arfip2b",4909,0,0,0,0,0.32394959344326,0,0.05399159890721,0.132251867719674
"2459","fhl1b",1809,0,0,0,0,0,0.136622576511888,0.0227704294186479,0.0557759332997464
"2460","htatsf1",1620,0,0,0.190660295689333,0.180708467547018,0,0,0.0618947938727251,0.0959386319938456
"2461","f9b",3455,0,0.173911032159367,0,0,0.16197479672163,0,0.0559809714801662,0.0868074499943072
"2462","LOC103911751",1621,0,0,0,0,0,0.136622576511888,0.0227704294186479,0.0557759332997464
"2463","tm7sf2",1493,0,0,0,0.180708467547018,0,0,0.030118077924503,0.0737739229484146
"2464","mrpl49",770,0,0,0,0,0.16197479672163,0.136622576511888,0.049766228872253,0.077513222057617
"2465","wdr74",1477,0,0,0,0.180708467547018,0,0.409867729535663,0.0984293661804468,0.168829538409488
"2466","cxadr",1922,0,0.173911032159367,0,0,0.16197479672163,0.136622576511888,0.0787514008988142,0.087104433218226
"2467","med13a",8186,0,0,0,0.180708467547018,0,0,0.030118077924503,0.0737739229484146
"2468","rnft1",2183,0,0,0,0.180708467547018,0,0.136622576511888,0.0528885073431509,0.0831121091081427
"2469","cltca",6517,0,0,0,0.542125402641054,0.16197479672163,0,0.117350033227114,0.217949354287325
"2470","btg3",1380,0,0,0,0.361416935094036,0,0,0.060236155849006,0.147547845896829
"2471","si:ch211-222e20.7",1136,0,0,0,0,0.16197479672163,0,0.026995799453605,0.0661259338598372
"2472","picalma",3889,0.189445731991312,0.173911032159367,0,0,0,0,0.0605594606917799,0.0939468390109909
"2473","hyou1",3848,0,0,0,0,0,0.136622576511888,0.0227704294186479,0.0557759332997464
"2474","h2ax1",898,0,0,0,0.180708467547018,0,0,0.030118077924503,0.0737739229484146
"2475","zpr1",3472,0,0,0,0,0.48592439016489,0,0.0809873983608151,0.198377801579512
"2476","hspa8",2333,32178.8731445803,31584.8521056235,34746.2182768675,42236.3576401281,63792.8018400337,54292.2407461943,43138.5572922379,13235.184705534
"2477","LOC137490393",96,0,0,0,0.090354233773509,0.0809873983608151,0,0.028556938689054,0.0443392687587627
"2478","LOC137490392",96,0.284168597986969,0,0,0.090354233773509,0.0809873983608151,0,0.0759183716868821,0.110356733712452
"2479","LOC137490391",96,0,0.0869555160796836,0.0953301478446664,0.451771168867545,0.566911788525705,0.204933864767831,0.234317081014239,0.225701655311879
"2480","LOC137490394",96,0,0,0.190660295689333,0,0.0809873983608151,0,0.0452746156750246,0.0782452070078034
"2481","robo4",4608,0,0,0,0,0.16197479672163,0,0.026995799453605,0.0661259338598372
"2482","si:dkey-250d21.1",11783,0,0,0,0,0,0.136622576511888,0.0227704294186479,0.0557759332997464
"2483","dgat2",6250,0,0,0,0,0.32394959344326,0.136622576511888,0.076762028325858,0.132856775174322
"2484","mogat2",4336,0,0.521733096478102,0,0,0,0,0.0869555160796836,0.212996644715603
"2485","dnajc30a",8350,0,0,0,0.180708467547018,0,0.136622576511888,0.0528885073431509,0.0831121091081427
"2486","mdh2",1473,0,0.347822064318734,0,0.542125402641054,0.971848780329781,0.273245153023775,0.355840233385557,0.367232753419357
"2487","tbl2",1867,0.947228659956562,0.869555160796836,0,0.542125402641054,0.16197479672163,0.819735459071326,0.556769913197901,0.39636193164272
"2488","fryb",13629,0,0,0,0,0.32394959344326,0,0.05399159890721,0.132251867719674
"2489","zar1l",1113,0,0,0,0.180708467547018,0.16197479672163,0,0.057113877378108,0.0886785375175253
"2490","stard13a",8773,0,0,0,0.180708467547018,0,0.136622576511888,0.0528885073431509,0.0831121091081427
"2491","ccna1",1632,0,0,0,0,0.16197479672163,0,0.026995799453605,0.0661259338598372
"2492","rfxap",1425,0,0,0,0,0.16197479672163,0,0.026995799453605,0.0661259338598372
"2493","ripk4",3842,0,0,0,0,0,0.409867729535663,0.0683112882559438,0.167327799899239
"2494","nsun5",1696,0,0,0.190660295689333,0,0,0,0.0317767159482221,0.0778367397745047
"2495","pom121",7464,0,0,0,0,0.32394959344326,0,0.05399159890721,0.132251867719674
"2496","pora",3224,0,0,0.190660295689333,0,0,0,0.0317767159482221,0.0778367397745047
"2497","phldb2a",6631,0,0,0,0.361416935094036,0.48592439016489,0.136622576511888,0.163993983628469,0.211681970108286
"2498","smg6",11160,0,0,0,0,0.16197479672163,0,0.026995799453605,0.0661259338598372
"2499","ubl3a",2346,0,0,0,0,0.16197479672163,0,0.026995799453605,0.0661259338598372
"2500","hmgb1a",1269,0,0,0,0.722833870188072,0,0,0.120472311698012,0.295095691793658
"2501","uspl1",5183,0,0,0,0,0.16197479672163,0,0.026995799453605,0.0661259338598372
"2502","nipblb",9768,0.189445731991312,0.869555160796836,0.190660295689333,0,0.64789918688652,0.683112882559438,0.430112209653907,0.347794393490511
"2503","rsf1b.1",8789,0,0,0.953301478446664,0.180708467547018,2.75357154426771,0.956358035583214,0.807323254307435,1.05143627281961
"2504","ucp2",3847,0,0.173911032159367,0,0,0.48592439016489,0,0.109972570387376,0.196877506403458
"2505","dnajb13",1093,0.189445731991312,1.0434661929562,0.190660295689333,0,0.32394959344326,0,0.291253635680018,0.389110263775106
"2506","rab6a",2182,0,0,0,0,0.32394959344326,0,0.05399159890721,0.132251867719674
"2507","dhrs13a.2",1037,0,0,0,0.180708467547018,0,0,0.030118077924503,0.0737739229484146
"2508","dhrs13a.1",1332,0,0,0,0,0.48592439016489,0,0.0809873983608151,0.198377801579512
"2509","phf12a",5458,0,0,0,0,0.32394959344326,0,0.05399159890721,0.132251867719674
"2510","vezf1a",6979,0,0,0,0,0,0.273245153023775,0.0455408588372959,0.111551866599493
"2511","nrip1b",5561,0,0,0,0,0.809873983608151,0.683112882559438,0.248831144361265,0.387566110288085
"2512","LOC103911775",3910,0,0,0,0.180708467547018,0,0.683112882559438,0.143970225017743,0.273837253277161
"2513","serpinh1a",3837,1.5155658559305,0.173911032159367,1.33462206982533,0.361416935094036,0.48592439016489,0.956358035583214,0.804633053126223,0.548663883464009
"2514","acat1",4147,0.568337195973937,0,0.190660295689333,0,1.29579837377304,0.136622576511888,0.365236406991366,0.501344566663226
"2515","tmprss2",3185,0,0.173911032159367,0,0,0,0,0.0289851720265612,0.0709988815718676
"2516","igsf5a",5472,0,0,0,0,0,0.273245153023775,0.0455408588372959,0.111551866599493
"2517","mipepb",5336,0,0,0.190660295689333,0,0,0,0.0317767159482221,0.0778367397745047
"2518","rps25",451,0.568337195973937,1.0434661929562,1.143961774136,4.69842015622247,10.3663869901843,3.96205471884474,3.63043783805295,3.71146905736355
"2519","stt3a",2592,0,0,0.190660295689333,0.180708467547018,0.16197479672163,0.409867729535663,0.157201881582274,0.151630933285543
"2520","pcna",1466,0,0,0,0,0,0.136622576511888,0.0227704294186479,0.0557759332997464
"2521","anxa4",2753,0.189445731991312,0,0.190660295689333,0,0.32394959344326,0,0.117342603520651,0.137527199642902
"2522","rab11fip1b",5076,0.189445731991312,2.26084341807177,3.05056473102932,1.08425080528211,1.29579837377304,0.819735459071326,1.45010641986981,1.03566939783011
"2523","lrrc75bb",1724,0,0,0,0,0.16197479672163,0,0.026995799453605,0.0661259338598372
"2524","kdm2bb",5771,0,0,0,0,0.16197479672163,0,0.026995799453605,0.0661259338598372
"2525","dusp11",4507,0,0,0,0,0.16197479672163,0,0.026995799453605,0.0661259338598372
"2526","tcf7l1a",2699,0,0,0,0,0,0.136622576511888,0.0227704294186479,0.0557759332997464
"2527","wdr45",1417,0,0,0,0,0.32394959344326,0.136622576511888,0.076762028325858,0.132856775174322
"2528","acads",1543,0,0,0.190660295689333,0,0,0,0.0317767159482221,0.0778367397745047
"2529","grk3",9405,0,0,0,0,0,0.136622576511888,0.0227704294186479,0.0557759332997464
"2530","ubc",1835,0,0.521733096478102,0,0,0,0,0.0869555160796836,0.212996644715603
"2531","sec14l7",2841,0,0.521733096478102,0.190660295689333,0,0,0,0.118732232027906,0.211647213437362
"2532","zmiz2",8914,0,0,0,0,0.16197479672163,0,0.026995799453605,0.0661259338598372
"2533","ppiab",858,0.189445731991312,0,0,0,0.809873983608151,0.819735459071326,0.303175862445131,0.403052888871384
"2534","rilpl1",5032,0,0,0,0.180708467547018,0,0,0.030118077924503,0.0737739229484146
"2535","sbno1",4924,0,0,0,0,0.16197479672163,0.136622576511888,0.049766228872253,0.077513222057617
"2536","cdk2ap1",1419,0,0,0,0,0.16197479672163,0,0.026995799453605,0.0661259338598372
"2537","mphosph9",3671,0,0,0,0.361416935094036,0,0,0.060236155849006,0.147547845896829
"2538","pitpnm2",7088,0,0.173911032159367,0,0,0,0.409867729535663,0.097296460282505,0.168188582085958
"2539","myg1",1342,0.75778292796525,0,0.762641182757331,0.361416935094036,0.64789918688652,1.16129190035104,0.615172022175697,0.396038198538624
"2540","prr13",876,0.568337195973937,1.91302135375304,1.71594266120399,0.361416935094036,1.13382357705141,1.36622576511888,1.17646124803255,0.617333236133248
"2541","sp1",2573,0,0,0,0,0,0.136622576511888,0.0227704294186479,0.0557759332997464
"2542","nckap1l",5680,0.189445731991312,0.173911032159367,0,0.180708467547018,0,0.136622576511888,0.113447968034931,0.0897032467917084
"2543","elmo2",3533,0,0,0,0,0,0.136622576511888,0.0227704294186479,0.0557759332997464
"2544","arfgap1",2938,0,0,0.190660295689333,0,0,0,0.0317767159482221,0.0778367397745047
"2545","cdk4",1322,0,0,0,0,0.32394959344326,0,0.05399159890721,0.132251867719674
"2546","tegt",1496,0.189445731991312,0.695644128637469,0.190660295689333,1.08425080528211,1.6197479672163,0.273245153023775,0.67549901364005,0.581758452034003
"2547","si:ch1073-456m8.1",2604,0.189445731991312,0,0,0,0,0.136622576511888,0.0543447180838667,0.0858316066269076
"2548","alas1",2518,0,0,0,0.180708467547018,1.13382357705141,0.273245153023775,0.264629532937034,0.441067257809282
"2549","slc11a2",2923,0,0,0,0,0.242962195082445,0.136622576511888,0.0632641285990555,0.103616848868936
"2550","cyp27b1",2838,0.75778292796525,1.21737722511557,0.190660295689333,5.78267096150458,18.6271016229875,7.51424170815382,5.68163912356934,7.00397717886551
"2551","pdrg1",1549,0,0,0,0,0.32394959344326,0,0.05399159890721,0.132251867719674
"2552","isy1",2907,0,0.173911032159367,0,0,0,0,0.0289851720265612,0.0709988815718676
"2553","raf1b",3104,0,0,0,0,0.64789918688652,0,0.10798319781442,0.264503735439349
"2554","cnbpb",2000,0.189445731991312,0,0,0,0,0.136622576511888,0.0543447180838667,0.0858316066269076
"2555","mkrn2",2021,0,0.173911032159367,0,0,0,0,0.0289851720265612,0.0709988815718676
"2556","pparg",1712,18.0920674051703,43.1299359755231,35.5581451460606,106.256578917647,110.142861770708,93.5181536223871,67.7829571395827,40.1304769825106
"2557","tamm41",1394,0,0,0,0,0.16197479672163,0,0.026995799453605,0.0661259338598372
"2558","vgll4b",4730,0,0,0,0,0.32394959344326,0,0.05399159890721,0.132251867719674
"2559","atg7",3525,0,0,0,0.180708467547018,0,0,0.030118077924503,0.0737739229484146
"2560","iars1",3956,0,0,0,0.180708467547018,0.32394959344326,0.409867729535663,0.152420965087657,0.18231705430949
"2561","rpl29",366,0.189445731991312,0.173911032159367,0.190660295689333,0,1.13382357705141,2.32258380070209,0.668404072932252,0.905743171955018
"2562","hnrnpa1a",3363,0,0,0,0,0,0.204933864767831,0.0341556441279719,0.0836638999496197
"2563","znf740a",4051,0,0,0,0,0.16197479672163,0,0.026995799453605,0.0661259338598372
"2564","ube2v1",912,0,0.347822064318734,0.953301478446664,0.361416935094036,0.16197479672163,0.409867729535663,0.372397167352788,0.323275606002605
"2565","tp53rk",1655,0,0,0.381320591378666,0,0,0,0.0635534318964443,0.155673479549009
"2566","zgc:113184",1616,0.378891463982625,0,0,0,0.16197479672163,0,0.0901443767840425,0.15558825422069
"2567","dnajc14",7147,3.97836037181756,5.21733096478102,8.38905301033064,87.8243152278508,64.1420195017655,52.6680032453327,37.036513720313,36.0123078671189
"2568","hipk1b",4394,0,0,0,0.361416935094036,0,0,0.060236155849006,0.147547845896829
"2569","tmem167b",2115,0,0,0,0,0.16197479672163,0,0.026995799453605,0.0661259338598372
"2570","tuba2",6268,0,0,0,0,0.16197479672163,0,0.026995799453605,0.0661259338598372
"2571","mcrs1",2218,0,0,0,0,0.16197479672163,0,0.026995799453605,0.0661259338598372
"2572","ddx19b",3270,0,0,0,0,0.16197479672163,0,0.026995799453605,0.0661259338598372
"2573","cdab",1308,0.75778292796525,0.347822064318734,0.571980887067998,0.722833870188072,0.809873983608151,0.409867729535663,0.603360243780645,0.192089570666663
"2574","dnajc16l",5244,29.9324256546274,32.3474519816423,27.0737619878853,121.616798659143,85.4417052706599,105.267695202409,66.9466397927279,42.3235141147609
"2575","itih3a.1",2962,0.189445731991312,0.347822064318734,1.143961774136,0,0.64789918688652,0.136622576511888,0.410958555640742,0.422051156268066
"2576","rpn1",2550,0.189445731991312,0,0,0,0.16197479672163,0.409867729535663,0.126881376374768,0.163415895085469
"2577","gnl3",2788,0,0,0,0.180708467547018,0,0,0.030118077924503,0.0737739229484146
"2578","nek4",3059,0,0,0.190660295689333,0.180708467547018,0,0,0.0618947938727251,0.0959386319938456
"2579","pex11g",1269,0,0,0,0.180708467547018,0,0,0.030118077924503,0.0737739229484146
"2580","abca7",7933,0.189445731991312,2.60866548239051,2.66924413965066,11.7460503905562,7.28886585247336,12.0227867330461,6.08750972168469,5.04507498285126
"2581","ctdspl3",1753,0,0,0,0.180708467547018,0,0,0.030118077924503,0.0737739229484146
"2582","gamt",757,0.189445731991312,1.91302135375304,0.190660295689333,0.722833870188072,4.8592439016489,3.41556441279719,1.88179492767798,1.91237021479627
"2583","rps15",490,2.08390305190444,1.39128825727494,2.66924413965066,5.24054555886352,6.96491625903009,7.7874868611776,4.35623068798354,2.68927693787343
"2584","ushbp1",4200,0.378891463982625,0,0,0,0,0,0.0631485773304375,0.154681792442257
"2585","nr2f6b",2984,0,0,0,0,0.16197479672163,0,0.026995799453605,0.0661259338598372
"2586","ranbp3a",4397,0,0,0,0,0.242962195082445,0,0.0404936991804075,0.0991889007897558
"2587","ndufa11",502,0,0,0,0,0,0.136622576511888,0.0227704294186479,0.0557759332997464
"2588","gadd45ba",1298,0,0,0,0,0.16197479672163,0,0.026995799453605,0.0661259338598372
"2589","lsm4",3542,0,0,0,0,0.16197479672163,0,0.026995799453605,0.0661259338598372
"2590","ddx49",1632,0,0,0,0.180708467547018,0.32394959344326,0,0.0841096768317131,0.137950906423143
"2591","smim7",1143,0,0,0.190660295689333,0,0,0.136622576511888,0.0545471453668701,0.0862145351539329
"2592","vtg3",4165,0,0,0,11.5653419230092,40.3317243836859,18.1024913878251,11.6665929490867,15.9464665287701
"2593","uox",986,0.378891463982625,0.173911032159367,0.571980887067998,0,1.45777317049467,0.136622576511888,0.453196521702758,0.531490685728863
"2594","rbms1a",3617,0.378891463982625,0.173911032159367,0.190660295689333,0.180708467547018,0.48592439016489,0.683112882559438,0.348868088683779,0.207519999347397
"2595","ptp4a1",2180,0,0,0.190660295689333,0,0.16197479672163,0,0.0587725154018271,0.0915007450520586
"2596","mrpl4",1853,0,0,0,0,0.32394959344326,0.273245153023775,0.0995324577445059,0.155026444115234
"2597","zgc:77929",1458,0,0,0,0,0.48592439016489,0,0.0809873983608151,0.198377801579512
"2598","krt15",1550,0.189445731991312,2.08693238591241,0.762641182757331,0.361416935094036,0.16197479672163,0.136622576511888,0.616505601498101,0.757343629598162
"2599","jupa",3384,0,0,0,0,0,0.136622576511888,0.0227704294186479,0.0557759332997464
"2600","wipf2a",2874,0.189445731991312,0.869555160796836,0,0.722833870188072,0.809873983608151,0.273245153023775,0.477492316601358,0.367986406114556
"2601","LOC141376560",2819,0.378891463982625,0,0,0.361416935094036,0.16197479672163,0.409867729535663,0.218691820888992,0.190500214066514
"2602","abcc10",4952,23.3018250349314,59.1297509341848,46.3304518525079,87.5532525265303,50.9410735689527,75.8938412523536,57.1916991949101,22.7196420214651
"2603","mrpl45",1864,0,0,0,0,0.32394959344326,0,0.05399159890721,0.132251867719674
"2604","rtel1",5380,0,0,0,0,0,0.273245153023775,0.0455408588372959,0.111551866599493
"2605","btf3l4",947,0,0,0,0,0.32394959344326,0.136622576511888,0.076762028325858,0.132856775174322
"2606","elovl1b",6393,0,0,0,0,0,0.136622576511888,0.0227704294186479,0.0557759332997464
"2607","atp5f1b",1877,0,0.869555160796836,0.953301478446664,0.542125402641054,2.75357154426771,0.478179017791607,0.932788767323979,0.953839814061881
"2608","abcb11b",5354,787.336462155894,781.556178524196,1112.31216505157,4436.12181557797,1825.37497165441,4199.77800197543,2190.41326582324,1692.91531285238
"2609","LOC141376566",3515,0.189445731991312,0,0,0,0,0.0683112882559438,0.0429595033745427,0.0767893272425104
"2610","tmem259",3456,0,0,0.190660295689333,0,0,0,0.0317767159482221,0.0778367397745047
"2611","sgta",8968,0,0,0.571980887067998,0,0.32394959344326,0.683112882559438,0.263173893845116,0.310865145737572
"2612","rpn2",5524,0.568337195973937,0.173911032159367,0,0.361416935094036,0.48592439016489,0.819735459071326,0.401554168743926,0.291372150216614
"2613","pank4",3276,0,0,0.190660295689333,0,0,0,0.0317767159482221,0.0778367397745047
"2614","arpc4l",1108,0,0,0,0,0.16197479672163,0,0.026995799453605,0.0661259338598372
"2615","rab7a",2026,0,0.173911032159367,0,0,0,0,0.0289851720265612,0.0709988815718676
"2616","suclg2",2371,0,0,0,0.180708467547018,0.16197479672163,0,0.057113877378108,0.0886785375175253
"2617","LOC110440097",2207,0,0,0,0,0.16197479672163,0,0.026995799453605,0.0661259338598372
"2618","LOC100334068",1457,0,0,0,0,0.16197479672163,0,0.026995799453605,0.0661259338598372
"2619","fgd5a",11221,0,0.173911032159367,0,0,0,0,0.0289851720265612,0.0709988815718676
"2620","ncoa3",6521,30.6902085825926,40.6951815252919,33.5562120413226,179.895279443057,186.432991026596,251.180606917105,120.408413255994,96.8980486615574
"2621","phtf1",3367,0,0,0,0,0,0.54649030604755,0.0910817176745917,0.223103733198986
"2622","prickle2b",3822,0,0,0,0,0.16197479672163,0,0.026995799453605,0.0661259338598372
"2623","atxn7",6973,0,0,0,0,0.16197479672163,0.136622576511888,0.049766228872253,0.077513222057617
"2624","nampt2",4212,0,0,0,0,0,0.136622576511888,0.0227704294186479,0.0557759332997464
"2625","mdm4",3423,0,0,0,0,0,0.273245153023775,0.0455408588372959,0.111551866599493
"2626","plekha6",6611,0,0,0.190660295689333,0.180708467547018,0.48592439016489,0.88804674732727,0.290889983454752,0.342360786932547
"2627","pik3c2b",7552,0,0,0,0.180708467547018,0,0,0.030118077924503,0.0737739229484146
"2628","chia.1",1699,0,1.5651992894343,0,0,0,0.136622576511888,0.283636977657699,0.630208685038478
"2629","chia.2",1749,0,1.21737722511557,0,0,0,0,0.202896204185928,0.496992171003073
"2630","chia.3",2129,0,1.65215480551399,0,0,0,0.956358035583214,0.434752140182867,0.708544939047066
"2631","zc3h11a",4911,0,0,0,0,0,0.136622576511888,0.0227704294186479,0.0557759332997464
"2632","rbm39a",2560,0,0,0,0,0,0.54649030604755,0.0910817176745917,0.223103733198986
"2633","nfs1",2166,0,0,0,0,0,0.136622576511888,0.0227704294186479,0.0557759332997464
"2634","adipor1a",2507,0,0,0,0,0,0.136622576511888,0.0227704294186479,0.0557759332997464
"2635","kdm5ba",6028,0,0,0.190660295689333,0,0,0,0.0317767159482221,0.0778367397745047
"2636","timm17a",1313,0,0,0,0,0.16197479672163,0,0.026995799453605,0.0661259338598372
"2637","top1a",3798,0,0,0.190660295689333,0,0,0,0.0317767159482221,0.0778367397745047
"2638","otud5b",2128,0,0,0,0,0,0.136622576511888,0.0227704294186479,0.0557759332997464
"2639","tmem51b",2544,0,0.173911032159367,0,0,0.16197479672163,0.136622576511888,0.0787514008988142,0.087104433218226
"2640","utp3",1914,0,0,0,0,0.16197479672163,0,0.026995799453605,0.0661259338598372
"2641","cpne1",3585,0,0,0,0.180708467547018,0,0,0.030118077924503,0.0737739229484146
"2642","rbm12",2928,0,0,0,0,0.16197479672163,0.136622576511888,0.049766228872253,0.077513222057617
"2643","st3gal8",5259,0,0,0.571980887067998,0,0.16197479672163,0,0.122325947298271,0.229615393930629
"2644","map1lc3a",1505,0,0,0,0.180708467547018,0.16197479672163,0.136622576511888,0.079884306796756,0.0886206506346712
"2645","LOC141376615",4159,0,0.347822064318734,0,0,0,0,0.0579703440531224,0.141997763143735
"2646","LOC137496708",2591,0,0,0,0.722833870188072,0.32394959344326,0,0.174463910605222,0.298263710954289
"2647","rpl22",688,0,0.347822064318734,0.571980887067998,1.08425080528211,3.72542032459749,1.50284834163076,1.20538707048285,1.3448645974295
"2648","nr0b1",1428,0,0,0.190660295689333,0,0.16197479672163,0,0.0587725154018271,0.0915007450520586
"2649","ugt1b7",1730,98.7012263674738,33.2170071424391,39.9433319469152,42.6471983410963,34.0956947099031,70.7704946331578,53.2291588568309,26.1934119047089
"2650","ugt1b6p",1352,1.79973445391747,1.65215480551399,0,1.44566774037614,1.13382357705141,2.73245153023775,1.46063868451613,0.895507664993562
"2651","ugt1b5",1915,56.7389967313981,41.4777811700091,33.9375326327012,68.8499261354139,42.2754219443455,77.3283783057284,53.4346728199327,17.1294621436118
"2652","ugt1b4",1697,59.7701284432591,21.7388790199209,37.6554083986432,20.3297025990395,14.90168129839,24.7286863486517,29.8540810179841,16.5060280993284
"2653","ugt1b3",1728,23.8701622309054,11.2172615742792,4.76650739223332,33.2503580286513,14.9826686967508,32.5844844980852,20.1119070701509,11.6894282084412
"2654","ugt1b2",1715,0.473614329978281,5.99993060949817,0.667311034912665,0.542125402641054,1.78172276393793,3.00569668326153,2.0784001373716,2.15652255239795
"2655","ugt1b1",1714,38.4574835942364,9.30424022052614,14.2995221767,32.8889410935573,9.63750040493699,32.7211070745971,22.8847990940923,13.2134310154496
"2656","pecr",1282,0,0,0,0,0.16197479672163,0,0.026995799453605,0.0661259338598372
"2657","slc22a7a",2023,0,0,0,0,0.32394959344326,0,0.05399159890721,0.132251867719674
"2658","trmt1",2472,0,0,0,0,0.32394959344326,0,0.05399159890721,0.132251867719674
"2659","egln1b",2020,0,0,0,0,0.16197479672163,0.273245153023775,0.0725366582909009,0.117753426827362
"2660","zgc:162816",2131,0,0,0.381320591378666,0,0,0,0.0635534318964443,0.155673479549009
"2661","phka2",10307,0,0,0,0,0.16197479672163,0,0.026995799453605,0.0661259338598372
"2662","tdo2b",4469,0,0.347822064318734,0.381320591378666,0,1.45777317049467,0.136622576511888,0.38725640045066,0.549608735142218
"2663","chchd4a",984,0,0.173911032159367,0,0,0,0.136622576511888,0.0517556014452091,0.081041867986555
"2664","gnai2a",2589,0,0,0,0,0.16197479672163,0,0.026995799453605,0.0661259338598372
"2665","bhlhe40",2733,0,0,0,0,0.16197479672163,0.136622576511888,0.049766228872253,0.077513222057617
"2666","brk1",994,0.189445731991312,0,0.381320591378666,0.180708467547018,0.242962195082445,0.136622576511888,0.188509927085221,0.125244584726258
"2667","gpx1a",990,13817.8875228483,8959.4615992702,10904.43429136,7988.48887061726,4819.80303864719,7293.86949224014,8963.99080249719,3106.15055176364
"2668","rrp9",1761,0.75778292796525,0.347822064318734,1.71594266120399,6.50550483169265,5.18319349509216,4.50854502489229,3.16979850086085,2.56390348175385
"2669","psma5",1070,0,0,0,0,0.32394959344326,0,0.05399159890721,0.132251867719674
"2670","sypl2a",4062,0,0,0.190660295689333,0.180708467547018,0,0,0.0618947938727251,0.0959386319938456
"2671","atxn7l2a",3593,0,0.347822064318734,0,0,0.32394959344326,0,0.111961942960332,0.173614899988614
"2672","itih3b.1",4528,0.378891463982625,0,0.762641182757331,1.08425080528211,0.809873983608151,0.956358035583214,0.665335911868905,0.403798323841656
"2673","itih3b.2",2967,0.568337195973937,1.0434661929562,3.14589487887399,1.89743890924369,8.0987398360815,2.73245153023775,2.91438809056118,2.72039293156745
"2674","hp1bp3",2592,0,0,0,0.180708467547018,0.32394959344326,0.136622576511888,0.106880106250361,0.132457144069666
"2675","zgc:158258",3823,0,0,0,0,0,0.136622576511888,0.0227704294186479,0.0557759332997464
"2676","LOC137490428",3028,0,0,0,0,0.16197479672163,0.273245153023775,0.0725366582909009,0.117753426827362
"2677","slc41a1",9340,0,0,0.381320591378666,0,0.32394959344326,0,0.117545030803654,0.183001490104117
"2678","nucks1a",6155,0,0,0,0,0,0.136622576511888,0.0227704294186479,0.0557759332997464
"2679","cdc42",2774,0.189445731991312,0,0,0,0,0,0.0315742886652187,0.0773408962211285
"2680","fbxo2",1048,0.189445731991312,0,0,0,0,0,0.0315742886652187,0.0773408962211285
"2681","phf13",3505,0,0,0,0.180708467547018,0,0.136622576511888,0.0528885073431509,0.0831121091081427
"2682","camta1b",8719,0,0,0,0,0,0.136622576511888,0.0227704294186479,0.0557759332997464
"2683","dnajc11b",5285,3.031131711861,0.347822064318734,0.571980887067998,4.51771168867545,1.6197479672163,3.41556441279719,2.25065978865611,1.66987828956896
"2684","per3",5041,5.11503476376544,27.47794308118,15.157493507302,153.602197414965,163.594544688846,180.956602589995,90.9839693410091,82.9994657902415
"2685","si:ch211-222l21.1",1286,0.189445731991312,0.347822064318734,0,0.180708467547018,0,0,0.119662710642844,0.143951685040157
"2686","errfi1a",1619,0,0,0.190660295689333,0.180708467547018,0.16197479672163,0.136622576511888,0.111661022744978,0.0884300376326601
"2687","park7",894,0,0.173911032159367,0.190660295689333,0.180708467547018,0,0,0.0908799658992863,0.0996964758566112
"2688","akr7a3",1308,713.168458081296,947.032525623834,529.368310981433,333.136059922928,437.979850335288,377.966357920137,556.441927144152,233.92712737071
"2689","mrto4",1064,0,0.173911032159367,0,0.180708467547018,0.404936991804075,0.136622576511888,0.149363178003725,0.149455103247614
"2690","aldh4a1",1960,207.82196799447,419.995142664872,293.521525213728,256.154252747898,322.89675726457,269.078164440163,294.91130172095,72.3672527346424
"2691","slmapa",6724,0,0.173911032159367,0,0,0,0,0.0289851720265612,0.0709988815718676
"2692","arf4a",1271,0,0,0,0,0,0.136622576511888,0.0227704294186479,0.0557759332997464
"2693","rps23",508,1.70501158792181,0.869555160796836,0.762641182757331,4.87912862376949,11.1762609737925,7.37761913164193,4.46170277677998,4.19399646612796
"2694","sptbn1",10036,0,0,0,0.180708467547018,0,0.273245153023775,0.0756589367617989,0.120807959690264
"2695","sult6b1",2253,84.4927964681253,2823.35865159125,59.6766725507612,133.362849049699,155.171855259322,489.655314218605,624.28635652296,1088.60277095793
"2696","mfn1b",2946,0,0,0,0.180708467547018,0.16197479672163,0,0.057113877378108,0.0886785375175253
"2697","nid1b",640,0,0.173911032159367,0,0,0,0,0.0289851720265612,0.0709988815718676
"2698","rbm34",1472,0,0,0.190660295689333,0,0,0.273245153023775,0.077317574785518,0.122593815324465
"2699","tomm20b",998,0.568337195973937,0,0.190660295689333,0.180708467547018,0,0.273245153023775,0.202158518705677,0.210460723396266
"2700","irf2bp2b",2117,0,0.173911032159367,0.571980887067998,0,0,0,0.124315319871228,0.230078851592108
"2701","zgc:171772",393,1.13667439194787,0.521733096478102,1.143961774136,1.9877931430172,9.39453820985455,6.69450624908249,3.4798678107527,3.6671811089971
"2702","ldb1b",2256,0,0,0,0,0,0.136622576511888,0.0227704294186479,0.0557759332997464
"2703","ogal",2899,0,0,0,0,0.16197479672163,0,0.026995799453605,0.0661259338598372
"2704","cant1b",2277,0.189445731991312,0.173911032159367,0,0,0,0,0.0605594606917799,0.0939468390109909
"2705","si:dkey-93h22.4",2014,0.189445731991312,0,1.143961774136,0.180708467547018,0.16197479672163,0.409867729535663,0.347659749988603,0.411392113733892
"2706","syngr2b",905,0.189445731991312,0.173911032159367,0.190660295689333,0,0.16197479672163,0.273245153023775,0.164872834930903,0.0897624855536961
"2707","tmc6b",2953,0,0.347822064318734,0,0,0.16197479672163,0.136622576511888,0.107736572925375,0.138736251022202
"2708","aspscr1",1880,0,0,0,0,0,0.136622576511888,0.0227704294186479,0.0557759332997464
"2709","pycr1b",2010,0,0,0.762641182757331,0.542125402641054,0,0.136622576511888,0.240231526985045,0.331034782128275
"2710","mafgb",10049,0,0,0.190660295689333,1.80708467547018,0.64789918688652,0,0.440940693007672,0.714857686611707
"2711","srsf11",4785,0,0,0,0.90354233773509,0,0.54649030604755,0.241672107297107,0.391051906020465
"2712","ankrd13c",2858,0,0,0,0.180708467547018,0,0,0.030118077924503,0.0737739229484146
"2713","sos1",6521,0,0.173911032159367,0.190660295689333,0.180708467547018,0.32394959344326,0,0.144871564806496,0.125114877658437
"2714","filip1l",3831,0,0,0,0.361416935094036,0,0,0.060236155849006,0.147547845896829
"2715","mrpl58",654,0,0,0.381320591378666,0,0,0,0.0635534318964443,0.155673479549009
"2716","wdr45b",2222,0,0.521733096478102,0,0,0,0,0.0869555160796836,0.212996644715603
"2717","myocd",6807,0,0,0,0,0,0.136622576511888,0.0227704294186479,0.0557759332997464
"2718","map2k4b",2678,0,0.173911032159367,0,0,0.48592439016489,0.273245153023775,0.155513429224672,0.197951465616974
"2719","mprip",7638,0.189445731991312,0.521733096478102,0,1.62637620792316,0.971848780329781,0.409867729535663,0.619878591043003,0.593326129674284
"2720","wu:fj29h11",10558,0,0.521733096478102,0,0,0,0,0.0869555160796836,0.212996644715603
"2721","sult2st1",2957,24.249053694888,69.5644128637469,60.4393137335185,17.7094298196078,19.7609252000389,28.9639862205202,36.7811869220534,22.3876353617952
"2722","sult2st2",864,2925.98933060582,2235.45240737651,1213.5527820626,576.460011474988,580.598658848683,883.469891014121,1402.58718023045,967.242119662977
"2723","abcc3",8779,12.408695445431,14.7824377335462,19.1613597167779,76.7107444737092,41.5465353590981,70.9754284979256,39.2642002044147,28.7671818451683
"2724","tob1b",2186,0,0,0,0,0.32394959344326,0.136622576511888,0.076762028325858,0.132856775174322
"2725","spag9b",5321,0,0,0,0.180708467547018,0,0,0.030118077924503,0.0737739229484146
"2726","daglb",3733,0,0,0.190660295689333,0.090354233773509,0,0,0.0468357549104736,0.0791880146044059
"2727","polr3e",4823,0,0,0,0.180708467547018,0,0,0.030118077924503,0.0737739229484146
"2728","LOC100332293",2484,0,0,0,0,0.32394959344326,0,0.05399159890721,0.132251867719674
"2729","lmf1",2024,0,0,0,0,0.16197479672163,0,0.026995799453605,0.0661259338598372
"2730","cops3",1614,0,0,0,0.180708467547018,0,0,0.030118077924503,0.0737739229484146
"2731","slc39a11",3044,2.27334878389575,8.34772954364963,4.28985665300999,22.8596211446978,11.4192231688749,16.4630204696825,10.9421332939684,7.73131123209471
"2732","sstr2a",5608,0,0,0,0,0.16197479672163,0,0.026995799453605,0.0661259338598372
"2733","fam20a",3512,0.189445731991312,0,0,0,0.16197479672163,0.136622576511888,0.0813405175374717,0.0906571230471183
"2734","lsm12b",3554,0,0.173911032159367,0,0.180708467547018,0.64789918688652,0.683112882559438,0.280938594858724,0.30846659447974
"2735","vps25",714,0,0,0,0.180708467547018,0,0,0.030118077924503,0.0737739229484146
"2736","taok2b",10111,0,0,0,0,0,0.136622576511888,0.0227704294186479,0.0557759332997464
"2737","nif3l1",2802,0,0,0.190660295689333,0,0,0,0.0317767159482221,0.0778367397745047
"2738","eif3c",3577,0,0.521733096478102,0.571980887067998,0.542125402641054,1.94369756065956,0.54649030604755,0.687671208815711,0.653074149639067
"2739","ppp4cb",2322,0,0,0,0,0.16197479672163,0,0.026995799453605,0.0661259338598372
"2740","si:ch211-180a12.2",5038,0,0.173911032159367,0,0,0,0,0.0289851720265612,0.0709988815718676
"2741","mapk7",4213,0,0,0,0,0.32394959344326,0,0.05399159890721,0.132251867719674
"2742","fra10ac1",5012,0,0,0,0,0,0.136622576511888,0.0227704294186479,0.0557759332997464
"2743","prr12a",9494,0,0,0.190660295689333,0.180708467547018,0,0.409867729535663,0.130206082128669,0.164485082223567
"2744","kansl1a",6922,0,0,0,0.180708467547018,0,0.54649030604755,0.121199795599095,0.220531567866173
"2745","mapta",2545,0,0,0,0,0.16197479672163,0,0.026995799453605,0.0661259338598372
"2746","rbp4",825,2.46279451588706,2.43475445023114,7.43575153188398,11.5653419230092,18.4651268262658,12.159409309558,9.08719642613919,6.23522623237454
"2747","slc35g1",3780,0,0,0,0,0,0.136622576511888,0.0227704294186479,0.0557759332997464
"2748","noc3l",2567,0,0,0,0,0.16197479672163,0,0.026995799453605,0.0661259338598372
"2749","g6pc1a.1",3667,0,0,0,0,0.971848780329781,0.409867729535663,0.230286084977574,0.398570325522965
"2750","g6pc1a.2",2339,0.189445731991312,0.521733096478102,0.571980887067998,0.90354233773509,2.10567235738119,0.273245153023775,0.760936593946245,0.705126653989539
"2751","a1cf",4855,0.189445731991312,0.869555160796836,0.762641182757331,0.180708467547018,1.13382357705141,1.36622576511888,0.750399980877131,0.485761452622325
"2752","ube2d1b",1061,0,0,0.190660295689333,0,0,0,0.0317767159482221,0.0778367397745047
"2753","ccdc6b",4421,0,0,0,0,0,0.136622576511888,0.0227704294186479,0.0557759332997464
"2754","ank3b",15317,0.189445731991312,0.347822064318734,0,0.722833870188072,0.32394959344326,0,0.264008543323563,0.270591556074025
"2755","adoa",1646,0,0,0,0,0.16197479672163,0,0.026995799453605,0.0661259338598372
"2756","nrbf2b",2076,0,0,0,0,0.16197479672163,0,0.026995799453605,0.0661259338598372
"2757","jmjd1cb",9783,0,0.695644128637469,0.190660295689333,2.52991854565825,3.07752113771097,2.59582895372586,1.51492884357032,1.368222778154
"2758","cyp26a1",1832,0.189445731991312,43.2168914916028,0.571980887067998,37.2259443146857,14.5777317049467,13.6622576511888,18.2407086302472,18.2025302083255
"2759","taco1",1574,0,0,0,0,0.16197479672163,0,0.026995799453605,0.0661259338598372
"2760","si:ch211-207i20.2",3576,0.0947228659956562,0,0,0,0,0,0.0157871443326094,0.0386704481105642
"2761","dnajc9",1124,55.1287080094719,45.6516459418339,26.2157906572833,89.631399903321,30.6132365803881,79.3777169534067,54.4364163409508,25.699628054887
"2762","heatr1",7851,0,0,0.190660295689333,0,0,0,0.0317767159482221,0.0778367397745047
"2763","ndufa4b",1076,0,0.173911032159367,0,0,0,0,0.0289851720265612,0.0709988815718676
"2764","psmc5",1354,0,0,0,0,0.48592439016489,0,0.0809873983608151,0.198377801579512
"2765","eef2k",3081,0,0,0,0.180708467547018,0,0,0.030118077924503,0.0737739229484146
"2766","uqcrc2b",1736,0,0,0,0.361416935094036,0.16197479672163,0.136622576511888,0.110002384721259,0.143471681033118
"2767","snu13b",769,0,0,0,0,0.16197479672163,0,0.026995799453605,0.0661259338598372
"2768","raraa",3455,15.5345500232876,18.0867473445742,45.9491312611292,28.1905209373348,71.8358223460429,66.7401286260571,41.0561500897376,24.394532946182
"2769","pelo",1371,0,0,0.190660295689333,0,0,0,0.0317767159482221,0.0778367397745047
"2770","psme2",1380,0,0,0,0,0.16197479672163,0,0.026995799453605,0.0661259338598372
"2771","stat5b",4490,0,0,0,0,0,0.136622576511888,0.0227704294186479,0.0557759332997464
"2772","oplah",4087,0,0.695644128637469,0,0,0,0,0.115940688106245,0.28399552628747
"2773","ppp1r16a",3788,0,0,0,0,0.16197479672163,0,0.026995799453605,0.0661259338598372
"2774","avl9",3464,0,0,0,0.180708467547018,0,0,0.030118077924503,0.0737739229484146
"2775","pkmyt1",2347,0,0,0,0,0,0.409867729535663,0.0683112882559438,0.167327799899239
"2776","adprh",3116,0,0.173911032159367,0,0,0,0,0.0289851720265612,0.0709988815718676
"2777","sult1st6",1600,540.488673371214,711.991765660449,291.3289318133,221.729289680191,245.229842236548,354.194029607069,394.160422061462,193.138893565774
"2778","hexim1",1364,0,0,0,0.361416935094036,0.32394959344326,0,0.114227754756216,0.177357075035051
"2779","ppp1r3cb",2657,0,0,0,0,0,0.273245153023775,0.0455408588372959,0.111551866599493
"2780","pank1b",5751,0,0,0,0,0.16197479672163,0,0.026995799453605,0.0661259338598372
"2781","acta2",1591,0.378891463982625,13.73897154059,0.190660295689333,1.26495927282913,0.32394959344326,1.22960318860699,2.85450589252356,5.35288735249873
"2782","atad1b",1283,0,0.173911032159367,0,0,0,0,0.0289851720265612,0.0709988815718676
"2783","tecpr1a",5473,0,0.521733096478102,0,0,0,0,0.0869555160796836,0.212996644715603
"2784","mlst8",2563,0,0,0,0.180708467547018,0,0.136622576511888,0.0528885073431509,0.0831121091081427
"2785","pgp",1700,0,0,0,0,0,0.273245153023775,0.0455408588372959,0.111551866599493
"2786","xrcc6",2996,0,0,0,0,0.32394959344326,0,0.05399159890721,0.132251867719674
"2787","josd1",1691,0,0,0,0,0.809873983608151,0,0.134978997268025,0.330629669299186
"2788","ep300a",9331,0,0.695644128637469,0,1.62637620792316,0.809873983608151,0.54649030604755,0.613064104369389,0.604728413577227
"2789","aco2",3476,0,0,0,0.180708467547018,0,0.136622576511888,0.0528885073431509,0.0831121091081427
"2790","zc3h7bb",6343,0,0,0,0,0.48592439016489,0,0.0809873983608151,0.198377801579512
"2791","pdap1a",2264,0,0,0,0.180708467547018,0,0,0.030118077924503,0.0737739229484146
"2792","tnrc6ba",7882,0,0,0,0,0.16197479672163,0.273245153023775,0.0725366582909009,0.117753426827362
"2793","maff",1475,42.6252896980453,28.3474982419769,42.5172459387212,36.7741731458182,30.1273121902232,28.6224297792405,34.8356581656709,6.72773273035399
"2794","rsl1d1",1278,0.189445731991312,0,0.381320591378666,1.44566774037614,0.971848780329781,0.54649030604755,0.589128858353909,0.535155142048269
"2795","ubald1a",1897,0,0,0,0.180708467547018,0.48592439016489,0.54649030604755,0.20218719395991,0.253831341404471
"2796","LOC110438937",9830,0,0,0,0,0.16197479672163,0,0.026995799453605,0.0661259338598372
"2797","aqp8a.1",1029,0,0,0,0.180708467547018,0.64789918688652,0.409867729535663,0.206412563994867,0.270105010274343
"2798","arhgap17a",4064,0,0,0,0,0,0.136622576511888,0.0227704294186479,0.0557759332997464
"2799","gna13a",2389,0.189445731991312,0,0,0,0,0,0.0315742886652187,0.0773408962211285
"2800","stx4",1906,0,0,0,0,0,0.409867729535663,0.0683112882559438,0.167327799899239
"2801","eme1",2033,0,0,0,0.180708467547018,0,0,0.030118077924503,0.0737739229484146
"2802","thrab",8977,0.378891463982625,0.173911032159367,0.762641182757331,2.80098124697878,5.02121869837053,4.64516760140418,2.29713520427547,2.17853894570745
"2803","arhgef15b",4580,0,0,0,0,0,0.136622576511888,0.0227704294186479,0.0557759332997464
"2804","shbg",1580,1.13667439194787,0.347822064318734,1.52528236551466,0.361416935094036,1.29579837377304,0.273245153023775,0.823373213945354,0.557891207983675
"2805","zbtb4",8912,0,0,0,0.180708467547018,0,0.54649030604755,0.121199795599095,0.220531567866173
"2806","polr2a",8118,0,0,0.190660295689333,0,0.48592439016489,0.136622576511888,0.135534543727685,0.190221930629137
"2807","mpp7a",9695,0,0,0,0,0.16197479672163,0,0.026995799453605,0.0661259338598372
"2808","waca",3267,0,0,0,0,0,0.273245153023775,0.0455408588372959,0.111551866599493
"2809","bambia",1547,0,0,0,0,0,0.136622576511888,0.0227704294186479,0.0557759332997464
"2810","psme4b",7347,0,0.173911032159367,0,0,0,0,0.0289851720265612,0.0709988815718676
"2811","nrxn1a",8318,0,0,0,0,0.32394959344326,0,0.05399159890721,0.132251867719674
"2812","foxn2b",3170,0,0,0,0,0.16197479672163,0.273245153023775,0.0725366582909009,0.117753426827362
"2813","calm2b",1137,0,0.347822064318734,0,0,0,0,0.0579703440531224,0.141997763143735
"2814","cox7a2l",662,0.189445731991312,0,0,0,0,0,0.0315742886652187,0.0773408962211285
"2815","mta3",6916,0,0,0.190660295689333,0,0.16197479672163,0,0.0587725154018271,0.0915007450520586
"2816","zfp36l2",2661,0,0,0,0,0.16197479672163,0,0.026995799453605,0.0661259338598372
"2817","ppm1bb",6044,0,0.173911032159367,0,0.361416935094036,0.32394959344326,0.136622576511888,0.165983356201425,0.154384888100467
"2818","epas1a",4143,0.378891463982625,0.521733096478102,0,0.542125402641054,0.32394959344326,0.409867729535663,0.362761214346784,0.196481460005214
"2819","glud1b",2659,1.13667439194787,2.08693238591241,0.571980887067998,1.9877931430172,2.26764715410282,1.36622576511888,1.5695422878612,0.656325783091804
"2820","acsf2",4641,0.378891463982625,0.173911032159367,0.762641182757331,0.361416935094036,0.16197479672163,0.409867729535663,0.374783856708442,0.217943716673874
"2821","tap2t",4166,0,0,0,0.180708467547018,0,0,0.030118077924503,0.0737739229484146
"2822","slc16a5a",7380,2.46279451588706,2.08693238591241,1.143961774136,10.30038265018,8.5846642262464,12.2960318860699,6.14579457307196,4.81853274982966
"2823","zeb1b",5984,0,0,0,0.180708467547018,0,0,0.030118077924503,0.0737739229484146
"2824","chmp2a",1651,0,0,0.381320591378666,0,0.32394959344326,0,0.117545030803654,0.183001490104117
"2825","srcap",15321,0,0,0,0,0.48592439016489,0.136622576511888,0.103757827779463,0.195035443146517
"2826","nbr1a",4300,0,0.347822064318734,0.381320591378666,0.180708467547018,0.16197479672163,0.409867729535663,0.246948941583619,0.159603160414591
"2827","spata20",4257,0,0.173911032159367,0,0,0,0,0.0289851720265612,0.0709988815718676
"2828","psmd11b",2600,0.189445731991312,0,0,0,0.16197479672163,0,0.0585700881188238,0.0911512905111682
"2829","myo1d",6717,0,0,0,0,0.16197479672163,0,0.026995799453605,0.0661259338598372
"2830","pdk2a",3691,0,0,0,0,0.16197479672163,0.136622576511888,0.049766228872253,0.077513222057617
"2831","pnpo",2143,0,0.173911032159367,0,0,0.48592439016489,0,0.109972570387376,0.196877506403458
"2832","cdk5rap3",1686,0,0,0,0,0,0.136622576511888,0.0227704294186479,0.0557759332997464
"2833","si:ch211-194k22.8",4296,0,0,0,0,0.16197479672163,0,0.026995799453605,0.0661259338598372
"2834","nfe2l1b",5980,5.49392622774806,4.34777580398418,5.43381842714598,30.7204394829931,15.5495804852765,39.6205471884474,16.8610146025992,15.0211350887393
"2835","rnf40",3885,0,0.173911032159367,0.190660295689333,0.361416935094036,0.32394959344326,0,0.174989642730999,0.153904961028008
"2836","bms1",5293,0,1.0434661929562,0,0.722833870188072,0.16197479672163,0.136622576511888,0.344149572729632,0.434874347934989
"2837","atrnl1b",6878,0,0,0,0.542125402641054,0,0.54649030604755,0.181435951448101,0.281082756470547
"2838","ccdc186",7967,0,0,0,0,0,0.54649030604755,0.0910817176745917,0.223103733198986
"2839","dclre1a",3773,0.568337195973937,0,0.190660295689333,0.722833870188072,0,0.273245153023775,0.292512752479186,0.297700511267353
"2840","aldh18a1",4493,83.3561220761775,67.3035694456751,173.310208781604,518.633301859942,346.950014577732,374.20923706606,260.627075634532,180.744556881794
"2841","zdhhc6",2275,0,0,0,0.180708467547018,0,0,0.030118077924503,0.0737739229484146
"2842","gpam",7221,0,0,0,0,0.16197479672163,0,0.026995799453605,0.0661259338598372
"2843","cpn1",1744,0,0,0,0.542125402641054,0.32394959344326,0.409867729535663,0.212657120936663,0.243103492564412
"2844","habp2",1974,0.189445731991312,0.173911032159367,0.381320591378666,0.722833870188072,0.64789918688652,0.683112882559438,0.466420549193896,0.251060440612124
"2845","srsf2a",2459,0,0,0,0,0.16197479672163,0,0.026995799453605,0.0661259338598372
"2846","lrrc59",1336,0,0,0,0.722833870188072,0,0,0.120472311698012,0.295095691793658
"2847","nat9",1471,95.6700946556128,112.69434883927,71.8789314748785,90.173525305962,76.2901292558878,112.440380469284,93.1912350001491,17.3551953295574
"2848","cox11",1336,0,0.173911032159367,0,0,0,0,0.0289851720265612,0.0709988815718676
"2849","nherf1a",2047,0,0,0,0,0,0.136622576511888,0.0227704294186479,0.0557759332997464
"2850","mbtd1",5183,0,0,0,0,0,0.136622576511888,0.0227704294186479,0.0557759332997464
"2851","twnk",2796,0,0,0,0,0.32394959344326,0,0.05399159890721,0.132251867719674
"2852","sema4gb",4337,0,0.173911032159367,0,0,0,0.54649030604755,0.120066889701153,0.220181903750344
"2853","trim8b",4039,0,0,0.190660295689333,0,0,0,0.0317767159482221,0.0778367397745047
"2854","socs3b",2049,0,0,0,0,0.16197479672163,0,0.026995799453605,0.0661259338598372
"2855","bicral",6000,0,0,0,0,0.16197479672163,0,0.026995799453605,0.0661259338598372
"2856","timm23a",1267,0,0,0.190660295689333,0.180708467547018,0,0,0.0618947938727251,0.0959386319938456
"2857","chmp6b",2430,0,0.173911032159367,0,0,0,0,0.0289851720265612,0.0709988815718676
"2858","rnf213b",16576,0,0,0.190660295689333,0,0,0,0.0317767159482221,0.0778367397745047
"2859","unk",3318,0,0,0,0,0.32394959344326,0,0.05399159890721,0.132251867719674
"2860","sdk2b",9192,0,0,0,0.180708467547018,0.16197479672163,0.136622576511888,0.079884306796756,0.0886206506346712
"2861","rpl38",399,0,0.869555160796836,0.190660295689333,0.361416935094036,3.72542032459749,2.1859612241902,1.22216899006132,1.45726459875863
"2862","abca5",11152,22.5440421069662,82.9555623400182,31.7449392322739,154.867156687794,118.727525996955,172.759247999282,97.2664123938816,62.544208147305
"2863","LOC141376862",1876,0.378891463982625,0,0,0,0,0,0.0631485773304375,0.154681792442257
"2864","bnip3",3670,0,0,0,0,0.16197479672163,0,0.026995799453605,0.0661259338598372
"2865","zgc:111868",3092,0,0,0,0,0.16197479672163,0,0.026995799453605,0.0661259338598372
"2866","bccip",2323,0,0,0.190660295689333,0,0.32394959344326,0.0683112882559438,0.0971535295647561,0.133662462723268
"2867","fdxr",3500,0,0,0,0,0.16197479672163,0,0.026995799453605,0.0661259338598372
"2868","hid1b",3231,0,0,0,0,0.16197479672163,0.136622576511888,0.049766228872253,0.077513222057617
"2869","fads6",2006,0,0,0,0.180708467547018,0,0.273245153023775,0.0756589367617989,0.120807959690264
"2870","exoc7",2535,0,0,0,0,0.32394959344326,0,0.05399159890721,0.132251867719674
"2871","adkb",1835,0,0,0,0,0.32394959344326,0,0.05399159890721,0.132251867719674
"2872","fam53b",4526,0,0.173911032159367,0,0,0.32394959344326,0,0.0829767709337712,0.137023734521591
"2873","oat",5724,0,0,0,0,0.566911788525705,0,0.0944852980876176,0.23144076850943
"2874","zranb1a",4013,0,0,0,0,0.16197479672163,0.136622576511888,0.049766228872253,0.077513222057617
"2875","mtr",4514,0,0,0,0.180708467547018,0,0.136622576511888,0.0528885073431509,0.0831121091081427
"2876","fh",1741,0,0,0,0.180708467547018,0.16197479672163,0.136622576511888,0.079884306796756,0.0886206506346712
"2877","lzts2b",3839,0,0,0,0.180708467547018,0,0.273245153023775,0.0756589367617989,0.120807959690264
"2878","ascc1",1462,0,0,0.381320591378666,0,0,0,0.0635534318964443,0.155673479549009
"2879","ddit4",1424,0,0,0,0,0,0.273245153023775,0.0455408588372959,0.111551866599493
"2880","dnajb12b",1071,1.98918018590878,3.04344306278893,3.05056473102932,14.2759689362144,13.119958534452,14.7552382632839,8.37239228561289,6.2545546665016
"2881","scd",3060,0,0,0,0,0.16197479672163,0,0.026995799453605,0.0661259338598372
"2882","ndufb8",2220,0.378891463982625,0.521733096478102,0,0,0.64789918688652,0.409867729535663,0.326398579480485,0.269930687918654
"2883","LOC108191761",1679,0,0,0,0,0,0.136622576511888,0.0227704294186479,0.0557759332997464
"2884","cyp4f3",2890,0,0.869555160796836,1.143961774136,4.969482857543,1.13382357705141,3.41556441279719,1.92206463038741,1.87329528325318
"2885","zgc:92749",1000,0,0.347822064318734,0,0,0.16197479672163,0,0.0849661435067274,0.144153078319906
"2886","LOC141376900",4333,0,0.173911032159367,0,0,0.16197479672163,0,0.0559809714801662,0.0868074499943072
"2887","ppifb",1164,0,0,0.190660295689333,0,0,0,0.0317767159482221,0.0778367397745047
"2888","anxa11b",2707,0,1.39128825727494,0.953301478446664,3.25275241584633,4.69726910492727,4.91841275442795,2.53550400182053,2.05461932289027
"2889","dlg5b.1",8711,0,0,0,0,0,0.136622576511888,0.0227704294186479,0.0557759332997464
"2890","LOC101884692",2752,0.378891463982625,0,0.381320591378666,0.180708467547018,0.16197479672163,0.273245153023775,0.229356745442286,0.14621308660732
"2891","zgc:175139",5068,0,0,0,0,0,0.136622576511888,0.0227704294186479,0.0557759332997464
"2892","bub3",1475,0,0,0,0,0,0.136622576511888,0.0227704294186479,0.0557759332997464
"2893","acadsb",2062,0.189445731991312,0.347822064318734,0,0,0,0,0.0895446327183411,0.147485881564775
"2894","pstk",1340,0,0.173911032159367,0.571980887067998,0.361416935094036,0.16197479672163,0,0.211547275173839,0.221698768703282
"2895","rgrb",2041,0,0,0,0.180708467547018,0.32394959344326,0,0.0841096768317131,0.137950906423143
"2896","ghitm",1514,0.378891463982625,0.347822064318734,0.762641182757331,0.361416935094036,0.64789918688652,0.409867729535663,0.484756427095818,0.175849284863387
"2897","ppp1r21",3966,0,0,0.190660295689333,0,0,0.136622576511888,0.0545471453668701,0.0862145351539329
"2898","rtn4b",6000,0,0.869555160796836,0,0,0,0.273245153023775,0.190466718970102,0.350178144694378
"2899","ppp4r3b",3014,0,0,0.190660295689333,0,0.48592439016489,0.273245153023775,0.158304973146333,0.198380436446381
"2900","pnpt1",2331,0,0,0,0.090354233773509,0.242962195082445,0.136622576511888,0.078323167561307,0.0990486070086856
"2901","cfap36",1367,0,0.347822064318734,0,0,0,0,0.0579703440531224,0.141997763143735
"2902","LOC108192002",4505,0,0.0869555160796836,0,0,0,0,0.0144925860132806,0.0354994407859338
"2903","slc30a6",2338,126.833917568184,205.388928980213,181.222611052711,286.33256682825,210.162298746315,239.362754048827,208.217179537417,53.7322716616786
"2904","mpc1",802,0.378891463982625,0,0,0,0.16197479672163,0,0.0901443767840425,0.15558825422069
"2905","chs1",4864,0,0,0,0,0,0.136622576511888,0.0227704294186479,0.0557759332997464
"2906","ddx21",2545,1.32612012393919,1.5651992894343,3.05056473102932,10.8425080528211,11.9861349574006,12.2960318860699,6.8444265067824,5.38251159910032
"2907","heatr5b",8311,0,0,0.190660295689333,0,0,0,0.0317767159482221,0.0778367397745047
"2908","fbxo28",2492,0,0,0,0,0.16197479672163,0,0.026995799453605,0.0661259338598372
"2909","degs1",1492,0,0,0,0,0.16197479672163,0,0.026995799453605,0.0661259338598372
"2910","nvl",2640,0,0,0,0,0.16197479672163,0,0.026995799453605,0.0661259338598372
"2911","tp53bp2a",4926,0,0.173911032159367,0,0.542125402641054,0,1.0929806120951,0.301502841149254,0.441209210779832
"2912","cutc",1154,0,0,0,0,0.16197479672163,0.136622576511888,0.049766228872253,0.077513222057617
"2913","abcc2",5845,2402.26660451584,5421.06773895571,2820.4377541323,8307.07789890265,5349.21766173183,7166.40062835455,5244.41138109881,2326.78300519674
"2914","nrxn1b",12820,0.378891463982625,0.347822064318734,1.33462206982533,3.07204394829931,1.94369756065956,2.1859612241902,1.54383972187929,1.07134953953564
"2915","gsta.2",1055,46.9825415338455,72.9556779908545,22.3072545956519,105.443390813685,74.5893938903107,125.282902661401,74.5935269142914,37.4700687724984
"2916","LOC137487349",1812,51.7186848336283,74.6947883124482,14.4901824723893,107.792600891796,74.427419093589,126.512505850008,74.9393635756432,39.831518996165
"2917","gsta.1",2140,550.813465764741,488.776955883902,281.033275846077,873.002606719644,651.300657617675,1053.42837619491,649.725889671158,277.291593913326
"2918","tmem14a",521,0.189445731991312,0.173911032159367,0.285990443533999,0.271062701320527,0.32394959344326,0.0683112882559438,0.218778465117402,0.0936225664216688
"2919","gtpbp2a",4319,0,0,0,0.361416935094036,0,0,0.060236155849006,0.147547845896829
"2920","pno1",991,0,0,0.190660295689333,0.722833870188072,0.809873983608151,0.54649030604755,0.378309742588851,0.361850275154472
"2921","dnaaf10",1641,0,0,0,0,0.16197479672163,0,0.026995799453605,0.0661259338598372
"2922","psmb1",876,0,0,0,0,0,0.136622576511888,0.0227704294186479,0.0557759332997464
"2923","ifngr1l",8473,0,0,0,0,0.32394959344326,0,0.05399159890721,0.132251867719674
"2924","znf451",3113,0,0,0,0.180708467547018,0.16197479672163,0,0.057113877378108,0.0886785375175253
"2925","dst",28100,0,0,0,0,0,0.409867729535663,0.0683112882559438,0.167327799899239
"2926","gclc",3017,53.992033617524,92.2598025605443,77.4080800498691,264.557196488835,352.862094658071,216.136916041806,176.202687236108,120.293004219609
"2927","fbxo9",3621,0,0,0,0.180708467547018,0.32394959344326,0.273245153023775,0.129650535669009,0.149269042062087
"2928","si:ch211-233m11.1",5341,0,0,0,0,0,0.136622576511888,0.0227704294186479,0.0557759332997464
"2929","wu:fj16a03",400,8.90394940359168,5.56515302909975,5.33848827930132,6.32479636414563,9.88046260001944,10.2466932383916,7.70992381909157,2.22326161798722
"2930","ubr2",7437,0,0,0,0,0,0.136622576511888,0.0227704294186479,0.0557759332997464
"2931","prkn",2098,0,0,0,0,0.16197479672163,0,0.026995799453605,0.0661259338598372
"2932","timm23b",6898,0,0,0,0,0,0.0683112882559438,0.011385214709324,0.0278879666498732
"2933","ncoa4",3005,293.546161720539,1035.72715202511,546.527737593472,1283.03011958383,1397.51854611422,1380.22957921134,989.429882708087,466.480816220765
"2934","yipf3",3029,0,0,0,0,0,0.136622576511888,0.0227704294186479,0.0557759332997464
"2935","mea1",2243,0.189445731991312,1.21737722511557,0.953301478446664,0.542125402641054,0.809873983608151,0.956358035583214,0.778080309564327,0.362944460587768
"2936","ppp2r5d",4038,0,0,0,0,0.16197479672163,0,0.026995799453605,0.0661259338598372
"2937","znf318",7765,0,0,0.190660295689333,0.180708467547018,0,0.273245153023775,0.107435652710021,0.121996143715408
"2938","si:dkeyp-121d4.3",6598,0,0,0,0.180708467547018,0,0.409867729535663,0.0984293661804468,0.168829538409488
"2939","pla2g12b",2108,0.378891463982625,0,0.381320591378666,2.16850161056422,0.809873983608151,1.50284834163076,0.87357266519407,0.815725096945033
"2940","oit3",4263,0,0,0,0.180708467547018,0,0,0.030118077924503,0.0737739229484146
"2941","psap",2454,1.13667439194787,1.0434661929562,0.571980887067998,1.26495927282913,1.29579837377304,0.54649030604755,0.976561570770299,0.335810820934868
"2942","meis1b",4815,0,0,0,0.361416935094036,0,0,0.060236155849006,0.147547845896829
"2943","abcg2c",2701,147.388779489241,379.560827687819,493.142854800459,138.603394608563,118.565551200233,169.821862604276,241.180545065099,156.255926936911
"2944","c1d",1918,0,0,0,0,0,0.273245153023775,0.0455408588372959,0.111551866599493
"2945","phf10",1681,0,0,0,0.361416935094036,0,0,0.060236155849006,0.147547845896829
"2946","ppm1g",2949,0,0,0,0,0,0.136622576511888,0.0227704294186479,0.0557759332997464
"2947","apmap",4199,0,0,0.381320591378666,0.361416935094036,0.16197479672163,0,0.150785387199055,0.182124150621789
"2948","cul9",8964,0,0,0,0,0.16197479672163,0,0.026995799453605,0.0661259338598372
"2949","rnaset2",1266,0,0,0,0.361416935094036,0,0,0.060236155849006,0.147547845896829
"2950","gbf1",9995,0,0,0.381320591378666,0.180708467547018,0.32394959344326,0.409867729535663,0.215974396984101,0.185000647319658
"2951","macroh2a2",4197,0,0,0,0.180708467547018,0,0,0.030118077924503,0.0737739229484146
"2952","col13a1",9716,0.189445731991312,0,0.762641182757331,1.08425080528211,0.64789918688652,0.54649030604755,0.538454535494137,0.392921457283525
"2953","atl2",2604,0,0,0,0,0.16197479672163,0.409867729535663,0.0953070877095488,0.16716862425807
"2954","galm",2553,0,0,0,0,0.32394959344326,0,0.05399159890721,0.132251867719674
"2955","epas1b",3189,0,0.173911032159367,0.190660295689333,0,0,0,0.0607618879747833,0.0942808074610305
"2956","mcfd2",2567,0,0,0,0,0.809873983608151,0.683112882559438,0.248831144361265,0.387566110288085
"2957","ttc7a",4038,0,0,0,0,0,0.273245153023775,0.0455408588372959,0.111551866599493
"2958","haao",3433,0,0,0,0.180708467547018,0,0,0.030118077924503,0.0737739229484146
"2959","mrps26",1227,0,0,0.190660295689333,0,0.16197479672163,0,0.0587725154018271,0.0915007450520586
"2960","cpxm1a",2386,0,0,0,0,0.32394959344326,0,0.05399159890721,0.132251867719674
"2961","sema4ga",9004,0,0,0.190660295689333,0.180708467547018,0,0,0.0618947938727251,0.0959386319938456
"2962","prdx3",1182,1454.94322169328,1101.81334424567,969.412273432412,787.979272738772,664.420616152127,819.32559134179,966.315719934009,283.434885045023
"2963","tm9sf3",5956,0,0,0,0.180708467547018,0,0,0.030118077924503,0.0737739229484146
"2964","srbd1",8636,0,0,0,0,0.32394959344326,0,0.05399159890721,0.132251867719674
"2965","si:ch211-117n7.6",4069,0.947228659956562,0.347822064318734,0.381320591378666,0,0.16197479672163,0.409867729535663,0.374702306985209,0.321074506433298
"2966","ppm1ba",2021,0,0,0,0.361416935094036,0,0.273245153023775,0.105777014686302,0.166224218216285
"2967","abcg8",2707,421.706199412661,612.427699749212,366.258428019208,893.784080487551,497.100651138683,954.103763070767,624.23013697968,247.120411644825
"2968","abcg5",2054,221.083169233862,413.038701378497,242.710556412521,499.207141598637,374.64770481713,679.833940723153,405.0868690273,170.621090083231
"2969","nat8",4149,147.483502355237,78.4338755038746,83.6045396597724,197.604709262664,113.220382908419,179.52206553662,133.311512537765,49.7108988811371
"2970","slc39a8",7810,127.686423362145,6.60861922205595,201.337272247935,27.4676870671468,10.0424373967411,8.74384489676081,63.6477140321308,81.8654798452285
"2971","oga",5075,0,0,0,0,0.32394959344326,0.136622576511888,0.076762028325858,0.132856775174322
"2972","pprc1",4241,0,0,0,0,0.16197479672163,0,0.026995799453605,0.0661259338598372
"2973","metap1",5329,0,0,0,0.542125402641054,0.809873983608151,0.341556441279719,0.282259304588154,0.34305531155608
"2974","adh8b",2561,1458.44796773512,4055.3444034082,1260.26455450649,611.336745711562,1242.18471605818,2351.20623048133,1829.79743631681,1226.14271014436
"2975","adh8a",1480,38532.219935507,36908.0948889895,40205.2991931924,16348.8757674463,43639.8976319285,36491.6169411722,35354.334059706,9666.39969214155
"2976","kiaa1109",15987,0,0,0,0.180708467547018,0,0,0.030118077924503,0.0737739229484146
"2977","letm1",6239,0,0,0,0,0.32394959344326,0,0.05399159890721,0.132251867719674
"2978","atrn",5658,0,0,0,0.180708467547018,0.16197479672163,0,0.057113877378108,0.0886785375175253
"2979","mavs",4706,0,0,0,0,0.16197479672163,0.409867729535663,0.0953070877095488,0.16716862425807
"2980","ckba",1767,0,0,0,0,0.32394959344326,0,0.05399159890721,0.132251867719674
"2981","trmt61a",2355,0,0,0,0,0.16197479672163,0.136622576511888,0.049766228872253,0.077513222057617
"2982","comtd1",961,0.378891463982625,0.173911032159367,0,0.542125402641054,0,0.273245153023775,0.228028841967804,0.214654950005948
"2983","vdac2",3252,0.189445731991312,0,0.190660295689333,0.90354233773509,2.26764715410282,1.0929806120951,0.77404602193561,0.852124000281909
"2984","marchf8",6223,0,0,0,0,0.16197479672163,0,0.026995799453605,0.0661259338598372
"2985","washc2c",4738,0,0,0,0.542125402641054,0,0,0.090354233773509,0.221321768845244
"2986","slc25a16",3098,0,0,0.190660295689333,0.180708467547018,0,0.136622576511888,0.0846652232913731,0.0945128846225886
"2987","si:ch211-198a12.6",3581,0,0,0,0,0.32394959344326,0,0.05399159890721,0.132251867719674
"2988","zgc:154058",13638,0.189445731991312,0,0.381320591378666,0.542125402641054,1.6197479672163,0.819735459071326,0.59206252538311,0.57749745061773
"2989","mat1a",2438,0.378891463982625,0.173911032159367,0.762641182757331,0.180708467547018,2.26764715410282,0.136622576511888,0.650070312843508,0.826247152678538
"2990","selenou1a",1736,0.378891463982625,0.173911032159367,0.190660295689333,0,0.48592439016489,0.683112882559438,0.318750010759276,0.246297155509166
"2991","eif3s10",4637,0,1.0434661929562,0.381320591378666,1.44566774037614,4.37331951148401,1.77609349465454,1.50331125514159,1.5520918514756
"2992","fam204a",4803,0,0,0,0,0.32394959344326,0,0.05399159890721,0.132251867719674
"2993","LOC141377165",6206,0.189445731991312,0.347822064318734,1.52528236551466,1.80708467547018,3.40147073115423,2.1859612241902,1.57617779877322,1.19927662206468
"2994","apcs",888,1.5155658559305,1.0434661929562,3.24122502671866,1.26495927282913,6.15504227542194,1.36622576511888,2.43108073149588,1.98905104562207
"2995","si:ch1073-126c3.2",1502,0,0.173911032159367,1.52528236551466,0.361416935094036,0.48592439016489,0,0.424422453822159,0.573178774857564
"2996","tspan14",3688,0,0.347822064318734,0,0,0,0,0.0579703440531224,0.141997763143735
"2997","camk2g2",4628,0,0,0,0,0,0.136622576511888,0.0227704294186479,0.0557759332997464
"2998","glud1a",2483,0,0,0,0,0,0.136622576511888,0.0227704294186479,0.0557759332997464
"2999","nfkb2",3706,147.009888025258,66.2601032527189,203.053214909139,348.586633898198,309.614823933396,222.011686831817,216.089391808421,103.661308745442
"3000","pbld",1025,0,0,0,0.180708467547018,0,0,0.030118077924503,0.0737739229484146
"3001","tspan15",1028,0,0,0.190660295689333,0,0,0,0.0317767159482221,0.0778367397745047
"3002","vps26a",4543,0,0,0,0.361416935094036,0.16197479672163,0,0.087231955302611,0.149131855477145
"3003","sorbs1",8266,0,0,0,0,0,0.136622576511888,0.0227704294186479,0.0557759332997464
"3004","prim2",2122,0,0,0,0.180708467547018,0,0,0.030118077924503,0.0737739229484146
"3005","map3k21",4447,0,0,0,0,0.16197479672163,0,0.026995799453605,0.0661259338598372
"3006","sf3b5",640,0,0,0.381320591378666,0,0,0,0.0635534318964443,0.155673479549009
"3007","agt",2641,0,0.521733096478102,0.762641182757331,1.08425080528211,1.6197479672163,0.54649030604755,0.755810559630232,0.552116713379866
"3008","urb2",7730,0,0,0,0,0.16197479672163,0.204933864767831,0.0611514435815769,0.0957044715664096
"3009","abcb10",3504,15.155658559305,39.4778043001764,23.8325369611666,96.4079674363342,77.6669150280216,88.2581844266794,56.7998444519472,34.9714164757769
"3010","LOC141377182",3336,0,0,0,1.44566774037614,0,0.683112882559438,0.354796770489264,0.60021894934853
"3011","rhoua",6107,0,0,0,0,0,0.136622576511888,0.0227704294186479,0.0557759332997464
"3012","zgc:153169",1703,0,0.173911032159367,0,0,0,0,0.0289851720265612,0.0709988815718676
"3013","echs1",2330,0,0,0,0.361416935094036,0,0,0.060236155849006,0.147547845896829
"3014","si:ch211-217g15.3",1080,0,0.173911032159367,0,0,0,0,0.0289851720265612,0.0709988815718676
"3015","erlin1",3837,0.189445731991312,0,0,0.180708467547018,0.16197479672163,0.136622576511888,0.111458595461975,0.0882141573496444
"3016","slka",5905,0,0,0,0,0,0.273245153023775,0.0455408588372959,0.111551866599493
"3017","kat6b",9694,0,0.173911032159367,0,0.722833870188072,0,0.273245153023775,0.194998342561869,0.282577650580343
"3018","adka",5462,0.189445731991312,0.173911032159367,0.381320591378666,0,0.48592439016489,0.409867729535663,0.273411579204983,0.182828249839842
"3019","chuk",3459,0,0,0,0,0.16197479672163,0,0.026995799453605,0.0661259338598372
"3020","gsto1",1413,5.11503476376544,198.780309758157,0,0.722833870188072,1.13382357705141,35.5218698930908,40.2123119770421,78.8685060164815
"3021","gsto2",1160,66.4954519289506,409.908302799628,20.2099913430693,169.233479857782,79.2056755968771,181.024913878251,154.346302567427,139.715244751703
"3022","tial1",2947,0,0,0,0,0.16197479672163,0,0.026995799453605,0.0661259338598372
"3023","bag3",2766,0,0,0,0,0.16197479672163,0,0.026995799453605,0.0661259338598372
"3024","sec23ip",4370,0,0,0,0,0.48592439016489,0,0.0809873983608151,0.198377801579512
"3025","csgalnact2",4848,0,0,0,0,0,0.136622576511888,0.0227704294186479,0.0557759332997464
"3026","pcbd1",1157,0.378891463982625,0,0,0.180708467547018,0.16197479672163,0,0.120262454708546,0.15209982144628
"3027","sgpl1",4300,0,0,0,0,0.16197479672163,0,0.026995799453605,0.0661259338598372
"3028","papolg",3443,0,0,0.190660295689333,0,0,0.136622576511888,0.0545471453668701,0.0862145351539329
"3029","slc17a5",3176,0,0,0,0,0.32394959344326,0,0.05399159890721,0.132251867719674
"3030","smap1",2555,0,0,0,0,0.16197479672163,0,0.026995799453605,0.0661259338598372
"3031","cyp17a1",2799,1.13667439194787,1.39128825727494,0.571980887067998,33.9731918988394,10.8523113803492,17.2144446404978,10.8566485759962,13.1502205181466
"3032","cnnm2a",5913,0,0,0,0,0.16197479672163,0,0.026995799453605,0.0661259338598372
"3033","nt5c2a",4909,0,0.173911032159367,0.381320591378666,0.361416935094036,0.16197479672163,0.819735459071326,0.316393135737504,0.284199578138288
"3034","polr1c",1286,0.189445731991312,0,0,0,0,0,0.0315742886652187,0.0773408962211285
"3035","ldb1a",4314,0,0,0,0,0,0.136622576511888,0.0227704294186479,0.0557759332997464
"3036","hif1an",2160,48.1192159257933,64.5209929311252,64.4431799429945,356.718514937814,423.32113123198,341.624752567975,216.457964589614,174.736023143323
"3037","dnajb12a",2028,100.879852285374,101.042309684592,157.485404239389,199.773210873228,142.780783310117,168.865504568693,145.137844160232,39.0108424558346
"3038","ppa1b",1224,0,0.521733096478102,0,0,0.16197479672163,0.136622576511888,0.136721744951937,0.202459859671083
"3039","eif4ebp2",2808,0.189445731991312,0.173911032159367,0,0,0.16197479672163,0.54649030604755,0.178636977819977,0.199777477602201
"3040","rps24",1858,0.947228659956562,0.521733096478102,0.381320591378666,2.89133548075229,4.69726910492727,6.42126109605872,2.64335800492527,2.49188906930131
"3041","rrp12",4184,0,0,0,0.361416935094036,0.64789918688652,0.136622576511888,0.190989783082074,0.264650222861535
"3042","pgam1a",1163,0.378891463982625,0,0,0,0.48592439016489,0.409867729535663,0.212447263947196,0.23531671015839
"3043","rtn1a",3986,0,0,0,1.44566774037614,1.45777317049467,0.683112882559438,0.597758965571709,0.712433345228711
"3044","mnat1",1213,0,0,0,0,0.16197479672163,0,0.026995799453605,0.0661259338598372
"3045","hif1aa",2154,0.568337195973937,1.91302135375304,3.43188532240799,11.4749876892356,2.34863455246364,8.47059974373703,4.70124430959521,4.29168482372896
"3046","utp25",2445,0,0,0,0.180708467547018,0.16197479672163,0,0.057113877378108,0.0886785375175253
"3047","rdh14a",1598,0,0.173911032159367,0,0,0.16197479672163,0,0.0559809714801662,0.0868074499943072
"3048","slc66a3",3214,0,0,0,0.180708467547018,0,0,0.030118077924503,0.0737739229484146
"3049","arg2",2144,0,0.173911032159367,0,0,0,0,0.0289851720265612,0.0709988815718676
"3050","trip11",7400,0,0,0,0,0.32394959344326,0,0.05399159890721,0.132251867719674
"3051","golga5",2414,0,0,0.381320591378666,0.722833870188072,0.971848780329781,1.0929806120951,0.52816397566527,0.47607725347919
"3052","rtf1",6214,0,0,0,0,0.16197479672163,0.136622576511888,0.049766228872253,0.077513222057617
"3053","ndufaf1",1463,0,0,0,0,0.16197479672163,0,0.026995799453605,0.0661259338598372
"3054","oip5-as1",4605,0,0.173911032159367,0,0,0,0,0.0289851720265612,0.0709988815718676
"3055","brf1a",4387,0,0,0,0,0.16197479672163,0,0.026995799453605,0.0661259338598372
"3056","jag2a",8751,0,0,0,0,0,0.136622576511888,0.0227704294186479,0.0557759332997464
"3057","cfl1l",1142,0,0,0,0,0,0.273245153023775,0.0455408588372959,0.111551866599493
"3058","rrbp1a",4683,0,0,0,0,1.29579837377304,0.273245153023775,0.261507254466136,0.518351246606651
"3059","cst3",1322,0.189445731991312,0,0,0.361416935094036,0.16197479672163,0.273245153023775,0.164347102805126,0.145155649951257
"3060","ephx5",2207,892.289397679081,862.511763994382,810.782907418888,784.545811855379,782.095305970391,842.346495484043,829.095280400361,44.3051876960044
"3061","kif16bb",8326,0,0,0,0,0.0809873983608151,0,0.0134978997268025,0.0330629669299186
"3062","erlec1",2083,0,0,0,0.180708467547018,0,0,0.030118077924503,0.0737739229484146
"3063","mycla",1764,0,0,0,0,0,0.273245153023775,0.0455408588372959,0.111551866599493
"3064","si:dkey-157l19.2",5477,0,0,0,0,0.48592439016489,0.409867729535663,0.149298686616759,0.232539666172851
"3065","lgmn",2298,0,0,0.381320591378666,0.361416935094036,0.32394959344326,0.136622576511888,0.200551616071308,0.177938729698771
"3066","dcaf5",2704,0,0,0,0,0,0.136622576511888,0.0227704294186479,0.0557759332997464
"3067","srsf5a",2139,0,0,0.190660295689333,0.180708467547018,0.16197479672163,0.136622576511888,0.111661022744978,0.0884300376326601
"3068","synj2bp",3310,0.189445731991312,0.347822064318734,0,0,0.16197479672163,0,0.116540432171946,0.142559233011923
"3069","lgals3a",2255,0,0.173911032159367,0,0,0.32394959344326,0,0.0829767709337712,0.137023734521591
"3070","cnih1",1941,0,0.347822064318734,0,0,0,0,0.0579703440531224,0.141997763143735
"3071","map4k5",4073,0,0,0,0,0.32394959344326,0,0.05399159890721,0.132251867719674
"3072","nin",10760,0,0,0,0,0,0.136622576511888,0.0227704294186479,0.0557759332997464
"3073","pygl",2848,0,0.173911032159367,0.381320591378666,1.62637620792316,1.45777317049467,0.273245153023775,0.652104359163274,0.702719712124436
"3074","esr2b",3076,208.579750922435,559.645701488844,861.593876220095,1663.06002683521,1771.51835174447,2041.00467051109,1184.23372962036,742.205047339234
"3075","syne2b",32838,0,0.521733096478102,0.190660295689333,0.361416935094036,0.809873983608151,0.273245153023775,0.359488243982233,0.280836953014907
"3076","snapc1b",2016,0,0,0,0,0.16197479672163,0,0.026995799453605,0.0661259338598372
"3077","ifi27.3",1503,0,0.173911032159367,0,0,0,0,0.0289851720265612,0.0709988815718676
"3078","ifi27.4",2428,0.75778292796525,0.869555160796836,0.190660295689333,0.180708467547018,0.16197479672163,0,0.360113608120011,0.359864700250877
"3079","LOC101885881",1527,0.378891463982625,0,0,0,0,0,0.0631485773304375,0.154681792442257
"3080","ifi27.6",738,0,0,0,0,0,0.273245153023775,0.0455408588372959,0.111551866599493
"3081","ifi27.7",2316,0,0,0.381320591378666,0,0,0,0.0635534318964443,0.155673479549009
"3082","phf3",7633,0,0,0,0,0.16197479672163,0,0.026995799453605,0.0661259338598372
"3083","lmbrd1",2337,0,0,0,0.180708467547018,0,0,0.030118077924503,0.0737739229484146
"3084","zgc:123010",4668,0,0,0,0.361416935094036,0.32394959344326,0.409867729535663,0.18253904301216,0.201808861270643
"3085","slc25a28",6828,0,0,0,0.361416935094036,0.16197479672163,0,0.087231955302611,0.149131855477145
"3086","got1",3198,0,0.347822064318734,0,0.180708467547018,0.32394959344326,0,0.142080020884835,0.16580632301235
"3087","st3gal7",2793,0,0,0,0,0.32394959344326,0,0.05399159890721,0.132251867719674
"3088","ipmka",3682,0,0,0,0,0,0.136622576511888,0.0227704294186479,0.0557759332997464
"3089","cisd1",1993,0,0,0,0,0,0.409867729535663,0.0683112882559438,0.167327799899239
"3090","nanp",1989,0.378891463982625,0.173911032159367,0.381320591378666,0.542125402641054,0.971848780329781,0.409867729535663,0.476327500004526,0.269912362874903
"3091","cyp1b1",3361,0,0,0.381320591378666,0,0,0,0.0635534318964443,0.155673479549009
"3092","kmo",6776,0.378891463982625,0,0,0,0,0,0.0631485773304375,0.154681792442257
"3093","mrpl14",614,0,0,0,0,0.16197479672163,0,0.026995799453605,0.0661259338598372
"3094","eif3s6ip",2002,0,0,0,0,0.16197479672163,0.273245153023775,0.0725366582909009,0.117753426827362
"3095","zfyve21",1682,0,0,0,0,0.0809873983608151,0.341556441279719,0.0704239732734224,0.136720550908212
"3096","glo1",3536,0,0,0.381320591378666,0,0.32394959344326,0,0.117545030803654,0.183001490104117
"3097","khdrbs1a",4964,0,0,0.190660295689333,0,0.64789918688652,0.136622576511888,0.16253034318129,0.251512925475228
"3098","chp1",1537,0,0,0,0,0.32394959344326,0,0.05399159890721,0.132251867719674
"3099","syf2",963,0,0,0,0,0,0.273245153023775,0.0455408588372959,0.111551866599493
"3100","rsrp1",2485,0,0,0,0.180708467547018,0,0,0.030118077924503,0.0737739229484146
"3101","mgst3b",1078,3885.9108546058,2005.80288941006,1535.3873611862,1664.50569457558,752.615892967054,1934.57568340833,1963.13306269217,1042.80460139418
"3102","tmem50a",1689,0,0,0,0,0,0.409867729535663,0.0683112882559438,0.167327799899239
"3103","maco1b",4036,0,0,0,0.180708467547018,0,0,0.030118077924503,0.0737739229484146
"3104","ldlrap1b",6308,0,0,0,0,0.16197479672163,0,0.026995799453605,0.0661259338598372
"3105","bsdc1",2327,0,0.173911032159367,0,0,0.16197479672163,0,0.0559809714801662,0.0868074499943072
"3106","tmem63ba",10604,0,0,0,0,0,0.136622576511888,0.0227704294186479,0.0557759332997464
"3107","LOC571446",3480,0.189445731991312,0,0,0,0.16197479672163,0,0.0585700881188238,0.0911512905111682
"3108","slc29a1a",5352,0,0,0,0,0.16197479672163,0,0.026995799453605,0.0661259338598372
"3109","zc3h6",7623,0,0,0,0.361416935094036,0,0,0.060236155849006,0.147547845896829
"3110","golga4",8353,0,0,0.571980887067998,0.361416935094036,0.48592439016489,0,0.236553702054487,0.267641897081485
"3111","msh6",4871,0,0,0,0.361416935094036,0,0,0.060236155849006,0.147547845896829
"3112","ntpcr",1387,0,0,0.190660295689333,0,0,0,0.0317767159482221,0.0778367397745047
"3113","irf2bp2a",2138,0,0,0,0,0.16197479672163,0,0.026995799453605,0.0661259338598372
"3114","tomm20a",3214,0,0.173911032159367,0,0,0.48592439016489,0,0.109972570387376,0.196877506403458
"3115","nid1a",5227,0,0.347822064318734,0.190660295689333,0.542125402641054,2.10567235738119,0.54649030604755,0.622128404346311,0.756502043783664
"3116","dnajc12",704,47.929770193802,50.5211548422962,48.5230452529352,61.6215874335332,33.285820726295,54.4440967399872,49.3875791981415,9.36657432380562
"3117","cox5b2",545,0,0,0.190660295689333,0.180708467547018,0.32394959344326,0.136622576511888,0.138656822198583,0.124307425399353
"3118","pwwp2b",3007,0,0.173911032159367,0,0.361416935094036,0.16197479672163,0,0.116217127329172,0.145646530164399
"3119","tmem254",1089,0,0,0,0.180708467547018,0,0,0.030118077924503,0.0737739229484146
"3120","klc1b",5919,0.75778292796525,0,0,0.180708467547018,0,0,0.156415232585378,0.303346721179033
"3121","mrpl2",1609,0.189445731991312,0.347822064318734,0.190660295689333,0.361416935094036,0.32394959344326,0.136622576511888,0.258319532841427,0.0970346374673512
"3122","zmp:0000000755",8041,0.189445731991312,0,0,0,0,0,0.0315742886652187,0.0773408962211285
"3123","lbh",1285,0,0,0,0.180708467547018,0,0.136622576511888,0.0528885073431509,0.0831121091081427
"3124","lclat1",2789,0.189445731991312,0,0.381320591378666,0,0.32394959344326,0.273245153023775,0.194660178306169,0.163429386227204
"3125","slc30a10",4078,3.22057744385231,195.21513359889,0.571980887067998,1.80708467547018,1.45777317049467,30.398523273895,38.778512174945,77.4938326618315
"3126","klhdc3",2022,0.378891463982625,0,0.190660295689333,0,0.971848780329781,0.136622576511888,0.279670519418938,0.367089164503699
"3127","npas4l",4647,0,0.173911032159367,0,5.05983709131651,2.26764715410282,3.55218698930908,1.84226371114796,2.14610526171576
"3128","mcm7",2640,0,0.173911032159367,0,0,0,0.136622576511888,0.0517556014452091,0.081041867986555
"3129","cops6",1430,0.189445731991312,0,0,0,0,0,0.0315742886652187,0.0773408962211285
"3130","lyar",1457,0,0,0.190660295689333,0.361416935094036,0.16197479672163,0,0.119008671250833,0.147126476951493
"3131","tmem128",1302,0.189445731991312,0,0,0.542125402641054,0.16197479672163,0.273245153023775,0.194465180729629,0.201885188602436
"3132","slc2a9l2",3241,0.189445731991312,0,0.381320591378666,1.08425080528211,0.32394959344326,0.614801594303494,0.432294719399807,0.379090195193288
"3133","bod1l1",5828,0,0.95651067687652,0,0,0.48592439016489,0.273245153023775,0.285946703344198,0.38343317505568
"3134","ube2ka",1233,0,0,0,0,0,0.136622576511888,0.0227704294186479,0.0557759332997464
"3135","tcof1",2440,0,0,0,0.180708467547018,0,0,0.030118077924503,0.0737739229484146
"3136","f8",7447,0,0,0.571980887067998,0.180708467547018,0.16197479672163,0.409867729535663,0.220755313478718,0.22875647546135
"3137","slc16a2",5425,0,0.347822064318734,0.190660295689333,0,0.16197479672163,0,0.11674285945495,0.142684266932269
"3138","sec24b",4487,0,0,0,0,0,0.409867729535663,0.0683112882559438,0.167327799899239
"3139","srp72",4003,0,0,0,0,0.16197479672163,0,0.026995799453605,0.0661259338598372
"3140","pmt",2312,0.189445731991312,0.173911032159367,0,1.26495927282913,0.32394959344326,0.683112882559438,0.439229752163751,0.464823965106919
"3141","diaph1",7263,0,0,0,0,1.13382357705141,0.683112882559438,0.302822743268475,0.490303871319094
"3142","fbxw11a",2681,0,0,0,0,0.32394959344326,0,0.05399159890721,0.132251867719674
"3143","cd74a",1370,0,0,0,0,0,0.273245153023775,0.0455408588372959,0.111551866599493
"3144","LOC110440201",2190,0,0,0,0.180708467547018,0,0,0.030118077924503,0.0737739229484146
"3145","gstp1.1",714,2.93640884586534,2.17388790199209,0.762641182757331,0.632479636414563,0.48592439016489,0.751424170815382,1.29046102133493,1.0138008183617
"3146","gstp1.2",2329,5907.67570641709,4008.21451369302,2638.1665114533,2696.17033580151,2201.88538663384,4393.71374933405,3640.9710338888,1400.6193066665
"3147","irf2b",3400,0,0.347822064318734,0.190660295689333,0,0.48592439016489,0,0.17073445836216,0.209070570909963
"3148","dhrs13l1",1529,0.189445731991312,0,0,0,0,0,0.0315742886652187,0.0773408962211285
"3149","gnpda2",4835,0,0,0,0,0,0.0683112882559438,0.011385214709324,0.0278879666498732
"3150","tubb4b",1593,0.189445731991312,0,0.381320591378666,0.90354233773509,0.16197479672163,0,0.272713909637783,0.339906578510142
"3151","elp1",4518,0,0,0,0.542125402641054,0,0,0.090354233773509,0.221321768845244
"3152","slc44a1b",7546,0,0,0,0,0,0.136622576511888,0.0227704294186479,0.0557759332997464
"3153","abca1b",8528,13.4506469713832,81.1294965023448,235.560795324171,602.210968100438,380.640772295831,143.726950490506,242.786604947445,217.615566575886
"3154","nipsnap3a",1399,0,0,0,0.271062701320527,0.16197479672163,0.0683112882559438,0.0835581310496835,0.111790417600334
"3155","adam19b",5016,0,0,0,0.180708467547018,0,0,0.030118077924503,0.0737739229484146
"3156","si:dkeyp-44a8.2",3297,0,0,0,0,0.32394959344326,0,0.05399159890721,0.132251867719674
"3157","clk4a",2004,0,0,0,0,0,0.0683112882559438,0.011385214709324,0.0278879666498732
"3158","rack1",1045,2.84168597986969,2.78257651454988,3.05056473102932,7.40904716942774,18.9510512164307,7.7874868611776,7.13706874541416,6.23183164991973
"3159","hnrnpaba",1882,0,0,0.190660295689333,0.180708467547018,0,0.273245153023775,0.107435652710021,0.121996143715408
"3160","eif4ebp3l",1121,0,0,0,0.180708467547018,0.64789918688652,0,0.138101275738923,0.259998897092698
"3161","hbegfa",1745,0,0,0,0.180708467547018,0,0,0.030118077924503,0.0737739229484146
"3162","ctsf",4771,0,0.173911032159367,0,0,0.32394959344326,0,0.0829767709337712,0.137023734521591
"3163","hars",2350,0,0,0,0.361416935094036,0.16197479672163,0.54649030604755,0.178313672977203,0.230102192308548
"3164","ube2d2",1825,0,0,0,0,0.32394959344326,0,0.05399159890721,0.132251867719674
"3165","zgc:110843",2473,0.189445731991312,0,0,0,0.16197479672163,0.136622576511888,0.0813405175374717,0.0906571230471183
"3166","dnajc4",3151,90.9339513558299,108.172662003126,78.7427021196944,112.400666814245,74.7513686870323,105.540940355433,95.0903818892269,15.9887722861052
"3167","trmt112",741,0,0,0,0,0.16197479672163,0,0.026995799453605,0.0661259338598372
"3168","atg2a",9620,0,0,0,0,0,0.136622576511888,0.0227704294186479,0.0557759332997464
"3169","rps6kal",6455,0,0,0,0,0,0.136622576511888,0.0227704294186479,0.0557759332997464
"3170","arhgef9b",10116,0,0,0,0,0.32394959344326,0,0.05399159890721,0.132251867719674
"3171","sh3bgrl",3631,0.568337195973937,1.5651992894343,0.953301478446664,0.542125402641054,0.64789918688652,0.956358035583214,0.872203431494282,0.386134882677253
"3172","hmgn6",1153,0,0,0,0.542125402641054,0,0,0.090354233773509,0.221321768845244
"3173","st3gal5",3918,0,0,0,0,0,0.273245153023775,0.0455408588372959,0.111551866599493
"3174","nup62l",1856,0,0,0,0,0.32394959344326,0.136622576511888,0.076762028325858,0.132856775174322
"3175","atrx",8617,0,0.521733096478102,0.381320591378666,0,0.16197479672163,0.273245153023775,0.223045606267029,0.209768210624892
"3176","abcb7",2984,203.654161890661,161.389437843893,202.86255461345,589.109604203279,480.174284881272,555.439084809079,365.438188040272,196.740649209887
"3177","tmsb1",532,0,0,0,0,0,0.409867729535663,0.0683112882559438,0.167327799899239
"3178","hspa9",3054,309.838494671791,329.474450425921,561.58990095293,1364.07786727867,1423.75846318313,918.513581889421,817.875459733643,497.569835683312
"3179","hdac3",6642,0,0,0,0.180708467547018,0,0,0.030118077924503,0.0737739229484146
"3180","magt1",1579,0.189445731991312,0,0,0.361416935094036,0,0,0.0918104445142248,0.152274055578154
"3181","thoc2",8384,0,0,0,0,0.48592439016489,0,0.0809873983608151,0.198377801579512
"3182","pls3",2422,0,0,0,0.180708467547018,0,0,0.030118077924503,0.0737739229484146
"3183","rab9b",6245,0,0,0.381320591378666,0,0,0,0.0635534318964443,0.155673479549009
"3184","ogt.2",4095,0,0,0,0,0.0809873983608151,0,0.0134978997268025,0.0330629669299186
"3185","ogt.1",5624,0,0,0,0,0,0.273245153023775,0.0455408588372959,0.111551866599493
"3186","LOC108192158",423,0,0,0,0,0,0.273245153023775,0.0455408588372959,0.111551866599493
"3187","spink2.1",711,0,0.869555160796836,0.762641182757331,0,0,0.273245153023775,0.31757358276299,0.401819059314853
"3188","dusp1",2302,0,0,0,0,0.971848780329781,0,0.16197479672163,0.396755603159023
"3189","prelid1a",1452,0.189445731991312,0,0,0,0,0.273245153023775,0.0771151475025146,0.122370031604722
"3190","rnf103",3080,0,0,0,0,0.32394959344326,0,0.05399159890721,0.132251867719674
"3191","immt",3712,0,0,0,0.361416935094036,0.16197479672163,0.136622576511888,0.110002384721259,0.143471681033118
"3192","ptcd3",2218,0,0,0,0,0.16197479672163,0,0.026995799453605,0.0661259338598372
"3193","prpf19",1977,0,0,0,0,0.16197479672163,0,0.026995799453605,0.0661259338598372
"3194","itln3",1175,0.189445731991312,0,0.953301478446664,3.9755862860344,1.13382357705141,0.409867729535663,1.11033746717657,1.47013002318699
"3195","ltc4s",3392,0,0,0,0,0.16197479672163,0,0.026995799453605,0.0661259338598372
"3196","maml1",6536,0,0,0,0,0.32394959344326,0,0.05399159890721,0.132251867719674
"3197","canx",4203,0,0,0,0,0.32394959344326,0,0.05399159890721,0.132251867719674
"3198","mgat4b",3186,0,0,0,0,0.32394959344326,0,0.05399159890721,0.132251867719674
"3199","sqstm1",1939,0,0,0,0,0.16197479672163,0,0.026995799453605,0.0661259338598372
"3200","tcirg1b",3372,0,0,0,0,0.16197479672163,0,0.026995799453605,0.0661259338598372
"3201","selenot2",1680,0,0,0,0,0.32394959344326,0,0.05399159890721,0.132251867719674
"3202","fmr1",2304,0.189445731991312,1.0434661929562,0.381320591378666,0,0.16197479672163,0,0.296034552174635,0.39256435724788
"3203","lygl1",1830,0,0,0,0,0.16197479672163,0,0.026995799453605,0.0661259338598372
"3204","si:dkey-74k8.3",2145,0,0,0,0,0.32394959344326,0,0.05399159890721,0.132251867719674
"3205","aldob",2648,4.92558903177412,12.1737722511557,14.4901824723893,6.14408789659861,36.9302536525317,9.01709004978458,13.9468292257057,11.8173147321841
"3206","egr1",1536,0,0,0,0,0.16197479672163,0,0.026995799453605,0.0661259338598372
"3207","reep2",3106,0,0,0,0,0.48592439016489,0,0.0809873983608151,0.198377801579512
"3208","ran",3354,0,0,0,1.26495927282913,0.32394959344326,0.273245153023775,0.310359003216027,0.490263592243185
"3209","ctbp1l",5872,0,0,0,0.180708467547018,0,0,0.030118077924503,0.0737739229484146
"3210","med19a",1014,0,0,0.190660295689333,0,0,0,0.0317767159482221,0.0778367397745047
"3211","ccng1",1941,3.22057744385231,2.43475445023114,2.09726325258266,3.07204394829931,3.56344552787586,4.64516760140418,3.17220870404091,0.898264234955695
"3212","atp7a",11507,0,0,0,0.180708467547018,0,0,0.030118077924503,0.0737739229484146
"3213","wu:fb13g09",8756,0.947228659956562,0.695644128637469,0,2.16850161056422,1.94369756065956,1.02466932383916,1.12995688060949,0.806306919390003
"3214","med12",7801,0,0.695644128637469,1.33462206982533,0.361416935094036,0.809873983608151,1.77609349465454,0.829608435303254,0.644462886358404
"3215","hspa4b",2943,283.031923595021,504.341993262165,473.409514196613,660.670157351898,764.197090932651,685.367155071884,561.836305735039,175.974239750076
"3216","ndfip1",1777,0,0,0.0953301478446664,0,0.16197479672163,0.204933864767831,0.077039801555688,0.0913353980090309
"3217","nr3c1",3988,96.8067690475606,106.520507197612,70.3536491093638,198.417897366626,267.33940198905,278.710056084251,169.691380132411,91.0122312619093
"3218","cpeb4a",6652,0,0,0,0.180708467547018,0.32394959344326,0,0.0841096768317131,0.137950906423143
"3219","ppargc1b",3050,0,0,0,0,0,0.136622576511888,0.0227704294186479,0.0557759332997464
"3220","matr3l1.2",5610,0,0,0,0,0.16197479672163,0.136622576511888,0.049766228872253,0.077513222057617
"3221","slc25a48",2341,0.189445731991312,0,0.190660295689333,0.361416935094036,0.48592439016489,0.273245153023775,0.250115417660558,0.166314358005465
"3222","g3bp1",2074,0,0.173911032159367,0,0.361416935094036,0.32394959344326,0,0.143212926782777,0.168968004536612
"3223","sparc",1785,0,0,0,0.180708467547018,0,0,0.030118077924503,0.0737739229484146
"3224","atox1",618,0,0,0,0,0,0.136622576511888,0.0227704294186479,0.0557759332997464
"3225","tmed9",1917,0,0,0,0,0.16197479672163,0,0.026995799453605,0.0661259338598372
"3226","lman2",1980,0.378891463982625,0,0,0,0,0,0.0631485773304375,0.154681792442257
"3227","syvn1",2659,0.378891463982625,0,0,0,0,0.409867729535663,0.131459865586381,0.203892187017394
"3228","tgfbi",3030,0,0.173911032159367,0,0.180708467547018,0.809873983608151,0.136622576511888,0.216852676637737,0.301765370743001
"3229","eef1g",1471,2.84168597986969,1.91302135375304,2.66924413965066,15.7216366765906,15.5495804852765,15.0284834163076,8.95394200857468,7.10824670478867
"3230","klhl4",4332,0,0,0.190660295689333,0,0,0,0.0317767159482221,0.0778367397745047
"3231","tsc22d3",3986,0,0,0,0.361416935094036,2.26764715410282,0,0.438177348199476,0.907838034633121
"3232","acsl4a",6739,0,0.173911032159367,0,0.361416935094036,0.16197479672163,0.54649030604755,0.207298845003764,0.213503100969093
"3233","tenm2a",12756,0,0,0,0,0.16197479672163,0,0.026995799453605,0.0661259338598372
"3234","cyp4v2b",4562,5513.43913814316,5059.15888103207,4824.27746182719,6819.93756522446,3246.13690109819,4692.64394674206,5025.93231567786,1164.18549009206
"3235","LOC141377532",5723,0,0,0,0,0,0.409867729535663,0.0683112882559438,0.167327799899239
"3236","asah1a",1574,0,0,0,0,0.16197479672163,0,0.026995799453605,0.0661259338598372
"3237","fgl1",1192,0,0,0,0,0,0.273245153023775,0.0455408588372959,0.111551866599493
"3238","slc7a2",3946,0,0.173911032159367,0,0,0,0.683112882559438,0.142837319119801,0.273668872554191
"3239","pfdn6",578,0,0,0,0,0,0.273245153023775,0.0455408588372959,0.111551866599493
"3240","mrpl11",853,0.568337195973937,0.347822064318734,0.571980887067998,0.180708467547018,0.32394959344326,0.273245153023775,0.377673893562454,0.159740962586336
"3241","atl3",4762,0,0,0.190660295689333,0,0,0.273245153023775,0.077317574785518,0.122593815324465
"3242","cfl1",1709,0,0,0,0,0.16197479672163,0,0.026995799453605,0.0661259338598372
"3243","ubl3b",2655,0,0,0,0.542125402641054,0.16197479672163,0.273245153023775,0.16289089206441,0.217070515873294
"3244","foxo4",6715,0,0,0,0,0.32394959344326,0,0.05399159890721,0.132251867719674
"3245","gpc4",2776,0,0,0,0.361416935094036,0,0,0.060236155849006,0.147547845896829
"3246","hprt1",1813,0,0,0,0.180708467547018,0,0,0.030118077924503,0.0737739229484146
"3247","mospd1",1442,0.568337195973937,0,0,0,0,0,0.0947228659956562,0.232022688663385
"3248","slc9a6a",3389,0,0,0,0,0,0.136622576511888,0.0227704294186479,0.0557759332997464
"3249","map7d3",4563,0,0,0,0.361416935094036,0.16197479672163,0,0.087231955302611,0.149131855477145
"3250","rbmx",2717,0,0.173911032159367,0,0.361416935094036,0.32394959344326,0.54649030604755,0.234294644457369,0.216840198877917
"3251","f9a",1473,0.75778292796525,0,0.190660295689333,0.542125402641054,0.16197479672163,0,0.275423903836211,0.308406271143567
"3252","atp11c",6682,0,0,0,0,0.32394959344326,0,0.05399159890721,0.132251867719674
"3253","nkrf",3354,0.189445731991312,0,0,0.180708467547018,0,0.273245153023775,0.107233225427018,0.121831327211857
"3254","ube2a",1653,0,0,0,0.542125402641054,0,0,0.090354233773509,0.221321768845244
"3255","slc25a5",1264,5.11503476376544,2.95648754670924,4.57584709654399,19.3358060275309,44.8670186918915,32.6527957863411,18.250498318797,17.3809463280351
"3256","lnx2b",3617,0,0,0,0,0.16197479672163,0,0.026995799453605,0.0661259338598372
"3257","kdrl",8975,0,0,0,0.180708467547018,0,0,0.030118077924503,0.0737739229484146
"3258","dlg3",6237,0,0.173911032159367,0,0.361416935094036,0,0,0.0892213278755672,0.150402510612175
"3259","septin6",4486,0,0,0,0,0.32394959344326,0.54649030604755,0.145073316581802,0.235506853654724
"3260","sowahd",2613,0,0,0,0,0.16197479672163,0,0.026995799453605,0.0661259338598372
"3261","rpl39",399,2.08390305190444,2.26084341807177,2.85990443533999,1.62637620792316,5.34516829181379,5.73814821349928,3.31905726975874,1.7707930352256
"3262","upf3b",2278,0,0,0,0.180708467547018,0,0.136622576511888,0.0528885073431509,0.0831121091081427
"3263","nkap",1644,0,0,0,0,0.32394959344326,0,0.05399159890721,0.132251867719674
"3264","lamp2",7453,0,0,0.190660295689333,0,0,0.0683112882559438,0.0431619306575461,0.0772529182711042
"3265","med7",1000,0,0,0.190660295689333,0,0.32394959344326,0,0.0857683148554322,0.139396889811469
"3266","clint1a",2364,0,0,0,0,0.32394959344326,0.136622576511888,0.076762028325858,0.132856775174322
"3267","pdgfc",7263,0,0,0,0,0.16197479672163,0,0.026995799453605,0.0661259338598372
"3268","adh5l",1744,0.189445731991312,0,0.381320591378666,0,0,0.273245153023775,0.140668579398959,0.165669609192126
"3269","zgc:77938",1340,1.89445731991312,3.30430961102798,1.143961774136,0.361416935094036,0.809873983608151,1.0929806120951,1.4345000393124,1.04407486275448
"3270","si:dkey-237h12.3",12428,0,0,0,0.361416935094036,0,0,0.060236155849006,0.147547845896829
"3271","tdo2a",1717,0.378891463982625,0,0.190660295689333,0.542125402641054,2.26764715410282,1.22960318860699,0.76815458417047,0.847064208648957
"3272","rnf130",5745,0,0,0,0,0.16197479672163,0,0.026995799453605,0.0661259338598372
"3273","lect2.1",662,0,0,1.90660295689333,0,0,0,0.317767159482221,0.778367397745047
"3274","lect2.2",702,0,0,0.190660295689333,0,0,0,0.0317767159482221,0.0778367397745047
"3275","rnasel3",1128,0.75778292796525,0.695644128637469,0.762641182757331,0.451771168867545,2.18665975574201,0.273245153023775,0.854624052832229,0.680841340289672
"3276","csnk1a1",3612,0,0,0,0,0.16197479672163,0,0.026995799453605,0.0661259338598372
"3277","hnrnpa0b",4965,0,0,0.190660295689333,0.361416935094036,0.809873983608151,0.409867729535663,0.295303157321197,0.305822577983366
"3278","gsr",2205,194.750212487069,494.081242364762,157.485404239389,94.2394658257699,67.3815154361981,163.19566764345,195.18891799944,153.822924877506
"3279","uqcrq",437,0,0,0,0.180708467547018,0,0,0.030118077924503,0.0737739229484146
"3280","diaph2",13851,0,0,0,0.180708467547018,0.48592439016489,0,0.111105476285318,0.197338035886034
"3281","mid1ip1l",1235,0,0,0,0.180708467547018,0.16197479672163,0.409867729535663,0.125425165634052,0.162784586300392
"3282","tspan6",1989,0,0,0,0.180708467547018,0,0,0.030118077924503,0.0737739229484146
"3283","adh5",1291,5842.60109747807,5834.88903997893,5883.01408379005,8593.22975726335,8279.74667141793,11039.7189837548,7578.86660561386,2118.00170412141
"3284","gar1",1284,0,0.347822064318734,0,0.180708467547018,0.809873983608151,0.273245153023775,0.268608278082946,0.300430384388246
"3285","slc30a9",3216,144.547093509371,77.3904093109184,105.149153072667,245.763515863945,164.809355664259,213.199530646801,158.476509677993,63.6655741844747
"3286","ganabb",5017,0,0,0,0,0.32394959344326,0,0.05399159890721,0.132251867719674
"3287","rarres3l",1412,0,0,0.190660295689333,0.180708467547018,0,0,0.0618947938727251,0.0959386319938456
"3288","nocta",3669,0,0,0.190660295689333,0,0.16197479672163,0,0.0587725154018271,0.0915007450520586
"3289","mgarpa",10816,0.189445731991312,0,0,0,0.64789918688652,0.136622576511888,0.162327915898287,0.251486244741695
"3290","ndufc1",631,0,0,0.190660295689333,0,0,0,0.0317767159482221,0.0778367397745047
"3291","naa15a",7542,0,0,0,0,0.48592439016489,0,0.0809873983608151,0.198377801579512
"3292","ugl",2128,0,0,0.190660295689333,0.180708467547018,0.32394959344326,0,0.115886392779935,0.136654529012628
"3293","mgst2",1095,480.150207731981,914.685073642192,516.689401318092,757.258833255779,811.81768116881,826.088408879129,717.781600999331,177.65659585336
"3294","si:ch211-113d11.6",2597,0.75778292796525,0,0,0.542125402641054,0.971848780329781,0.136622576511888,0.401396614574662,0.415830553277063
"3295","tmem33",1665,0,0,0,0,0.16197479672163,0.136622576511888,0.049766228872253,0.077513222057617
"3296","ccna2",1912,0,0,0,0.180708467547018,0,0,0.030118077924503,0.0737739229484146
"3297","qdpra",1502,0,0,0,0,0.32394959344326,0,0.05399159890721,0.132251867719674
"3298","LOC795897",1684,0.189445731991312,0,3.81320591378666,3.61416935094036,1.78172276393793,0.204933864767831,1.60057960423735,1.7597757017895
"3299","mif",610,0,0,0,0.180708467547018,0,0,0.030118077924503,0.0737739229484146
"3300","ppp2caa",3042,0,0,0,0,0.16197479672163,0,0.026995799453605,0.0661259338598372
"3301","nsd1a",12106,0,0,0,0,0,0.273245153023775,0.0455408588372959,0.111551866599493
"3302","gpx3",4460,1018.3655323193,200.867242144069,406.678410705347,628.775112829849,546.098027146976,764.130070430988,594.152399262755,283.611303414765
"3303","dctn4",3303,0,0,0,0,0,0.136622576511888,0.0227704294186479,0.0557759332997464
"3304","cdhr2",5272,0,0.869555160796836,0,0,0,0.273245153023775,0.190466718970102,0.350178144694378
"3305","faf2",1859,0,0,0.190660295689333,0,0,0,0.0317767159482221,0.0778367397745047
"3306","cltb",4051,0,0,0,0,0,0.136622576511888,0.0227704294186479,0.0557759332997464
"3307","abhd18",4242,0,0,0,0.180708467547018,0.16197479672163,0,0.057113877378108,0.0886785375175253
"3308","nfkb1",7447,1.70501158792181,1.91302135375304,5.81513901852465,57.9170638488193,41.1415983672941,28.1442507614489,22.7726808229603,23.528403506572
"3309","cpxm1b",4038,0,0.173911032159367,0,0,0,0,0.0289851720265612,0.0709988815718676
"3310","igfbp7",2270,0,0,0,0.180708467547018,0,0.273245153023775,0.0756589367617989,0.120807959690264
"3311","noa1",6259,0,0,0,0,0.16197479672163,0,0.026995799453605,0.0661259338598372
"3312","exosc3",2253,0,0,0,0.180708467547018,0,0,0.030118077924503,0.0737739229484146
"3313","tcerg1a",3802,0.189445731991312,0,0.190660295689333,0.361416935094036,0,0,0.123587160462447,0.149144572350328
"3314","rpl26",524,1.5155658559305,1.91302135375304,1.33462206982533,4.51771168867545,7.12689105575173,6.83112882559438,3.87315680825507,2.66819642152754
"3315","atp6v0e1",900,0,0,0,0.361416935094036,0,0,0.060236155849006,0.147547845896829
"3316","ncbp1",3875,0.189445731991312,0,0.190660295689333,0.542125402641054,0.16197479672163,0.409867729535663,0.249012326096499,0.194075008752076
"3317","slc49a3",2360,0,0,0.190660295689333,0,0,0,0.0317767159482221,0.0778367397745047
"3318","cyp2y3",2246,4241.3110478215,2824.14125123596,2581.73106392926,4280.26076231867,1772.32822572808,3224.56605083357,3154.05640031117,979.898320137865
"3319","apoa1b",1161,149.472682541145,127.389831056736,189.039683175973,56.3810418746696,117.26975282646,71.0437397861816,118.432788543528,49.2473980195208
"3320","LOC100002960",1524,0.568337195973937,0,1.52528236551466,0.90354233773509,0.64789918688652,0.54649030604755,0.69859189869296,0.50122318071152
"3321","si:ch1073-280e3.1",3348,0.378891463982625,0,0.381320591378666,0,0.32394959344326,0,0.180693608134092,0.199000700429534
"3322","nudt8",1667,0,0,0,0,0.0809873983608151,0,0.0134978997268025,0.0330629669299186
"3323","pcsk7",2891,0,0.173911032159367,0,0.361416935094036,0,0,0.0892213278755672,0.150402510612175
"3324","alox5b.3",2667,0,0,0.190660295689333,0,0,0,0.0317767159482221,0.0778367397745047
"3325","gfm1",2513,0,0,0,0,0.16197479672163,0,0.026995799453605,0.0661259338598372
"3326","lxn",3013,0,0,0,0.180708467547018,0.32394959344326,0,0.0841096768317131,0.137950906423143
"3327","kpna4",5631,0,0.347822064318734,0,0.180708467547018,0.16197479672163,0,0.11508422143123,0.14170766056114
"3328","schip1",1316,0,0,0,0,0.16197479672163,0,0.026995799453605,0.0661259338598372
"3329","ift80",3825,0,0.173911032159367,0,0,0,0,0.0289851720265612,0.0709988815718676
"3330","rabgef1l",6159,0,0,0,0,0.16197479672163,0,0.026995799453605,0.0661259338598372
"3331","bud23",1210,0,0,0,0.180708467547018,0,0,0.030118077924503,0.0737739229484146
"3332","taf15",4558,0,0,0,0.542125402641054,0,0,0.090354233773509,0.221321768845244
"3333","porb",4392,0.189445731991312,0.869555160796836,0.190660295689333,0.180708467547018,1.29579837377304,0.54649030604755,0.545443055974182,0.459068421446683
"3334","srprb",1107,0,0,0.190660295689333,0,0.32394959344326,0.956358035583214,0.245161320785968,0.372905065777299
"3335","dnajc30b",1305,114.425222122753,71.1296121531812,48.8090356964692,98.9378859819924,49.7262625935404,77.2600670174725,76.7146809275681,26.2851515470725
"3336","fndc3a",6379,0,0,0,0.542125402641054,0.48592439016489,0,0.171341632134324,0.266035612552576
"3337","foxo1a",7531,0,0,0.190660295689333,0,0.48592439016489,0,0.112764114309037,0.198080482861919
"3338","atp1b3b",1758,0,0.173911032159367,0,0,0,0,0.0289851720265612,0.0709988815718676
"3339","eif4h",2211,0,0,0,0.542125402641054,0.32394959344326,0,0.144345832680719,0.234020928468818
"3340","spcs2",2756,0,0,0,0,0.32394959344326,0,0.05399159890721,0.132251867719674
"3341","abcg1",3262,0.947228659956562,1.0434661929562,0.190660295689333,4.51771168867545,6.96491625903009,3.41556441279719,2.84659125151747,2.60728910228253
"3342","wdr62",5463,0,0,0,0,0,0.136622576511888,0.0227704294186479,0.0557759332997464
"3343","chchd2",900,1.5155658559305,1.0434661929562,0.953301478446664,1.26495927282913,0.32394959344326,0.683112882559438,0.964059212694199,0.421851344944453
"3344","rbp2a",579,0.75778292796525,3.13039857886861,0.953301478446664,2.52991854565825,4.21134471476238,5.73814821349928,2.88681574320007,1.91532974709253
"3345","igsf5b",8070,0,0,0,0,0.16197479672163,0,0.026995799453605,0.0661259338598372
"3346","bace2",2743,0,0,0.381320591378666,0,0.16197479672163,0,0.0905492313500493,0.156490414015607
"3347","nop53",1489,0,0,0.190660295689333,0,2.42962195082445,0.683112882559438,0.550565854845537,0.957843496555491
"3348","ech1",1568,0.189445731991312,0,0,0.180708467547018,0,0,0.0616923665897217,0.0956133327944091
"3349","si:ch73-311h14.2",2157,0,0,0,0.361416935094036,0,0,0.060236155849006,0.147547845896829
"3350","LOC141377757",2250,0,0,0,0,0.16197479672163,0,0.026995799453605,0.0661259338598372
"3351","gbe1b",4754,0,0,0.571980887067998,0,0.32394959344326,0.136622576511888,0.172092176170524,0.233699336790353
"3352","bach1a",6440,1.89445731991312,4.95646441654196,4.00386620947599,22.7692669109243,24.0532573131621,25.9582895372587,13.9392669512127,11.3947266100072
"3353","npas1",3925,0.378891463982625,0.173911032159367,0,1.62637620792316,0.16197479672163,0.819735459071326,0.526814826643018,0.60858890007797
"3354","arhgap35a",8362,0,0,0,0,0.64789918688652,0,0.10798319781442,0.264503735439349
"3355","ap2s1",2809,0,0,0,0,0.16197479672163,0,0.026995799453605,0.0661259338598372
"3356","rab4b",2927,0,0,0,0,0.16197479672163,0,0.026995799453605,0.0661259338598372
"3357","calm3a",2120,0,0,0,0,0.48592439016489,0,0.0809873983608151,0.198377801579512
"3358","slc37a4a",1405,0,0,0.190660295689333,0,0.242962195082445,0,0.0722704151286297,0.113175880093275
"3359","nars2",1771,0,0,0,0.361416935094036,0,0,0.060236155849006,0.147547845896829
"3360","ndufc2",541,0,0.173911032159367,0,0,0,0,0.0289851720265612,0.0709988815718676
"3361","thrsp",474,0,1.39128825727494,0,0,0,0,0.23188137621249,0.567991052574941
"3362","strn4",6197,0,0,0,0,0.16197479672163,0,0.026995799453605,0.0661259338598372
"3363","LOC141377786",3166,0,0.0869555160796836,0,0,0,0,0.0144925860132806,0.0354994407859338
"3364","zgc:162730",1777,0.378891463982625,0.347822064318734,0.190660295689333,0,0.809873983608151,0.136622576511888,0.310645064018455,0.281584708818532
"3365","trappc6bl",1313,0,0,0,0.180708467547018,0,0,0.030118077924503,0.0737739229484146
"3366","si:ch211-116o3.5",2641,0,0,0,0,0.16197479672163,0,0.026995799453605,0.0661259338598372
"3367","clca1",3493,0,0,0,0,0,0.136622576511888,0.0227704294186479,0.0557759332997464
"3368","si:ch211-11n16.2",10432,0,0,0,0.180708467547018,0,0,0.030118077924503,0.0737739229484146
"3369","coq8b",3423,0,0,0,0,0,0.409867729535663,0.0683112882559438,0.167327799899239
"3370","fbxo46",3397,0,0,0,0,0,0.409867729535663,0.0683112882559438,0.167327799899239
"3371","p4ha3",14351,0,0,0.190660295689333,0.361416935094036,0.16197479672163,0.273245153023775,0.164549530088129,0.145198492165563
"3372","si:ch211-24o8.2",2659,0,0,0,0,0.0809873983608151,0,0.0134978997268025,0.0330629669299186
"3373","diabloa",1249,0,0.869555160796836,0.571980887067998,0.361416935094036,1.94369756065956,0.273245153023775,0.669982616107034,0.688951870519767
"3374","hnf1ba",4316,0,0,0,0,0.32394959344326,0,0.05399159890721,0.132251867719674
"3375","srsf1a",2065,0,0,0.190660295689333,0,0,0.273245153023775,0.077317574785518,0.122593815324465
"3376","fam222bb",4967,0,0,0,0,0.16197479672163,0,0.026995799453605,0.0661259338598372
"3377","hip1",7689,0,0.173911032159367,0,0,0,0,0.0289851720265612,0.0709988815718676
"3378","plin2",4380,0,0,0.571980887067998,0.180708467547018,0,0,0.125448225769169,0.230388429102892
"3379","igldcp",1704,0.947228659956562,0.173911032159367,0.190660295689333,0,0.16197479672163,1.0929806120951,0.427792566103666,0.46618496440997
"3380","clptm1",2965,0,0,0,0,0,0.409867729535663,0.0683112882559438,0.167327799899239
"3381","relb",4438,0,0,0,0.180708467547018,0,0,0.030118077924503,0.0737739229484146
"3382","mrpl28",991,0,0,0.190660295689333,0,0,0,0.0317767159482221,0.0778367397745047
"3383","itgae.1",2910,0,0,0,0.361416935094036,0,0,0.060236155849006,0.147547845896829
"3384","dhx40",3481,0,0,0,0,0.16197479672163,0,0.026995799453605,0.0661259338598372
"3385","cltcb",6386,0,0,0,0,0,0.136622576511888,0.0227704294186479,0.0557759332997464
"3386","rps6kb1b",1903,0,0.173911032159367,0,0,0.32394959344326,0.136622576511888,0.105747200352419,0.131726453165102
"3387","atf5b",2933,0,0,0,0.180708467547018,0.16197479672163,0,0.057113877378108,0.0886785375175253
"3388","zbtb16b",16047,0,0,0,0.180708467547018,0.0809873983608151,0,0.0436159776513055,0.0745659277385723
"3389","igsf9ba",9189,0,0,0.190660295689333,0,0,0,0.0317767159482221,0.0778367397745047
"3390","acad8",1653,0,0,0,0,0.16197479672163,0,0.026995799453605,0.0661259338598372
"3391","hspa8b",2515,1.70501158792181,1.0434661929562,2.28792354827199,2.16850161056422,0.16197479672163,1.57115962988671,1.48967289438709,0.789038152724734
"3392","dyrk1ab",6658,0,0.173911032159367,0,0,0,0,0.0289851720265612,0.0709988815718676
"3393","cox7a1",1390,0,0,0,0.361416935094036,0.32394959344326,0.136622576511888,0.136998184174864,0.168297506621047
"3394","tnfaip1",1879,0,0,0,0,0.16197479672163,0,0.026995799453605,0.0661259338598372
"3395","tpst1",7302,0,0,0,0.361416935094036,0,0,0.060236155849006,0.147547845896829
"3396","aldh3a1",6095,1.89445731991312,20.347590762646,4.00386620947599,6.32479636414563,3.88739512131912,10.5199383914153,7.82967402815253,6.80596186175112
"3397","aldh3a2a",2204,341.002317584362,326.170140814893,306.200434877068,510.5917750541,174.446856069196,318.12566940793,329.422865634592,107.379056747719
"3398","ulk2",5945,0,0,0,0.361416935094036,0.64789918688652,0.136622576511888,0.190989783082074,0.264650222861535
"3399","a2m2b",4916,0.189445731991312,0.347822064318734,0.190660295689333,0.722833870188072,0.809873983608151,0.409867729535663,0.445083945888544,0.264952500555792
"3400","a2m2a",5098,0,0,0,0,0,0.136622576511888,0.0227704294186479,0.0557759332997464
"3401","a2m2c",5464,0,0,0,0,0,0.409867729535663,0.0683112882559438,0.167327799899239
"3402","a2m2e",4556,0,0,0,0,0.809873983608151,0.54649030604755,0.226060714942617,0.359979678006156
"3403","a2m2d",4471,0.947228659956562,0,0.953301478446664,0.542125402641054,1.86271016229875,0.819735459071326,0.854183527069059,0.610541428460592
"3404","a2m2h",4960,0,0,0,0.361416935094036,0.32394959344326,0.409867729535663,0.18253904301216,0.201808861270643
"3405","LOC100006868",7391,0,0,0,0.361416935094036,1.29579837377304,0.136622576511888,0.298972980896494,0.508344822934503
"3406","a2m2f",4500,0,0,0.190660295689333,0,0.32394959344326,0,0.0857683148554322,0.139396889811469
"3407","gkup",2186,0,0,0,0,0.0809873983608151,0,0.0134978997268025,0.0330629669299186
"3408","nkapd1",2470,0,0,0.190660295689333,0,0,0,0.0317767159482221,0.0778367397745047
"3409","ppp2r1bb",5763,0,0,0.190660295689333,0,0,0,0.0317767159482221,0.0778367397745047
"3410","sik2b",5013,0,0.347822064318734,0,0,0,0,0.0579703440531224,0.141997763143735
"3411","zgc:162608",1868,0.189445731991312,0,1.52528236551466,0.361416935094036,0.809873983608151,0.136622576511888,0.503773598786675,0.573556055782468
"3412","si:ch211-286b4.4",16701,0,0,0.190660295689333,0,0,0,0.0317767159482221,0.0778367397745047
"3413","rnf26",4593,0,0,0,0.180708467547018,0,0,0.030118077924503,0.0737739229484146
"3414","kmt2a",16705,0,0,0,0,0.16197479672163,0.273245153023775,0.0725366582909009,0.117753426827362
"3415","abcg4b",2762,0,0,0,0,0.64789918688652,3.82543214233285,0.745555221536562,1.53092056631289
"3416","ckmb",1514,0.189445731991312,0,0,0,0,0,0.0315742886652187,0.0773408962211285
"3417","zc3h4",5304,0,0.173911032159367,0,0,0,0.136622576511888,0.0517556014452091,0.081041867986555
"3418","sae1",1467,0,0,0,0,0.16197479672163,0,0.026995799453605,0.0661259338598372
"3419","ift20",1118,0,0,0,0,0.16197479672163,0,0.026995799453605,0.0661259338598372
"3420","usp32",8732,0,0,0,0.180708467547018,0,0,0.030118077924503,0.0737739229484146
"3421","myo18ab",11669,0,0.173911032159367,0.381320591378666,0,0,0,0.0925386039230055,0.157651565942111
"3422","dhrs13b.1",1563,0.378891463982625,0,0.190660295689333,0.90354233773509,0,0,0.245515682901175,0.356267074708975
"3423","si:ch211-108p6.4",4932,0,0.173911032159367,0,0,0,0,0.0289851720265612,0.0709988815718676
"3424","gemin4",3430,0,0,0,0,0.16197479672163,0,0.026995799453605,0.0661259338598372
"3425","crk",1511,0,0,0,0.180708467547018,0.16197479672163,0,0.057113877378108,0.0886785375175253
"3426","ywhae1",2030,0,0,0,0,0.16197479672163,0.136622576511888,0.049766228872253,0.077513222057617
"3427","mnta",4665,0,0,0,0.180708467547018,0,0,0.030118077924503,0.0737739229484146
"3428","mettl16",1870,0,0,0,0,0.16197479672163,0,0.026995799453605,0.0661259338598372
"3429","hif1al",4005,418.580344834805,644.079507602216,763.213163644399,1688.26885805802,1464.00920016845,1336.64697730405,1052.46634193532,511.200481634623
"3430","tsr1",4719,0,0,0,0.090354233773509,0.16197479672163,0.136622576511888,0.0648252678345045,0.0746345210310436
"3431","hic1",7708,0,0,0,0.180708467547018,0,0,0.030118077924503,0.0737739229484146
"3432","serpinf2b",1719,0.947228659956562,0.521733096478102,0.762641182757331,0.180708467547018,2.26764715410282,0.136622576511888,0.802763522892287,0.784606701971018
"3433","wdr81",7548,0,0,0,0,0.16197479672163,0,0.026995799453605,0.0661259338598372
"3434","slc47a3",2810,20.6495847870531,33.9126512710766,20.4959817866033,114.930585359904,58.229939421426,140.994498960268,64.8688735977217,51.4352952742277
"3435","slc47a4",2874,12.5034183114266,12.5215943154744,11.0582971499813,47.4359727310922,31.4231105639962,58.406151458832,28.8914240884671,20.3763948188351
"3436","LOC100537389",5352,0.947228659956562,1.65215480551399,0.953301478446664,0.90354233773509,1.45777317049467,2.59582895372586,1.41830490097881,0.655122571933992
"3437","LOC141377851",2015,0,0,0,0,0.16197479672163,0,0.026995799453605,0.0661259338598372
"3438","pitpnm3",6901,0,0.173911032159367,0,0,0,0,0.0289851720265612,0.0709988815718676
"3439","ccdc9",3547,0.189445731991312,0,0,0,0.16197479672163,0,0.0585700881188238,0.0911512905111682
"3440","bcas3",7643,0,0,0,0,0.32394959344326,0,0.05399159890721,0.132251867719674
"3441","tbx2b",2613,0,0,0,0,0.32394959344326,0,0.05399159890721,0.132251867719674
"3442","cryba1a",1362,0,0,0,0,0,0.136622576511888,0.0227704294186479,0.0557759332997464
"3443","vtna",1855,0.75778292796525,0.173911032159367,0.190660295689333,0.542125402641054,0.48592439016489,0.54649030604755,0.449482392444574,0.226847505791124
"3444","prpf8",7541,0,0,0,0.180708467547018,0,0.136622576511888,0.0528885073431509,0.0831121091081427
"3445","slc43a2a",3214,0,0.347822064318734,0,0,0,0,0.0579703440531224,0.141997763143735
"3446","git1",7855,0,0.347822064318734,0,0,0,0.136622576511888,0.0807407734717703,0.141796672623002
"3447","polr1g",1793,0,0,0,0,0,0.136622576511888,0.0227704294186479,0.0557759332997464
"3448","rap1gap2a",8996,0,0,0,0,0.16197479672163,0.136622576511888,0.049766228872253,0.077513222057617
"3449","tsku",2481,0,0,0,0.542125402641054,0.16197479672163,0.136622576511888,0.140120462645762,0.210237509052077
"3450","serpinh1b",2989,0.378891463982625,2.08693238591241,0.571980887067998,1.08425080528211,0.48592439016489,0.683112882559438,0.881848802494911,0.63850283151768
"3451","gdpd5b",7442,0,0,0,0,0.0809873983608151,0,0.0134978997268025,0.0330629669299186
"3452","hspa13",2427,63.9379345470679,58.3471512894677,166.827758728166,230.222587654901,92.4876089280508,131.294296027924,123.852889529263,66.4549636862926
"3453","nufip2",5386,0,0,0,0,0.16197479672163,0.683112882559438,0.140847946546845,0.273441101816425
"3454","nlk2",7797,0,0,0,0.361416935094036,0,0,0.060236155849006,0.147547845896829
"3455","akap1b",6111,0,0,0.190660295689333,0.180708467547018,0.32394959344326,0.136622576511888,0.138656822198583,0.124307425399353
"3456","ksr1b",8596,0,0,0,0.90354233773509,0,0,0.150590389622515,0.368869614742073
"3457","wsb1",5742,0,0,0,0,0,0.136622576511888,0.0227704294186479,0.0557759332997464
"3458","cuedc1b",2624,0,0,0,0,0,0.273245153023775,0.0455408588372959,0.111551866599493
"3459","hmgb1b",1172,0,0,0.190660295689333,0,0,0,0.0317767159482221,0.0778367397745047
"3460","hsph1",3354,2.27334878389575,2.26084341807177,0.571980887067998,20.5104110665866,7.93676503935988,23.3624605835328,9.48596829641912,10.0017887259522
"3461","frya",13626,0,0,0,0.361416935094036,0,0,0.060236155849006,0.147547845896829
"3462","c4",9020,0.189445731991312,0,0.571980887067998,0.180708467547018,0.48592439016489,0.136622576511888,0.260780342213851,0.220207761372227
"3463","pds5b",5325,0,0,0,0.361416935094036,0,0,0.060236155849006,0.147547845896829
"3464","lsr",5207,0,0,0.190660295689333,0,0,0.409867729535663,0.100088004204166,0.169845372355931
"3465","tmem106ba",1834,0,0,0,0,0.16197479672163,0,0.026995799453605,0.0661259338598372
"3466","agmo",2729,0,0,0,0,0.16197479672163,0.54649030604755,0.118077517128197,0.219651400664781
"3467","sh3bp5la",2310,0.378891463982625,0.521733096478102,0,0.90354233773509,0.404936991804075,0.341556441279719,0.425110055213269,0.292737540185658
"3468","dhx16",5833,0,0.173911032159367,0.571980887067998,0.361416935094036,0.16197479672163,0.273245153023775,0.257088134011135,0.196143967421195
"3469","ppt2a.4",1162,0,0,0,0.180708467547018,0,0.136622576511888,0.0528885073431509,0.0831121091081427
"3470","mrpl44",3056,0,0,0.190660295689333,0,0,0,0.0317767159482221,0.0778367397745047
"3471","LOC141377889",4273,0,0,0,0,0.16197479672163,0.0683112882559438,0.038381014162929,0.0664283875871608
"3472","kirrel3l",4998,0,0,0,0,0,0.136622576511888,0.0227704294186479,0.0557759332997464
"3473","aplp1",8458,0.189445731991312,0.521733096478102,0.190660295689333,0.361416935094036,0.48592439016489,0.409867729535663,0.359841363158889,0.143016004340085
"3474","igflr1",2401,0,0.173911032159367,0,0,0,0.409867729535663,0.097296460282505,0.168188582085958
"3475","psenen",956,0,0,0,0,0.16197479672163,0,0.026995799453605,0.0661259338598372
"3476","hspb6",2061,0.189445731991312,0.347822064318734,0.762641182757331,0.90354233773509,0,0,0.367241886133745,0.386181456294199
"3477","ctrl",851,0.189445731991312,1.0434661929562,0.190660295689333,0.361416935094036,0.48592439016489,0.409867729535663,0.446796879238573,0.315605542228022
"3478","hsc70",2461,2.08390305190444,0.173911032159367,1.52528236551466,5.60196249395756,3.07752113771097,4.3719224483804,2.80575042160457,1.971435859104
"3479","robo2",9726,0,0,0,0,0.32394959344326,0.273245153023775,0.0995324577445059,0.155026444115234
"3480","rps5",700,0.75778292796525,1.21737722511557,1.33462206982533,2.52991854565825,6.64096666558684,3.68880956582097,2.6949128333287,2.20782106983177
"3481","si:ch211-281l24.3",9449,0.189445731991312,0,0,0,0.32394959344326,0.136622576511888,0.108336316991077,0.133475246693444
"3482","slc36a4",6077,0,0.173911032159367,0,0,0,0,0.0289851720265612,0.0709988815718676
"3483","spsb4b",2012,0,0,0,0,0,0.136622576511888,0.0227704294186479,0.0557759332997464
"3484","slc25a36b",3863,0,0,0,0,0,0.273245153023775,0.0455408588372959,0.111551866599493
"3485","si:dkey-96g2.1",2566,0,0,0,0,0,0.273245153023775,0.0455408588372959,0.111551866599493
"3486","farsb",2687,0,0,0,0,0.16197479672163,0,0.026995799453605,0.0661259338598372
"3487","nlrc11",6347,0,0,0,0,0,0.136622576511888,0.0227704294186479,0.0557759332997464
"3488","wdfy1",1739,0.189445731991312,0,0,0,0,0,0.0315742886652187,0.0773408962211285
"3489","prss59",1773,0,0,0,0.180708467547018,0,0,0.030118077924503,0.0737739229484146
"3490","actn4",5445,0,0,0.190660295689333,0,0,0,0.0317767159482221,0.0778367397745047
"3491","ctsc",6860,0,0,0,0.361416935094036,0,0,0.060236155849006,0.147547845896829
"3492","nox4",5051,0,0,0,0.180708467547018,0,0,0.030118077924503,0.0737739229484146
"3493","LOC101883087",5293,0,0,0,0,0,0.136622576511888,0.0227704294186479,0.0557759332997464
"3494","cwf19l2",3156,0,0,0,0.180708467547018,0,0,0.030118077924503,0.0737739229484146
"3495","fzd4",5913,0,0,0,0,0,0.273245153023775,0.0455408588372959,0.111551866599493
"3496","cd80/86",5492,0,0,0,0.180708467547018,0,0,0.030118077924503,0.0737739229484146
"3497","il1rap",4655,0,0,0,0,0.16197479672163,0,0.026995799453605,0.0661259338598372
"3498","LOC556707",4195,0,0,0.190660295689333,0,0.16197479672163,0,0.0587725154018271,0.0915007450520586
"3499","cldn15lb",2096,0.189445731991312,0,0,0.180708467547018,0.32394959344326,0,0.115683965496932,0.136522449045128
"3500","eif4g1b",7063,0,0,0,0.180708467547018,0.64789918688652,0.409867729535663,0.206412563994867,0.270105010274343
"3501","psmd2",3068,0,0.173911032159367,0,0,0,0.409867729535663,0.097296460282505,0.168188582085958
"3502","si:ch1073-340i21.1",594,0,4.52168683614355,0,0,0,0,0.753614472690591,1.84597092086856
"3503","LOC100004411",2700,0,0.173911032159367,0.190660295689333,0,0.32394959344326,0,0.114753486881993,0.136036434856019
"3504","iws1",4271,0,0,0.0953301478446664,0,0,0.136622576511888,0.038658787392759,0.0612969076622325
"3505","zgc:162872",3409,0,0,0,0,0.32394959344326,0,0.05399159890721,0.132251867719674
"3506","clpb",2707,3.22057744385231,22.9562562450365,9.15169419308797,83.9390831755899,94.8362434805144,95.4308696935535,51.5891207052724,44.2701360466092
"3507","inppl1a",5862,0,0,0,0,0.16197479672163,0,0.026995799453605,0.0661259338598372
"3508","folr",902,0,0.173911032159367,0,0,0,0,0.0289851720265612,0.0709988815718676
"3509","anapc15",854,0,0,0.190660295689333,0,0,0,0.0317767159482221,0.0778367397745047
"3510","eif3k",829,0.189445731991312,0,0.190660295689333,0,0.48592439016489,0.273245153023775,0.189879261811552,0.182593349240095
"3511","si:ch1073-429i10.3",2095,0,0,0,0,0.16197479672163,0,0.026995799453605,0.0661259338598372
"3512","paf1",3313,0,0,0.190660295689333,0.180708467547018,0.64789918688652,0,0.169877991687145,0.251248507500364
"3513","LOC100537681",751,0.378891463982625,0.173911032159367,0,0,0.16197479672163,0,0.119129548810604,0.151583987914119
"3514","sik3",5593,1.13667439194787,0.869555160796836,2.28792354827199,0.180708467547018,1.94369756065956,0.819735459071326,1.20638243138243,0.778868354684258
"3515","mpzl3",1744,0.378891463982625,0,0,0,0.16197479672163,0,0.0901443767840425,0.15558825422069
"3516","cdkal1",2036,0,0,0,0,0,0.136622576511888,0.0227704294186479,0.0557759332997464
"3517","sox4b",2946,0,0,0,0.180708467547018,0.16197479672163,0,0.057113877378108,0.0886785375175253
"3518","tars2",4743,0,0,0.381320591378666,0,0,0,0.0635534318964443,0.155673479549009
"3519","rprd2b",4993,0.189445731991312,0,0,0,0,0,0.0315742886652187,0.0773408962211285
"3520","adamtsl4",7722,0,0,0.190660295689333,0.361416935094036,0,0,0.0920128717972282,0.152430533599323
"3521","cers2b",5552,0,0,0,0,0.16197479672163,0,0.026995799453605,0.0661259338598372
"3522","sim1a",7217,0,0,0.190660295689333,0.542125402641054,0.48592439016489,0.54649030604755,0.294200065757138,0.262946152644647
"3523","hpxb",3328,0.568337195973937,0,4.00386620947599,2.16850161056422,2.59159674754608,0.819735459071326,1.69200620377193,1.50115828544927
"3524","inpp5b",3642,0,0,0,0,0,0.136622576511888,0.0227704294186479,0.0557759332997464
"3525","mtf1",5120,0.473614329978281,2.08693238591241,1.71594266120399,17.8901382871548,12.1481097541223,15.7115962988671,8.33772228620647,7.80904931207816
"3526","rrp15",1007,0,0,0.190660295689333,0,0.48592439016489,0.136622576511888,0.135534543727685,0.190221930629137
"3527","ppp1r8b",4715,0,0,0,0.180708467547018,0,0,0.030118077924503,0.0737739229484146
"3528","arnt",6740,13.0717555074006,14.1737491209884,24.2138575525453,169.504542559103,94.593281285432,187.856042703846,83.9022047882191,79.6117687740751
"3529","cyp4t8",3922,1677.92084824705,1777.97943728129,1726.90562820613,3150.47142321471,2665.45725485115,3085.00608892668,2347.2901134545,699.657369778315
"3530","bckdhb",1510,0,0,0.190660295689333,0,0.16197479672163,0,0.0587725154018271,0.0915007450520586
"3531","dctn3",1108,0,0,0,0,0.16197479672163,0,0.026995799453605,0.0661259338598372
"3532","plecb",21161,0,0,0,0.361416935094036,0,0,0.060236155849006,0.147547845896829
"3533","ndufa3",1151,0,0,0,0,0.16197479672163,0,0.026995799453605,0.0661259338598372
"3534","trak1a",6705,0,0,0,0,0,0.136622576511888,0.0227704294186479,0.0557759332997464
"3535","ulk4",5185,0,0,0.190660295689333,0,0,0,0.0317767159482221,0.0778367397745047
"3536","ctnnb1",3860,0,0,0.190660295689333,0.180708467547018,0.16197479672163,0.273245153023775,0.134431452163626,0.110882600108951
"3537","ndufb9",644,0,0,0.190660295689333,0,0.48592439016489,0.273245153023775,0.158304973146333,0.198380436446381
"3538","mbpb",2827,0,0,0,0,0.32394959344326,0,0.05399159890721,0.132251867719674
"3539","sri",1360,0,0,0,0,0,0.136622576511888,0.0227704294186479,0.0557759332997464
"3540","snrka",5171,0,0,0,0,0.32394959344326,0,0.05399159890721,0.132251867719674
"3541","cobl",7915,0.189445731991312,0,0,0,0,0,0.0315742886652187,0.0773408962211285
"3542","prpf3",7097,0,0,0,0,0.16197479672163,0,0.026995799453605,0.0661259338598372
"3543","taf2",4640,0,0,0,0.180708467547018,0.16197479672163,0,0.057113877378108,0.0886785375175253
"3544","ecm1b",2196,0,0,0,0,0,0.273245153023775,0.0455408588372959,0.111551866599493
"3545","cep192",8746,0.189445731991312,0,0,0.361416935094036,0,0,0.0918104445142248,0.152274055578154
"3546","flot1b",3594,0,0,0,0,0,0.273245153023775,0.0455408588372959,0.111551866599493
"3547","vars1",4460,0,0,0,0,0.16197479672163,0,0.026995799453605,0.0661259338598372
"3548","si:ch73-22o12.1",7209,0,0,0.190660295689333,0,0,0,0.0317767159482221,0.0778367397745047
"3549","dedd1",5530,0,0,0,0,0.32394959344326,0,0.05399159890721,0.132251867719674
"3550","erfl3",6469,0,0,0,0,0.32394959344326,0,0.05399159890721,0.132251867719674
"3551","znf526",4415,0,0.173911032159367,0,0,0,0,0.0289851720265612,0.0709988815718676
"3552","grik5",5628,0,0,0,0,0,0.273245153023775,0.0455408588372959,0.111551866599493
"3553","usp5",3702,0,0,0,0,0.48592439016489,0,0.0809873983608151,0.198377801579512
"3554","p3h3",2669,0,0,0,0.180708467547018,0,0,0.030118077924503,0.0737739229484146
"3555","tpi1b",1538,0.378891463982625,0,0.190660295689333,0,1.13382357705141,0.136622576511888,0.306666318872543,0.428921049923323
"3556","leng8",6411,0,0,0,0,0,0.136622576511888,0.0227704294186479,0.0557759332997464
"3557","rasip1",10636,0,0,0,0.361416935094036,0,0,0.060236155849006,0.147547845896829
"3558","cox6b2",871,0.189445731991312,0,0.190660295689333,0,0.16197479672163,0,0.0903468040670459,0.0995003502147669
"3559","znf628",5455,0,0,0,0,0.16197479672163,0,0.026995799453605,0.0661259338598372
"3560","nat14",5583,0,0,0.381320591378666,3.07204394829931,3.56344552787586,2.1859612241902,1.53379521529067,1.60899119592383
"3561","epn1a",3815,0,0,0,0,0.16197479672163,0,0.026995799453605,0.0661259338598372
"3562","foxj2",3898,0,0.347822064318734,0,0,0,0,0.0579703440531224,0.141997763143735
"3563","isoc2",912,0,0,0,0,0.16197479672163,0.136622576511888,0.049766228872253,0.077513222057617
"3564","u2af2a",2857,0,0.0869555160796836,0,0,0,0,0.0144925860132806,0.0354994407859338
"3565","grin2db",9581,0,0,0,0.180708467547018,0.32394959344326,0,0.0841096768317131,0.137950906423143
"3566","LOC101883024",5385,0,0,0,0,0,0.136622576511888,0.0227704294186479,0.0557759332997464
"3567","dbpb",5244,0,0.173911032159367,0,0,0.16197479672163,0,0.0559809714801662,0.0868074499943072
"3568","si:dkeyp-69b9.6",6933,0,0,0,0,0.16197479672163,0.409867729535663,0.0953070877095488,0.16716862425807
"3569","grwd1",1588,0,0,0,0.361416935094036,0,0,0.060236155849006,0.147547845896829
"3570","rnf115a",2069,0,0.173911032159367,0,0,0,0,0.0289851720265612,0.0709988815718676
"3571","deptor",10610,0,0,0.190660295689333,0.180708467547018,0.809873983608151,0.409867729535663,0.265185079396694,0.306905707222203
"3572","mrpl13",693,0,0,0,0,0.16197479672163,0,0.026995799453605,0.0661259338598372
"3573","ankib1b",5678,0,0,0,0,0,0.136622576511888,0.0227704294186479,0.0557759332997464
"3574","upp1",2456,0,0,0,0,0.16197479672163,0,0.026995799453605,0.0661259338598372
"3575","setd2",10234,0,0,0.190660295689333,0.361416935094036,0.32394959344326,0.409867729535663,0.214315758960382,0.181284845974117
"3576","ccdc12",730,0,0,0,0,0,0.409867729535663,0.0683112882559438,0.167327799899239
"3577","cyp21a2",2629,0,0,0.953301478446664,0,0,0,0.158883579741111,0.389183698872524
"3578","c4b",5401,0,0,1.33462206982533,1.08425080528211,3.07752113771097,0,0.916065668803068,1.21596828689896
"3579","rpl18",638,0.378891463982625,1.21737722511557,1.71594266120399,5.42125402641054,9.39453820985455,7.24099655513004,4.22816669028289,3.67110442259648
"3580","gapdh",1300,12.5034183114266,7.65208541501216,5.14782798361199,10.8425080528211,18.9510512164307,16.2580866049146,11.8924962640362,5.17356574160422
"3581","nop2",8138,0,0,0,0,0.32394959344326,0,0.05399159890721,0.132251867719674
"3582","gtf3c6",903,0,0,0,0,0,0.136622576511888,0.0227704294186479,0.0557759332997464
"3583","emg1",1032,0,0,0,0,0,0.136622576511888,0.0227704294186479,0.0557759332997464
"3584","zyx",6258,0,0,0,0,0.16197479672163,0,0.026995799453605,0.0661259338598372
"3585","casp2",4338,0,0,0,0.180708467547018,0.16197479672163,0,0.057113877378108,0.0886785375175253
"3586","ccdc106a",2494,0,0.173911032159367,0,0,0.16197479672163,0.136622576511888,0.0787514008988142,0.087104433218226
"3587","rxrbb",2272,67.4426805889072,51.6515765513321,72.6415726576358,182.154135287394,171.207360134763,180.000244554412,120.849594962407,62.8611616090944
"3588","abcb5",5011,1.32612012393919,0.695644128637469,0.190660295689333,25.4798939241296,5.83109268197868,41.9431309891495,12.5777570239206,17.2946923048208
"3589","hdac9b",5352,0,0,0,0,0,0.0683112882559438,0.011385214709324,0.0278879666498732
"3590","ahr1a",5044,29.742979922636,74.1730552159701,10.6769765586026,80.8670392272906,66.0047296640643,154.793379187969,69.3763599627554,49.9577851489363
"3591","ankrd28b",6056,0,0,0,0.361416935094036,0,0.136622576511888,0.083006585267654,0.146933570159263
"3592","tax1bp1b",3305,0,0,0,0,0.32394959344326,0.136622576511888,0.076762028325858,0.132856775174322
"3593","pals2a",7767,0,0,0,0,0.16197479672163,0.0683112882559438,0.038381014162929,0.0664283875871608
"3594","ddr1",6123,0,0,0,0.180708467547018,0,0,0.030118077924503,0.0737739229484146
"3595","cldc1",1098,0,0.173911032159367,0,0.180708467547018,0.48592439016489,0.136622576511888,0.162861077730527,0.178071027897579
"3596","il6r",4074,0,0,0,0,0.16197479672163,0.136622576511888,0.049766228872253,0.077513222057617
"3597","aqp10a",1486,0.189445731991312,0,0,0,0.16197479672163,0.273245153023775,0.10411094695612,0.119794739564911
"3598","zgc:123238",2505,0,0,0,0.180708467547018,0,0,0.030118077924503,0.0737739229484146
"3599","tuft1a",4082,0,0,0,0.180708467547018,0,0,0.030118077924503,0.0737739229484146
"3600","cgna",7433,0,0.173911032159367,0,0,0,0,0.0289851720265612,0.0709988815718676
"3601","efna1b",1804,0,0,0.190660295689333,0,0,0,0.0317767159482221,0.0778367397745047
"3602","krtcap2",700,0,0,0,0,0.16197479672163,0,0.026995799453605,0.0661259338598372
"3603","rps27.2",649,0.378891463982625,0.695644128637469,0.381320591378666,1.80708467547018,2.91554634098934,2.59582895372586,1.46238602569736,1.13540662385276
"3604","gtpbp10",4410,0,0,0,0,0,0.136622576511888,0.0227704294186479,0.0557759332997464
"3605","apoa4b.1",1194,0.378891463982625,2.26084341807177,1.143961774136,2.16850161056422,2.75357154426771,0.683112882559438,1.56481378226363,0.961557684069727
"3606","si:dkey-7f3.14",3505,0.189445731991312,0.173911032159367,0,1.08425080528211,1.45777317049467,0.54649030604755,0.575311840995835,0.579583734435205
"3607","apoa4b.2",1411,0.189445731991312,0.521733096478102,0,0.361416935094036,0,0.956358035583214,0.338158966524444,0.365302363168491
"3608","apoeb",1655,0.947228659956562,0.347822064318734,3.43188532240799,1.80708467547018,1.78172276393793,1.0929806120951,1.56812068303108,1.06552728541317
"3609","apoc1",784,295.724787638439,342.778644386113,366.067767723519,221.638935446418,121.157147947779,308.493777763842,275.976843484352,90.4963357525723
"3610","LOC141378055",1276,0.663060061969593,0.608688612557785,1.52528236551466,0.361416935094036,0.48592439016489,0.409867729535663,0.675706682472772,0.431716553447073
"3611","apoc4",494,0.189445731991312,0.521733096478102,0.476650739223332,0.180708467547018,1.29579837377304,0,0.444056068168801,0.461286302025833
"3612","apoa2",664,72.462992486677,35.5648060765906,46.0444614089739,49.69482857543,70.1350869804658,71.3852962274613,57.5479119592664,15.8090293375943
"3613","apoc2",798,0.568337195973937,1.21737722511557,0.762641182757331,0.90354233773509,2.26764715410282,2.32258380070209,1.34035481606447,0.769459256281438
"3614","rps19",473,0.378891463982625,1.21737722511557,2.28792354827199,4.51771168867545,7.61281544591662,5.87477079001117,3.6482483603289,2.82416265010856
"3615","si:ch211-79k12.1",1606,0,0,0,0,0.16197479672163,0,0.026995799453605,0.0661259338598372
"3616","pon3.2",1154,0,0,0,0.361416935094036,0,0,0.060236155849006,0.147547845896829
"3617","pon3.1",1152,0,0,0,0,0.32394959344326,0,0.05399159890721,0.132251867719674
"3618","pon2",1150,0,0,0,0,0,0.136622576511888,0.0227704294186479,0.0557759332997464
"3619","ywhabl",1838,0,0.173911032159367,0,0,0.32394959344326,0,0.0829767709337712,0.137023734521591
"3620","prss1",855,0.189445731991312,0.173911032159367,0,0,0.48592439016489,0,0.141546859052595,0.190810987937094
"3621","zgc:92590",1382,0,0,0,0,0.16197479672163,0.683112882559438,0.140847946546845,0.273441101816425
"3622","znf576.1",8148,0,0,0,0.180708467547018,0,0,0.030118077924503,0.0737739229484146
"3623","wu:fe05a04",4413,0,0,0,0,0.0809873983608151,0,0.0134978997268025,0.0330629669299186
"3624","zgc:136493",1606,0,0,0,0,0.16197479672163,0,0.026995799453605,0.0661259338598372
"3625","dtnbp1a",3580,0,0.173911032159367,0,0,0,0,0.0289851720265612,0.0709988815718676
"3626","fam8a1b",1742,0,0,0,0,0.16197479672163,0,0.026995799453605,0.0661259338598372
"3627","zgc:110410",3239,0,0,0.190660295689333,0,0,0,0.0317767159482221,0.0778367397745047
"3628","zhx2a",3738,0,0,0,0,0,0.136622576511888,0.0227704294186479,0.0557759332997464
"3629","ddx61",3696,0,0,0,0,0.16197479672163,0,0.026995799453605,0.0661259338598372
"3630","prss59.1",850,0.189445731991312,0.173911032159367,0,0.542125402641054,0.809873983608151,0.54649030604755,0.376974409407906,0.303948672148384
"3631","prss59.2",1047,0,0.173911032159367,0,0.90354233773509,0,0.819735459071326,0.316198138160964,0.428651945192518
"3632","trim35-45",3183,0,0.173911032159367,0,0,0,0,0.0289851720265612,0.0709988815718676
"3633","galnt1",4771,0,0,0,0.180708467547018,0,0,0.030118077924503,0.0737739229484146
"3634","tmem245",5852,0,0,0,0.542125402641054,0.16197479672163,0,0.117350033227114,0.217949354287325
"3635","alg2",1898,0,0,0,0.180708467547018,0,0,0.030118077924503,0.0737739229484146
"3636","sec61b",968,0,0,0.190660295689333,0.180708467547018,0,0.136622576511888,0.0846652232913731,0.0945128846225886
"3637","nr4a3",5203,0,0,0,0.180708467547018,0.16197479672163,0,0.057113877378108,0.0886785375175253
"3638","stx17",3055,0,0,0,0,0,0.136622576511888,0.0227704294186479,0.0557759332997464
"3639","erp44",2066,0.189445731991312,0.173911032159367,0,0.180708467547018,0,0.409867729535663,0.158988826872227,0.151734739603777
"3640","tex10",3138,0,0,0,0,0.16197479672163,0,0.026995799453605,0.0661259338598372
"3641","glipr2l",1297,0,0,0,0,0,0.136622576511888,0.0227704294186479,0.0557759332997464
"3642","tbrg4",3477,0,0,0,0,0.16197479672163,0,0.026995799453605,0.0661259338598372
"3643","steap4",3950,0,0,0.190660295689333,0.361416935094036,0.64789918688652,0,0.199996069611648,0.263346288575587
"3644","si:dkey-12j5.1",1880,0,0,0,0.090354233773509,0,0,0.0150590389622515,0.0368869614742073
"3645","rpp38",1577,0,0,0,0,0.16197479672163,0,0.026995799453605,0.0661259338598372
"3646","acbd7",907,0,0,0,0,0.16197479672163,0,0.026995799453605,0.0661259338598372
"3647","crot",4264,0,0,0.190660295689333,0,0.16197479672163,0,0.0587725154018271,0.0915007450520586
"3648","abcb4",4655,164.62834110045,1337.81061488593,338.803345439944,856.91955310796,708.072823868606,946.043031056566,725.379618243243,425.499601999975
"3649","chtopb",2543,0,0,0,0,0.16197479672163,0,0.026995799453605,0.0661259338598372
"3650","gon4lb",6995,0,0,0,0,0,0.136622576511888,0.0227704294186479,0.0557759332997464
"3651","mef2d",1995,0,0,0,0,0.48592439016489,0.273245153023775,0.126528257198111,0.207233697737872
"3652","ctss2.1",1233,0,0,0,0,0,0.136622576511888,0.0227704294186479,0.0557759332997464
"3653","ctss2.2",1264,0.189445731991312,0,0.190660295689333,0,0,0,0.0633510046134409,0.0981437058693778
"3654","vps72b",3679,0,0,0,0.090354233773509,0,0,0.0150590389622515,0.0368869614742073
"3655","lysmd1",7298,0,0,0,0,0.16197479672163,0,0.026995799453605,0.0661259338598372
"3656","tmem79b",3970,0.378891463982625,0,0,0,0,0,0.0631485773304375,0.154681792442257
"3657","cct3",1971,0,0.347822064318734,0.190660295689333,0.180708467547018,0.64789918688652,0.819735459071326,0.364470912252155,0.311349447079022
"3658","ptk2ab",7118,0,0.347822064318734,0,0,0.16197479672163,0,0.0849661435067274,0.144153078319906
"3659","dgat1b",3007,0,0,0,0.180708467547018,0,0,0.030118077924503,0.0737739229484146
"3660","mroh1",8936,0,0,0,0,0.16197479672163,0,0.026995799453605,0.0661259338598372
"3661","csnk2a1",3509,0,0.173911032159367,0,0,0.16197479672163,0,0.0559809714801662,0.0868074499943072
"3662","phf20l1",6580,0,0,0,0.180708467547018,0.16197479672163,0,0.057113877378108,0.0886785375175253
"3663","LOC101883708",1332,0.378891463982625,0,2.85990443533999,1.9877931430172,2.26764715410282,0.54649030604755,1.34012108374836,1.17807146265884
"3664","c1r",1611,0,0,0.571980887067998,0.813188103961581,0.32394959344326,0,0.28485309741214,0.348290868113432
"3665","c1s.1",2236,0,0,0,0,0.16197479672163,0,0.026995799453605,0.0661259338598372
"3666","rbp5",1260,0,0,0,0.180708467547018,0,0.273245153023775,0.0756589367617989,0.120807959690264
"3667","chd4b",7287,0,0,0,0.722833870188072,0.48592439016489,0.136622576511888,0.224230139477475,0.308415989391084
"3668","cdc42l",2349,0,0,0.190660295689333,0,0,0,0.0317767159482221,0.0778367397745047
"3669","mlf2",1563,0,0,0,0,0.32394959344326,0,0.05399159890721,0.132251867719674
"3670","rps9",1399,0.947228659956562,1.5651992894343,2.47858384396133,9.21613184489792,17.1693284524928,11.6129190035104,7.16489851570889,6.57356308029678
"3671","phc1",5118,0,0,0.190660295689333,0,0,0,0.0317767159482221,0.0778367397745047
"3672","gstk1",7206,4984.12776295944,2401.18962102438,2844.556281537,2214.9436867238,735.527551912922,1710.78790308186,2481.85546787323,1422.31317059838
"3673","gstk4",2037,2.55751738188272,1.0434661929562,1.33462206982533,10.7521538190476,1.94369756065956,5.60152563698739,3.87216377689313,3.74734253707451
"3674","cnot3a",4215,0,0,0,0,0.16197479672163,0.409867729535663,0.0953070877095488,0.16716862425807
"3675","rwdd1",994,0,0,0,0,0,0.136622576511888,0.0227704294186479,0.0557759332997464
"3676","pnisr",3294,0,0.173911032159367,0,0.542125402641054,0.32394959344326,0.136622576511888,0.196101434125928,0.208335994011014
"3677","me1",2305,0,0.173911032159367,0,0,0,0,0.0289851720265612,0.0709988815718676
"3678","pnrc2",3149,0,0.173911032159367,0,0.361416935094036,0.48592439016489,0.273245153023775,0.215749585073678,0.196145544905218
"3679","gja9a",3758,0,0.173911032159367,0,0,0,0,0.0289851720265612,0.0709988815718676
"3680","rragca",1334,0,0.347822064318734,0,0,0,0,0.0579703440531224,0.141997763143735
"3681","fhl3a",2424,0,0,0,0,0.16197479672163,0,0.026995799453605,0.0661259338598372
"3682","gnl2",2698,0,0.173911032159367,0,0,0.32394959344326,0.136622576511888,0.105747200352419,0.131726453165102
"3683","gpn2",1206,0,0,0,0,0,0.136622576511888,0.0227704294186479,0.0557759332997464
"3684","arid1aa",8401,0,0,0,0.180708467547018,0,0.136622576511888,0.0528885073431509,0.0831121091081427
"3685","tent5ba",3417,0,0,0,0,0.16197479672163,0,0.026995799453605,0.0661259338598372
"3686","taf12",1436,0,0,0,0,0.32394959344326,0,0.05399159890721,0.132251867719674
"3687","cited4b",1580,1.32612012393919,1.73911032159367,1.143961774136,1.08425080528211,0.64789918688652,2.04933864767831,1.33178014325263,0.499014988290648
"3688","si:ch211-1i11.3",4764,0,0,0,0.180708467547018,0,0,0.030118077924503,0.0737739229484146
"3689","map7d1a",3276,0,0,0.190660295689333,0,0,0,0.0317767159482221,0.0778367397745047
"3690","eva1ba",4403,0,0,0,0,0,0.136622576511888,0.0227704294186479,0.0557759332997464
"3691","stk40",4795,0.189445731991312,0,0,0,0,0,0.0315742886652187,0.0773408962211285
"3692","mrps15",1050,0,0,0,0,0.16197479672163,0.136622576511888,0.049766228872253,0.077513222057617
"3693","capn7",4596,0,0,0,0,0.16197479672163,0,0.026995799453605,0.0661259338598372
"3694","col6a4a",9868,0,0,0.571980887067998,0,0.16197479672163,0,0.122325947298271,0.229615393930629
"3695","decr1",1517,0,0,0,0,0.16197479672163,0.136622576511888,0.049766228872253,0.077513222057617
"3696","pnp4b",1223,0,0.695644128637469,0.571980887067998,1.44566774037614,4.21134471476238,1.36622576511888,1.38181053932715,1.48638037209198
"3697","aldh5a1",4617,132.13839806394,96.4336673323691,44.2331885999252,80.1442053571025,70.944960964074,96.4555390173927,86.7249932224673,29.4930122599239
"3698","pi4kb",4348,0,0,0,0.361416935094036,0,0.273245153023775,0.105777014686302,0.166224218216285
"3699","gabpb2b",5751,0,0.173911032159367,0,0,0,0,0.0289851720265612,0.0709988815718676
"3700","zgc:113232",2463,0,0,0.190660295689333,0,0,0,0.0317767159482221,0.0778367397745047
"3701","eif3ea",1497,0,0.521733096478102,0,0.542125402641054,2.91554634098934,0.956358035583214,0.822627145948619,1.08819520374985
"3702","emc2",1420,0,0,0,0,0.16197479672163,0,0.026995799453605,0.0661259338598372
"3703","stt3b",5304,0,0,0,0,0.16197479672163,0,0.026995799453605,0.0661259338598372
"3704","tgfbr2b",5693,0,0,0,0,0.16197479672163,0,0.026995799453605,0.0661259338598372
"3705","tp53inp1",1537,0,0,0.381320591378666,0.180708467547018,0.16197479672163,0.273245153023775,0.166208168111848,0.150471765586763
"3706","gbp",1356,0,0,0,0,0.16197479672163,0,0.026995799453605,0.0661259338598372
"3707","ptpn23a",6805,0,0,0,0.180708467547018,0,0,0.030118077924503,0.0737739229484146
"3708","rpp25l",1574,0,0,0,0,0.16197479672163,0.136622576511888,0.049766228872253,0.077513222057617
"3709","atp2c1",3911,0,0,0,0,0.32394959344326,0,0.05399159890721,0.132251867719674
"3710","mtdhb",4491,0,0,0,0.180708467547018,0,0,0.030118077924503,0.0737739229484146
"3711","si:dkey-199f5.8",4990,0,0,0,0,0.16197479672163,0,0.026995799453605,0.0661259338598372
"3712","psmc4",1632,0,0,0,0,0.32394959344326,0,0.05399159890721,0.132251867719674
"3713","gramd1a",5899,0,0,0,0,0,0.136622576511888,0.0227704294186479,0.0557759332997464
"3714","zp3d.1",2151,0,0,0,0,0.16197479672163,0,0.026995799453605,0.0661259338598372
"3715","dyrk1b",7620,0,0.869555160796836,0.381320591378666,0,0.48592439016489,0.54649030604755,0.380548408064657,0.336868874595319
"3716","fbl",1422,0,0.173911032159367,0,0.361416935094036,1.29579837377304,0.136622576511888,0.327958152923055,0.492602700267243
"3717","cspg5a",3204,0,0.173911032159367,0,0,0,0,0.0289851720265612,0.0709988815718676
"3718","smarcc1a",6397,0,0,0,0,0.16197479672163,0,0.026995799453605,0.0661259338598372
"3719","hjv",2429,0,0,0,0.361416935094036,0,0,0.060236155849006,0.147547845896829
"3720","mtx1a",3102,0.189445731991312,0,0,0,0,0,0.0315742886652187,0.0773408962211285
"3721","nudt17",2607,0.189445731991312,0.173911032159367,0,0.90354233773509,0,0.136622576511888,0.233920279732943,0.338489891532072
"3722","si:dkey-7j14.6",1352,0,0,0.190660295689333,0,0.16197479672163,0,0.0587725154018271,0.0915007450520586
"3723","mrpl32",647,0,0,0,0,0,0.136622576511888,0.0227704294186479,0.0557759332997464
"3724","dpys",2772,0,0,0,0.180708467547018,0.64789918688652,0,0.138101275738923,0.259998897092698
"3725","LOC141378311",2300,0.189445731991312,0,0.190660295689333,0,0.16197479672163,0.409867729535663,0.15865809232299,0.151943464915329
"3726","sult2st3",2957,24.8173908908619,14.5215711853072,26.6924413965066,56.2906876408961,94.9172308788752,45.017138960667,43.7094101588523,29.2597168900168
"3727","si:dkey-33i11.9",952,0,0,0,0,0.32394959344326,0.136622576511888,0.076762028325858,0.132856775174322
"3728","fxyd3",1329,0,0,0,0,0.0809873983608151,0.136622576511888,0.0362683291454504,0.0588767134136809
"3729","hpn",5798,0,0,0,0.180708467547018,0.48592439016489,0.136622576511888,0.133875905703966,0.189687765997028
"3730","smg5",3756,0.378891463982625,0,0,0.180708467547018,0.16197479672163,0.273245153023775,0.165803313545841,0.149778908695053
"3731","paqr6",3790,0,0,0,0.180708467547018,0,0,0.030118077924503,0.0737739229484146
"3732","afp4",550,0.189445731991312,0.695644128637469,4.38518680085465,2.34921007811124,1.45777317049467,0.956358035583214,1.67226965761209,1.51850388019162
"3733","rbm8a",888,0.189445731991312,2.60866548239051,0.190660295689333,1.80708467547018,4.69726910492727,1.50284834163076,1.83266227201656,1.69197611209296
"3734","mtmr11",9575,0,0,0,0,0,0.136622576511888,0.0227704294186479,0.0557759332997464
"3735","bola1",3630,0,0,0,0,0,0.136622576511888,0.0227704294186479,0.0557759332997464
"3736","nr2f5",3077,0,0,0,0.361416935094036,0.16197479672163,0.409867729535663,0.155543243558555,0.189571826894296
"3737","tmem176l.1",1567,0,0,0,0,0,0.273245153023775,0.0455408588372959,0.111551866599493
"3738","tmem176l.4",1418,0,0,0,0,0,0.136622576511888,0.0227704294186479,0.0557759332997464
"3739","ubqln4",3227,0,0,0,0.180708467547018,0.32394959344326,0,0.0841096768317131,0.137950906423143
"3740","septin7b",2072,0,0,0.762641182757331,0.361416935094036,0,0.54649030604755,0.278424737316486,0.330385660438127
"3741","eif3ha",1231,0.189445731991312,0.173911032159367,0.762641182757331,0.722833870188072,0.48592439016489,2.45920637721398,0.798993764079158,0.851318673408231
"3742","rad21a",5702,0,0.521733096478102,0,0.180708467547018,0.32394959344326,0.409867729535663,0.23937648116734,0.21632811680142
"3743","pbx2",5228,0,0,0,0,0.32394959344326,0.273245153023775,0.0995324577445059,0.155026444115234
"3744","tap1",8990,0,0.173911032159367,0.190660295689333,0.542125402641054,0.32394959344326,0.136622576511888,0.22787815007415,0.185760441141436
"3745","rftn1b",9451,0,0,0,0,0,0.136622576511888,0.0227704294186479,0.0557759332997464
"3746","rab5ab",1397,0,0,0,0,0.16197479672163,0,0.026995799453605,0.0661259338598372
"3747","nr1d2a",4071,2.84168597986969,2.95648754670924,1.90660295689333,13.9145520011204,23.3243707279147,15.5749737223552,10.0864454891438,8.83463265474691
"3748","etfb",1309,0.189445731991312,0.521733096478102,0.190660295689333,0.180708467547018,0.971848780329781,0.54649030604755,0.433481113013849,0.313945365412507
"3749","dhdds",1199,0,0,0,0,0.16197479672163,0,0.026995799453605,0.0661259338598372
"3750","hmgn2",1034,0,0,0,0,0,0.273245153023775,0.0455408588372959,0.111551866599493
"3751","LOC101882461",4141,0,0,0.190660295689333,0.180708467547018,0.48592439016489,0,0.14288219223354,0.191121681871985
"3752","fabp10a",441,7.76727501164381,11.4781281225182,13.9182015853213,6.50550483169265,27.0497910525122,9.29033520280836,12.6682059677494,7.52617810452881
"3753","srsf10a",2925,0,0,0,0,0.16197479672163,0,0.026995799453605,0.0661259338598372
"3754","ubr5",11370,0,0,0,0,0.32394959344326,0.409867729535663,0.122302887163154,0.191408943132819
"3755","atp6v1c1a",1837,0,0,0,0,0.16197479672163,0,0.026995799453605,0.0661259338598372
"3756","ptdss1a",1996,0,0,0,1.08425080528211,0,0.136622576511888,0.203478896965666,0.434935298200885
"3757","grinab",1648,0,0,0,0,0.16197479672163,0,0.026995799453605,0.0661259338598372
"3758","LOC108179658",1589,0,0,0,0.361416935094036,0,0,0.060236155849006,0.147547845896829
"3759","LOC101886260",3770,0,0.173911032159367,0.381320591378666,0.542125402641054,0.32394959344326,0.273245153023775,0.28242529544102,0.184701034332887
"3760","xrcc1",5762,0,0,0.190660295689333,0,0,0,0.0317767159482221,0.0778367397745047
"3761","pabpc1a",2565,0.568337195973937,3.99995373966545,1.71594266120399,2.89133548075229,5.34516829181379,2.04933864767831,2.7616793361813,1.71092335257445
"3762","azi2",4152,0,0,0,0.180708467547018,0,0,0.030118077924503,0.0737739229484146
"3763","cmc1",1264,0,0,0,0,0.16197479672163,0.136622576511888,0.049766228872253,0.077513222057617
"3764","iqgap3",6035,0,0,0,0,0.16197479672163,0,0.026995799453605,0.0661259338598372
"3765","malsu1",804,0,0,0,0,0.16197479672163,0,0.026995799453605,0.0661259338598372
"3766","khdc4",2050,0,0,0.381320591378666,1.62637620792316,0.64789918688652,1.63947091814265,0.715844484055167,0.75147099196155
"3767","pklr",1935,7.00949208367856,15.651992894343,8.19839271464131,7.58975563697476,10.0424373967411,8.8804674732727,9.56208969994191,3.16378853279099
"3768","cyp11c1",5237,0,1.73911032159367,0,0.180708467547018,0.16197479672163,1.02466932383916,0.51774381828358,0.710632303048726
"3769","slc39a3",5099,18.9445731991312,18.2606583767336,25.5484796223706,45.8999507569426,30.6132365803881,41.3966406831019,30.110589869778,11.5138626749692
"3770","LOC108179660",3109,0,0,0,0,0.16197479672163,0,0.026995799453605,0.0661259338598372
"3771","osr2",1503,0,0.347822064318734,0,0,0,0,0.0579703440531224,0.141997763143735
"3772","vps13b",12342,0,0,0.190660295689333,0,0.64789918688652,0.683112882559438,0.253612060855882,0.327674671151073
"3773","fzd6",2930,0,0.173911032159367,0,0.180708467547018,0,0,0.0591032499510642,0.0915875891387696
"3774","klhdc2",2738,0.189445731991312,0,0,0,0.16197479672163,0,0.0585700881188238,0.0911512905111682
"3775","zgc:153813",3556,0,0,0.190660295689333,0,0.16197479672163,0,0.0587725154018271,0.0915007450520586
"3776","slc25a29l",3936,0,0,0,0,0.16197479672163,0,0.026995799453605,0.0661259338598372
"3777","fancm",6231,0,0,0,0,0,0.136622576511888,0.0227704294186479,0.0557759332997464
"3778","soul3",2119,0,0,0,0,0.16197479672163,0.136622576511888,0.049766228872253,0.077513222057617
"3779","togaram1",6438,0,0.173911032159367,0,0,0.48592439016489,0.273245153023775,0.155513429224672,0.197951465616974
"3780","klhl28",5732,0,0,0,0.180708467547018,0,0.409867729535663,0.0984293661804468,0.168829538409488
"3781","acp7",2789,0,0,0.190660295689333,0,0,0.136622576511888,0.0545471453668701,0.0862145351539329
"3782","actc1b",1260,0.189445731991312,0.173911032159367,0,0,0,0,0.0605594606917799,0.0939468390109909
"3783","eif2ak4",5360,0.189445731991312,0,0,0,0.16197479672163,0,0.0585700881188238,0.0911512905111682
"3784","cyp1c1",3072,0.568337195973937,0.695644128637469,0,3.43346088339334,2.91554634098934,3.41556441279719,1.83809216029855,1.58054266286896
"3785","cyp1c2",3660,4.16780610380887,3.47822064318734,0.571980887067998,3.61416935094036,0.971848780329781,3.41556441279719,2.70326502968859,1.52464606905737
"3786","gchfr",780,0,0,0,0,0.16197479672163,0,0.026995799453605,0.0661259338598372
"3787","dnajc17",1243,4.64142043378715,27.1301210168613,9.72367508015597,21.8657245731892,14.2537821115035,18.0341800995692,15.9414838858444,8.1714444703226
"3788","LOC141378492",4579,0,0,0,0.180708467547018,0,0.54649030604755,0.121199795599095,0.220531567866173
"3789","akt1",5484,0,0,0.190660295689333,0,0,0,0.0317767159482221,0.0778367397745047
"3790","cep170ba",6357,0,0,0,0.180708467547018,0.32394959344326,0,0.0841096768317131,0.137950906423143
"3791","zfyve19",1515,0,0,0,0,0.16197479672163,0,0.026995799453605,0.0661259338598372
"3792","zp3",1327,0,0,0,0.090354233773509,0,0,0.0150590389622515,0.0368869614742073
"3793","LOC100536860",1381,0,0,0,0.090354233773509,0,0,0.0150590389622515,0.0368869614742073
"3794","hao1",1383,0,0.173911032159367,0.571980887067998,0,0.16197479672163,0.54649030604755,0.242392836999424,0.256814698599209
"3795","si:zfos-364h11.1",7375,0,0,0,0,0,0.136622576511888,0.0227704294186479,0.0557759332997464
"3796","znf513b",5698,0,0,0,0.180708467547018,0,0,0.030118077924503,0.0737739229484146
"3797","ephx2",2364,686.551332736516,502.255060876252,820.887903090422,697.896101666584,821.860118565551,700.463949776448,704.985744451962,117.135133040244
"3798","slc22a3",2951,76.3466299924989,82.0860071792213,42.7079062344105,135.350642192717,93.0545207165765,144.546685949577,95.6820653775002,38.2968001747374
"3799","fuca2",2422,0,0,0.190660295689333,0,0.0809873983608151,0,0.0452746156750246,0.0782452070078034
"3800","LOC571912",3008,0,0,0,0,0.16197479672163,0,0.026995799453605,0.0661259338598372
"3801","dnajc5gb",1241,37.8891463982625,66.0861922205595,43.0892268257892,95.2333623972785,73.6175451099809,93.9963326401787,68.3186342653416,24.4101854539108
"3802","tp53i3",6229,0,0,0,0.090354233773509,0.16197479672163,0,0.0420548384158565,0.0689754532115716
"3803","psmc1a",1729,0,0,0,0,0.16197479672163,0,0.026995799453605,0.0661259338598372
"3804","npas3",7577,2.84168597986969,6.08688612557785,5.33848827930132,24.9377685214885,12.1481097541223,12.6375883273496,10.6650878312849,8.00422059277679
"3805","egln3",2573,0,0,0,0,0.48592439016489,0,0.0809873983608151,0.198377801579512
"3806","sptssa",1006,0,0,0.190660295689333,0,0,0,0.0317767159482221,0.0778367397745047
"3807","cfl2",2789,0,0.173911032159367,0,0,0.32394959344326,0,0.0829767709337712,0.137023734521591
"3808","baz1a",6846,0,0,0.190660295689333,0,0,0,0.0317767159482221,0.0778367397745047
"3809","zgc:109986",2380,0,0,0,0,0.16197479672163,0,0.026995799453605,0.0661259338598372
"3810","srp54",2330,0,0,0,0.180708467547018,0,0,0.030118077924503,0.0737739229484146
"3811","foxa1",1918,0,0,0,0,0.32394959344326,0,0.05399159890721,0.132251867719674
"3812","mipol1",2659,0,0,0,0.180708467547018,0,0,0.030118077924503,0.0737739229484146
"3813","tbpl2",1592,0,0,0,0,0.16197479672163,0,0.026995799453605,0.0661259338598372
"3814","atg14",6540,0,0,0.190660295689333,0,0.16197479672163,0,0.0587725154018271,0.0915007450520586
"3815","lgals3b",1862,0,0,0,0,0,0.273245153023775,0.0455408588372959,0.111551866599493
"3816","si:ch211-185a18.2",5559,0,0,0.190660295689333,0,0,0,0.0317767159482221,0.0778367397745047
"3817","timm9",2216,0,0,0,0,0,0.136622576511888,0.0227704294186479,0.0557759332997464
"3818","arid4a",6580,0,0.173911032159367,0.571980887067998,0.180708467547018,0.16197479672163,0.54649030604755,0.272510914923927,0.23211076208652
"3819","psma3",978,0,0.347822064318734,0,0.180708467547018,0,0,0.0880884219776254,0.146340915776203
"3820","hnrnpua",4293,0,0,0.190660295689333,0,0,0.136622576511888,0.0545471453668701,0.0862145351539329
"3821","tfb2m",1936,0.189445731991312,0,0,0.180708467547018,0,0,0.0616923665897217,0.0956133327944091
"3822","cnsta",2586,0,0,0,0,0,0.273245153023775,0.0455408588372959,0.111551866599493
"3823","sccpdha.2",1927,0,0,0,0,0,0.136622576511888,0.0227704294186479,0.0557759332997464
"3824","sccpdha.1",1789,0,0,0,0,0.48592439016489,0,0.0809873983608151,0.198377801579512
"3825","khk",3997,0,0,0,0,0.16197479672163,0,0.026995799453605,0.0661259338598372
"3826","emilin1b",5318,0,0,0,0.361416935094036,0,0,0.060236155849006,0.147547845896829
"3827","nfkbiab",1323,0,0,0,0.361416935094036,0.32394959344326,0,0.114227754756216,0.177357075035051
"3828","psma6a",1074,0,0,0,0,0.32394959344326,0,0.05399159890721,0.132251867719674
"3829","ppp2r3c",1679,0,0,0,0,0,0.136622576511888,0.0227704294186479,0.0557759332997464
"3830","fam177a1",1760,0.75778292796525,0.521733096478102,0.953301478446664,0.722833870188072,1.29579837377304,0.819735459071326,0.845197534320409,0.261770631958521
"3831","mia2",8976,0,0,0,0.180708467547018,0.16197479672163,0.54649030604755,0.1481955950527,0.212495380308376
"3832","gemin2",1088,0,0,0,0,0.16197479672163,0,0.026995799453605,0.0661259338598372
"3833","si:ch211-131e11.16",1568,0,0.173911032159367,0,0,0,0,0.0289851720265612,0.0709988815718676
"3834","daam1a",5033,0,0.347822064318734,0.381320591378666,0.722833870188072,0.32394959344326,0.409867729535663,0.364298974810733,0.230446012005093
"3835","rtraf",3129,0,0,0,0,0,0.273245153023775,0.0455408588372959,0.111551866599493
"3836","gnpnat1",1583,0,0,0,0,0,0.136622576511888,0.0227704294186479,0.0557759332997464
"3837","ros1",5623,0,0.173911032159367,0,0,0,0.136622576511888,0.0517556014452091,0.081041867986555
"3838","fabp7a",688,0,0,0,0,0.32394959344326,0,0.05399159890721,0.132251867719674
"3839","marcksb",2812,0,0,0,0,0,0.136622576511888,0.0227704294186479,0.0557759332997464
"3840","bach2a",5437,0.189445731991312,0,0.190660295689333,10.481091117727,15.0636560951116,8.40228845548109,5.72119028266673,6.49685445103769
"3841","kif13ba",10250,0,0,0,0,0,0.273245153023775,0.0455408588372959,0.111551866599493
"3842","foxn3",11015,0,0.347822064318734,0,0,0,0.136622576511888,0.0807407734717703,0.141796672623002
"3843","dio2",2201,0,0,0.190660295689333,0,0.48592439016489,0,0.112764114309037,0.198080482861919
"3844","adck1",7186,0,0,0,0.361416935094036,0,0,0.060236155849006,0.147547845896829
"3845","hhipl1",3526,0,0.173911032159367,0.381320591378666,0.180708467547018,0.32394959344326,0.273245153023775,0.222189139592014,0.135428328636593
"3846","setd3",10562,0,0,0,0,0.32394959344326,0.136622576511888,0.076762028325858,0.132856775174322
"3847","dicer1",10027,0,0,0,0,0.48592439016489,0,0.0809873983608151,0.198377801579512
"3848","slc22a15",2416,400.677723161626,437.386245880808,310.013640790855,519.175427262583,493.618193009168,505.23028794096,444.350253007667,79.6675943003872
"3849","LOC141378551",4049,0,0,0,0.180708467547018,0,0.819735459071326,0.166740654436391,0.327965576867699
"3850","cyp26c1",4045,0,0,0,0,0,0.819735459071326,0.136622576511888,0.334655599798479
"3851","reep3a",3887,0,0,0,0,0,0.136622576511888,0.0227704294186479,0.0557759332997464
"3852","si:ch211-248a14.8",3448,0,0,0,0.180708467547018,0,0.136622576511888,0.0528885073431509,0.0831121091081427
"3853","mgmt",4094,0,0,0,0,0.16197479672163,0,0.026995799453605,0.0661259338598372
"3854","slc16a9a",4936,0,0.173911032159367,0,0,0,0,0.0289851720265612,0.0709988815718676
"3855","ccdc6a",2502,0,3.47822064318734,1.143961774136,0.542125402641054,2.26764715410282,1.91271607116643,1.55744517420561,1.26075064116887
"3856","ank3a",8607,0,0,0,0,0,0.0683112882559438,0.011385214709324,0.0278879666498732
"3857","entpd6",3066,0,0.173911032159367,0,0,0,0,0.0289851720265612,0.0709988815718676
"3858","hspa12a",3047,0.947228659956562,0.347822064318734,1.33462206982533,7.22833870188072,5.66911788525705,4.78179017791607,3.38481992652575,2.87439378212391
"3859","chst15",2593,0,0,0,0,0.32394959344326,0,0.05399159890721,0.132251867719674
"3860","LOC110437703",2435,0,0.173911032159367,0,0,0,0,0.0289851720265612,0.0709988815718676
"3861","plekha1a",3096,0,0,0,0,0,0.136622576511888,0.0227704294186479,0.0557759332997464
"3862","crip3",1139,0.378891463982625,0,0,0,0,0,0.0631485773304375,0.154681792442257
"3863","slc22a7b.3",2506,1.32612012393919,174.693631804084,0.381320591378666,0.361416935094036,0,30.8083910034307,34.5951467429878,69.6966448292679
"3864","LOC141375012",4424,2.46279451588706,0,0,0,0,0,0.410465752647844,1.00543165087467
"3865","slc22a7b.1",1981,5.68337195973937,0.695644128637469,0,0,0.16197479672163,0.409867729535663,1.15847643577236,2.23277670462177
"3866","slc22a7b.4",3276,0,0.173911032159367,0,0,0,0,0.0289851720265612,0.0709988815718676
"3867","yipf4",3540,0,0,0,0,0.16197479672163,0,0.026995799453605,0.0661259338598372
"3868","birc6",15802,0,0,0,0,0,0.136622576511888,0.0227704294186479,0.0557759332997464
"3869","fam98a",2349,0,0,0,0.542125402641054,0,0,0.090354233773509,0.221321768845244
"3870","si:ch211-195b21.5",3032,0,0,0,0,0,0.273245153023775,0.0455408588372959,0.111551866599493
"3871","tbc1d12a",3838,0,0,0,0.180708467547018,0.16197479672163,0.273245153023775,0.102654736215404,0.118597073709655
"3872","ppp1r3ca",2174,0,0,0,0.542125402641054,0.809873983608151,0.956358035583214,0.38472623697207,0.441889318551718
"3873","zgc:65997",1195,0,0,0,0,0.16197479672163,0,0.026995799453605,0.0661259338598372
"3874","pank1a",4891,0,0,0,0,0.16197479672163,0.273245153023775,0.0725366582909009,0.117753426827362
"3875","ifit15",1865,0,0,0,0,0,0.136622576511888,0.0227704294186479,0.0557759332997464
"3876","fas",3557,0,0,0,0,0.16197479672163,0.273245153023775,0.0725366582909009,0.117753426827362
"3877","papss2a",2748,0,0,0.190660295689333,0.361416935094036,0,0,0.0920128717972282,0.152430533599323
"3878","pdzd8",5836,0,0,0,0,0.16197479672163,0,0.026995799453605,0.0661259338598372
"3879","pex13",3629,0,0,0,0,0.16197479672163,0,0.026995799453605,0.0661259338598372
"3880","ehbp1",6468,0,0,0,0,0.16197479672163,0.136622576511888,0.049766228872253,0.077513222057617
"3881","peli1b",2050,0,0,0,0,0.16197479672163,0,0.026995799453605,0.0661259338598372
"3882","abch1",5583,1.13667439194787,0,0.953301478446664,4.33700322112843,1.94369756065956,6.28463851954683,2.44255252862156,2.38699282447306
"3883","atp5if1b",601,0,0,0.381320591378666,0.722833870188072,0.32394959344326,0,0.238017342501666,0.294252953902986
"3884","rpl13a",763,2.65224024787837,0.695644128637469,0.190660295689333,5.60196249395756,11.6621853639574,7.92410943768948,4.78780032796826,4.47652812297781
"3885","znf593",901,0,0,0,0,0.16197479672163,0,0.026995799453605,0.0661259338598372
"3886","LOC110438041",1051,0,0,0,0.542125402641054,0,0,0.090354233773509,0.221321768845244
"3887","mtfr1l",2747,0.378891463982625,0.347822064318734,0,0,0,0,0.12111892138356,0.187893678021982
"3888","wdr43",2659,0,0,0,0,2.10567235738119,0.273245153023775,0.396486251734161,0.844430092240326
"3889","ppie",1085,0,0,0,0.180708467547018,0.16197479672163,0,0.057113877378108,0.0886785375175253
"3890","fam167b",4349,0,0,0,0,0,0.136622576511888,0.0227704294186479,0.0557759332997464
"3891","srrm1",3666,0,0,0,0,0,0.409867729535663,0.0683112882559438,0.167327799899239
"3892","crybg1a",10461,0,0,0,0,0.16197479672163,0,0.026995799453605,0.0661259338598372
"3893","si:ch211-214p16.1",645,0,0,0,0,0,0.136622576511888,0.0227704294186479,0.0557759332997464
"3894","ppp1cb",2224,0,0,0.190660295689333,0.180708467547018,0.32394959344326,0.409867729535663,0.184197681035879,0.166354488492698
"3895","acss1",3273,0,0,0,0,0.16197479672163,0,0.026995799453605,0.0661259338598372
"3896","mrpl57",503,0,0,0.381320591378666,0,0,0.136622576511888,0.0863238613150922,0.154505836542208
"3897","calm1a",1539,0,0,0,0,0,0.136622576511888,0.0227704294186479,0.0557759332997464
"3898","nrde2",3712,0,0,0,0,0.16197479672163,0,0.026995799453605,0.0661259338598372
"3899","larp1b",4264,0,0,0,0.722833870188072,0.971848780329781,0.409867729535663,0.350758396675586,0.423504827458602
"3900","pgrmc2",2245,0,0,0,0,0.32394959344326,0.273245153023775,0.0995324577445059,0.155026444115234
"3901","jade1",5129,0,0,0,0,0,0.0683112882559438,0.011385214709324,0.0278879666498732
"3902","nipal3",2720,0,0,0,0,0,0.136622576511888,0.0227704294186479,0.0557759332997464
"3903","rps6ka1",5668,0,0,0,0,0.16197479672163,0,0.026995799453605,0.0661259338598372
"3904","asap3",4641,0,0,0,0.271062701320527,0,0,0.0451771168867545,0.110660884422622
"3905","id3",1189,0,0,0,0,0,0.409867729535663,0.0683112882559438,0.167327799899239
"3906","qkia",4913,0.189445731991312,0.173911032159367,0,0,0.32394959344326,0,0.11455105959899,0.135901729228885
"3907","hectd1",9566,0,0,0.381320591378666,0.361416935094036,0.971848780329781,0.136622576511888,0.308534813885728,0.365519079213757
"3908","strn3",4052,0,0,0.190660295689333,0,0.16197479672163,0.136622576511888,0.0815429448204751,0.0909476777472999
"3909","esrrga",6614,0,0,0,1.08425080528211,0.32394959344326,0.956358035583214,0.394093072384764,0.50265450199149
"3910","lpin1a",4758,0,0,0,0,0.32394959344326,0,0.05399159890721,0.132251867719674
"3911","itsn2b",6784,0,0.869555160796836,0.190660295689333,0,0.16197479672163,0.136622576511888,0.226468804953281,0.325469006667213
"3912","apoba",13469,0,0.347822064318734,0.190660295689333,1.08425080528211,2.59159674754608,0.136622576511888,0.725158748224691,0.991245632028466
"3913","ldah",4949,0,0,0,0,0,0.136622576511888,0.0227704294186479,0.0557759332997464
"3914","tpp1",2553,0,0,0,0,0,0.136622576511888,0.0227704294186479,0.0557759332997464
"3915","yy1a",2041,0,0,0,0,0,0.136622576511888,0.0227704294186479,0.0557759332997464
"3916","degs2",2304,0,0.173911032159367,0,0,0,0,0.0289851720265612,0.0709988815718676
"3917","bahd1",6645,0,0,0.381320591378666,0,0,0.273245153023775,0.10909429073374,0.172429070307866
"3918","ivd",2102,0,0,0,0,0,0.136622576511888,0.0227704294186479,0.0557759332997464
"3919","rpap1",4366,0,0,0,0,0.16197479672163,0,0.026995799453605,0.0661259338598372
"3920","arhgap5",5874,0,0,0,0,0.809873983608151,0,0.134978997268025,0.330629669299186
"3921","insyn2ab",12278,0,0,0,0,0.16197479672163,0,0.026995799453605,0.0661259338598372
"3922","ctsba",1550,0.189445731991312,0,0.190660295689333,0,0.16197479672163,0,0.0903468040670459,0.0995003502147669
"3923","cgref1",1421,0.189445731991312,1.39128825727494,0,0.180708467547018,0,0,0.293573742802211,0.545365014585031
"3924","smyd2a",3917,0,0,0,0,0,0.136622576511888,0.0227704294186479,0.0557759332997464
"3925","prox1a",3335,0,0,0.190660295689333,0.180708467547018,0.32394959344326,0.409867729535663,0.184197681035879,0.166354488492698
"3926","dnajc27",4504,2.08390305190444,1.91302135375304,1.90660295689333,14.0049062348939,7.61281544591662,14.4136818220041,6.98915514422758,6.00656775558419
"3927","ccdc28a",1645,0,0,0.571980887067998,0,0,0.136622576511888,0.118100577263314,0.228972219050378
"3928","rin3",4551,0,0,0,0.180708467547018,0,0,0.030118077924503,0.0737739229484146
"3929","pals1a",5947,0,0,0,0.180708467547018,0,0.136622576511888,0.0528885073431509,0.0831121091081427
"3930","adam17a",5450,0,0,0,0.361416935094036,0,0,0.060236155849006,0.147547845896829
"3931","rsad2",1631,0,0,0,0,0,0.273245153023775,0.0455408588372959,0.111551866599493
"3932","colec11",2739,0,0,0,0,0.16197479672163,0,0.026995799453605,0.0661259338598372
"3933","myo6b",9435,0,0,0,0,0.16197479672163,0,0.026995799453605,0.0661259338598372
"3934","slc30a1b",2510,0,1.21737722511557,0.190660295689333,2.52991854565825,0.971848780329781,2.1859612241902,1.18262767849719,1.02470616998764
"3935","hadhab",4271,0,0,0,0,0.16197479672163,0.409867729535663,0.0953070877095488,0.16716862425807
"3936","mideasb",5214,0.189445731991312,0,0,0,0.16197479672163,0,0.0585700881188238,0.0911512905111682
"3937","zfp36l1a",3734,0,0,0.190660295689333,0,0.64789918688652,0.683112882559438,0.253612060855882,0.327674671151073
"3938","eprs1",5456,0.378891463982625,0,0,0.361416935094036,0.48592439016489,0.409867729535663,0.272683419796202,0.215479709732955
"3939","babam2",7496,0,0,0,0,0.16197479672163,0,0.026995799453605,0.0661259338598372
"3940","fosl2",5867,0,0.347822064318734,0,0,0,0,0.0579703440531224,0.141997763143735
"3941","ralgapa2",9948,0,0.347822064318734,0,0.180708467547018,0.32394959344326,0,0.142080020884835,0.16580632301235
"3942","linc.alien",1156,0,0,0,0,0.16197479672163,0,0.026995799453605,0.0661259338598372
"3943","foxa2",1712,0,0,0,0,0.809873983608151,0.136622576511888,0.157749426686673,0.324114889512419
"3944","qpct",2601,0,0.173911032159367,0,0,0.16197479672163,0,0.0559809714801662,0.0868074499943072
"3945","gskip",2020,0,0,0.190660295689333,0,0,0,0.0317767159482221,0.0778367397745047
"3946","npc2.1",1130,0,0,0,0,0,0.136622576511888,0.0227704294186479,0.0557759332997464
"3947","isca2",971,0,0,0.190660295689333,0,0,0,0.0317767159482221,0.0778367397745047
"3948","hspa4l",3449,0,0,0,0.180708467547018,0.64789918688652,0.273245153023775,0.183642134576219,0.254851022643478
"3949","adob",1831,0,0.347822064318734,0,0,0.16197479672163,0,0.0849661435067274,0.144153078319906
"3950","jmjd1ca",8817,0,0,0,0,0.16197479672163,0,0.026995799453605,0.0661259338598372
"3951","amy2al1",1897,0,0.173911032159367,0.190660295689333,0.180708467547018,0.809873983608151,0.273245153023775,0.271399822004607,0.278518777957178
"3952","ktn1",4875,0,0,0,0,0.48592439016489,0.136622576511888,0.103757827779463,0.195035443146517
"3953","LOC100535512",3020,0,0,0.381320591378666,0,0,0,0.0635534318964443,0.155673479549009
"3954","naa30",5146,0,0,0,0,0,0.273245153023775,0.0455408588372959,0.111551866599493
"3955","coq6",6020,0,0,0,0,0,0.136622576511888,0.0227704294186479,0.0557759332997464
"3956","aldh6a1",2109,29565.2798260282,15009.0438084499,11991.960617972,17903.601067987,14257.264569633,23386.0279779811,18685.5296446752,6618.23249641698
"3957","gstz1",1071,8358.91403265268,5415.41563041054,4400.34429436196,2717.31322650451,2885.2570540024,3492.20967822036,4544.90898602541,2122.64183940826
"3958","marc1",1118,0,0,0,0,0,0.0683112882559438,0.011385214709324,0.0278879666498732
"3959","arf6b",2174,0,0.173911032159367,0,0,0,0,0.0289851720265612,0.0709988815718676
"3960","slc39a9",1882,141.705407529502,128.694163797932,163.205213110069,354.82107602857,292.688457675986,324.888486945269,234.333800847888,100.917420484825
"3961","gnmt",4075,0.189445731991312,0,0.190660295689333,0,0.16197479672163,0,0.0903468040670459,0.0995003502147669
"3962","scaf8",4933,0,0,0.381320591378666,0.090354233773509,0,0.273245153023775,0.124153329695992,0.164771295420986
"3963","gpx2",909,0.568337195973937,0,0,0,0.32394959344326,0.409867729535663,0.21702575315881,0.25033617314699
"3964","mthfd1b",7111,0.189445731991312,0,0,0,0,0.136622576511888,0.0543447180838667,0.0858316066269076
"3965","fcf1",4382,0,0,0,0.180708467547018,0.32394959344326,0,0.0841096768317131,0.137950906423143
"3966","LOC141378387",2697,0,0,0,0.180708467547018,0,0,0.030118077924503,0.0737739229484146
"3967","zgc:173816",1836,0,0,0,0.180708467547018,0,0,0.030118077924503,0.0737739229484146
"3968","syncripl",6785,0,0,0,0,0.32394959344326,0,0.05399159890721,0.132251867719674
"3969","LOC110437792",3751,0,0,0,0,0,0.136622576511888,0.0227704294186479,0.0557759332997464
"3970","aqr",8294,0.189445731991312,0.695644128637469,0.190660295689333,0,0,0,0.179291692719686,0.269551004806181
"3971","psen1",5233,0,0,0,0.90354233773509,0.16197479672163,0.273245153023775,0.223127047913416,0.351730984543715
"3972","nol10",6951,0,0,0.190660295689333,0,0,0,0.0317767159482221,0.0778367397745047
"3973","esrrb",6210,0,0.173911032159367,0,1.08425080528211,1.45777317049467,1.50284834163076,0.703130558261152,0.724312794123399
"3974","dlst",3084,0.189445731991312,0,0.571980887067998,0.361416935094036,0.16197479672163,0,0.214136391812496,0.221261605569403
"3975","meis2a",5024,0,0,0,0,0,0.273245153023775,0.0455408588372959,0.111551866599493
"3976","dph6",5317,0,0,0.381320591378666,0.180708467547018,0,0.136622576511888,0.116441939239595,0.151904128174351
"3977","vash1",5501,0,0,0,0,0.16197479672163,0,0.026995799453605,0.0661259338598372
"3978","atxn3",1989,0,0,0.190660295689333,0.180708467547018,0.32394959344326,0.273245153023775,0.161427251617231,0.135838585056249
"3979","serpina10b",1593,0.189445731991312,0,0.381320591378666,0.180708467547018,0.809873983608151,0.819735459071326,0.396847372266079,0.345509970900856
"3980","ddx24",3239,0.189445731991312,0.869555160796836,0.381320591378666,0.542125402641054,1.29579837377304,0.819735459071326,0.682996786608706,0.395846736467806
"3981","si:ch1073-416d2.4",1373,0,0,0.190660295689333,0,0,0,0.0317767159482221,0.0778367397745047
"3982","LOC100329344",1918,0,0,0.190660295689333,0,0,0,0.0317767159482221,0.0778367397745047
"3983","homer2",2556,0,0,0,0,0,0.136622576511888,0.0227704294186479,0.0557759332997464
"3984","whamm",3131,0,1.0434661929562,0.190660295689333,0.361416935094036,1.13382357705141,0.54649030604755,0.545976217806422,0.458576628533987
"3985","fsd2",2460,0,0,0,0,0,0.136622576511888,0.0227704294186479,0.0557759332997464
"3986","pde8a",3808,0,0,0,0,0.16197479672163,0,0.026995799453605,0.0661259338598372
"3987","gatm",1695,0.378891463982625,0,0.953301478446664,0,0.64789918688652,0.683112882559438,0.443867501979208,0.389011275182301
"3988","zgc:158482",2798,0.189445731991312,0,0,0,0,0.409867729535663,0.0998855769211626,0.169716510819191
"3989","slc27a2a",4525,0.75778292796525,0,1.33462206982533,0.722833870188072,3.07752113771097,1.91271607116643,1.30091267947601,1.08197191860963
"3990","gabpb1",1322,0.378891463982625,0,0,0.180708467547018,0,0.136622576511888,0.116037084673588,0.151057863097266
"3991","usp8",4305,0,0.695644128637469,0.762641182757331,0.180708467547018,0.48592439016489,0.136622576511888,0.376923457603099,0.316404286193942
"3992","trpm7",10187,0,0,0,0,0.16197479672163,0.136622576511888,0.049766228872253,0.077513222057617
"3993","zgc:123258",2150,0,0.173911032159367,0.190660295689333,0,0,0.273245153023775,0.106302746812079,0.121208634371738
"3994","LOC103909115",1080,0,0,0,0,0.809873983608151,0.136622576511888,0.157749426686673,0.324114889512419
"3995","mibp2",1044,0.378891463982625,0,0.762641182757331,3.07204394829931,7.28886585247336,4.09867729535663,2.60018662381154,2.81153098685866
"3996","bloc1s6",911,0,0,0.190660295689333,0,0,0,0.0317767159482221,0.0778367397745047
"3997","slc30a4",3471,126.170857506214,158.867727877582,156.341442465253,216.940515290195,161.731834526548,194.208992511648,169.04356169624,31.8867954405558
"3998","secisbp2l",5691,0,0,0.381320591378666,0,0,0,0.0635534318964443,0.155673479549009
"3999","fbn1",11625,0,0,0,0.180708467547018,0,0,0.030118077924503,0.0737739229484146
"4000","dut",932,0,0,0,0,0,0.136622576511888,0.0227704294186479,0.0557759332997464
"4001","ulk3",1946,0,0,0,0,0.16197479672163,0,0.026995799453605,0.0661259338598372
"4002","cyp1a",2608,4207.02137033107,2936.48777801092,2005.93697094747,3875.02202384448,2993.78016780589,4309.82748735575,3388.01263304926,897.454528233063
"4003","cox5ab",673,0,0,0,0,0.32394959344326,0,0.05399159890721,0.132251867719674
"4004","dhdh.2",1153,0.568337195973937,1.0434661929562,0.762641182757331,0,0.48592439016489,0.136622576511888,0.499498589727375,0.387619822078175
"4005","ugt5f1",1682,17.6184530751921,15.9128594425821,15.443483950836,62.1637128361742,64.3039942984872,81.2904330245731,42.7888227713074,29.7465810931492
"4006","lsm14ab",3737,0,0.347822064318734,0,0,0,0.136622576511888,0.0807407734717703,0.141796672623002
"4007","si:ch211-79l17.1",7835,0,0,0.381320591378666,0,0.16197479672163,0.273245153023775,0.136090090187345,0.164426923555832
"4008","pygo1",2169,0,0.173911032159367,0,0,0,0,0.0289851720265612,0.0709988815718676
"4009","serp1",783,0,0,0,0.361416935094036,0,0,0.060236155849006,0.147547845896829
"4010","rps3",833,4.5466975677915,1.39128825727494,3.24122502671866,9.938965715086,17.0073536557712,16.8045769109622,8.82168452226741,6.87906821617167
"4011","fchsd2",7281,0,0,0.190660295689333,0.542125402641054,0,0,0.122130949721731,0.21943358323715
"4012","pdcd10a",1348,0.189445731991312,0.173911032159367,0.190660295689333,0.180708467547018,0.16197479672163,0.273245153023775,0.194990912855406,0.0397784939857926
"4013","golim4a",4380,0,0,0,0.180708467547018,0,0,0.030118077924503,0.0737739229484146
"4014","zdhhc7",1703,0,0,0,0,0.48592439016489,0,0.0809873983608151,0.198377801579512
"4015","nip7",831,0,0,0,0,0.16197479672163,0,0.026995799453605,0.0661259338598372
"4016","nob1",2999,0,0,0,0,0.48592439016489,0.136622576511888,0.103757827779463,0.195035443146517
"4017","gcsha",1295,0,0,0,0,0,0.136622576511888,0.0227704294186479,0.0557759332997464
"4018","wash1",7308,0,0.173911032159367,0.190660295689333,0,0.48592439016489,0.136622576511888,0.164519715754246,0.178316693328359
"4019","ddx11",4883,0,0,0,0,0,0.0683112882559438,0.011385214709324,0.0278879666498732
"4020","fkbp4",2297,0,0,0,0,0.16197479672163,0,0.026995799453605,0.0661259338598372
"4021","miox",3785,0,0,0,0.361416935094036,0.16197479672163,0,0.087231955302611,0.149131855477145
"4022","dnaja2b",2585,61.7593086291678,82.43382924354,78.7427021196944,67.7656753301318,65.4378178755386,83.886261978299,73.3375991960619,9.49463551818919
"4023","calub",2508,0,0,0.190660295689333,0,0,0,0.0317767159482221,0.0778367397745047
"4024","utp15",1938,0,0,0,0.180708467547018,0,0,0.030118077924503,0.0737739229484146
"4025","cd9a",1520,0,0,0,0.180708467547018,0.16197479672163,0.136622576511888,0.079884306796756,0.0886206506346712
"4026","anln2",4114,0,0,0,0,0.16197479672163,0,0.026995799453605,0.0661259338598372
"4027","arf5",1744,0,0,0,0.361416935094036,0,0,0.060236155849006,0.147547845896829
"4028","si:dkey-238c7.12",573,0,1.0434661929562,0,0.180708467547018,0,1.36622576511888,0.43173340427035,0.611504324299211
"4029","si:dkey-238c7.13",553,0,1.91302135375304,0.381320591378666,0.180708467547018,0,3.2789418362853,0.958998708160671,1.34692984789756
"4030","chkb",7861,0,0,0,0.180708467547018,0,0.273245153023775,0.0756589367617989,0.120807959690264
"4031","LOC101886608",4644,0,0.173911032159367,0,0,0,0,0.0289851720265612,0.0709988815718676
"4032","cpt1b",2949,0,0,0.762641182757331,1.08425080528211,1.78172276393793,0.819735459071326,0.741391701841449,0.679080802177434
"4033","si:dkey-5i3.5",3674,0,0,0,0,0.32394959344326,0.136622576511888,0.076762028325858,0.132856775174322
"4034","tmem243a",1171,0,0,0.381320591378666,0,0,0,0.0635534318964443,0.155673479549009
"4035","rbm28",3151,0,0,0,0,0,0.273245153023775,0.0455408588372959,0.111551866599493
"4036","fgd4a",8155,0,0,0,0,0,0.136622576511888,0.0227704294186479,0.0557759332997464
"4037","srgap1a",6402,0,0,0,0,0.32394959344326,0,0.05399159890721,0.132251867719674
"4038","zgc:112052",1847,0,0,0,0,0.48592439016489,0,0.0809873983608151,0.198377801579512
"4039","tat",3791,0.189445731991312,0.695644128637469,0.762641182757331,0.180708467547018,2.42962195082445,0.136622576511888,0.732447339711578,0.87600701853302
"4040","zgc:56622",1603,0,0,0,0,0,0.409867729535663,0.0683112882559438,0.167327799899239
"4041","cmip",5426,0.378891463982625,0.173911032159367,0.571980887067998,0.180708467547018,0.16197479672163,0.136622576511888,0.267348203998421,0.173015990069468
"4042","gan",7551,0,0,0,0,0.16197479672163,0,0.026995799453605,0.0661259338598372
"4043","hsbp1b",666,109.499633090979,66.6948808331173,64.4431799429945,77.5239325776708,43.9761573099226,75.0741057932822,72.8686482579943,21.5046261004429
"4044","si:dkey-246g23.4",6671,0,0,0,0,0.48592439016489,0,0.0809873983608151,0.198377801579512
"4045","utp4",4032,0,0,0,0,0.64789918688652,0,0.10798319781442,0.264503735439349
"4046","spata2l",2315,0,0,0,0.180708467547018,0,0,0.030118077924503,0.0737739229484146
"4047","pdf",931,0,0.695644128637469,0,0.180708467547018,0,0,0.146058766030748,0.278774936156186
"4048","uri1",4178,0,0,0,0,0,0.136622576511888,0.0227704294186479,0.0557759332997464
"4049","zgc:153031",1716,0,0,0,0,0.16197479672163,0,0.026995799453605,0.0661259338598372
"4050","tmem263",5508,0,0,0,0,0.32394959344326,0.136622576511888,0.076762028325858,0.132856775174322
"4051","si:dkey-103i16.6",5340,0,0,0,0,0,0.273245153023775,0.0455408588372959,0.111551866599493
"4052","ric8b",1809,0,0,0.381320591378666,0,0.0809873983608151,0.273245153023775,0.122592190460543,0.165199391513487
"4053","polr3b",5335,0,0,0,0,0.16197479672163,0,0.026995799453605,0.0661259338598372
"4054","ppfibp1b",6773,0,0,0,0,0.16197479672163,0,0.026995799453605,0.0661259338598372
"4055","bmal2",3630,6.25170915571331,4.08690925574513,4.00386620947599,20.7814737679071,9.71848780329781,16.9411994874741,10.2972742799356,7.05602424743316
"4056","nr1h4",2396,135.264252641797,175.128409384483,162.919222666535,428.821193489074,463.490880818945,505.298599229216,311.820426371675,170.97091453554
"4057","ube2na",1795,0,0,0,0.361416935094036,0,0,0.060236155849006,0.147547845896829
"4058","nudt4a",2615,0,0.173911032159367,0,0,0,0.409867729535663,0.097296460282505,0.168188582085958
"4059","itpr2",8870,0,0,0,0,0.16197479672163,0,0.026995799453605,0.0661259338598372
"4060","ctsd",2418,0,0.173911032159367,0,0,0.16197479672163,0,0.0559809714801662,0.0868074499943072
"4061","eif4g2b",4163,0,0,0,0,0.32394959344326,0.136622576511888,0.076762028325858,0.132856775174322
"4062","znf143b",2815,0,0.173911032159367,0,3.61416935094036,1.6197479672163,2.32258380070209,1.28840202516969,1.49335631797642
"4063","tbc1d15",2387,0,0,0,0.180708467547018,0,0,0.030118077924503,0.0737739229484146
"4064","zc3h18",4809,0,0,0,0.361416935094036,0.32394959344326,0.273245153023775,0.159768613593512,0.177241301269342
"4065","ces2a",1782,0,0.173911032159367,0.571980887067998,0.722833870188072,3.07752113771097,1.36622576511888,0.985412115374214,1.13060894722655
"4066","ces3",1737,0.378891463982625,1.0434661929562,1.143961774136,0.180708467547018,2.42962195082445,0.956358035583214,1.02216798083825,0.790240945294015
"4067","phaf1",5561,0,0,0,0,0.48592439016489,0.136622576511888,0.103757827779463,0.195035443146517
"4068","nup93",3426,0,0,0,0,0.32394959344326,0,0.05399159890721,0.132251867719674
"4069","mt2",920,218.241483253992,914.598118126112,510.588271856033,3464.45238557766,3109.9160970553,7664.0483632991,2646.97411986137,2811.3211583311
"4070","herpud1",2227,0,0,0,0.180708467547018,0.16197479672163,0.136622576511888,0.079884306796756,0.0886206506346712
"4071","cetp",1936,0,0.869555160796836,0.571980887067998,0.542125402641054,0.48592439016489,0.54649030604755,0.502679357786388,0.281369227927321
"4072","si:ch211-216l23.2",2017,0,0.173911032159367,0,0,0.16197479672163,0.136622576511888,0.0787514008988142,0.087104433218226
"4073","lonp2",3759,0,0,0,0,0.48592439016489,0,0.0809873983608151,0.198377801579512
"4074","sf3b3",4434,0,0,0,0.180708467547018,0.16197479672163,0,0.057113877378108,0.0886785375175253
"4075","aars1",4373,0,0,0.190660295689333,0.542125402641054,0.809873983608151,0.54649030604755,0.348191664664348,0.33387848460779
"4076","rab11a",1889,0,0,0,0.180708467547018,0.64789918688652,0,0.138101275738923,0.259998897092698
"4077","rpl4",1258,0.378891463982625,1.39128825727494,1.90660295689333,4.87912862376949,22.6764715410282,5.73814821349928,6.16175517607465,8.35303080433303
"4078","tle3a",6136,0,0,0,0.180708467547018,0,0,0.030118077924503,0.0737739229484146
"4079","bida",1672,0,0,0,0.180708467547018,0,0,0.030118077924503,0.0737739229484146
"4080","bcl2l13",3057,0,0,0,0,0,0.136622576511888,0.0227704294186479,0.0557759332997464
"4081","kmt5b",4257,0,0,0,0,0.16197479672163,0,0.026995799453605,0.0661259338598372
"4082","got2a",2414,0.189445731991312,0,0,0,0,0,0.0315742886652187,0.0773408962211285
"4083","mbtps1",4212,0,0,0,0,0,0.136622576511888,0.0227704294186479,0.0557759332997464
"4084","ranbp10",4785,0,0,0,0.361416935094036,0,0.54649030604755,0.151317873523598,0.241615919380529
"4085","ripor1",6597,0,0,0,0,0.16197479672163,0,0.026995799453605,0.0661259338598372
"4086","ctcf",5394,0,0,0,0,0.16197479672163,0.136622576511888,0.049766228872253,0.077513222057617
"4087","carmil2",5651,0.189445731991312,0,0,0.180708467547018,0,0,0.0616923665897217,0.0956133327944091
"4088","nr2f2",5411,0,0,0,0,0,0.136622576511888,0.0227704294186479,0.0557759332997464
"4089","chd2",8908,0,0,0,0.361416935094036,0,0,0.060236155849006,0.147547845896829
"4090","slco3a1a",6492,7.00949208367856,7.39121886677311,3.62254561809732,11.2039249879151,10.1234247951019,6.69450624908249,7.67418543344141,2.69648951778945
"4091","LOC565819",5947,0,0,0,0,0.32394959344326,0,0.05399159890721,0.132251867719674
"4092","idh2",1728,0,0,0,0.180708467547018,0.809873983608151,0.136622576511888,0.187867504611176,0.314786261532581
"4093","ctsh",1301,0,0,0,0,0,0.273245153023775,0.0455408588372959,0.111551866599493
"4094","malt3",2848,0,0,0,0,0,0.136622576511888,0.0227704294186479,0.0557759332997464
"4095","ch25hl1.1",1087,0,0,0,0,0,0.136622576511888,0.0227704294186479,0.0557759332997464
"4096","pstpip1a",1262,0,0,0,0,0,0.136622576511888,0.0227704294186479,0.0557759332997464
"4097","pik3c2a",6316,0,0,0,0,0.64789918688652,0.136622576511888,0.130753627233068,0.259175623303325
"4098","hipk3b",11387,0,0,0.190660295689333,0,0.32394959344326,0.136622576511888,0.10853874427408,0.133623696854696
"4099","gse1b",11384,0,0,0,0.180708467547018,0,0.273245153023775,0.0756589367617989,0.120807959690264
"4100","cox4i1",709,0,0,0.571980887067998,0,0.809873983608151,0.819735459071326,0.366931721624579,0.411628691261686
"4101","mthfsd",1864,0,0,0,0,0.16197479672163,0.409867729535663,0.0953070877095488,0.16716862425807
"4102","cd151l",1664,0,0.173911032159367,0,0,0,0,0.0289851720265612,0.0709988815718676
"4103","uraha",670,0,0,0,0,0.16197479672163,0,0.026995799453605,0.0661259338598372
"4104","gmps",4089,0,0,0.381320591378666,0.180708467547018,1.94369756065956,0.683112882559438,0.531473250357447,0.738631364919214
"4105","ssr3",756,0.378891463982625,0.173911032159367,0,0.722833870188072,1.29579837377304,0.956358035583214,0.587965462614386,0.49310980497452
"4106","itpkcb",4161,0.189445731991312,0,0,0,0,0.273245153023775,0.0771151475025146,0.122370031604722
"4107","hnrnpul1",3219,0.189445731991312,0,0,0,0,0,0.0315742886652187,0.0773408962211285
"4108","bckdha",1804,0,0,0,0,0.16197479672163,0,0.026995799453605,0.0661259338598372
"4109","siae",2783,0,0,0,0,0,0.273245153023775,0.0455408588372959,0.111551866599493
"4110","map3k10",11704,0,0,0,0,0,0.409867729535663,0.0683112882559438,0.167327799899239
"4111","tbcb",1695,0,0,0,0,0,0.136622576511888,0.0227704294186479,0.0557759332997464
"4112","yap1",6089,0.568337195973937,0.173911032159367,0.381320591378666,0.722833870188072,0.64789918688652,0.956358035583214,0.575109985361629,0.272408329443713
"4113","nucb2b",2373,0.378891463982625,0,0,0,0.32394959344326,0.136622576511888,0.139910605656295,0.173042158755044
"4114","nat10",3453,49.0664445857499,93.9119573660583,108.48570824723,646.845959584551,725.809064109625,305.488081080581,321.601202495632,296.972584792447
"4115","caprin1b",2654,1.13667439194787,0.347822064318734,2.85990443533999,4.69842015622247,6.64096666558684,8.74384489676081,4.07127210169612,3.2487824451989
"4116","onecut1",5048,0,0,0.190660295689333,0,0,0.136622576511888,0.0545471453668701,0.0862145351539329
"4117","atosa",4787,0,0,0,0,0.16197479672163,0.683112882559438,0.140847946546845,0.273441101816425
"4118","bcl2l10",1360,0,0,0.381320591378666,0,0,0,0.0635534318964443,0.155673479549009
"4119","tmod2",6603,0,0.0869555160796836,0,0,0,0,0.0144925860132806,0.0354994407859338
"4120","acadl",4482,0,0,0,0,0.32394959344326,0.136622576511888,0.076762028325858,0.132856775174322
"4121","cyp19a1a",3282,0,0,0,3.43346088339334,0.809873983608151,0.683112882559438,0.821074624926822,1.33163144144646
"4122","sema6d",8686,0,0,0,0,0.16197479672163,0,0.026995799453605,0.0661259338598372
"4123","ugt5c3",9765,156.103283160841,101.216220716752,52.9082320537898,451.951877335092,186.75694062004,332.744285094702,213.613473163536,150.655472802389
"4124","ugt5c2",1875,11.7456353834614,1.30433274119525,3.05056473102932,14.2759689362144,4.45430690984483,11.2030512739748,7.67230999595333,5.38393225360981
"4125","snrpd2",728,0,0,0,0,0,0.409867729535663,0.0683112882559438,0.167327799899239
"4126","zbtb38",5305,0,0,0,0,0,0.136622576511888,0.0227704294186479,0.0557759332997464
"4127","trip12",8271,0,0.173911032159367,0,0.180708467547018,0,0.136622576511888,0.0818736793697122,0.0909357240268841
"4128","selenot1b",1273,0,0,0,0.180708467547018,0.16197479672163,0,0.057113877378108,0.0886785375175253
"4129","baz1b",7610,0,0,0.190660295689333,0,0,0.136622576511888,0.0545471453668701,0.0862145351539329
"4130","pgr",5384,0.378891463982625,0,0.571980887067998,2.16850161056422,0.64789918688652,1.36622576511888,0.855583152270039,0.783240847584246
"4131","ttc36",724,0.189445731991312,0.173911032159367,0,0.180708467547018,0.48592439016489,0.273245153023775,0.217205795814394,0.159063234542476
"4132","ddx6",5628,0,0,0,0,0.16197479672163,0,0.026995799453605,0.0661259338598372
"4133","aplp2",5366,0,0,0,0.180708467547018,0.16197479672163,0,0.057113877378108,0.0886785375175253
"4134","psmd8",2531,0,0,0,0,0.16197479672163,0,0.026995799453605,0.0661259338598372
"4135","bicra",7376,0,0,0,0,0,0.273245153023775,0.0455408588372959,0.111551866599493
"4136","napab",1577,0,0.173911032159367,0,0,0,0,0.0289851720265612,0.0709988815718676
"4137","srpra",3004,0,0,0.571980887067998,0.361416935094036,0.48592439016489,0.54649030604755,0.327635419729079,0.264003293213788
"4138","arfgap2",4667,0,0,0,0.361416935094036,0.32394959344326,0,0.114227754756216,0.177357075035051
"4139","eif3m",1269,0,0,0.190660295689333,0.90354233773509,0.32394959344326,1.22960318860699,0.441292569245779,0.510131876072731
"4140","qser1",6365,0,0,0,0,0.16197479672163,0,0.026995799453605,0.0661259338598372
"4141","cstf3",2690,0,0,0,0.361416935094036,0.32394959344326,0,0.114227754756216,0.177357075035051
"4142","rpl35a",419,1.5155658559305,1.39128825727494,0.381320591378666,2.71062701320527,9.39453820985455,5.32828048396362,3.45360340193459,3.37073254417198
"4143","abcc5",5691,96.143708985591,257.997016208421,235.75145561986,1311.40134898871,611.940782014319,1485.63389699027,666.478034801195,594.57213043503
"4144","ap2m1b",4882,2.08390305190444,0.173911032159367,0.762641182757331,1.08425080528211,1.45777317049467,0.819735459071326,1.06370245027821,0.65397397231718
"4145","blvrb",1177,0.189445731991312,0,0.381320591378666,0,0.16197479672163,0,0.122123520015268,0.153652848139301
"4146","kcnk6",4991,0,0,0,0,0.16197479672163,0,0.026995799453605,0.0661259338598372
"4147","foxa3",2504,0,0,0,0.180708467547018,0.16197479672163,0,0.057113877378108,0.0886785375175253
"4148","rbm7",1383,0,0,0.190660295689333,0,0.16197479672163,0,0.0587725154018271,0.0915007450520586
"4149","fli1",5687,0,0,0,0,0.16197479672163,0,0.026995799453605,0.0661259338598372
"4150","gemin7",591,0,0,0,0,0.16197479672163,0,0.026995799453605,0.0661259338598372
"4151","shkbp1",2993,0,0.173911032159367,0,0,0,0,0.0289851720265612,0.0709988815718676
"4152","yif1b",3982,0,0,0,0,0.32394959344326,0,0.05399159890721,0.132251867719674
"4153","si:zfos-464b6.2",1716,0,0,0,0,0,0.136622576511888,0.0227704294186479,0.0557759332997464
"4154","abcc8b",5894,0.189445731991312,1.21737722511557,0,0.542125402641054,0,1.22960318860699,0.529758591392488,0.572687690857084
"4155","loxl1",1737,0,0,0,0,0,0.273245153023775,0.0455408588372959,0.111551866599493
"4156","ubl7b",2180,0,0,0,0,0.16197479672163,0.136622576511888,0.049766228872253,0.077513222057617
"4157","p2ry1",4576,0,0.173911032159367,0,0,0,0,0.0289851720265612,0.0709988815718676
"4158","cttn",1771,0,0.173911032159367,0.381320591378666,0,0.32394959344326,0,0.146530202830216,0.174222373740792
"4159","st7",2098,0,0,0,0.722833870188072,0,0.136622576511888,0.14324274111666,0.289151736985316
"4160","ppfia1",5421,0,0,0,0.180708467547018,0,0.409867729535663,0.0984293661804468,0.168829538409488
"4161","LOC100330861",3727,0,0.173911032159367,0,0,0.16197479672163,0,0.0559809714801662,0.0868074499943072
"4162","pdpr",3618,0,0,0,0,0.16197479672163,0,0.026995799453605,0.0661259338598372
"4163","ddb1",3714,0,0.173911032159367,0,0.180708467547018,0,0,0.0591032499510642,0.0915875891387696
"4164","taldo1",3288,0,0.869555160796836,0,0.542125402641054,0.809873983608151,0.273245153023775,0.415799950011636,0.38555085844941
"4165","mycbp",450,0.378891463982625,0,0,0.180708467547018,0.32394959344326,0.273245153023775,0.192799112999446,0.162967209355065
"4166","kdm1b",3111,0,0.173911032159367,0,0.180708467547018,0,0,0.0591032499510642,0.0915875891387696
"4167","dnajc8",955,45.182807079928,95.2162901072535,92.3749132614817,103.545951904441,82.6071463280314,77.6016234587522,82.7547886899814,20.5831921451837
"4168","hnrnpr",1246,0,0.0869555160796836,0,0.180708467547018,0.16197479672163,0,0.0716064633913886,0.0844840022683058
"4169","atp5if1a",516,0.378891463982625,0.521733096478102,0.190660295689333,0.361416935094036,0.16197479672163,0.273245153023775,0.31465362349825,0.133861903845092
"4170","enpp2l",5578,0.189445731991312,0,0.953301478446664,1.26495927282913,1.13382357705141,0.819735459071326,0.726877586564973,0.516180458314362
"4171","LOC100536156",3432,0,0.347822064318734,0,0.180708467547018,0.32394959344326,0.136622576511888,0.164850450303483,0.151122983284059
"4172","zbtb22a",4626,0,0,0,0,0.32394959344326,0.273245153023775,0.0995324577445059,0.155026444115234
"4173","gpd1c",1438,0.189445731991312,1.73911032159367,0.381320591378666,0,0.16197479672163,0,0.41197524028088,0.665386208543403
"4174","golph3l",4075,0,0.173911032159367,0,0,0,0,0.0289851720265612,0.0709988815718676
"4175","mcl1a",1239,0.75778292796525,0,0,0,0.16197479672163,0,0.15329295411448,0.303143009816072
"4176","tnfaip8l2a",2999,0.189445731991312,0,0,0,0,0,0.0315742886652187,0.0773408962211285
"4177","dus3l",2349,0,0,0.190660295689333,0,0.16197479672163,0,0.0587725154018271,0.0915007450520586
"4178","akap9",13398,0,0.173911032159367,0.571980887067998,0.361416935094036,0.32394959344326,0.819735459071326,0.375165651139331,0.289980465008503
"4179","cyp51",2474,78.9988702403773,344.517754707706,16.9687663163506,45.1771168867545,15.3876056885549,19.8102735942237,86.8100645723279,128.588893152549
"4180","nup42",1339,0,0,0,0.090354233773509,0,0,0.0150590389622515,0.0368869614742073
"4181","gstr",1292,0,0,0,0,1.13382357705141,0,0.188970596175235,0.462881537018861
"4182","rnf5",869,0,0,0.762641182757331,0,0,0,0.127106863792889,0.311346959098019
"4183","osbpl10a",5477,0.189445731991312,0.0869555160796836,0,0.361416935094036,0.48592439016489,0.273245153023775,0.232831287725616,0.178659521696141
"4184","slc39a4",2943,0.189445731991312,43.6516690720012,3.05056473102932,1.62637620792316,0.48592439016489,6.14801594303494,9.19199934602413,17.0207653052951
"4185","zgc:63863",2563,0,0,0,0,0.16197479672163,0.136622576511888,0.049766228872253,0.077513222057617
"4186","dgat1a",4529,0,0,0.381320591378666,0,0.16197479672163,0,0.0905492313500493,0.156490414015607
"4187","oxsm",2942,0,0.347822064318734,0.190660295689333,0,0,0,0.0897470600013445,0.147651161936491
"4188","ptk2aa",3817,0,0,0,0,0,0.0683112882559438,0.011385214709324,0.0278879666498732
"4189","rplp1",495,2.65224024787837,4.34777580398418,3.05056473102932,9.57754877999196,17.1693284524928,12.8425221921174,8.27333003458234,5.93297893445401
"4190","clptm1l",2094,0,0,0,0.180708467547018,0.32394959344326,0,0.0841096768317131,0.137950906423143
"4191","snrpd1",721,1.89445731991312,1.73911032159367,1.90660295689333,0.722833870188072,1.13382357705141,0.956358035583214,1.3921976802038,0.518070882849951
"4192","btd",1790,0,0,0,0.180708467547018,0,0,0.030118077924503,0.0737739229484146
"4193","polr1f",1209,0,0,0,0,0,0.273245153023775,0.0455408588372959,0.111551866599493
"4194","cdcp1b",3017,0,0.173911032159367,0,0,0.16197479672163,0,0.0559809714801662,0.0868074499943072
"4195","hgh1",1370,0,0,0,0,0.16197479672163,0,0.026995799453605,0.0661259338598372
"4196","bop1",3454,0,0,0,0,0.16197479672163,0,0.026995799453605,0.0661259338598372
"4197","hsf1",6050,3.031131711861,5.56515302909975,7.62641182757331,65.5971737195676,52.2368719427257,58.7477079001117,32.1340750218232,29.6165539990034
"4198","zgc:86598",1614,0,0,0,0,0.16197479672163,0,0.026995799453605,0.0661259338598372
"4199","si:ch211-133n4.9",1480,0.568337195973937,0,0,0,0,0,0.0947228659956562,0.232022688663385
"4200","thrap3b",4879,0.189445731991312,0.173911032159367,0.190660295689333,1.44566774037614,0,1.50284834163076,0.583755523641154,0.693739340969801
"4201","map7d1b",3133,0,0,0,0,0.48592439016489,0,0.0809873983608151,0.198377801579512
"4202","meaf6",1034,0,0,0,0.180708467547018,0,0,0.030118077924503,0.0737739229484146
"4203","ppp1r1b",1712,0.189445731991312,1.21737722511557,1.90660295689333,0.361416935094036,0.16197479672163,0.136622576511888,0.662240037054627,0.734463667300709
"4204","stard3",2884,0,0,0,0,0,0.136622576511888,0.0227704294186479,0.0557759332997464
"4205","chd4a",6415,0,0,0,0,0.64789918688652,0.136622576511888,0.130753627233068,0.259175623303325
"4206","krt92",1420,0,0.173911032159367,0.190660295689333,0,0.16197479672163,0,0.0877576874283884,0.0965647554912468
"4207","krt91",1508,0,0,0,0,0,0.136622576511888,0.0227704294186479,0.0557759332997464
"4208","eif1",1289,0.189445731991312,2.26084341807177,0.953301478446664,0,0.64789918688652,0.409867729535663,0.743559590821989,0.815667343551222
"4209","wipf2b",3076,0.189445731991312,0.173911032159367,0,0,0.16197479672163,0.136622576511888,0.110325689564033,0.0871845731715703
"4210","si:ch211-264f5.2",2840,0,0,0,0,0,0.136622576511888,0.0227704294186479,0.0557759332997464
"4211","pdk2b",2271,0,0,0,0,0.16197479672163,0,0.026995799453605,0.0661259338598372
"4212","zgc:174904",2703,0,0,0.571980887067998,0,0.64789918688652,0.273245153023775,0.248854204496382,0.300009304728081
"4213","cica",10038,0,0,0,0,0,0.136622576511888,0.0227704294186479,0.0557759332997464
"4214","erf",4936,0,0,0,0,0.16197479672163,0,0.026995799453605,0.0661259338598372
"4215","tcf19l",4952,0,0,0,0,0,0.136622576511888,0.0227704294186479,0.0557759332997464
"4216","znf384a",3755,0,0,0,0,0.16197479672163,0.273245153023775,0.0725366582909009,0.117753426827362
"4217","tapbp.2",2012,0.189445731991312,0,0,0,0,0.136622576511888,0.0543447180838667,0.0858316066269076
"4218","mhc1uba",1907,0,0.173911032159367,0,0,0,0,0.0289851720265612,0.0709988815718676
"4219","tap2a",2178,0,0,0,0,0.16197479672163,0.136622576511888,0.049766228872253,0.077513222057617
"4220","brd2a",4905,0,0.347822064318734,0.190660295689333,0,0,0.409867729535663,0.158058348257288,0.187311742168544
"4221","hsd17b8",920,359.946890783494,234.953804447305,291.3289318133,411.292472137013,176.87647802002,347.636145934498,303.672453855938,86.7565808554685
"4222","rxrba",6741,23.8701622309054,19.4780356018491,31.8402693801186,169.865959494197,150.393598756034,154.861690476225,91.718285989888,73.4089085592843
"4223","sdha",4134,0,0.173911032159367,0,0,0.32394959344326,0.54649030604755,0.174058488608363,0.224527012211435
"4224","mindy1",2628,0.189445731991312,0,1.143961774136,0,0.48592439016489,0.409867729535663,0.37153327097131,0.42905255298019
"4225","mrpl9",991,0,0,0,0,0,0.273245153023775,0.0455408588372959,0.111551866599493
"4226","pbxip1a",3709,0,0.521733096478102,0.571980887067998,0,0.32394959344326,0.409867729535663,0.304588551087504,0.251259762483763
"4227","ubap2l",5489,0,0,0,0,0.48592439016489,0,0.0809873983608151,0.198377801579512
"4228","hax1",1217,0,0,0,0,0,0.136622576511888,0.0227704294186479,0.0557759332997464
"4229","znf687b",5635,0,0,0,0,0.16197479672163,0,0.026995799453605,0.0661259338598372
"4230","efna1a",4065,0,0,0,0,0,0.136622576511888,0.0227704294186479,0.0557759332997464
"4231","s100a10a",911,0,0.695644128637469,0,0,0,0.136622576511888,0.138711117524893,0.278259532584421
"4232","rps27.1",565,0.75778292796525,0.869555160796836,0.190660295689333,2.34921007811124,5.50714308853542,5.46490306047551,2.52320910192893,2.40332211360407
"4233","rprd2a",4262,0,0,0,0.361416935094036,0.809873983608151,0.273245153023775,0.240756011954327,0.320437276294808
"4234","ciarta",2645,0,0.173911032159367,0,0.180708467547018,0.16197479672163,0,0.0860990494046692,0.0945073058261799
"4235","ash1l",13726,0,0.173911032159367,0,0,0.48592439016489,0.136622576511888,0.132742999806024,0.189372154495634
"4236","setdb1a",4981,0,0,0,0,0.16197479672163,0,0.026995799453605,0.0661259338598372
"4237","clk2a",2997,0,0,0,0.090354233773509,0.16197479672163,0,0.0420548384158565,0.0689754532115716
"4238","ndufv1",1889,0,0,0,0,0.32394959344326,0.273245153023775,0.0995324577445059,0.155026444115234
"4239","si:rp71-15k1.1",4020,0,0,0,0,0.16197479672163,0.409867729535663,0.0953070877095488,0.16716862425807
"4240","si:ch73-15n24.1",2698,0,0,0,0.542125402641054,0.32394959344326,0.136622576511888,0.167116262099367,0.223580835200667
"4241","si:ch211-288g17.4",2523,0.568337195973937,0.347822064318734,0,0.542125402641054,1.6197479672163,0.409867729535663,0.581316726614282,0.548067061975081
"4242","znf865",7118,0,0,0,0,0.16197479672163,0.136622576511888,0.049766228872253,0.077513222057617
"4243","si:ch211-171h4.3",3040,0,0,0,0,0.16197479672163,0,0.026995799453605,0.0661259338598372
"4244","olah",1494,0,0,0,0.180708467547018,0,0,0.030118077924503,0.0737739229484146
"4245","tomm40l",1689,0,0,0,0,0.16197479672163,0,0.026995799453605,0.0661259338598372
"4246","apoea",1065,0,1.91302135375304,0,0,0,1.0929806120951,0.501000327641357,0.818321373123104
"4247","tpm3",6693,0,0,0,0,0.16197479672163,0,0.026995799453605,0.0661259338598372
"4248","ssr2",1043,0.189445731991312,0,0.381320591378666,0.542125402641054,1.29579837377304,0.819735459071326,0.5380709264759,0.466718919219643
"4249","hsbp1l1",3701,10.2300695275309,4.86950890046228,6.19645960990332,6.9572760005602,3.40147073115423,4.91841275442795,6.09553292067314,2.3661740489951
"4250","spag1a",2051,0,0,0,0,0.16197479672163,0.136622576511888,0.049766228872253,0.077513222057617
"4251","rnf19a",5404,0.189445731991312,0,0.190660295689333,0.722833870188072,0.16197479672163,0.136622576511888,0.233589545183706,0.249898758333895
"4252","znf706",1602,0,0,0,0,0,0.54649030604755,0.0910817176745917,0.223103733198986
"4253","psmg2",1629,0,0,0,0,0.16197479672163,0,0.026995799453605,0.0661259338598372
"4254","seh1l",4090,0,0.173911032159367,0.190660295689333,0.361416935094036,0.16197479672163,0,0.147993843277394,0.135677091151584
"4255","rnmt",4231,0,0.173911032159367,0,0,0,0,0.0289851720265612,0.0709988815718676
"4256","slc25a32a",3662,0.189445731991312,0,0,0,0.16197479672163,0.136622576511888,0.0813405175374717,0.0906571230471183
"4257","trnau1apa",1113,0,0,0,0,0.16197479672163,0,0.026995799453605,0.0661259338598372
"4258","nudc",1303,0,0,0,0,0.16197479672163,0,0.026995799453605,0.0661259338598372
"4259","arid1ab",8010,0,0,0,0.361416935094036,0,0.273245153023775,0.105777014686302,0.166224218216285
"4260","phactr4a",6042,0,0,0,0.361416935094036,0.16197479672163,0.136622576511888,0.110002384721259,0.143471681033118
"4261","serinc2",1963,0,0,0,0,0,0.136622576511888,0.0227704294186479,0.0557759332997464
"4262","pdik1l",1841,0,0,0,0,0.16197479672163,0,0.026995799453605,0.0661259338598372
"4263","ppp1r8a",1259,0,0,0,0,0.16197479672163,0,0.026995799453605,0.0661259338598372
"4264","ctps1a",2219,0,0,0,0,0.16197479672163,0,0.026995799453605,0.0661259338598372
"4265","ube2e1",1404,0.189445731991312,0.695644128637469,0,0.361416935094036,0.16197479672163,0,0.234746932074075,0.263070995023832
"4266","rpl15",687,10.4195152595222,8.69555160796836,6.86377064481598,19.1550975599839,19.1130260131524,32.5161732098293,16.127189049212,9.59478973010154
"4267","nr1d2b",3794,0.189445731991312,0,0.381320591378666,0.361416935094036,1.45777317049467,0.819735459071326,0.534948648005002,0.52762975337078
"4268","thrb",7211,3.69419177383059,6.17384164165754,5.91046916636932,220.373976173589,56.6911788525705,231.438644611138,87.3803837031924,109.194444580513
"4269","rps18",506,0.189445731991312,0.173911032159367,0.953301478446664,2.71062701320527,4.8592439016489,6.69450624908249,2.59683923442234,2.69405413472368
"4270","si:ch73-295i22.2",754,0,0,0,0,0,0.136622576511888,0.0227704294186479,0.0557759332997464
"4271","slc39a7",1964,88.2817111079516,88.4337598530382,114.586837709289,435.41705255454,138.812400790437,238.952886319291,184.080774722425,135.192690770224
"4272","dync1li1",3222,0,0.173911032159367,0,0.180708467547018,0.16197479672163,0,0.0860990494046692,0.0945073058261799
"4273","LOC100333241",4298,0.378891463982625,0,0,0,0,0,0.0631485773304375,0.154681792442257
"4274","tax1bp1a",10060,0,0,0,0,0.16197479672163,0,0.026995799453605,0.0661259338598372
"4275","cbx3a",1213,0,0,0,0.361416935094036,0,0.136622576511888,0.083006585267654,0.146933570159263
"4276","nfe2l3",4008,6.82004635168725,13.5650605084306,10.867636854292,132.188244010644,87.142440636237,70.0190704623424,53.4337498039388,51.3572638757981
"4277","osbpl3a",3986,0,0,0,0,0.48592439016489,0,0.0809873983608151,0.198377801579512
"4278","tbc1d5",3927,0,0,0,0,0.32394959344326,0.136622576511888,0.076762028325858,0.132856775174322
"4279","ngly1",3574,0,0,0,0,0.16197479672163,0,0.026995799453605,0.0661259338598372
"4280","txnl4a",794,72.5577153526726,69.0426797672688,119.353345101522,140.771896219127,86.0896044575464,86.9602699498165,95.7959184746589,28.3048476614081
"4281","atp9b",10666,0,0,0,0.180708467547018,0,0,0.030118077924503,0.0737739229484146
"4282","slc52a2",4879,0,0.173911032159367,0,0,0.48592439016489,0,0.109972570387376,0.196877506403458
"4283","pleca",19155,0,0,0,0,0,0.273245153023775,0.0455408588372959,0.111551866599493
"4284","chtopa",2265,0,0,0,0,0.16197479672163,0,0.026995799453605,0.0661259338598372
"4285","snapin",2221,0,0,0.190660295689333,0,0,0,0.0317767159482221,0.0778367397745047
"4286","txnipa",2701,0,0,0,0,0.32394959344326,0,0.05399159890721,0.132251867719674
"4287","polr3gla",1440,0.189445731991312,0,0,0.180708467547018,0,0.273245153023775,0.107233225427018,0.121831327211857
"4288","pard6gb",3076,0,0,0,0,0.16197479672163,0,0.026995799453605,0.0661259338598372
"4289","mylipa",2600,0,0,0,0,0.16197479672163,0,0.026995799453605,0.0661259338598372
"4290","csnk2b",1679,0,0,0,0.361416935094036,0.16197479672163,0,0.087231955302611,0.149131855477145
"4291","prrc2a",8467,0,0,0,0.542125402641054,0.809873983608151,0.409867729535663,0.293644519297478,0.346532756012501
"4292","nelfe",1489,0,0,0,0,0.16197479672163,0,0.026995799453605,0.0661259338598372
"4293","mgat1b",5420,0,0,0,0.180708467547018,0,0,0.030118077924503,0.0737739229484146
"4294","si:dkeyp-46h3.8",977,0,0,0,0,0,0.136622576511888,0.0227704294186479,0.0557759332997464
"4295","ndufs6",499,0,0,0,0,0,0.136622576511888,0.0227704294186479,0.0557759332997464
"4296","mrpl36",619,0,0.173911032159367,0,0,0.16197479672163,0,0.0559809714801662,0.0868074499943072
"4297","sox4a",3261,0,0,0,0.180708467547018,0.16197479672163,0,0.057113877378108,0.0886785375175253
"4298","srfbp1",2539,0,0.173911032159367,0.190660295689333,0.180708467547018,0.16197479672163,0.273245153023775,0.163416624190187,0.0893540550349791
"4299","marcksl1b",1558,0,0,0,0,0,0.409867729535663,0.0683112882559438,0.167327799899239
"4300","hdac1",2264,0,0.173911032159367,0,0,0.32394959344326,0,0.0829767709337712,0.137023734521591
"4301","eif3i",1305,0,0,0.190660295689333,0,2.10567235738119,0.54649030604755,0.473803826519679,0.827274885808509
"4302","abcf1",3710,202.517487498713,682.166023645118,1106.87834662442,965.796404805038,1324.06297580097,610.361360566858,815.297099823519,400.433209111088
"4303","si:ch211-215a10.4",1924,0,0,0.190660295689333,0,0,0,0.0317767159482221,0.0778367397745047
"4304","mfsd2ab",3445,0,0,0,0.180708467547018,0,0,0.030118077924503,0.0737739229484146
"4305","yars1",2199,0.189445731991312,0,0,0,0,0,0.0315742886652187,0.0773408962211285
"4306","rbbp4",2008,0,0,0,0,0,0.0683112882559438,0.011385214709324,0.0278879666498732
"4307","zgc:111986",1225,0,0,0,0,0,0.0683112882559438,0.011385214709324,0.0278879666498732
"4308","zbtb10",1816,0,0,0,0.180708467547018,0,0,0.030118077924503,0.0737739229484146
"4309","mrpl53",396,0,0,0,0,0.32394959344326,0,0.05399159890721,0.132251867719674
"4310","stk3",2908,0,0,0.190660295689333,0,0,0,0.0317767159482221,0.0778367397745047
"4311","rida",1302,0.568337195973937,0.173911032159367,0,0.180708467547018,0.64789918688652,0.136622576511888,0.284579743179788,0.260166511714617
"4312","rpl30",630,3.78891463982625,3.30430961102798,2.47858384396133,11.0232165203681,10.0424373967411,14.7552382632839,7.5654500458681,5.06123335115997
"4313","mtdha",3191,0,0,0,0,0.48592439016489,0.136622576511888,0.103757827779463,0.195035443146517
"4314","azin1b",4279,0,0.347822064318734,0.190660295689333,0,2.59159674754608,0.54649030604755,0.612761568933617,0.991916977483775
"4315","ctnnal1",4151,0,0,0,0.180708467547018,0,0,0.030118077924503,0.0737739229484146
"4316","ndrg1a",2539,0,0,0,0.361416935094036,0.16197479672163,0.54649030604755,0.178313672977203,0.230102192308548
"4317","macf1a",30889,0,0,0,0.180708467547018,0.16197479672163,0.273245153023775,0.102654736215404,0.118597073709655
"4318","ndufs5",525,0.189445731991312,0,0,0,0,0.136622576511888,0.0543447180838667,0.0858316066269076
"4319","rnf19b",9197,0,0,0,0,0,0.136622576511888,0.0227704294186479,0.0557759332997464
"4320","ak2",2550,0,0,0.381320591378666,0,0.809873983608151,1.36622576511888,0.426236723350949,0.561748633823288
"4321","ptp4a2b",2200,0,0,0,0,0.16197479672163,0,0.026995799453605,0.0661259338598372
"4322","trappc3",1209,0,0,0,0,0,0.273245153023775,0.0455408588372959,0.111551866599493
"4323","smim12",1199,0,0,0,0,0,0.136622576511888,0.0227704294186479,0.0557759332997464
"4324","gja4",1028,0.189445731991312,0,0.190660295689333,0,0,0,0.0633510046134409,0.0981437058693778
"4325","si:ch211-250g4.3",49793,0,0,0.190660295689333,0,0.16197479672163,0,0.0587725154018271,0.0915007450520586
"4326","sfpq",2681,0.378891463982625,0,0,0.361416935094036,1.13382357705141,0.136622576511888,0.335125758773327,0.425334440077847
"4327","zmym4.2",8375,0,0.173911032159367,0,0,0,0,0.0289851720265612,0.0709988815718676
"4328","rbm48",1203,0,0,0,0,0,0.136622576511888,0.0227704294186479,0.0557759332997464
"4329","fam133b",1148,0,0.173911032159367,0,0,0.16197479672163,0,0.0559809714801662,0.0868074499943072
"4330","vps50",5481,0,0,0,0,0.32394959344326,0,0.05399159890721,0.132251867719674
"4331","zgc:85777",1596,0.189445731991312,0,0.190660295689333,0.361416935094036,0.809873983608151,0.136622576511888,0.28133658714912,0.283733389230323
"4332","sem1",1474,0,0,0,0,0.16197479672163,0.204933864767831,0.0611514435815769,0.0957044715664096
"4333","crtc2",4041,0,0,0,0.361416935094036,0,0.273245153023775,0.105777014686302,0.166224218216285
"4334","si:ch211-13c6.2",2870,0,0,0,0.361416935094036,0,0,0.060236155849006,0.147547845896829
"4335","nfyc",2684,0,0,0,0,0.16197479672163,0,0.026995799453605,0.0661259338598372
"4336","anp32e",2437,0,0,0.571980887067998,0.361416935094036,0.64789918688652,0.136622576511888,0.28631993092674,0.284376090362555
"4337","psmb4",916,0.189445731991312,0,0.190660295689333,0,0,0,0.0633510046134409,0.0981437058693778
"4338","zgc:110239",1922,0,0,0.190660295689333,0,0,0.54649030604755,0.122858433622814,0.221105329959629
"4339","zgc:123103",2531,2.27334878389575,1.21737722511557,2.66924413965066,1.9877931430172,8.26071463280314,1.63947091814265,3.00799147377083,2.62165988474216
"4340","ubp1",6056,0,0,0,0,0,0.273245153023775,0.0455408588372959,0.111551866599493
"4341","pdcd6ip",4188,0,0,0,0,0.48592439016489,0.273245153023775,0.126528257198111,0.207233697737872
"4342","fabp3",746,0.75778292796525,0.173911032159367,0.762641182757331,1.26495927282913,0.971848780329781,1.50284834163076,0.905665256278603,0.462144869010986
"4343","pum1",3560,0,0,0,0,0,0.409867729535663,0.0683112882559438,0.167327799899239
"4344","yrk",3915,0,0,0,0.180708467547018,0,0,0.030118077924503,0.0737739229484146
"4345","wasf2",3339,0.378891463982625,0.521733096478102,0.571980887067998,0.361416935094036,1.13382357705141,0.409867729535663,0.562952281534972,0.291754805774704
"4346","fam83hb",5121,0,0,0,0,0,0.136622576511888,0.0227704294186479,0.0557759332997464
"4347","kiaa0319l",7533,0,0.347822064318734,0.381320591378666,0,0.16197479672163,0.136622576511888,0.17129000482182,0.164466136642731
"4348","si:ch1073-513e17.1",3086,0,0,0,0.361416935094036,0,0,0.060236155849006,0.147547845896829
"4349","eef1a1l1",1753,6.25170915571331,4.17386477182481,7.81707212326264,23.1306838460183,75.5612426706405,31.8330603272698,24.7946054824549,27.1545595575158
"4350","rpl11",611,0.947228659956562,0.869555160796836,0.571980887067998,15.3602197414965,17.4932780459361,19.9468961707356,9.19819311099826,9.31847396894343
"4351","lypla2",8439,0,0,0,0,0.16197479672163,0,0.026995799453605,0.0661259338598372
"4352","ankib1a",7320,0,0,0,0,0.16197479672163,0,0.026995799453605,0.0661259338598372
"4353","uqcrb",590,0,0,0.190660295689333,0,0,0.136622576511888,0.0545471453668701,0.0862145351539329
"4354","eif3hb",2142,0,0.173911032159367,0,0,0,0,0.0289851720265612,0.0709988815718676
"4355","nup153",7256,0,0.347822064318734,0,0,0,0,0.0579703440531224,0.141997763143735
"4356","slc30a8",3822,19.3234646631139,7.39121886677311,5.62447872283532,52.3151013548617,20.8947487770903,44.6755825193873,25.0374324840103,19.3276539763744
"4357","sdc2",977,0,0,0,0.180708467547018,0.16197479672163,0,0.057113877378108,0.0886785375175253
"4358","tpmt.1",953,0,0,0,0,0.32394959344326,0,0.05399159890721,0.132251867719674
"4359","ext1c",3039,0,0,0,0,0.32394959344326,0,0.05399159890721,0.132251867719674
"4360","ncdn",2262,0,0,0,0,0.16197479672163,0,0.026995799453605,0.0661259338598372
"4361","psmb2",863,0,0,0,0.361416935094036,0,0,0.060236155849006,0.147547845896829
"4362","crybg2",8893,0,0,0,0,0,0.273245153023775,0.0455408588372959,0.111551866599493
"4363","rpl14",1022,1.5155658559305,1.21737722511557,3.62254561809732,3.9755862860344,6.80294146230846,8.60722232024892,4.2902064612892,2.92014143396017
"4364","si:ch1073-376c22.1",3002,0,0,0,0.180708467547018,0,0,0.030118077924503,0.0737739229484146
"4365","ctnnb2",3542,0,1.21737722511557,0,0.180708467547018,0,0,0.233014282110431,0.487624635240805
"4366","atf6b",3153,0.189445731991312,0.347822064318734,1.52528236551466,2.16850161056422,0.809873983608151,1.91271607116643,1.15894030452725,0.829611748330946
"4367","utp18",1804,0,0.521733096478102,0,0,0.16197479672163,0,0.113951315533289,0.210015163673026
"4368","nme2b.2",851,0,0,0,0,0.0809873983608151,0.0683112882559438,0.0248831144361265,0.0387566110288085
"4369","nme2b.1",740,2.84168597986969,1.39128825727494,2.85990443533999,7.40904716942774,9.1515760147721,5.87477079001117,4.92137877444927,3.03408492632699
"4370","zgc:158376",4132,0,0,0,0,0.16197479672163,0.273245153023775,0.0725366582909009,0.117753426827362
"4371","si:ch1073-205c8.3",1335,0,0.173911032159367,0,0,0,0,0.0289851720265612,0.0709988815718676
"4372","kpnb1",3795,0.189445731991312,0.347822064318734,0.190660295689333,0,0.971848780329781,0.54649030604755,0.374377863062785,0.345082663277278
"4373","psmd3",1806,0.378891463982625,0,0,0,0,0,0.0631485773304375,0.154681792442257
"4374","ypel5",1122,0,0,0,0,0,0.136622576511888,0.0227704294186479,0.0557759332997464
"4375","slc16a10",4285,0,0,0,0.180708467547018,0.16197479672163,0,0.057113877378108,0.0886785375175253
"4376","rpf2",1724,0,0,0,0.180708467547018,0.48592439016489,0,0.111105476285318,0.197338035886034
"4377","smim8",1096,0,0.173911032159367,0,0,0,0,0.0289851720265612,0.0709988815718676
"4378","znf292b",8409,0,0,0,0,0.16197479672163,0,0.026995799453605,0.0661259338598372
"4379","fynb",6579,0,0,0,0,0,0.136622576511888,0.0227704294186479,0.0557759332997464
"4380","gpr63",4713,0,0,0,0,0,0.136622576511888,0.0227704294186479,0.0557759332997464
"4381","ufl1",2577,0.378891463982625,0,0,0,0.16197479672163,0.136622576511888,0.11291480620269,0.149640759090503
"4382","nt5dc1",4309,0,0,0,0,0.16197479672163,0,0.026995799453605,0.0661259338598372
"4383","myo6a",4942,0,0.695644128637469,0.190660295689333,0.180708467547018,0.16197479672163,0.136622576511888,0.227601710851223,0.23958880724886
"4384","ube2j1",5030,0,0,0,0.180708467547018,0,0,0.030118077924503,0.0737739229484146
"4385","lyrm2",1840,0,0,0,0,0.16197479672163,0.136622576511888,0.049766228872253,0.077513222057617
"4386","lats1",7777,0,0,0,0.180708467547018,0,0,0.030118077924503,0.0737739229484146
"4387","hsd3b2",3383,0,0,0,18.7936806248899,11.5002105672357,10.3833158149035,6.77953450117151,7.96866354563545
"4388","pcmt",3080,0,0,0,0,0,0.136622576511888,0.0227704294186479,0.0557759332997464
"4389","tab2",4092,0,0,0,0.542125402641054,0.16197479672163,0.136622576511888,0.140120462645762,0.210237509052077
"4390","leg1.2",1219,0.75778292796525,0.173911032159367,2.85990443533999,0.180708467547018,2.59159674754608,0.273245153023775,1.13952479393025,1.25028996814296
"4391","leg1.1",2447,4.5466975677915,1.91302135375304,7.05443094050531,1.26495927282913,11.0142861770708,2.04933864767831,4.64045565993802,3.79495833498415
"4392","ptprk",5488,0,0,0,0,0.16197479672163,0,0.026995799453605,0.0661259338598372
"4393","wu:fi46h04",4974,0,0.173911032159367,0,0,0,0,0.0289851720265612,0.0709988815718676
"4394","akap7",7282,0,0.347822064318734,0,0,0.566911788525705,0.136622576511888,0.175226071559388,0.235291239056745
"4395","bub1",4469,0,0,0,0.180708467547018,0,0,0.030118077924503,0.0737739229484146
"4396","akirin2",1525,0.189445731991312,0.695644128637469,1.143961774136,2.16850161056422,1.78172276393793,1.77609349465454,1.29256158398691,0.753074980819011
"4397","syncrip",4641,0,0,0,0,0.16197479672163,0,0.026995799453605,0.0661259338598372
"4398","ppil4",2648,0,0,0,0.180708467547018,0,0,0.030118077924503,0.0737739229484146
"4399","cebpz",3412,0,0,0,0,0.16197479672163,0.136622576511888,0.049766228872253,0.077513222057617
"4400","mfsd4b",2517,0,0,0,0,0.16197479672163,0,0.026995799453605,0.0661259338598372
"4401","rev3l",10077,0,0,0,0,0.16197479672163,0,0.026995799453605,0.0661259338598372
"4402","si:ch73-111k22.2",3770,0,0.869555160796836,0,0.180708467547018,0.16197479672163,0.54649030604755,0.293121455185506,0.345875148673087
"4403","papola",6290,0,0,0,0,0.16197479672163,0,0.026995799453605,0.0661259338598372
"4404","galca",2628,0.189445731991312,0,0,0,0,0,0.0315742886652187,0.0773408962211285
"4405","arid1b",12368,0,0,0,0,0,0.136622576511888,0.0227704294186479,0.0557759332997464
"4406","ccnk",5955,0,0,0,0,0.16197479672163,0,0.026995799453605,0.0661259338598372
"4407","cyp46a1.1",2129,9.85117806354824,1028.5098441905,7.81707212326264,6.9572760005602,1.45777317049467,222.558177137865,212.858553447705,408.832665101599
"4408","cyp46a1.5",2530,23.680716498914,141.128802597326,53.2895526451685,15.1795112739495,6.80294146230846,14.2087479572363,42.3817120724839,51.0278760325717
"4409","ccdc85cb",4610,0,0,0,0,0.16197479672163,0,0.026995799453605,0.0661259338598372
"4410","cyp46a1.2",3024,691.47692176829,1034.5097748,142.232580584242,2270.8729574296,1169.94395672033,1601.96802089014,1151.83403536543,734.872156898517
"4411","cyp46a1.4",1849,1287.94680894294,737.469731871797,894.673437522194,1591.58982792036,792.704655155658,1014.96912090681,1053.22559705329,328.3611929601
"4412","cyp46a1.3",2826,427.010679908418,304.779083859291,747.579019397874,184.503345365505,76.209141857527,212.106550034706,325.36463673722,238.230319751426
"4413","cep128",3515,0,0,0,0,0,0.136622576511888,0.0227704294186479,0.0557759332997464
"4414","ttr",3769,0,0,1.04863162629133,0,0,0.273245153023775,0.220312796552518,0.420253454800943
"4415","ftr63",2947,0,0,0,0,0.16197479672163,0,0.026995799453605,0.0661259338598372
"4416","mep1ba",2302,0,0.695644128637469,0,0,0,0,0.115940688106245,0.28399552628747
"4417","mcm3l",2840,0,0,0,0,0,0.136622576511888,0.0227704294186479,0.0557759332997464
"4418","tns3.2",7858,0,0.173911032159367,0,0.180708467547018,1.29579837377304,0.409867729535663,0.343380933835848,0.490412639357028
"4419","igfbp1a",1701,1.13667439194787,0.347822064318734,0.571980887067998,0.180708467547018,0.48592439016489,0.273245153023775,0.499392559011715,0.342711075333667
"4420","dsc2l",6310,0,0,0,0,0.16197479672163,0,0.026995799453605,0.0661259338598372
"4421","plpp3",3481,0,0,0,0.361416935094036,0.16197479672163,0,0.087231955302611,0.149131855477145
"4422","saysd1",560,0,0,0,0.542125402641054,0,0.0683112882559438,0.101739448482833,0.217467649100442
"4423","ylpm1",6166,0,0,0,0,0.16197479672163,0,0.026995799453605,0.0661259338598372
"4424","rdh14b",1768,0,0,0,0,0,0.136622576511888,0.0227704294186479,0.0557759332997464
"4425","zfp36l1b",3025,0,0.173911032159367,0.190660295689333,0,0.971848780329781,0.54649030604755,0.313818402371005,0.379169134791156
"4426","ddhd1b",2580,0,0,0,0,0,0.273245153023775,0.0455408588372959,0.111551866599493
"4427","serpina1l",1653,7.00949208367856,1.5651992894343,4.28985665300999,0.90354233773509,15.5495804852765,2.45920637721398,5.2961462043914,5.48350706227933
"4428","serpina1",1412,1.32612012393919,1.91302135375304,2.38325369611666,1.08425080528211,11.6621853639574,2.59582895372586,3.49411004946237,4.04390426359526
"4429","enpp1",12242,0,0,0,0.180708467547018,0,0.136622576511888,0.0528885073431509,0.0831121091081427
"4430","tagapb",4166,0,0,0,0.180708467547018,0,0,0.030118077924503,0.0737739229484146
"4431","lpgat1",3892,0,0,0,0.180708467547018,0.16197479672163,0,0.057113877378108,0.0886785375175253
"4432","slc30a1a",3477,68.7688007128464,132.868028569757,98.7620331670744,282.085917840895,328.808837344909,362.323072909526,212.269448424168,127.084864149781
"4433","tmed5",1441,0,0,0,0,0.32394959344326,0.0683112882559438,0.065376813616534,0.129587811651663
"4434","prrc2c",10385,0,0.173911032159367,0,0.180708467547018,0.32394959344326,0,0.113094848858274,0.134982419160664
"4435","si:dkey-239i20.2",2303,123.708062990327,535.211201470453,130.411642251504,528.481913341254,391.49308367618,561.99696848165,378.550478701895,203.646596724855
"4436","fmo5",2188,160.27108926465,367.560966468823,170.926955085487,313.258128492756,207.003790210243,227.818146333573,241.139845975922,82.4568859752487
"4437","prdx6",931,1566.14786637218,1499.20005272982,1124.51442397568,674.584709353019,1243.31853963523,1054.93122453654,1193.78280276708,324.971923611195
"4438","ralgps2",7325,0,0,0,0.361416935094036,0,0,0.060236155849006,0.147547845896829
"4439","echdc2",1420,0,0,0.190660295689333,0.180708467547018,0,0,0.0618947938727251,0.0959386319938456
"4440","gtf2a1",2707,0,0,0,0.361416935094036,0,0.273245153023775,0.105777014686302,0.166224218216285
"4441","cdh2",4665,0,0,0,0.180708467547018,0.16197479672163,0,0.057113877378108,0.0886785375175253
"4442","psma8",1206,0,0,0.190660295689333,0,0.16197479672163,0.136622576511888,0.0815429448204751,0.0909476777472999
"4443","cdc42bpb",9117,0,0,0,0,0,0.136622576511888,0.0227704294186479,0.0557759332997464
"4444","eif5",2041,0.568337195973937,0.521733096478102,0.762641182757331,0.180708467547018,0.48592439016489,0.819735459071326,0.556513298665434,0.227743778152528
"4445","ccm2",3069,0,0,0,0,0.16197479672163,0,0.026995799453605,0.0661259338598372
"4446","tdh",3909,0,0,0,0,0.809873983608151,0.683112882559438,0.248831144361265,0.387566110288085
"4447","si:dkey-71h2.2",3939,0.75778292796525,0.347822064318734,0.762641182757331,0.180708467547018,0,0,0.341492440431389,0.349224786346133
"4448","snx17",8262,0,0,0,0.180708467547018,0,0,0.030118077924503,0.0737739229484146
"4449","eif2b4",4831,0.568337195973937,0.347822064318734,0.381320591378666,0.180708467547018,0,0,0.246364719869726,0.227101232593793
"4450","ppp2r5ea",3372,0,0,0,0.90354233773509,0,0.273245153023775,0.196131248459811,0.363385984869079
"4451","sgpp1a",5217,0,0,0,0,0.16197479672163,0,0.026995799453605,0.0661259338598372
"4452","hif1ab",4206,97.1856605115433,254.170973500915,215.255473833257,358.615953847057,491.431533253426,414.307963272299,305.161259703083,143.808157983824
"4453","atp5mj",920,0,0,0.381320591378666,0,0,0,0.0635534318964443,0.155673479549009
"4454","ppp1r13bb",7244,0,0,0,0.722833870188072,0,0.136622576511888,0.14324274111666,0.289151736985316
"4455","ckbb",1452,0,0.695644128637469,0,0,0.16197479672163,0,0.14293648755985,0.27841391905762
"4456","esr2a",3689,53.6131421535414,100.172754523796,56.7214379675765,136.97701840064,166.510091029836,93.9963326401787,101.331796119261,44.364621922278
"4457","daam1b",4966,0,0,0.381320591378666,0.90354233773509,1.29579837377304,0.54649030604755,0.521191934822391,0.511799381012233
"4458","clocka",5580,0.75778292796525,0.695644128637469,4.67117724438865,4.51771168867545,4.8592439016489,13.6622576511888,4.86063625708408,4.72869110750974
"4459","tmem165",2089,0,0,0,0,0.16197479672163,0,0.026995799453605,0.0661259338598372
"4460","fip1l1a",1967,0,0,0,0,0.16197479672163,0,0.026995799453605,0.0661259338598372
"4461","lrrc66",8205,0,0.347822064318734,0,0,0,0,0.0579703440531224,0.141997763143735
"4462","dcun1d4",3787,0,0,0,0,0.16197479672163,0,0.026995799453605,0.0661259338598372
"4463","ociad2",1483,0,0.173911032159367,0,0,0,1.0929806120951,0.211148607375745,0.437572681766634
"4464","ociad1",1734,0,0.173911032159367,0,0,0,0,0.0289851720265612,0.0709988815718676
"4465","fryl",13034,0,0,0,0.361416935094036,0.16197479672163,0,0.087231955302611,0.149131855477145
"4466","zar1",1194,0,0,0,0,0,0.136622576511888,0.0227704294186479,0.0557759332997464
"4467","si:dkey-90m5.4",1232,0.568337195973937,0,0.190660295689333,0.542125402641054,0.16197479672163,0.273245153023775,0.289390474008288,0.224355137499517
"4468","slain2",3622,0,0,0,0,0.16197479672163,0,0.026995799453605,0.0661259338598372
"4469","anapc4",2786,0,0,0,0,0,0.136622576511888,0.0227704294186479,0.0557759332997464
"4470","palld",6363,0,0,0,0.180708467547018,0,0.273245153023775,0.0756589367617989,0.120807959690264
"4471","cbr4",1496,0,0,0,0.180708467547018,0,0,0.030118077924503,0.0737739229484146
"4472","sh3rf1",4792,0,0,0.381320591378666,0,0,0,0.0635534318964443,0.155673479549009
"4473","ginm1",1852,0.189445731991312,0,0,0.180708467547018,0.16197479672163,0,0.0886881660433268,0.0975577014993251
"4474","mdn1",17729,0,0,0.190660295689333,0.361416935094036,0.16197479672163,0.273245153023775,0.164549530088129,0.145198492165563
"4475","bach2b",3588,0,0,0.762641182757331,0.180708467547018,1.78172276393793,1.50284834163076,0.704653459312174,0.783345043136672
"4476","map3k7",4395,0,0,0,0,0.16197479672163,0,0.026995799453605,0.0661259338598372
"4477","mrpl19",1244,0,0,0,0,0.16197479672163,0,0.026995799453605,0.0661259338598372
"4478","hook1",4399,0,0,0,0,0.16197479672163,0,0.026995799453605,0.0661259338598372
"4479","cyp2n13",1929,3547.56077726932,5038.02869062471,1875.8113191395,2891.42583498606,2609.49496258382,3376.14879947351,3223.07839734615,1069.98790306379
"4480","cyp2ad6",1798,37.0366406043016,13.2172384441119,30.6009774581379,23.5824550148859,74.1034695001458,73.7078800281634,42.0414435082911,25.9161651557613
"4481","cyp2ad2",1887,7455.06844532212,5239.93939896173,5564.42072969318,6840.89974745992,4147.68861965078,6208.26649927669,5909.38057339407,1184.64501733168
"4482","cyp2v1",4886,159.797474934672,199.997686983272,131.55560402564,150.168736531572,88.4382390100101,133.480257252114,143.90633312288,36.8128757209703
"4483","cyp2ad3",1890,1015.90273780341,588.775799375538,546.718397889162,1051.45221842232,478.068612523891,1059.98625986748,790.150670980301,279.019734465911
"4484","cyp2p6",2498,1389.30027555829,1136.07381758107,782.088532917643,1119.30824798623,546.583951537141,837.428082729615,968.463818051664,302.601788019088
"4485","cyp2p7",1497,359.283830721524,97.1293114610066,93.2328845920837,163.179746194957,117.755677216625,355.901811813467,197.747210333277,126.291502882599
"4486","cyp2p8",1542,37.4155320682842,64.0862153507268,13.8228714374766,29.4554802101639,15.4685930869157,24.318818619116,30.7612517954472,18.5408563238137
"4487","cyp2p9",2328,1430.5047222664,1349.11483197629,969.507603580257,1043.6817543178,557.355275519129,877.390186359342,1037.9257290032,320.122075680013
"4488","cyp2p10",2519,64.6009946090375,32.7822295620407,76.8360991628011,60.8987535633451,33.2048333279342,68.7211559854795,56.1740110351063,18.7213703629999
"4489","cyp2j20",3485,73.5049440126292,97.564089041405,38.8947003206239,73.1869293565423,29.6413878000583,53.487738704404,61.0466315392771,25.1803706689162
"4490","paics",5628,0,0,0,0,0.32394959344326,0.273245153023775,0.0995324577445059,0.155026444115234
"4491","ppat",2114,0,0,0,0,0.16197479672163,0,0.026995799453605,0.0661259338598372
"4492","mideasa",4472,0,0,0,0.180708467547018,0,0,0.030118077924503,0.0737739229484146
"4493","slc35f6",1859,0,0,0.190660295689333,0,0.16197479672163,0,0.0587725154018271,0.0915007450520586
"4494","esr1",3531,9.75645519755259,14.6085267013868,14.6808427680786,440.747952347177,970.067057565843,666.718173378012,352.763167993008,408.331969075457
"4495","exoc2",3125,0,0,0.190660295689333,0,0,0,0.0317767159482221,0.0778367397745047
"4496","gmds",5042,0,0,0,0,0.16197479672163,0,0.026995799453605,0.0661259338598372
"4497","tmem251",1949,0,0,0,0,0,0.683112882559438,0.11385214709324,0.278879666498732
"4498","serpina10a",2312,0,0,0.190660295689333,0,0,0,0.0317767159482221,0.0778367397745047
"4499","chac1",1521,0,0,0,0.180708467547018,0.16197479672163,0,0.057113877378108,0.0886785375175253
"4500","dpf3",9792,0,0,0,0,0,0.136622576511888,0.0227704294186479,0.0557759332997464
"4501","fntb",1669,0,0,0,0,0,0.273245153023775,0.0455408588372959,0.111551866599493
"4502","max",1826,0,0,0.190660295689333,0,0,0,0.0317767159482221,0.0778367397745047
"4503","srsf5b",3857,0,0,0,0,0,0.136622576511888,0.0227704294186479,0.0557759332997464
"4504","susd6",4883,0.189445731991312,0,0,0,0.64789918688652,0.136622576511888,0.162327915898287,0.251486244741695
"4505","acot20",3811,0,0,0,0,0.16197479672163,0,0.026995799453605,0.0661259338598372
"4506","aven",2372,0,0,0,0,0.16197479672163,0.136622576511888,0.049766228872253,0.077513222057617
"4507","rrm2l",2682,0,0.173911032159367,0,0,0,0,0.0289851720265612,0.0709988815718676
"4508","cpsf3",6826,0.378891463982625,0,0,0.361416935094036,0.809873983608151,0.273245153023775,0.303904589284764,0.300197178233886
"4509","allc",2647,0,0,0,0.180708467547018,0.64789918688652,0,0.138101275738923,0.259998897092698
"4510","rps7",636,10.4195152595222,11.825950186837,9.15169419308797,17.3480128845137,18.9510512164307,25.0019315016754,15.4496925403445,6.08617083534813
"4511","acbd3",3428,0,0,0,0,0,0.136622576511888,0.0227704294186479,0.0557759332997464
"4512","hebp2",3692,0,0,0,0.542125402641054,0.16197479672163,0.136622576511888,0.140120462645762,0.210237509052077
"4513","acat2",2547,0,0,0,0,0,0.273245153023775,0.0455408588372959,0.111551866599493
"4514","wtap",2893,0.75778292796525,0,0,0,0.809873983608151,0,0.2612761519289,0.405102325305664
"4515","sod2",956,1583.1979822514,1425.72264164249,1272.27615313492,815.98908520856,703.375554763679,818.98403490051,1103.25757531693,370.441373069523
"4516","pdia6",1962,0,0,0,0,0.16197479672163,0,0.026995799453605,0.0661259338598372
"4517","apobb.1",11579,0.75778292796525,2.78257651454988,3.43188532240799,2.16850161056422,12.6340341442871,6.69450624908249,4.74488112814283,4.33933299674504
"4518","slc22a16",3889,0.947228659956562,0.434777580398418,2.28792354827199,6.05373366282511,4.04936991804075,8.81215618501675,3.76419825908493,3.22505569756226
"4519","LOC141379313",1760,0.189445731991312,0,0,0,0.16197479672163,0,0.0585700881188238,0.0911512905111682
"4520","cd164",1703,0,0,0,0.180708467547018,0.32394959344326,0,0.0841096768317131,0.137950906423143
"4521","snx3",1443,0,0,0,0,0,0.136622576511888,0.0227704294186479,0.0557759332997464
"4522","sec63",2679,0,0,0,0,0.32394959344326,0,0.05399159890721,0.132251867719674
"4523","nbas",13031,0,0,0,0,0,0.136622576511888,0.0227704294186479,0.0557759332997464
"4524","ddx1",2283,0,0,0,0,0.32394959344326,0.409867729535663,0.122302887163154,0.191408943132819
"4525","smek1",6434,0,0,0,0.180708467547018,0,0,0.030118077924503,0.0737739229484146
"4526","erh",932,0,0,0.190660295689333,0.180708467547018,0,0,0.0618947938727251,0.0959386319938456
"4527","LOC137488664",1514,0,0,0,0,0.16197479672163,0,0.026995799453605,0.0661259338598372
"4528","atf6",4078,0,0,0,0.180708467547018,0.16197479672163,0.136622576511888,0.079884306796756,0.0886206506346712
"4529","rxrgb",2165,121.434714206431,306.952971761283,228.60169453151,468.938473284512,1448.05468269137,743.909929107228,552.982077597056,489.215253438394
"4530","lmx1a",3243,0,0,0,0.361416935094036,0,0,0.060236155849006,0.147547845896829
"4531","si:dkey-51e6.1",409,0,0,0,0.180708467547018,0,0,0.030118077924503,0.0737739229484146
"4532","scyl3",2645,0,0,0,0.180708467547018,0,0,0.030118077924503,0.0737739229484146
"4533","prg4b",3906,0,0,0.762641182757331,0.722833870188072,1.13382357705141,0.273245153023775,0.482090630503432,0.462571278602992
"4534","tprb",7270,0,0,0.190660295689333,0.361416935094036,0.16197479672163,0.409867729535663,0.187319959506777,0.173590516120622
"4535","ptgs2b",2533,0.568337195973937,2.26084341807177,0,3.07204394829931,1.45777317049467,2.86907410674964,1.70467863993155,1.24843801637489
"4536","ivns1abpa",3467,0,0.173911032159367,0,0.180708467547018,0,0,0.0591032499510642,0.0915875891387696
"4537","pde4dip",9581,0,0,0,0.180708467547018,0,0,0.030118077924503,0.0737739229484146
"4538","emilin1a",6688,0,0,0,0,0.16197479672163,0,0.026995799453605,0.0661259338598372
"4539","hnrnpub",4348,0,0,0,0.722833870188072,0.16197479672163,0,0.147468111151617,0.289220876087576
"4540","cd2ap",3594,0,0,0,0,0,0.136622576511888,0.0227704294186479,0.0557759332997464
"4541","enah",8271,0,0,0.190660295689333,0,0,0,0.0317767159482221,0.0778367397745047
"4542","srp9",1520,0,0,0,0,0.16197479672163,0,0.026995799453605,0.0661259338598372
"4543","ephx1",4632,1296.47186688255,1084.1613744815,1392.29680927135,1553.36998703417,936.781236839548,1289.78543356048,1258.8111180116,219.62098014671
"4544","rpl7l1",1019,0,0,0,0,0.16197479672163,0,0.026995799453605,0.0661259338598372
"4545","ncoa1",5296,2.84168597986969,7.47817438285279,9.53301478446664,45.448179588075,60.011662185364,85.5257328964417,35.1397416361783,33.8456957447734
"4546","heca",1751,0,0,0,0,0,0.136622576511888,0.0227704294186479,0.0557759332997464
"4547","pex3",1925,0.189445731991312,0,0,0,0,0,0.0315742886652187,0.0773408962211285
"4548","atf3",2708,0,0,0,0.542125402641054,0,0,0.090354233773509,0.221321768845244
"4549","coq8aa",3256,0,0,0,0,0.48592439016489,0.273245153023775,0.126528257198111,0.207233697737872
"4550","LOC141379402",1893,0,0,0,0.361416935094036,0,0.478179017791607,0.139932658814274,0.219904743019299
"4551","dnajc5ga",2742,5.49392622774806,10.8694395099604,10.1049956715346,51.1404963158061,58.0679646247044,27.1878927258656,27.1441191792699,22.6099094736091
"4552","cad",7677,0,0,0,0,0.404936991804075,0,0.0674894986340125,0.165314834649593
"4553","msraa",2257,0,0,0,0,0.32394959344326,0.136622576511888,0.076762028325858,0.132856775174322
"4554","cyp39a1",2279,42.9094582960323,163.650281261965,2.09726325258266,420.779666683232,318.199488159642,561.723723328626,251.55998016368,220.350845912199
"4555","reps1",7908,0,0,0.190660295689333,0,0.16197479672163,0.136622576511888,0.0815429448204751,0.0909476777472999
"4556","rnf217",8997,0,0,0.190660295689333,0,0,0,0.0317767159482221,0.0778367397745047
"4557","serinc1",2361,0.378891463982625,0,0,0.361416935094036,0.971848780329781,0.819735459071326,0.421982106412961,0.405517898086559
"4558","hsf2",2043,125.791966042231,183.128316863814,145.283145315272,245.402098928851,317.551588972756,197.283000483166,202.406686101015,70.196547063116
"4559","gja12.1",2730,0,0,0.190660295689333,0,0.48592439016489,0,0.112764114309037,0.198080482861919
"4560","gja13.1",1341,0,0,0,0.361416935094036,0,0,0.060236155849006,0.147547845896829
"4561","hsdl1",1571,15.155658559305,7.65208541501216,5.14782798361199,18.7033263911164,7.12689105575173,11.4762964269986,10.8770143052993,5.23840172612116
"4562","cep85l",3515,0,0,0,0,0.32394959344326,0,0.05399159890721,0.132251867719674
"4563","gopc",2137,0,0,0,0,0,0.273245153023775,0.0455408588372959,0.111551866599493
"4564","slc22a2",2822,7658.62788434679,5744.89008083646,4185.85146171146,4728.50811606905,6464.98104894878,6014.39906320632,5799.54294251981,1240.9085846271
"4565","plg",3582,2.84168597986969,2.95648754670924,4.19452650516532,3.43346088339334,8.0987398360815,2.04933864767831,3.92903989981624,2.16166383518229
"4566","snx9b",2932,0,0,0,0,0.16197479672163,0,0.026995799453605,0.0661259338598372
"4567","afdna",7112,0,0.173911032159367,0,2.52991854565825,0.809873983608151,0.54649030604755,0.67669897791222,0.963094115697623
"4568","unc93a",3673,0,0,0,0,0.32394959344326,0.136622576511888,0.076762028325858,0.132856775174322
"4569","zpax1",2922,0,0,0,0.180708467547018,0.32394959344326,0,0.0841096768317131,0.137950906423143
"4570","laptm4a",1818,0,0.173911032159367,0.571980887067998,0,0,0.409867729535663,0.192626608127171,0.246076686031439
"4571","clic5b",1879,0,0,0,0,0.566911788525705,0,0.0944852980876176,0.23144076850943
"4572","gpcpd1",5847,0,0,0,0,0.32394959344326,0.54649030604755,0.145073316581802,0.235506853654724
"4573","trmt6",4515,0,0,0,0,0.16197479672163,0,0.026995799453605,0.0661259338598372
"4574","flvcr2b",5597,0,0,0,0.361416935094036,0,0.136622576511888,0.083006585267654,0.146933570159263
"4575","tmed10",1755,0.378891463982625,0,0.190660295689333,0,0,0.136622576511888,0.117695722697308,0.151961915884565
"4576","wdr26b",5503,0,0,0,0.361416935094036,0,0.273245153023775,0.105777014686302,0.166224218216285
"4577","esrrgb",3283,0,0,0,0.542125402641054,0.16197479672163,0.478179017791607,0.197046536192382,0.251327250995745
"4578","hadhb",1986,0,0.173911032159367,0.190660295689333,0,0,0,0.0607618879747833,0.0942808074610305
"4579","hadhaa",5378,0,0,0,0,0.32394959344326,0.136622576511888,0.076762028325858,0.132856775174322
"4580","mgst3a",2856,1360.7886928936,2740.75091131555,1930.62615415018,1276.07284358327,828.177135637695,1600.12361610723,1622.75655894792,658.085181563854
"4581","xrn2",4216,0,0,0,0.180708467547018,0.32394959344326,0,0.0841096768317131,0.137950906423143
"4582","crnkl1",2374,0,0.521733096478102,0.571980887067998,0.180708467547018,0.809873983608151,0.956358035583214,0.506775745047414,0.363760838000647
"4583","cox7a2b",570,0,0,0,0,0.32394959344326,0.136622576511888,0.076762028325858,0.132856775174322
"4584","filip1b",10212,0,0,0,0,0,0.136622576511888,0.0227704294186479,0.0557759332997464
"4585","kif13bb",7652,0,0,0.190660295689333,0,0.48592439016489,0.273245153023775,0.158304973146333,0.198380436446381
"4586","ndufb1",374,0,0,0,0,0.48592439016489,0,0.0809873983608151,0.198377801579512
"4587","cpsf2",4733,0,0.173911032159367,0,0,0,0,0.0289851720265612,0.0709988815718676
"4588","pals1b",9572,0,0,0,0,0.16197479672163,0,0.026995799453605,0.0661259338598372
"4589","eif2s1b",3393,0.568337195973937,0.869555160796836,1.33462206982533,0.361416935094036,2.42962195082445,3.96205471884474,1.58760133855989,1.37615725657343
"4590","rbm25b",3156,0,0,0,0,0.16197479672163,0,0.026995799453605,0.0661259338598372
"4591","hsp90ab1",2699,9195.6958308583,25275.0120368173,29056.1524123151,57773.2199086519,87366.9377044932,77895.8401772705,47760.4763450677,31367.9999471853
"4592","nfkbie",4099,0,0,0,0,0.16197479672163,0,0.026995799453605,0.0661259338598372
"4593","rnf8",1857,0.568337195973937,0,0,0.361416935094036,0,0,0.154959021844662,0.248819444012705
"4594","mia3",7680,0.189445731991312,0.347822064318734,0,0.542125402641054,0.16197479672163,0.136622576511888,0.229665095364103,0.189311939929599
"4595","disp1",6644,0,0,0,0,0.16197479672163,0,0.026995799453605,0.0661259338598372
"4596","naprt",5095,0,0,0,0,0.16197479672163,0,0.026995799453605,0.0661259338598372
"4597","eef1db",1946,0.189445731991312,0.347822064318734,0.381320591378666,1.44566774037614,2.10567235738119,1.0929806120951,0.927151516256858,0.756707813259651
"4598","LOC100334012",4904,0,0,0,1.26495927282913,0.32394959344326,1.22960318860699,0.469752009146563,0.615302787553823
"4599","apobb.2",8104,0.378891463982625,0.173911032159367,0,0.90354233773509,1.6197479672163,0.273245153023775,0.55822299235286,0.603118807610816
"4600","dio3b",1709,0.378891463982625,0,1.33462206982533,0,0,0.409867729535663,0.353896877223936,0.517939835927946
"4601","ppp2r5cb",8898,0,0,0,0,0.16197479672163,0,0.026995799453605,0.0661259338598372
"4602","hsp90aa1.2",2413,11.1772981874874,13.9128825727494,8.38905301033064,10.6617995852741,2.91554634098934,5.05503533093984,8.68526917129512,4.09880144086588
"4603","hsp90aa1.1",2474,0.75778292796525,0.347822064318734,0.190660295689333,1.35531350660264,1.29579837377304,1.50284834163076,0.90837091832996,0.557720613871124
"4604","si:dkey-241l7.2",755,0,0,0,0,0,0.136622576511888,0.0227704294186479,0.0557759332997464
"4605","rps29",298,0.568337195973937,0,0.571980887067998,1.26495927282913,2.75357154426771,1.77609349465454,1.15582373246555,0.997134355379098
"4606","fkbp3",773,0,0,0,0.180708467547018,0,0.136622576511888,0.0528885073431509,0.0831121091081427
"4607","prpf39",2908,0,0,0,0,0,0.54649030604755,0.0910817176745917,0.223103733198986
"4608","faua",485,2.65224024787837,1.5651992894343,0.953301478446664,1.80708467547018,6.15504227542194,5.19165790745173,3.05408764568387,2.12281487823898
"4609","arf6a",1444,0,0,0,0,0,0.136622576511888,0.0227704294186479,0.0557759332997464
"4610","zp2.2",1293,0,0,0,0,0.16197479672163,0,0.026995799453605,0.0661259338598372
"4611","yy1b",2432,0,0,0,0,0,0.136622576511888,0.0227704294186479,0.0557759332997464
"4612","LOC137495811",4108,0.189445731991312,0,0,0.542125402641054,0,0.273245153023775,0.167469381276024,0.217336876401402
"4613","klhl8",2958,0,0,0,0,0.16197479672163,0,0.026995799453605,0.0661259338598372
"4614","LOC141379931",849,0,0.347822064318734,0,0.361416935094036,0.16197479672163,0.751424170815382,0.270439661158297,0.284130549816039
"4615","aff1",2687,0,0,0,0,0,0.136622576511888,0.0227704294186479,0.0557759332997464
"4616","gsdf",2722,0,0,0,0.180708467547018,0,0,0.030118077924503,0.0737739229484146
"4617","nup54",1931,0.75778292796525,0.347822064318734,0.381320591378666,0.722833870188072,0.809873983608151,0.273245153023775,0.548813098413775,0.239371356964918
"4618","bxdc2",1236,0.378891463982625,0,0,0.180708467547018,0,0,0.0932666552549405,0.157494303279468
"4619","dtwd2",1979,0,0,0.190660295689333,0,0.32394959344326,0,0.0857683148554322,0.139396889811469
"4620","stard4",1294,0,0,0.190660295689333,0,0.32394959344326,0,0.0857683148554322,0.139396889811469
"4621","jak2a",4370,0,0,0,0.361416935094036,0,0,0.060236155849006,0.147547845896829
"4622","plgrkt",1549,0,0,0.190660295689333,0,0,0,0.0317767159482221,0.0778367397745047
"4623","zer1",3643,0,0.347822064318734,0,0,0.48592439016489,0.136622576511888,0.161728171832585,0.209204407415786
"4624","jmy",6759,0,0,0,0,0.16197479672163,0.0683112882559438,0.038381014162929,0.0664283875871608
"4625","bhmt",1773,17.6184530751921,10.6085729617214,12.2022589241173,3.25275241584633,16.197479672163,5.87477079001117,10.9590479731752,5.63372194684958
"4626","dmgdh",3764,0.378891463982625,0.173911032159367,0.571980887067998,0.090354233773509,0.16197479672163,0,0.229518735617522,0.209424232644527
"4627","arsb",2610,0,0,0,0.361416935094036,0,0,0.060236155849006,0.147547845896829
"4628","nop14",2966,0,0,0.190660295689333,1.26495927282913,1.13382357705141,0.956358035583214,0.590966863525514,0.590118446357996
"4629","rad23b",1982,0.947228659956562,1.91302135375304,1.90660295689333,1.80708467547018,2.10567235738119,1.63947091814265,1.71984682026616,0.407937532156293
"4630","tmem38b",2189,0,0,0,0.722833870188072,0,0,0.120472311698012,0.295095691793658
"4631","oaz1b",2109,0,0.173911032159367,0.190660295689333,0.180708467547018,0.16197479672163,0,0.117875765352891,0.0917819199299142
"4632","uhrf2",5040,0,0,0,0,0,0.273245153023775,0.0455408588372959,0.111551866599493
"4633","ermp1",3335,0,0,0.190660295689333,0,0,0,0.0317767159482221,0.0778367397745047
"4634","c21h18orf32",1391,0,0,0,0.180708467547018,0.32394959344326,0,0.0841096768317131,0.137950906423143
"4635","scarb2b",4877,0,0,0,0.180708467547018,0.404936991804075,0.136622576511888,0.120378005977163,0.160218638147404
"4636","LOC141379941",2758,0,0.0869555160796836,0,0.271062701320527,0.16197479672163,0.683112882559438,0.20051764944688,0.257942368942108
"4637","txnl1",1667,270.528505283594,350.865507381523,461.49324571603,566.069274591034,492.80831902556,542.733185193474,447.416339531869,114.920651102467
"4638","LOC141379943",2633,0,0,0.571980887067998,0,0.32394959344326,0,0.149321746751876,0.244263615769913
"4639","onecut2",6091,0,0,0,0,0,0.136622576511888,0.0227704294186479,0.0557759332997464
"4640","wdr7",7539,0,0,0,0,0.16197479672163,0,0.026995799453605,0.0661259338598372
"4641","add1",3375,0,0.173911032159367,0,0,0,0,0.0289851720265612,0.0709988815718676
"4642","cert1b",6392,0,0,0,0,0.48592439016489,0,0.0809873983608151,0.198377801579512
"4643","si:ch211-241b2.5",6492,0,0,0,0,0,0.273245153023775,0.0455408588372959,0.111551866599493
"4644","hmgcrb",3624,0,0,0,0,0,0.273245153023775,0.0455408588372959,0.111551866599493
"4645","hnrnpabb",1648,0,0,0.190660295689333,0.180708467547018,0.32394959344326,0.136622576511888,0.138656822198583,0.124307425399353
"4646","smad7",1580,0,0,0,0,0,0.136622576511888,0.0227704294186479,0.0557759332997464
"4647","tor1",2210,0,0,0,0,0.48592439016489,0,0.0809873983608151,0.198377801579512
"4648","nsa2",1461,9.09339513558299,11.1303060581995,12.583579515496,21.3235991705481,25.7539926787392,34.9753795870432,19.1433753576015,10.073214965563
"4649","setx",9351,0,0,0,0,0.16197479672163,0,0.026995799453605,0.0661259338598372
"4650","nup188",5468,0,0,0,0,0.32394959344326,0.136622576511888,0.076762028325858,0.132856775174322
"4651","notch1a",7474,0,0,0,0.180708467547018,0,0,0.030118077924503,0.0737739229484146
"4652","atp5fa1",1851,0,0.869555160796836,0.381320591378666,0.722833870188072,2.42962195082445,0.956358035583214,0.893281601461873,0.831142800493359
"4653","thbs4b",3655,0,0,0,0,0.16197479672163,0,0.026995799453605,0.0661259338598372
"4654","rpl37",503,0.75778292796525,0.173911032159367,1.71594266120399,8.13188103961581,7.77479024263825,6.42126109605872,4.16259483327357,3.67132704554718
"4655","rpl28",504,0.378891463982625,0.695644128637469,0.762641182757331,3.61416935094036,5.83109268197868,4.23529987186852,2.5862897800275,2.28374075056376
"4656","sec16a",7543,0,0,0,0,0.16197479672163,0.273245153023775,0.0725366582909009,0.117753426827362
"4657","pdcl",3435,0,0,0.190660295689333,0,0.32394959344326,0.409867729535663,0.154079603111376,0.182670796018062
"4658","stbd1",3595,0,0.173911032159367,0.190660295689333,1.08425080528211,1.29579837377304,1.50284834163076,0.707911474755769,0.659243631912186
"4659","ccni",3661,0,0.173911032159367,0,0.180708467547018,1.6197479672163,0.273245153023775,0.37460210332441,0.619546055335973
"4660","rpl35",520,0.947228659956562,0,0.381320591378666,3.25275241584633,7.93676503935988,2.86907410674964,2.56452346888184,2.94571511154077
"4661","uqcr10",479,0.378891463982625,0.347822064318734,0.190660295689333,0,0.48592439016489,0.136622576511888,0.256653465111245,0.179138221888239
"4662","prodha",3059,0,0,0,0.180708467547018,0.32394959344326,0,0.0841096768317131,0.137950906423143
"4663","rexo4",1837,0,0,0,0.180708467547018,0,0,0.030118077924503,0.0737739229484146
"4664","slc4a4b",6732,0,0,0,0,0,0.273245153023775,0.0455408588372959,0.111551866599493
"4665","fpgs",3187,0,0,0,0,0,0.136622576511888,0.0227704294186479,0.0557759332997464
"4666","col5a1",11118,0,0,0,0,0,0.136622576511888,0.0227704294186479,0.0557759332997464
"4667","olfm1b",2724,0.189445731991312,0.173911032159367,1.33462206982533,0.361416935094036,0.48592439016489,0.273245153023775,0.469760885376452,0.439250883378548
"4668","mrps2",1276,0,0,0,0,0.16197479672163,0,0.026995799453605,0.0661259338598372
"4669","egfl7",1609,0,0,0,0,0,0.136622576511888,0.0227704294186479,0.0557759332997464
"4670","ap3b1a",9357,0,0.347822064318734,0.381320591378666,0.90354233773509,0,0,0.272114165572082,0.357350702611922
"4671","si:dkey-163m14.2",4537,0,0,0,0,0,0.136622576511888,0.0227704294186479,0.0557759332997464
"4672","psmb7",1110,0,0,0.190660295689333,0,0,0,0.0317767159482221,0.0778367397745047
"4673","dennd1a",6679,0,0,0,0,0.16197479672163,0,0.026995799453605,0.0661259338598372
"4674","sdad1",2275,0,0,0,0.361416935094036,0,0.409867729535663,0.12854744410495,0.199733364449706
"4675","ptpn13",9588,0,0,0,0.180708467547018,0,0.273245153023775,0.0756589367617989,0.120807959690264
"4676","arhgap24",3899,0,0,0,0.180708467547018,0,0,0.030118077924503,0.0737739229484146
"4677","esm1",1395,0.189445731991312,0,0,0,0,0,0.0315742886652187,0.0773408962211285
"4678","lman1",2102,0,0,0,0.180708467547018,0.32394959344326,0.273245153023775,0.129650535669009,0.149269042062087
"4679","LOC100536431",435,0,0,0,0,0.16197479672163,0,0.026995799453605,0.0661259338598372
"4680","agxt2",3013,0,0.173911032159367,0.190660295689333,0.180708467547018,0,0.136622576511888,0.113650395317934,0.0899101773766264
"4681","dnajc21",2249,3.78891463982625,13.3911494762713,24.2138575525453,147.819526453461,121.643072337944,55.4687660638264,61.0542144206457,60.230757130006
"4682","gtf3c5",3258,0,1.5651992894343,3.24122502671866,0.542125402641054,0.16197479672163,0.273245153023775,0.963961611423237,1.24698478421348
"4683","cel.1",2639,0,0,0,0,0.16197479672163,0.136622576511888,0.049766228872253,0.077513222057617
"4684","cast",4088,0,0,0,0,0.32394959344326,0,0.05399159890721,0.132251867719674
"4685","ell2",4444,0,0,0,0.180708467547018,0.32394959344326,0,0.0841096768317131,0.137950906423143
"4686","glrx",926,0,0.173911032159367,0.381320591378666,0,0,0.136622576511888,0.115309033341653,0.151353315066264
"4687","nudt2",1305,0.189445731991312,0,0,0,0,0,0.0315742886652187,0.0773408962211285
"4688","ube2r2",4279,0.189445731991312,0,0,0,0,0,0.0315742886652187,0.0773408962211285
"4689","ubap1",2395,0,0,0,0.180708467547018,0,0,0.030118077924503,0.0737739229484146
"4690","dcaf12",3204,0,0,0,0.180708467547018,0,0,0.030118077924503,0.0737739229484146
"4691","ubap2a",5249,0,0.173911032159367,0,0,0.32394959344326,0.136622576511888,0.105747200352419,0.131726453165102
"4692","nop56",3928,0,0.347822064318734,0,0.542125402641054,1.6197479672163,0.273245153023775,0.463823431199977,0.603710771742111
"4693","zgc:64106",3505,0,0,0,0,0.32394959344326,0,0.05399159890721,0.132251867719674
"4694","myorg",7002,0,0,0,0,0.16197479672163,0,0.026995799453605,0.0661259338598372
"4695","sptan1",8292,0,0,0,0,0.64789918688652,0,0.10798319781442,0.264503735439349
"4696","setb",2536,0.189445731991312,0.695644128637469,2.09726325258266,0.542125402641054,2.10567235738119,1.0929806120951,1.12052191422146,0.813298232563143
"4697","snrpd3l",653,0,0,0.190660295689333,0,0,0,0.0317767159482221,0.0778367397745047
"4698","npdc1a",1202,0,0,0,0,0.16197479672163,0,0.026995799453605,0.0661259338598372
"4699","slc31a2",1640,22.6387649729618,20.7823683430444,22.5932450391859,105.714453515006,77.9908646214649,98.2316325120472,57.991888167285,40.4576196728581
"4700","sfswap",3660,0,0.173911032159367,0,1.26495927282913,0.32394959344326,1.63947091814265,0.567048469429068,0.706245203801003
"4701","chchd10",682,0.189445731991312,0,0,0.180708467547018,0,0,0.0616923665897217,0.0956133327944091
"4702","ddt",990,0.663060061969593,0.0869555160796836,0,0,0.404936991804075,0.136622576511888,0.215262524394207,0.265262842044824
"4703","gstt1b",1249,2843.01209999363,1452.07016301464,1303.16312103659,475.805395051299,161.0029479413,402.080242674485,1106.18899495199,996.144203265257
"4704","ptpra",4542,0,0,0,0,0.16197479672163,0.136622576511888,0.049766228872253,0.077513222057617
"4705","ube2g1b",1628,0,0,0,0,0.64789918688652,0,0.10798319781442,0.264503735439349
"4706","atp2a2b",6256,0,0,0,0,0,0.54649030604755,0.0910817176745917,0.223103733198986
"4707","rxraa",6042,11.5561896514701,22.9562562450365,10.6769765586026,23.0403296122448,31.1801483689138,22.2011686831817,20.2685115199083,7.81803076142581
"4708","med15",2712,0.189445731991312,0,0.381320591378666,0.361416935094036,1.13382357705141,0.819735459071326,0.480957049097792,0.419886010252132
"4709","rpl17",841,0.947228659956562,0.173911032159367,0.953301478446664,5.05983709131651,7.93676503935988,5.32828048396362,3.39988729753377,3.14533408944184
"4710","gpat3",5149,0,0,0,0.361416935094036,0,0,0.060236155849006,0.147547845896829
"4711","nnt",5317,0,0,0,0,0,0.136622576511888,0.0227704294186479,0.0557759332997464
"4712","eri1",1623,0,0,0,0,0.16197479672163,0,0.026995799453605,0.0661259338598372
"4713","tnksa",6449,0,0.173911032159367,0.190660295689333,0.180708467547018,0,0,0.0908799658992863,0.0996964758566112
"4714","atp5mea",405,0,0,0,0.542125402641054,0.16197479672163,0,0.117350033227114,0.217949354287325
"4715","hspb9l",924,0.378891463982625,0,0,0.180708467547018,0.16197479672163,0,0.120262454708546,0.15209982144628
"4716","ccdc152",2667,0,1.47824377335462,0,0,0,0.136622576511888,0.269144391644418,0.594850932680212
"4717","ghrb",4466,0,0,0,0,0.404936991804075,0,0.0674894986340125,0.165314834649593
"4718","oxct1b",1936,0,0.173911032159367,0.190660295689333,0.722833870188072,0.48592439016489,0.409867729535663,0.330532886289554,0.259879716218318
"4719","c7b",5106,0.189445731991312,0,0.190660295689333,0.722833870188072,0.48592439016489,0.136622576511888,0.287581144090916,0.26581971046676
"4720","LOC108180727",1619,0,0,0,0.180708467547018,0.16197479672163,0.273245153023775,0.102654736215404,0.118597073709655
"4721","eif4ebp1",1284,0,0,0,0.180708467547018,0.48592439016489,0.409867729535663,0.179416764541262,0.220738472643218
"4722","ftsj1",1474,0,0,0,0.180708467547018,0,0,0.030118077924503,0.0737739229484146
"4723","lifrb",3856,0,0,0,0,0.16197479672163,0,0.026995799453605,0.0661259338598372
"4724","ccdc61",2601,0,0,0,0,0,0.136622576511888,0.0227704294186479,0.0557759332997464
"4725","tgfb1b",2028,0,0,0,0.361416935094036,0,0,0.060236155849006,0.147547845896829
"4726","cbr1l",1611,0,0.173911032159367,0,0,0.16197479672163,0,0.0559809714801662,0.0868074499943072
"4727","myo5b",8040,0.189445731991312,0,0,0,0,0,0.0315742886652187,0.0773408962211285
"4728","pcf11",4971,0,0,0,0.180708467547018,0,0.956358035583214,0.189511083855039,0.382567520065231
"4729","dlat",4641,0,0,0,0,0.64789918688652,0,0.10798319781442,0.264503735439349
"4730","zw10",2642,0,0,0,0,0.16197479672163,0,0.026995799453605,0.0661259338598372
"4731","zbtb16a",6248,0,0,0,0,0.16197479672163,0,0.026995799453605,0.0661259338598372
"4732","ddx10",2727,0,0,0,0,0.16197479672163,0,0.026995799453605,0.0661259338598372
"4733","sycn.2",634,0,0.173911032159367,0,0,0.16197479672163,0,0.0559809714801662,0.0868074499943072
"4734","ppme1",1654,0,0,0,0,0,0.136622576511888,0.0227704294186479,0.0557759332997464
"4735","cldn3d",1844,0,0.173911032159367,0.190660295689333,0,0.16197479672163,0,0.0877576874283884,0.0965647554912468
"4736","nf2b",4890,0,0,0,0,0.0809873983608151,0,0.0134978997268025,0.0330629669299186
"4737","supt6h",6330,0,0,0,0,0.32394959344326,0,0.05399159890721,0.132251867719674
"4738","rpl23a",537,0.378891463982625,0.347822064318734,0.571980887067998,4.15629475358142,10.8523113803492,4.50854502489229,3.46930759569871,4.09266554997661
"4739","nipal4",2966,0,0,0,0,0.32394959344326,0.136622576511888,0.076762028325858,0.132856775174322
"4740","eif4ebp3",870,0,0,0,0,2.42962195082445,0.956358035583214,0.564329997734611,0.990643572441039
"4741","ankhd1",8536,0,0,0,0.180708467547018,0.64789918688652,0,0.138101275738923,0.259998897092698
"4742","adssl",2361,0,0.347822064318734,0.381320591378666,0,0.32394959344326,0.54649030604755,0.266597092531368,0.220697311744047
"4743","stx5al",2881,0,0,0.190660295689333,0,0.16197479672163,0,0.0587725154018271,0.0915007450520586
"4744","esrra",4863,31.8268829745405,59.8253950628223,81.6026065550344,257.23850355318,289.286986944831,208.007872739349,154.631374638293,110.373661063818
"4745","prdx5",789,604.521330784278,377.647806334066,387.707711284258,175.287213520608,241.099484920146,267.848561251556,342.352018015819,152.15069475457
"4746","nxf1b",2655,0,0,0,0.180708467547018,0,0.136622576511888,0.0528885073431509,0.0831121091081427
"4747","calm3b",2095,0,0,0,0.090354233773509,0.16197479672163,0,0.0420548384158565,0.0689754532115716
"4748","pcxa",4071,0,0,0,0,0.16197479672163,0,0.026995799453605,0.0661259338598372
"4749","fkbp2",854,0,0.173911032159367,0,0,0,0,0.0289851720265612,0.0709988815718676
"4750","mark2a",5120,0,0.173911032159367,0,0,0.32394959344326,0.136622576511888,0.105747200352419,0.131726453165102
"4751","si:dkey-175m17.7",5146,0,0,0.190660295689333,0,0,0,0.0317767159482221,0.0778367397745047
"4752","sart1",2872,0,0,0,0,0,0.273245153023775,0.0455408588372959,0.111551866599493
"4753","hif1al2",3536,23.8701622309054,37.1300053660249,61.4879453598098,342.532900235373,130.794648352716,250.08762630501,140.983881308307,129.190022252258
"4754","rbm14a",3208,0.189445731991312,0,0,0.180708467547018,0.16197479672163,0.136622576511888,0.111458595461975,0.0882141573496444
"4755","cfb",4077,0.947228659956562,0.608688612557785,4.28985665300999,1.9877931430172,4.53529430820564,2.04933864767831,2.40303333740425,1.65790251070165
"4756","bfb",1555,0.189445731991312,0,0.190660295689333,0.722833870188072,1.45777317049467,1.22960318860699,0.63171937616173,0.606191427578897
"4757","slc22a6l",2585,2.46279451588706,61.3905943522566,0.381320591378666,0.180708467547018,0,15.9848414518909,13.4000432298267,24.3030726352418
"4758","LOC141380010",2032,0.0947228659956562,0,0,3.9755862860344,1.29579837377304,2.11764993593426,1.24729291028956,1.59017959937429
"4759","epdl2",792,0,0,0,0,0,0.136622576511888,0.0227704294186479,0.0557759332997464
"4760","hnrnph1l",4368,0,0,0,0,0.16197479672163,0,0.026995799453605,0.0661259338598372
"4761","dnajc18",2560,17.9973445391747,25.7388327595863,18.8753692732439,72.6448039539013,70.2970617771875,63.6661206545396,44.8699221596056,26.5899656074976
"4762","fam53c",2812,0,0,0,0,0.16197479672163,0,0.026995799453605,0.0661259338598372
"4763","zmat2",1109,0,0,0,0,0.16197479672163,0,0.026995799453605,0.0661259338598372
"4764","slc7a3a",6932,0,0,0,0,0.32394959344326,0,0.05399159890721,0.132251867719674
"4765","phka1b",4572,0,0,0,0.180708467547018,0,0,0.030118077924503,0.0737739229484146
"4766","si:dkey-22f5.9",2543,0,0,0,0,0.16197479672163,0.683112882559438,0.140847946546845,0.273441101816425
"4767","clcn5a",6187,0,0,0,0,0,0.136622576511888,0.0227704294186479,0.0557759332997464
"4768","rrm1",3830,0.378891463982625,0,0,0,0,0.273245153023775,0.108689436167733,0.171663213253815
"4769","slc6a7",4063,0,0,0,0.180708467547018,0,0.136622576511888,0.0528885073431509,0.0831121091081427
"4770","stim1b",3380,0,0,0,0.180708467547018,0,0,0.030118077924503,0.0737739229484146
"4771","pgap2",6293,0,0,0,0,0.16197479672163,0,0.026995799453605,0.0661259338598372
"4772","zgc:123105",2532,0,0,0,0,0.48592439016489,0,0.0809873983608151,0.198377801579512
"4773","si:dkeyp-72g9.4",2785,0,0,0.381320591378666,0,0.48592439016489,0,0.144540830257259,0.226351760186551
"4774","cnot6a",5052,0,0,0,0,0.16197479672163,0,0.026995799453605,0.0661259338598372
"4775","rbm22",1846,0,0,0,0,0.16197479672163,0,0.026995799453605,0.0661259338598372
"4776","rps14",515,0.75778292796525,1.39128825727494,1.33462206982533,2.16850161056422,9.55651300657618,7.24099655513004,3.74161740455599,3.70821521567554
"4777","cd74b",1032,0,0,0,0,0.32394959344326,0,0.05399159890721,0.132251867719674
"4778","rnf145b",3911,0,0,0,0,0.16197479672163,0,0.026995799453605,0.0661259338598372
"4779","hmgb3b",1381,0.189445731991312,0,0,0,0,0,0.0315742886652187,0.0773408962211285
"4780","chm",2566,0,0.695644128637469,0,0.722833870188072,0.32394959344326,0,0.290404598711467,0.347949396026001
"4781","lipia",1660,0,0,0.190660295689333,0.180708467547018,0,0,0.0618947938727251,0.0959386319938456
"4782","adrb2b",3781,0,0,0,0,0,0.273245153023775,0.0455408588372959,0.111551866599493
"4783","rars1",4909,0,0.173911032159367,0,0,0,0,0.0289851720265612,0.0709988815718676
"4784","cnot8",1781,0,0,0,0,0,0.136622576511888,0.0227704294186479,0.0557759332997464
"4785","nop16",818,0,0,0,0,0.32394959344326,0.136622576511888,0.076762028325858,0.132856775174322
"4786","grk6",7067,0,0,0,0,0.16197479672163,0,0.026995799453605,0.0661259338598372
"4787","dbn1",6380,0,0,0,0,0.16197479672163,0,0.026995799453605,0.0661259338598372
"4788","zgc:77151",2948,0,0,0,0,0.16197479672163,0,0.026995799453605,0.0661259338598372
"4789","fgfr4",5035,0,0.347822064318734,0,0,0,0,0.0579703440531224,0.141997763143735
"4790","fam114a2",2011,0,0,0,0,0.16197479672163,0.136622576511888,0.049766228872253,0.077513222057617
"4791","pgrmc1",1152,0.189445731991312,0,0.190660295689333,0,0.16197479672163,0,0.0903468040670459,0.0995003502147669
"4792","pgk1",1902,0.378891463982625,1.0434661929562,0.762641182757331,0.542125402641054,0.48592439016489,1.22960318860699,0.740441970184849,0.336577661252171
"4793","amot",7388,0,0,0,0,0.16197479672163,0.409867729535663,0.0953070877095488,0.16716862425807
"4794","cldn2",1873,0,0,0,0.180708467547018,0.16197479672163,0.136622576511888,0.079884306796756,0.0886206506346712
"4795","pof1b",2667,0,0,0,0.722833870188072,0,0,0.120472311698012,0.295095691793658
"4796","slc25a14",5224,0,0,0,0,0.32394959344326,0,0.05399159890721,0.132251867719674
"4797","siah2l",4198,0,0,0,0,0,0.136622576511888,0.0227704294186479,0.0557759332997464
"4798","hnf1bb",5473,0,0,0,0,0,0.136622576511888,0.0227704294186479,0.0557759332997464
"4799","aldh3a2b",7928,32.0163287065318,70.6078790567031,46.7117724438865,86.9207728901157,92.7305711231332,124.804723643609,75.6320079773299,33.4714876092413
"4800","LOC141379901",4489,0,0,0.0953301478446664,0,0,0,0.0158883579741111,0.0389183698872524
"4801","vtnb",1700,0,0.173911032159367,0.762641182757331,0.90354233773509,0.971848780329781,1.22960318860699,0.673591086931426,0.482145147382865
"4802","pafah1b1b",4197,0,0,0,0,0,0.136622576511888,0.0227704294186479,0.0557759332997464
"4803","dynll2b",771,0.189445731991312,0,0,0,0,0,0.0315742886652187,0.0773408962211285
"4804","srsf1b",2842,0,0,0,0,0.16197479672163,0.409867729535663,0.0953070877095488,0.16716862425807
"4805","aldocb",4806,0,0,0,0.180708467547018,0,0.136622576511888,0.0528885073431509,0.0831121091081427
"4806","slc47a1",3313,85.2505793960906,219.301811552962,45.6631408175952,240.432616071308,170.802423142959,724.714457107308,247.694171348037,245.570359820196
"4807","slc47a2.1",4062,42.8147354300366,268.257767105824,92.8515640007051,220.373976173589,305.970391007159,158.755433906813,181.503977937354,102.118007638216
"4808","slc47a2.2",4545,1.89445731991312,6.60861922205595,1.52528236551466,6.77656753301318,6.96491625903009,4.91841275442795,4.78137590899249,2.49169337611178
"4809","med31",868,0,0,0,0,0.16197479672163,0,0.026995799453605,0.0661259338598372
"4810","slc13a5a",2546,0.189445731991312,0,0.381320591378666,0.542125402641054,0.809873983608151,0.136622576511888,0.343231381021845,0.29762726461026
"4811","serpinf2a",2618,0,0,0,0,1.29579837377304,0.273245153023775,0.261507254466136,0.518351246606651
"4812","serpinf1",1928,0,0,0,0,0.16197479672163,0,0.026995799453605,0.0661259338598372
"4813","slco2b1",3736,38.2680378622451,232.779916545313,56.3401173761978,144.566774037614,96.0510544559267,245.510769991862,135.586111711527,88.2320512739726
"4814","nup98",6810,0,0,0.190660295689333,0,0.48592439016489,0.409867729535663,0.181075402564981,0.220787503514019
"4815","ssh2b",6977,0,0,0.190660295689333,0,0,0,0.0317767159482221,0.0778367397745047
"4816","LOC110437708",4582,0,0.173911032159367,0,0,0,0,0.0289851720265612,0.0709988815718676
"4817","taok1b",8085,0,0,0,0,0.16197479672163,0,0.026995799453605,0.0661259338598372
"4818","pcyt1bb",4985,0,0,0.190660295689333,0.361416935094036,1.29579837377304,0.273245153023775,0.353520126263364,0.483915490640538
"4819","ccdc82",2220,0.189445731991312,0,0.190660295689333,0,0.32394959344326,0.54649030604755,0.208424321195243,0.207456907054878
"4820","lars1b",4348,0,0,0,0.361416935094036,0,0.136622576511888,0.083006585267654,0.146933570159263
"4821","rbm27",6833,0,0,0,0.180708467547018,0.16197479672163,0.273245153023775,0.102654736215404,0.118597073709655
"4822","cpeb4b",6221,0,0,0,0,0,0.273245153023775,0.0455408588372959,0.111551866599493
"4823","LOC141379912",3630,0,0.173911032159367,0,0,0,0,0.0289851720265612,0.0709988815718676
"4824","tcerg1b",3269,0,0,0,0,0.16197479672163,0,0.026995799453605,0.0661259338598372
"4825","cct6a",1903,0,0.173911032159367,0.190660295689333,0.361416935094036,1.13382357705141,0.136622576511888,0.332739069417672,0.409181744172591
"4826","stk10",4424,0,0,0,0,0.32394959344326,0,0.05399159890721,0.132251867719674
"4827","p4ha2",2149,0,0,0,0,0.16197479672163,0,0.026995799453605,0.0661259338598372
"4828","hspa4a",3222,31.0691000465752,60.3471281593004,115.158818596357,489.448884351099,711.231332404678,219.689103031115,271.157394431521,272.170587537751
"4829","aff4",5233,0,0,0,0,0.32394959344326,0,0.05399159890721,0.132251867719674
"4830","shroom1",10247,0,0,0,0.180708467547018,0,0,0.030118077924503,0.0737739229484146
"4831","irs4a",5098,0,0,0,0,0.32394959344326,0,0.05399159890721,0.132251867719674
"4832","dkc1",2124,0,0,0,0,0.809873983608151,0.136622576511888,0.157749426686673,0.324114889512419
"4833","sra1",1084,0.189445731991312,0.521733096478102,1.143961774136,0.722833870188072,0.809873983608151,0.136622576511888,0.58741183881892,0.385610695218929
"4834","ndufa2",2716,0,0.173911032159367,0,0,0,0,0.0289851720265612,0.0709988815718676
"4835","ik",2043,0,0.869555160796836,0,0.180708467547018,0,0.273245153023775,0.220584796894605,0.338082453208203
"4836","LOC100005008",8869,0,0,0,0.361416935094036,0,0,0.060236155849006,0.147547845896829
"4837","ndfip1l",3866,0,0,0,0,0.16197479672163,0,0.026995799453605,0.0661259338598372
"4838","brcc3",2928,0,0,0,0,0,0.136622576511888,0.0227704294186479,0.0557759332997464
"4839","fundc2",1164,0,0,0,0.722833870188072,0,0,0.120472311698012,0.295095691793658
"4840","kif4",5503,0,0,0,0,0,0.136622576511888,0.0227704294186479,0.0557759332997464
"4841","ddx46",3523,0,0.347822064318734,0,0.180708467547018,0.809873983608151,0.273245153023775,0.268608278082946,0.300430384388246
"4842","si:ch73-269m14.2",5948,0,0.173911032159367,0,0,0,0,0.0289851720265612,0.0709988815718676
"4843","skp1",1045,0,0,0,0.361416935094036,0,0.136622576511888,0.083006585267654,0.146933570159263
"4844","ppp2cab",1862,0,0,0,0,0.32394959344326,0.136622576511888,0.076762028325858,0.132856775174322
"4845","irf1b",1908,0,0.347822064318734,0,0,0,0,0.0579703440531224,0.141997763143735
"4846","slc22a5",3047,0.189445731991312,0.521733096478102,0,2.71062701320527,1.29579837377304,1.77609349465454,1.08228295168371,1.0451006761307
"4847","sar1b",2024,0,0.0869555160796836,0.190660295689333,0,0,0.136622576511888,0.0690397313801507,0.0824371657536992
"4848","sec24a",4761,0,0,0.190660295689333,0,0.48592439016489,0,0.112764114309037,0.198080482861919
"4849","camlg",1821,0,0.173911032159367,0,0.361416935094036,0,0.273245153023775,0.134762186712863,0.159100647342928
"4850","txndc15",937,0,0,0.190660295689333,0,0,0.136622576511888,0.0545471453668701,0.0862145351539329
"4851","faxdc2",2156,0.947228659956562,0.521733096478102,0.381320591378666,0.542125402641054,1.29579837377304,0.409867729535663,0.683012308960515,0.362437028969163
"4852","larp1",4502,0,0,0.190660295689333,0.542125402641054,0.971848780329781,0.683112882559438,0.397957893536601,0.397784276340753
"4853","sap30l",1528,0.75778292796525,0.521733096478102,0.190660295689333,0.361416935094036,0.16197479672163,0.409867729535663,0.400572630247336,0.221310070746655
"4854","galnt10",5102,0.75778292796525,0.695644128637469,0,0,0,1.22960318860699,0.447171707534951,0.523508262578061
"4855","slc22a4",4310,4.16780610380887,492.863865139647,0.381320591378666,1.89743890924369,1.0528361786906,105.199383914153,100.92710847282,196.410914839145
"4856","slc22a21",6913,2.46279451588706,218.258345360006,0,0.722833870188072,0.32394959344326,39.0740568823999,43.4736633703207,86.9832438904083
"4857","zgc:153713",931,0,0.173911032159367,0.190660295689333,0.361416935094036,0,0.819735459071326,0.257620620335677,0.306911881541882
"4858","tmem43",1674,0,1.21737722511557,0.381320591378666,0.361416935094036,0.16197479672163,0,0.353681591384984,0.454692583814065
"4859","ndufaf3",1107,0.947228659956562,0.347822064318734,0.953301478446664,0.722833870188072,0,0.819735459071326,0.631820255330226,0.3811246641075
"4860","nckipsd",2867,0,0.173911032159367,0,0,0.16197479672163,0,0.0559809714801662,0.0868074499943072
"4861","slc25a20",1394,0,0,0,0.180708467547018,0.32394959344326,0,0.0841096768317131,0.137950906423143
"4862","si:ch1073-335m2.2",10938,0,0,0,0,0.16197479672163,0.136622576511888,0.049766228872253,0.077513222057617
"4863","slc25a34",1638,0.75778292796525,0.347822064318734,0.381320591378666,1.26495927282913,0.48592439016489,1.22960318860699,0.744568739210609,0.415329599137802
"4864","fbxo42",2738,0,0,0,0.180708467547018,0,0.136622576511888,0.0528885073431509,0.0831121091081427
"4865","atad3",2152,0.189445731991312,0.173911032159367,0,0,0.16197479672163,0,0.0875552601453849,0.0963068281844209
"4866","mrpl20",652,0,0.173911032159367,0.190660295689333,0.180708467547018,0.16197479672163,0,0.117875765352891,0.0917819199299142
"4867","sdhb",1183,0,0,0,0.180708467547018,0.16197479672163,0,0.057113877378108,0.0886785375175253
"4868","necap2",1583,0,0,0,0,0.32394959344326,0.273245153023775,0.0995324577445059,0.155026444115234
"4869","capzb",1881,0.568337195973937,0.173911032159367,0.190660295689333,0,0.32394959344326,0.273245153023775,0.255017211714945,0.189212656502913
"4870","bysl",1441,0.189445731991312,0,0,0,0.16197479672163,0.341556441279719,0.115496161665444,0.140534794670716
"4871","elf3",2023,0,0,0,0,0.32394959344326,0,0.05399159890721,0.132251867719674
"4872","arl8a",2734,0,0,0,0,0,0.136622576511888,0.0227704294186479,0.0557759332997464
"4873","znf76",4819,0,0,0,0,0.16197479672163,0.136622576511888,0.049766228872253,0.077513222057617
"4874","rbbp5",2070,0,0,0.190660295689333,0.542125402641054,0.48592439016489,0.136622576511888,0.225888777501194,0.236171591477482
"4875","cry3b",5134,0,0,0,0,0.16197479672163,0,0.026995799453605,0.0661259338598372
"4876","pparda",5487,138.674275817641,170.084989451861,201.813922987159,306.571915193516,309.209886941592,330.353390005744,242.784730066252,82.4041536064002
"4877","si:ch73-352p18.4",8721,0,0,0,0,0,0.136622576511888,0.0227704294186479,0.0557759332997464
"4878","LOC100148751",7406,0,0.521733096478102,0,0,0.809873983608151,0.273245153023775,0.267475372185005,0.33867558476628
"4879","irf6",3118,0,0.173911032159367,0.190660295689333,0.180708467547018,0,0,0.0908799658992863,0.0996964758566112
"4880","ampd2a",5543,0,0,0,0,0.32394959344326,0.136622576511888,0.076762028325858,0.132856775174322
"4881","si:ch73-138e16.6",4328,0,0,0,0,0.16197479672163,0,0.026995799453605,0.0661259338598372
"4882","zgc:101130",2088,0,0,0,0,0.16197479672163,0,0.026995799453605,0.0661259338598372
"4883","LOC100535676",1425,0,0,0,0,0.16197479672163,0,0.026995799453605,0.0661259338598372
"4884","LOC100329844",5583,0,0,0,0.180708467547018,0,0,0.030118077924503,0.0737739229484146
"4885","LOC110437757",3530,0,0,0,0.180708467547018,0,0,0.030118077924503,0.0737739229484146
"4886","LOC100329627",4206,0,0,0,0,0.16197479672163,0,0.026995799453605,0.0661259338598372
"4887","LOC137487229",2703,0,0,0,0,0.16197479672163,0.136622576511888,0.049766228872253,0.077513222057617
"4888","znf1169",8841,0,0,0,0,0,0.136622576511888,0.0227704294186479,0.0557759332997464
"4889","si:ch211-255f4.6",3864,0,0,0,0,0.32394959344326,0,0.05399159890721,0.132251867719674
"4890","znf1179",4855,0,0,0,0.542125402641054,0,0.54649030604755,0.181435951448101,0.281082756470547
"4891","znf1002",5861,0,0,0,0.180708467547018,0,0,0.030118077924503,0.0737739229484146
"4892","LOC108181160",4731,0,0,0,0,0,0.409867729535663,0.0683112882559438,0.167327799899239
"4893","LOC100536344",2253,0.378891463982625,0.347822064318734,0.190660295689333,0,0,0.136622576511888,0.17566606675043,0.163954020765295
"4894","znf1174",3415,0.189445731991312,0,0,0,0,0.136622576511888,0.0543447180838667,0.0858316066269076
"4895","LOC141380117",3441,0,0,0,0,0,0.136622576511888,0.0227704294186479,0.0557759332997464
"4896","si:dkey-15h8.13",4339,0,0,0,0.361416935094036,0.16197479672163,0,0.087231955302611,0.149131855477145
"4897","znf1167",2363,0,0,0,0,0,0.0683112882559438,0.011385214709324,0.0278879666498732
"4898","zgc:173480",1622,0.378891463982625,0.173911032159367,0.571980887067998,1.9877931430172,0.48592439016489,0.819735459071326,0.736372729243901,0.649139039151745
"4899","LOC141380126",1538,0,0,0,0,0,0.136622576511888,0.0227704294186479,0.0557759332997464
"4900","LOC108181079",2244,0.189445731991312,0.173911032159367,0,0,0,0.136622576511888,0.0833298901104279,0.0928840539321054
"4901","LOC566710",6002,0.189445731991312,0,0.190660295689333,0,0,0,0.0633510046134409,0.0981437058693778
"4902","LOC101884686",2147,0,0,0,0.271062701320527,0,0.136622576511888,0.0679475463054025,0.113524889047626
"4903","LOC101884504",4098,0.189445731991312,0,0,0.271062701320527,0,0.273245153023775,0.122292264389269,0.137328219599005
"4904","znf1161",1397,0,0,0,0,0,0.273245153023775,0.0455408588372959,0.111551866599493
"4905","LOC101882596",2025,0.189445731991312,0.0869555160796836,0,0.180708467547018,0,0.136622576511888,0.0989553820216503,0.0848754617260396
"4906","LOC103909513",3109,0,0.173911032159367,0,0,0,0,0.0289851720265612,0.0709988815718676
"4907","zgc:110821",978,0.189445731991312,0.173911032159367,0.190660295689333,0.180708467547018,0,0,0.122454254564505,0.0950487920031648
"4908","LOC103909511",3585,0,0,0,0,0.16197479672163,0,0.026995799453605,0.0661259338598372
"4909","si:dkey-20i20.2",1433,0,0.173911032159367,0,0,0,0,0.0289851720265612,0.0709988815718676
"4910","aqp12",1010,0.75778292796525,0.869555160796836,0.381320591378666,1.62637620792316,8.26071463280314,4.23529987186852,2.68850823212259,3.06364417877806
"4911","pak2b",2868,0,0,0,0.180708467547018,0,0,0.030118077924503,0.0737739229484146
"4912","impact",1592,0,0,0,0,0.242962195082445,0,0.0404936991804075,0.0991889007897558
"4913","lmnb2",5177,0,0.173911032159367,0,0,0,0,0.0289851720265612,0.0709988815718676
"4914","rpl36",400,0.568337195973937,0.695644128637469,0.571980887067998,5.05983709131651,5.34516829181379,8.19735459071326,3.40638703092049,3.25215781213114
"4915","lonp1",3175,0,0,0,0.361416935094036,0.16197479672163,0.136622576511888,0.110002384721259,0.143471681033118
"4916","ftsj3",3099,0,0.173911032159367,0,0.722833870188072,0.16197479672163,0.409867729535663,0.244764571434122,0.278389320524175
"4917","calr3a",1626,0,0,0.762641182757331,0.542125402641054,0.32394959344326,0.409867729535663,0.339763984729551,0.301933445884083
"4918","cherp",4946,0,0,0,0,0.32394959344326,0,0.05399159890721,0.132251867719674
"4919","zfr2",4406,0,0.173911032159367,0,0,0,0,0.0289851720265612,0.0709988815718676
"4920","ncln",2566,0,0,0,0,0.32394959344326,0,0.05399159890721,0.132251867719674
"4921","mcm2",4872,0,0,0,0,0,0.136622576511888,0.0227704294186479,0.0557759332997464
"4922","podxl2",3790,0,0,0,0,0,0.136622576511888,0.0227704294186479,0.0557759332997464
"4923","cers5",2162,0,0,0,0.180708467547018,0,0,0.030118077924503,0.0737739229484146
"4924","si:rp71-36a1.1",2633,0.568337195973937,0.869555160796836,0.381320591378666,0,0.16197479672163,0.54649030604755,0.421279675153103,0.311309119879144
"4925","si:ch211-274k16.9",3010,0,0,0,0,0.32394959344326,0,0.05399159890721,0.132251867719674
"4926","rnasel2",1003,1.5155658559305,0.869555160796836,2.47858384396133,1.62637620792316,2.26764715410282,0.819735459071326,1.59624394696433,0.688151857023338
"4927","zgc:113298",9357,0,0.173911032159367,0,0.361416935094036,0,0.136622576511888,0.111991757294215,0.144416103174938
"4928","si:dkey-19a16.7",4837,0.378891463982625,0.173911032159367,0,1.44566774037614,0,0,0.333078372753023,0.565351534848026
"4929","gpd1b",3636,0,0,0.762641182757331,0,0.32394959344326,0.54649030604755,0.27218018037469,0.328853847111663
"4930","smarcd1",8095,0,0,0,0.361416935094036,0.32394959344326,0.136622576511888,0.136998184174864,0.168297506621047
"4931","cela1.6",914,0.189445731991312,1.0434661929562,0.571980887067998,0.361416935094036,1.13382357705141,2.1859612241902,0.91434909139186,0.725296150454717
"4932","cela1.1",1245,0,0,0,0.542125402641054,0,0.136622576511888,0.113124663192157,0.217155494550535
"4933","wu:fi37e09",4915,0,0.173911032159367,0,0.180708467547018,0,0,0.0591032499510642,0.0915875891387696
"4934","strip1",2817,0,0,0,0,0.32394959344326,0,0.05399159890721,0.132251867719674
"4935","LOC137489052",7264,0,0,0,0,0,0.136622576511888,0.0227704294186479,0.0557759332997464
"4936","si:dkey-253d23.3",4385,0,0,0,0,0.16197479672163,0.273245153023775,0.0725366582909009,0.117753426827362
"4937","bloc1s1",1598,0,0,0,0,0.16197479672163,0,0.026995799453605,0.0661259338598372
"4938","tbc1d20",1315,0,0,0,0,0,0.136622576511888,0.0227704294186479,0.0557759332997464
"4939","pxk",6554,0,0,0.190660295689333,0,0,0,0.0317767159482221,0.0778367397745047
"4940","pdhb",1382,0,0,0.381320591378666,0,0.16197479672163,0,0.0905492313500493,0.156490414015607
"4941","nisch",4917,0,0,0,0,0,0.136622576511888,0.0227704294186479,0.0557759332997464
"4942","wu:fb55g09",1313,0,0,0,0.542125402641054,0,0,0.090354233773509,0.221321768845244
"4943","shisa10.1",2138,0,0,0,0,0.16197479672163,0,0.026995799453605,0.0661259338598372
"4944","rad54l2",6369,0,0.521733096478102,0,0,0.64789918688652,0,0.194938713894104,0.304621787559826
"4945","rassf1",3443,0,0,0,0.722833870188072,0,0.273245153023775,0.166013170535308,0.293867140318526
"4946","lsm7",860,0,0,0,0,0.16197479672163,0,0.026995799453605,0.0661259338598372
"4947","sgsh",3863,0,0,0,0.722833870188072,0,0,0.120472311698012,0.295095691793658
"4948","krt97",1486,0,0.347822064318734,0,0,0,0.273245153023775,0.103511202890418,0.16208373597311
"4949","r3hdm1",5942,0,0.173911032159367,0,0.361416935094036,0.16197479672163,0.409867729535663,0.184528415585116,0.173660716120322
"4950","slx9",1085,0,0,0.190660295689333,0.180708467547018,0,0,0.0618947938727251,0.0959386319938456
"4951","ftcd",1707,0,0.173911032159367,0.571980887067998,0.542125402641054,1.29579837377304,0.54649030604755,0.521717666948169,0.446299511652952
"4952","ahr1b",6927,0.75778292796525,0.173911032159367,0,0.722833870188072,2.42962195082445,1.63947091814265,0.953936783213299,0.922813547155968
"4953","ahr2",7562,33.1530030984797,51.3037544870133,59.7720026986058,234.740299343577,247.983413780816,309.860003528961,156.135412822909,121.364154308016
"4954","sh3bp4a",4327,0,0.173911032159367,0.190660295689333,0.361416935094036,0.64789918688652,1.0929806120951,0.411144676987393,0.399339178825579
"4955","bzw1a",2039,0,0,0,0,0.16197479672163,0,0.026995799453605,0.0661259338598372
"4956","gtpbp1l",2852,0,0.173911032159367,0,0,0.16197479672163,0,0.0559809714801662,0.0868074499943072
"4957","si:dkey-236e20.1",1518,12.5034183114266,31.3909413047658,8.77037360170931,10.9328622865946,7.36985325083417,13.8671915159566,14.1391067118812,8.77839737287211
"4958","sult3st3",1065,747.07924410774,1014.07522852127,433.942832988921,464.330407362063,442.515144643493,838.179506900431,656.687060753987,245.488183030048
"4959","sult3st5",1318,1.04195152595222,7.82599644717152,0.476650739223332,0.361416935094036,0.64789918688652,2.11764993593426,2.07859412837698,2.88688741748415
"4960","sult3st4",2075,3.22057744385231,10.3477064134823,2.76457428749532,2.43956431188474,1.53876056885549,2.93738539500558,3.8747614034293,3.22350286366866
"4961","sult3st2",1278,321.489407189257,514.428833127408,186.084448592789,189.472828223048,149.826686967508,327.142759457715,281.407493926288,136.271195266407
"4962","lpla",1879,0,0.173911032159367,0.762641182757331,0.180708467547018,1.45777317049467,0.683112882559438,0.543024455919638,0.54166680525195
"4963","safb",3091,0,0,0,0,0.16197479672163,0,0.026995799453605,0.0661259338598372
"4964","fam32a",754,0,0,0.190660295689333,0,0,0,0.0317767159482221,0.0778367397745047
"4965","serpinc1",2424,0,0.173911032159367,0.571980887067998,0.722833870188072,1.94369756065956,1.36622576511888,0.796441519198979,0.737362119142775
"4966","slc30a7",1940,917.864571497909,529.211270860954,972.653498459131,2192.26477404665,1368.36308270433,1817.5584466259,1299.65260736581,619.027372968373
"4967","vcam1b",4204,0,0,0,0.180708467547018,0.16197479672163,0.54649030604755,0.1481955950527,0.212495380308376
"4968","cdc14ab",10525,0,0,0,0,0,0.273245153023775,0.0455408588372959,0.111551866599493
"4969","stx6",1351,0,0,0,0,0.16197479672163,0,0.026995799453605,0.0661259338598372
"4970","nrd1b",3609,0,0,0,0,0,0.136622576511888,0.0227704294186479,0.0557759332997464
"4971","rabgap1l",9471,0,0,0,0,0,0.273245153023775,0.0455408588372959,0.111551866599493
"4972","rab11ba",1751,0,0,0,0,0,0.136622576511888,0.0227704294186479,0.0557759332997464
"4973","marchf2",1685,0.189445731991312,0,0,0,0.16197479672163,0,0.0585700881188238,0.0911512905111682
"4974","hnrnpm",3187,0,0,0.190660295689333,0,0.16197479672163,0.409867729535663,0.127083803657771,0.163509620467614
"4975","gpx4a",1031,120737.459189837,55715.6165063482,63473.4816791185,77035.6582983587,21218.0504713467,60880.9328097683,66510.1998257963,32435.1447063798
"4976","polr2eb",805,0.189445731991312,0,0,0,0,0,0.0315742886652187,0.0773408962211285
"4977","arhgap45b",4419,0,0,0,0,0,0.0683112882559438,0.011385214709324,0.0278879666498732
"4978","tjp3",4352,0,0,0,0,0,0.273245153023775,0.0455408588372959,0.111551866599493
"4979","sbno2b",7420,0,0.173911032159367,0,0,0,0,0.0289851720265612,0.0709988815718676
"4980","tmem161a",4910,0,0,0,0,0.16197479672163,0,0.026995799453605,0.0661259338598372
"4981","gatad2ab",6118,0,0,0,0.180708467547018,0,0.136622576511888,0.0528885073431509,0.0831121091081427
"4982","cirbpb",3043,0.947228659956562,0.347822064318734,0.571980887067998,0.180708467547018,3.88739512131912,2.86907410674964,1.46736821782651,1.53638863229569
"4983","atp5f1d",682,0,0,0.381320591378666,0.361416935094036,0.64789918688652,0.409867729535663,0.300084073815814,0.254357936112757
"4984","bsg",2269,0.568337195973937,0,0,0.722833870188072,0.809873983608151,0.54649030604755,0.441255892636285,0.355472339129333
"4985","hsd11b1la",1489,660.597267453706,662.948854591508,369.118332454548,356.35709800272,294.308205643202,399.211168567736,457.090154452237,162.189444451582
"4986","creb3l3a",7078,0,0,0.190660295689333,0,0.16197479672163,0.136622576511888,0.0815429448204751,0.0909476777472999
"4987","tcf3b",8001,0,0,0,0,0.48592439016489,0,0.0809873983608151,0.198377801579512
"4988","map2k2a",2787,0,0.173911032159367,0,0,0,0,0.0289851720265612,0.0709988815718676
"4989","oaz1a",1218,0,0,0.190660295689333,0.180708467547018,0.64789918688652,0.409867729535663,0.238189279943089,0.251542049049309
"4990","dot1l",12767,0,0,0,0.180708467547018,0,0,0.030118077924503,0.0737739229484146
"4991","ell",3875,0,0.0869555160796836,0,0.180708467547018,0,0.136622576511888,0.0673810933564316,0.0795503236714641
"4992","ssbp4",2540,0,0,0.190660295689333,0,0,0,0.0317767159482221,0.0778367397745047
"4993","gna11a",6247,0,0,0,0,0.16197479672163,0,0.026995799453605,0.0661259338598372
"4994","ap3d1",4358,0,0.173911032159367,0,0.180708467547018,0.32394959344326,0.273245153023775,0.15863570769557,0.135288671777442
"4995","nr5a2",4328,0,0,0,0.361416935094036,0.16197479672163,0.273245153023775,0.132772814139907,0.158587028693386
"4996","cfhl5",1149,0.189445731991312,0,0.381320591378666,0.180708467547018,0.32394959344326,0.683112882559438,0.293089544486616,0.232434202263255
"4997","cfhl4",1677,0.568337195973937,0.521733096478102,2.85990443533999,2.71062701320527,3.88739512131912,1.50284834163076,2.00847420065786,1.36296346651201
"4998","cfh",3501,0.189445731991312,0.173911032159367,0.762641182757331,0.90354233773509,0.809873983608151,0.409867729535663,0.541546999631152,0.325082626535712
"4999","cfhl1",2832,0,0,0,0.180708467547018,0,0,0.030118077924503,0.0737739229484146
"5000","cfhl2",2376,0,0,0.190660295689333,0,0.48592439016489,0,0.112764114309037,0.198080482861919
"5001","cfhl3",3625,0,0,0,0.361416935094036,0.64789918688652,0.136622576511888,0.190989783082074,0.264650222861535
"5002","glrx2",3035,0,0,0,0,0,0.136622576511888,0.0227704294186479,0.0557759332997464
"5003","uchl5",1390,0,0,0,0,0,0.136622576511888,0.0227704294186479,0.0557759332997464
"5004","ccdc50a",5433,0.189445731991312,0,0.190660295689333,0,0,0,0.0633510046134409,0.0981437058693778
"5005","wdr47b",3463,0,0,0,0,0.16197479672163,0,0.026995799453605,0.0661259338598372
"5006","mcoln2",2600,0,0,0,0,0,0.136622576511888,0.0227704294186479,0.0557759332997464
"5007","LOC141380276",4215,0,0,0,364.760041743656,1068.30477177751,545.807193164991,329.81200111436,428.853058539106
"5008","vtg5",4212,0.378891463982625,1.0434661929562,0,700.245311744695,804.204865722893,1053.01850846537,426.481840598317,480.545026415447
"5009","vtg4",4228,0,0,0,475.172915414884,536.5415141404,851.15865166906,310.478846870724,363.250453578794
"5010","vtg6",4256,0,0,0.190660295689333,173.480128845137,160.112086559331,320.926432226424,109.118217987764,132.124436527455
"5011","vtg7",4195,0,0,0,364.217916341015,421.539408468042,592.668736908569,229.737676952938,262.651858517613
"5012","vtg2",4996,0,0,0,236.005258616406,466.568401956656,311.841030888384,169.069115243574,199.561113430971
"5013","fam20cl",4746,0,0,0,0.180708467547018,0.809873983608151,0.273245153023775,0.210637934029824,0.31527901855512
"5014","rrbp1b",3442,0.378891463982625,0,0,0.180708467547018,0.48592439016489,0,0.174254053615756,0.214546010669075
"5015","si:ch211-226h8.6",552,0,0,0,0,0.16197479672163,0,0.026995799453605,0.0661259338598372
"5016","si:ch211-226h8.14",612,0,0,0,0,0.32394959344326,0,0.05399159890721,0.132251867719674
"5017","zgc:171781",517,0,0,0,0,0.16197479672163,0,0.026995799453605,0.0661259338598372
"5018","si:ch211-12h2.8",638,0,0,0,11.7460503905562,4.69726910492727,7.7874868611776,4.03846772611017,4.95628205383031
"5019","si:dkeyp-98a7.5",665,0,0,0,0,0.16197479672163,0,0.026995799453605,0.0661259338598372
"5020","dnaja3b",2081,25.0068366228532,32.9561405942001,19.4473501603119,91.9806099814322,51.9129223492825,65.5788367257061,47.8137827389643,27.6718974262591
"5021","c3b.2",6086,0,0,0,0,0.48592439016489,0.273245153023775,0.126528257198111,0.207233697737872
"5022","c3b.1",6917,0.189445731991312,0,0.953301478446664,0,0.16197479672163,0,0.217453667859934,0.370727027058158
"5023","crebbpa",8902,0,0,0,0.180708467547018,0.971848780329781,0.273245153023775,0.237633733483429,0.377621442184371
"5024","mcrip2",1312,0,0,0,0.180708467547018,0.48592439016489,0,0.111105476285318,0.197338035886034
"5025","gde1",1919,0,0,0.190660295689333,0,0,0,0.0317767159482221,0.0778367397745047
"5026","hmox2a",2872,681.152129374764,546.167596496493,695.052107935463,1154.09462798903,559.056010884706,1021.73193844415,776.209068520768,252.497833231533
"5027","jagn1b",1674,0,0,0.190660295689333,0,0.16197479672163,0,0.0587725154018271,0.0915007450520586
"5028","si:dkeyp-34c12.1",2731,0,0,0,0,0,0.136622576511888,0.0227704294186479,0.0557759332997464
"5029","smc3",4278,0,0,0,0,0,0.136622576511888,0.0227704294186479,0.0557759332997464
"5030","si:dkey-286j15.1",5595,0,0,0,0,0.16197479672163,0,0.026995799453605,0.0661259338598372
"5031","mxi1",1493,0,0,0,0,0.16197479672163,0,0.026995799453605,0.0661259338598372
"5032","si:dkey-169i5.4",2422,0,0,0,0,0.16197479672163,0,0.026995799453605,0.0661259338598372
"5033","samd9l",5320,0,0,0,0,0,0.136622576511888,0.0227704294186479,0.0557759332997464
"5034","rpl32",1808,0,1.5651992894343,1.71594266120399,5.05983709131651,8.74663902296803,6.69450624908249,3.96368738566755,3.40738789667859
"5035","sec13",1416,0,0,0,0,0,0.136622576511888,0.0227704294186479,0.0557759332997464
"5036","manf",1059,0,0,0,0.180708467547018,0,0,0.030118077924503,0.0737739229484146
"5037","pcbp4",4423,0,0.173911032159367,0,0,0,0,0.0289851720265612,0.0709988815718676
"5038","pfn2b",3210,2.65224024787837,2.08693238591241,0.381320591378666,3.25275241584633,3.72542032459749,3.96205471884474,2.676786780743,1.31916474791594
"5039","mfsd8l1",2140,0,0,0.190660295689333,0.361416935094036,0.32394959344326,0.273245153023775,0.191545329541734,0.159023345740581
"5040","ncl",5065,0.75778292796525,0.521733096478102,1.143961774136,2.89133548075229,2.26764715410282,1.91271607116643,1.58252941743348,0.926198686564876
"5041","acy1",3340,0,0,0.381320591378666,0.180708467547018,0,0,0.0936715098209473,0.158376029208812
"5042","kng1",1566,1.70501158792181,0.434777580398418,0.476650739223332,0.90354233773509,3.32048333279342,0.88804674732727,1.28808538756656,1.09534775641978
"5043","mccc1",2744,0,0,0,0,0.16197479672163,0,0.026995799453605,0.0661259338598372
"5044","dnajc19",510,173.721736236033,157.998172716785,169.211012424283,123.33352910084,113.139395510059,111.142465992421,141.42438533007,28.7548963348942
"5045","psmd1",5992,0,0.521733096478102,0.571980887067998,0.90354233773509,0.16197479672163,0.273245153023775,0.405412711837766,0.325729415962883
"5046","ppp1r2",1493,0.189445731991312,0.173911032159367,0.190660295689333,0,0.16197479672163,0,0.119331976093607,0.0930389085183038
"5047","ahsg1",2768,4.92558903177412,7.13035231853406,9.15169419308797,3.52381511716685,14.3347695098643,8.2656658789692,7.88864767489941,3.78672437791941
"5048","fetub",1922,3.59946890783494,10.2607508974027,20.9726325258266,10.8425080528211,60.0926495837248,18.7856042703845,20.7589357063324,20.2685740651573
"5049","wwtr1",7422,0,0,0,0.180708467547018,0,0.136622576511888,0.0528885073431509,0.0831121091081427
"5050","tm4sf4",1140,0,1.0434661929562,0.190660295689333,0,0.16197479672163,0.683112882559438,0.346535694654434,0.4236815226721
"5051","cp",3345,30952.5909214006,58428.1068749379,99440.5931594327,76176.3895351726,63596.9743107972,41053.1715257511,61607.971054582,24575.8657926371
"5052","LOC141380266",2533,2.36807164989141,5.21733096478102,7.72174197541798,16.0830536116846,5.42615569017461,5.66983692524334,7.08103180286549,4.72995489027216
"5053","si:ch211-284e20.8",4651,0.568337195973937,0.347822064318734,0.190660295689333,1.08425080528211,0.16197479672163,0.683112882559438,0.506026340090864,0.349983318962164
"5054","soul4",5456,0,0,0,0,0.16197479672163,0,0.026995799453605,0.0661259338598372
"5055","alpi.2",2363,0,0.173911032159367,0,0,0,0,0.0289851720265612,0.0709988815718676
"5056","si:ch211-262h13.5",1825,0.189445731991312,0.695644128637469,0.571980887067998,0.180708467547018,2.26764715410282,1.22960318860699,0.855838259658935,0.792340959594882
"5057","senp5",2838,0,0,0,0.361416935094036,0,0,0.060236155849006,0.147547845896829
"5058","ncbp2",1650,0,0,0,0,0,0.136622576511888,0.0227704294186479,0.0557759332997464
"5059","rbbp9",1420,0,0,0,0,0.16197479672163,0,0.026995799453605,0.0661259338598372
"5060","ip6k1",5686,0,0,0,0,0.16197479672163,0,0.026995799453605,0.0661259338598372
"5061","gmppb",1847,0,0.173911032159367,0.762641182757331,0.361416935094036,0.32394959344326,0,0.270319790575666,0.286005393567264
"5062","LOC101885863",8112,0,0,0,0,0.16197479672163,0.136622576511888,0.049766228872253,0.077513222057617
"5063","hm13",2635,0,0,0,0.180708467547018,0,0,0.030118077924503,0.0737739229484146
"5064","lsm14b",1702,0,0,0,0,0,0.273245153023775,0.0455408588372959,0.111551866599493
"5065","ogfr",4968,0,0,0,0,0.16197479672163,0,0.026995799453605,0.0661259338598372
"5066","frmd4bb",7885,0,0,0,0.542125402641054,0.16197479672163,0,0.117350033227114,0.217949354287325
"5067","slc34a2b",5107,0,0,0,0,0,0.136622576511888,0.0227704294186479,0.0557759332997464
"5068","utrn",15407,0,0,0,0.180708467547018,0,0.273245153023775,0.0756589367617989,0.120807959690264
"5069","rabggta",4993,0.189445731991312,0,0,0,0,0,0.0315742886652187,0.0773408962211285
"5070","tcp1",1882,0,0.869555160796836,0,0.180708467547018,0.16197479672163,0.273245153023775,0.24758059634821,0.323080041539799
"5071","LOC100002469",5603,0,0,0,0,0.16197479672163,0,0.026995799453605,0.0661259338598372
"5072","tp53inp2b",6570,0,0,0,0,0.48592439016489,0.136622576511888,0.103757827779463,0.195035443146517
"5073","ncoa6",7361,7.19893781566987,90.2598256907116,46.6164422960419,224.53027092717,262.966082477566,254.732793906414,147.717392185596,113.051302685681
"5074","rab5if",1145,0,0,0,0.180708467547018,0,0,0.030118077924503,0.0737739229484146
"5075","dhx35",4150,0,0,0,0,0,0.136622576511888,0.0227704294186479,0.0557759332997464
"5076","mafba",3474,0,0.521733096478102,0,0.361416935094036,1.13382357705141,0.819735459071326,0.472784844615812,0.451485702072511
"5077","nudt3a",3446,0,0.173911032159367,0.571980887067998,0,0.16197479672163,0.683112882559438,0.265163266418072,0.292717228814602
"5078","smim29",1429,0.189445731991312,0,0,0,0,0,0.0315742886652187,0.0773408962211285
"5079","hmga1a",2546,0,0,0,0,0,0.136622576511888,0.0227704294186479,0.0557759332997464
"5080","zgc:113278",3191,0,0,0,0,0.16197479672163,0,0.026995799453605,0.0661259338598372
"5081","srsf6a",3336,0,1.5651992894343,0.190660295689333,0,0.64789918688652,0.683112882559438,0.514478609094933,0.597408954634484
"5082","sgk2a",4276,0,0,0,0.180708467547018,0,0.273245153023775,0.0756589367617989,0.120807959690264
"5083","iqsec1a",18046,0,0,0,0.180708467547018,0,0,0.030118077924503,0.0737739229484146
"5084","cnbpa",1694,0,0,0,0.361416935094036,0.48592439016489,0.136622576511888,0.163993983628469,0.211681970108286
"5085","tafazzin",1843,0,0,0,0,0.16197479672163,0,0.026995799453605,0.0661259338598372
"5086","zgc:194242",5165,0,0,0,0,0.16197479672163,0,0.026995799453605,0.0661259338598372
"5087","LOC137489082",3531,0,0,0,0.180708467547018,0.32394959344326,0,0.0841096768317131,0.137950906423143
"5088","baz2a",10135,0,0,0,0,0.971848780329781,0,0.16197479672163,0.396755603159023
"5089","ptges3b",4811,0,0,0,0,0,0.136622576511888,0.0227704294186479,0.0557759332997464
"5090","slco4a1",3566,0.189445731991312,0.521733096478102,0,3.25275241584633,0.971848780329781,2.04933864767831,1.16418644538731,1.25704350402679
"5091","kif3b",6660,0,0,0.571980887067998,0,0,0.136622576511888,0.118100577263314,0.228972219050378
"5092","pcmtd2b",3311,0,0,0,0.180708467547018,0,0,0.030118077924503,0.0737739229484146
"5093","sox18",2421,0,0,0,0,0,0.136622576511888,0.0227704294186479,0.0557759332997464
"5094","rps21",380,0.75778292796525,0.173911032159367,1.52528236551466,1.44566774037614,6.4789918688652,3.68880956582097,2.34507425011693,2.34986526173231
"5095","mtcl2",10898,0,0,0,0.180708467547018,0,0,0.030118077924503,0.0737739229484146
"5096","adrm1",1521,0,0.347822064318734,0,0.90354233773509,0.809873983608151,0.409867729535663,0.411851019199606,0.385623857522396
"5097","mapre1b",2831,0,0,0,0,0.16197479672163,0,0.026995799453605,0.0661259338598372
"5098","prkcbp1l",10338,0,0,0.190660295689333,0,0.16197479672163,0.136622576511888,0.0815429448204751,0.0909476777472999
"5099","slc16a7",4949,0.75778292796525,0.173911032159367,0.381320591378666,0.90354233773509,2.75357154426771,1.77609349465454,1.1243703213601,0.97135851222234
"5100","plxnb1a",14601,0,0,0,0.180708467547018,0,0,0.030118077924503,0.0737739229484146
"5101","krt8",2167,0.378891463982625,0.173911032159367,0.571980887067998,0.90354233773509,3.88739512131912,0.273245153023775,1.031494332548,1.42267178746691
"5102","krt18a.1",1743,0.947228659956562,0.521733096478102,0.381320591378666,2.16850161056422,0.48592439016489,0.273245153023775,0.796325583594369,0.710384544133577
"5103","krt18a.2",2884,0,0,0.190660295689333,0,0,0,0.0317767159482221,0.0778367397745047
"5104","foxp1a",3054,0,0,0,0,0.48592439016489,0,0.0809873983608151,0.198377801579512
"5105","eif4e3",2806,0,0,0,0.180708467547018,0,0,0.030118077924503,0.0737739229484146
"5106","ppp4r2a",2554,0,0,0,0,0,0.273245153023775,0.0455408588372959,0.111551866599493
"5107","smc1al",4376,0,0,0,0,0.16197479672163,0,0.026995799453605,0.0661259338598372
"5108","uckl1b",3329,0,0,0,0,0.16197479672163,0,0.026995799453605,0.0661259338598372
"5109","naa10",945,0.189445731991312,0.173911032159367,0.190660295689333,0,0.16197479672163,0.136622576511888,0.142102405512255,0.072428008533092
"5110","nkain4",2858,0.947228659956562,0.173911032159367,0.571980887067998,0,0,0.273245153023775,0.327727622034617,0.370102651896776
"5111","gss",6754,19.8918018590878,22.6084341807177,43.4705474171679,52.4054555886352,52.6418089345298,27.4611378788894,36.4131976431713,14.9170621196313
"5112","ndrg3b",3101,0,0.173911032159367,0,0,0.16197479672163,0,0.0559809714801662,0.0868074499943072
"5113","phf20b",6205,0,0,0,0.361416935094036,0.64789918688652,0.136622576511888,0.190989783082074,0.264650222861535
"5114","arhgap46b",9406,0,0,0,0,0.16197479672163,0,0.026995799453605,0.0661259338598372
"5115","sdcbp2",2508,0,0,0.190660295689333,0,0,0,0.0317767159482221,0.0778367397745047
"5116","fbxo44.5",2199,0,0,0.190660295689333,0,0,0,0.0317767159482221,0.0778367397745047
"5117","dnmt3bb.1",4099,0,0,0,0,0,0.136622576511888,0.0227704294186479,0.0557759332997464
"5118","ppdpfb",762,0.568337195973937,1.0434661929562,0.953301478446664,1.08425080528211,2.75357154426771,0.683112882559438,1.18100668324768,0.79703840888617
"5119","tpd52l2b",2398,0,0,0.190660295689333,0,0.32394959344326,0,0.0857683148554322,0.139396889811469
"5120","dnajc5ab",5139,2.84168597986969,2.43475445023114,4.19452650516532,8.67400644225687,11.6621853639574,7.1726852668741,6.16330733472575,3.64339090384728
"5121","tfip11",2960,0,0,0,0.180708467547018,0.16197479672163,0,0.057113877378108,0.0886785375175253
"5122","naca",6128,0.189445731991312,0.521733096478102,0.571980887067998,2.34921007811124,5.02121869837053,3.68880956582097,2.05706634297336,1.97913449916858
"5123","chia.6",6377,0.189445731991312,0,0.381320591378666,0.542125402641054,0,0,0.185481954335172,0.231850684132635
"5124","pm20d1.2",4042,0.378891463982625,0,0,0,0,0.273245153023775,0.108689436167733,0.171663213253815
"5125","lemd1",2765,0,0,0,0,0,0.136622576511888,0.0227704294186479,0.0557759332997464
"5126","nucks1b",2359,0,0.173911032159367,0.381320591378666,0,0.16197479672163,0,0.11953440337661,0.152417475209053
"5127","hsd17b10",1253,603.952993588304,429.560249433637,314.39882759171,279.736707762784,319.900223525219,279.803036696346,371.225339766333,126.615046394154
"5128","fam120c",8855,0,0,0.190660295689333,0.542125402641054,1.13382357705141,0.273245153023775,0.356642404734262,0.430652363035869
"5129","avpr2ab",7915,0,0.173911032159367,0,0,0,0,0.0289851720265612,0.0709988815718676
"5130","sephs3",3429,0,0,0,0,0,0.136622576511888,0.0227704294186479,0.0557759332997464
"5131","ssr4",950,0.189445731991312,0,0,0.722833870188072,1.45777317049467,0.683112882559438,0.508860942538916,0.565064166824261
"5132","ikbkg",3799,0,0,0,0.180708467547018,0,0,0.030118077924503,0.0737739229484146
"5133","nsfl1c",2134,0,0,0,0,0.16197479672163,0.136622576511888,0.049766228872253,0.077513222057617
"5134","cox4i2",857,0,0,0,0,0,0.273245153023775,0.0455408588372959,0.111551866599493
"5135","bcl2l1",4751,0,0,0,0,0.16197479672163,0,0.026995799453605,0.0661259338598372
"5136","arfgef2",6877,0,0,0,0,0.16197479672163,0.136622576511888,0.049766228872253,0.077513222057617
"5137","rpl10",751,1.70501158792181,1.5651992894343,1.52528236551466,5.05983709131651,11.1762609737925,7.10437397861816,4.68932754776632,3.91733411637937
"5138","emd",2272,0,0,0,0.361416935094036,0.16197479672163,0,0.087231955302611,0.149131855477145
"5139","tktb",2704,1.89445731991312,1.91302135375304,1.71594266120399,0.90354233773509,2.10567235738119,0.819735459071326,1.55872858150963,0.554523356426979
"5140","usp19",9269,0,0,0,0,0.16197479672163,0,0.026995799453605,0.0661259338598372
"5141","uba1",4456,0,0,0,0.180708467547018,0.32394959344326,0,0.0841096768317131,0.137950906423143
"5142","errfi1b",2943,0.947228659956562,0,0,0,0,0,0.157871443326094,0.386704481105642
"5143","ubr4",16955,0,0.173911032159367,0,0.180708467547018,0.48592439016489,0,0.140090648311879,0.190405237239102
"5144","icmt",1660,0.189445731991312,0,0,0,0,0.136622576511888,0.0543447180838667,0.0858316066269076
"5145","vps13d",15153,0,0,0,0.361416935094036,0,0,0.060236155849006,0.147547845896829
"5146","rerea",9745,0,0,0.381320591378666,0.542125402641054,0.64789918688652,0.683112882559438,0.375743010577613,0.309394586991243
"5147","noc2l",5062,0.189445731991312,0,0.190660295689333,0,0,1.0929806120951,0.245514439962624,0.425484103288685
"5148","klhl17",4254,0,0,0,0,0.32394959344326,0.136622576511888,0.076762028325858,0.132856775174322
"5149","agrn",13096,0,0,0,0,0,0.136622576511888,0.0227704294186479,0.0557759332997464
"5150","arhgef19",5494,0,0,0,0,0,0.136622576511888,0.0227704294186479,0.0557759332997464
"5151","ddost",1800,0,0,0,0,0.16197479672163,0,0.026995799453605,0.0661259338598372
"5152","hspb7",2895,2.65224024787837,4.52168683614355,2.28792354827199,4.51771168867545,3.40147073115423,3.68880956582097,3.51164043632409,0.928649671833724
"5153","sult1st5",1029,167.280581348329,211.214948557551,99.2386839062977,48.8816404714684,23.0004211344715,49.3207501207914,99.8228375898182,74.8414870068483
"5154","atp13a2",5121,0,0,0,0.180708467547018,0,0,0.030118077924503,0.0737739229484146
"5155","kansl2",3239,0,0,0,0.361416935094036,0,0,0.060236155849006,0.147547845896829
"5156","idh3g",2475,0,0,0,0.180708467547018,0.16197479672163,0.136622576511888,0.079884306796756,0.0886206506346712
"5157","fam3a",1459,0,0.173911032159367,0,0,0,0,0.0289851720265612,0.0709988815718676
"5158","pa2g4b",3170,0,0,0,0,0.16197479672163,0.136622576511888,0.049766228872253,0.077513222057617
"5159","si:dkey-151g10.6",394,1.32612012393919,2.95648754670924,5.33848827930132,11.7460503905562,17.1693284524928,17.2144446404978,9.29181990558276,7.07197300512842
"5160","fmnl3",7068,0,0,0,0,0,0.136622576511888,0.0227704294186479,0.0557759332997464
"5161","lrp1ab",15569,0.568337195973937,1.0434661929562,1.52528236551466,0.90354233773509,1.94369756065956,1.63947091814265,1.27063276183035,0.516426823650653
"5162","senp1",3686,0,0,0,0.180708467547018,0,0.136622576511888,0.0528885073431509,0.0831121091081427
"5163","LOC141380497",2911,0.568337195973937,0.695644128637469,0.476650739223332,0.90354233773509,0.64789918688652,0.273245153023775,0.594219790246687,0.212774961220318
"5164","hnf4a",4200,680.394346446799,848.946703485951,399.147329025618,1206.0483124088,1947.3419935858,1592.06288409303,1112.323594841,583.222167483049
"5165","ada",4006,0,0,0,0,0,0.136622576511888,0.0227704294186479,0.0557759332997464
"5166","pfkfb1",2359,0,0,0,0,0.16197479672163,0,0.026995799453605,0.0661259338598372
"5167","atp6ap1b",2344,0,0,0.190660295689333,0,0,0,0.0317767159482221,0.0778367397745047
"5168","rca2.1",2406,0,0,0,0,0.32394959344326,0,0.05399159890721,0.132251867719674
"5169","si:ch73-206d17.1",2446,0,0,0,0,0,0.136622576511888,0.0227704294186479,0.0557759332997464
"5170","hspg2",15025,3.22057744385231,6.78253025421532,3.05056473102932,75.9879106035211,63.6560951116006,83.5447055370193,39.3737306135397,38.9099360892484
"5171","galnt6",3643,0,0,0,0,0,0.273245153023775,0.0455408588372959,0.111551866599493
"5172","ptges3a",1631,0,0,0,0,0.16197479672163,0,0.026995799453605,0.0661259338598372
"5173","stat6",8046,0,0,0,0,0,0.136622576511888,0.0227704294186479,0.0557759332997464
"5174","dip2ba",8429,0,0,0,0,0.48592439016489,0,0.0809873983608151,0.198377801579512
"5175","asb8",2384,0,0,0,0,0.16197479672163,0,0.026995799453605,0.0661259338598372
"5176","larp4aa",5758,0,0.173911032159367,0,0,0.16197479672163,0,0.0559809714801662,0.0868074499943072
"5177","rps26",417,1.5155658559305,0.695644128637469,0,0.542125402641054,2.91554634098934,3.00569668326153,1.44576306857665,1.27027544139242
"5178","dnajc22",1887,542.383130691127,777.73013581669,992.100848619443,502.09847707939,438.384787327092,526.680032453327,629.896235331178,211.833932018045
"5179","lmbr1l",6656,0,0,0,0.180708467547018,0,0,0.030118077924503,0.0737739229484146
"5180","zgc:153867",1600,0,0,0,0,0.64789918688652,0,0.10798319781442,0.264503735439349
"5181","huwe1",15171,0,0.347822064318734,0,0.180708467547018,0.48592439016489,0.273245153023775,0.214616679175736,0.193937748463634
"5182","masp2",2371,5.68337195973937,6.78253025421532,12.2022589241173,5.42125402641054,5.18319349509216,5.05503533093984,6.72127399841909,2.75515094271944
"5183","pex14",3370,0,0,0,0,0,0.136622576511888,0.0227704294186479,0.0557759332997464
"5184","tardbpa",2979,0,0,0,0,0.48592439016489,0,0.0809873983608151,0.198377801579512
"5185","pgd",1894,0,0,0,0,0.16197479672163,0,0.026995799453605,0.0661259338598372
"5186","clstn1",12070,0,0,0,0,0,0.136622576511888,0.0227704294186479,0.0557759332997464
"5187","dvl1a",2934,0,0,0,0,0,0.136622576511888,0.0227704294186479,0.0557759332997464
"5188","dnajc11a",2745,283.221369327012,198.084665629519,204.006516387586,412.467077176069,325.407366613755,333.564020553774,292.791835947952,82.4526314336353
"5189","osbpl2a",7859,0,0,0,0.180708467547018,0,0,0.030118077924503,0.0737739229484146
"5190","selenoi",4121,0,0,0,0,0.32394959344326,0,0.05399159890721,0.132251867719674
"5191","phip",9877,0,0,0,0,0,0.273245153023775,0.0455408588372959,0.111551866599493
"5192","rps12",629,1.5155658559305,1.21737722511557,0.953301478446664,8.31258950716283,11.6621853639574,9.01709004978458,5.44635158006625,4.75657192571245
"5193","aldh8a1",1645,1104.27917177736,1081.81357554734,1444.15640969885,473.817601908281,660.938158022612,619.856629634434,897.47692443148,370.976136084886
"5194","hbs1l",5642,0,0,0,0,0.64789918688652,0,0.10798319781442,0.264503735439349
"5195","plagx",4521,0,0,0,0,0.16197479672163,0.136622576511888,0.049766228872253,0.077513222057617
"5196","cd63",1168,0,0,0.190660295689333,0,0.16197479672163,0.136622576511888,0.0815429448204751,0.0909476777472999
"5197","nr4a1",3207,0,0.173911032159367,0,0,0,0,0.0289851720265612,0.0709988815718676
"5198","rnf41",3881,0,0,0,0,0.16197479672163,0,0.026995799453605,0.0661259338598372
"5199","slc39a5",2928,1.13667439194787,62.6079715773722,0.190660295689333,1.26495927282913,0.32394959344326,19.0588494234083,14.0971774257817,24.8742791793292
"5200","cd34",3366,0,0.173911032159367,0,0,0,0.136622576511888,0.0517556014452091,0.081041867986555
"5201","si:ch211-226m16.2",3397,0,0,0,0,0.16197479672163,0,0.026995799453605,0.0661259338598372
"5202","slc48a1a",6412,0,0,0.190660295689333,0,0,0,0.0317767159482221,0.0778367397745047
"5203","rapgef3",3626,0,0,0,0,0.16197479672163,0,0.026995799453605,0.0661259338598372
"5204","itga5",5876,0,0,0,0,0,0.136622576511888,0.0227704294186479,0.0557759332997464
"5205","dazap2",2189,0,0.173911032159367,0.190660295689333,0,0,0,0.0607618879747833,0.0942808074610305
"5206","si:ch211-210c8.7",1392,0,0,0,0,0.48592439016489,0,0.0809873983608151,0.198377801579512
"5207","bin2a",3519,0,0,0,0,0,0.136622576511888,0.0227704294186479,0.0557759332997464
"5208","si:ch211-148l7.4",4664,0,0,0,0,0.32394959344326,0,0.05399159890721,0.132251867719674
"5209","snrpg",592,0,0,0,0,0.16197479672163,0,0.026995799453605,0.0661259338598372
"5210","plpbp",2332,0,0,0,0.542125402641054,0,0,0.090354233773509,0.221321768845244
"5211","fam50a",4025,0.189445731991312,0.173911032159367,0.190660295689333,0,0,0,0.0923361766400021,0.101321531502285
"5212","sars1",4318,0,0,0,0.180708467547018,0.64789918688652,0.409867729535663,0.206412563994867,0.270105010274343
"5213","si:ch211-236h17.3",4763,0,0,0,0,0.16197479672163,0,0.026995799453605,0.0661259338598372
"5214","cmtr1",3202,0,0,0,0.180708467547018,0,0,0.030118077924503,0.0737739229484146
"5215","rarga",6918,4.92558903177412,6.08688612557785,6.86377064481598,25.6606023916766,15.7115552819981,33.3359086689006,15.4307186907905,11.8015488208856
"5216","nr1d4a",4615,0,0,0,0.180708467547018,0.64789918688652,0.273245153023775,0.183642134576219,0.254851022643478
"5217","calcoco1a",6458,0,0,0.190660295689333,0,0.16197479672163,0.136622576511888,0.0815429448204751,0.0909476777472999
"5218","hnrnpa1b",1713,0,0.869555160796836,0.381320591378666,0.542125402641054,1.29579837377304,0.409867729535663,0.583111209687543,0.44775091452156
"5219","nfe2",4092,3.22057744385231,5.21733096478102,10.295655967224,20.420056832813,11.5002105672357,18.1708026760811,11.4707724086645,6.83422430703326
"5220","copz1",3517,0,0,0.190660295689333,0,0.48592439016489,0,0.112764114309037,0.198080482861919
"5221","pip4k2ca",2335,0,0.173911032159367,0,0,0,0.136622576511888,0.0517556014452091,0.081041867986555
"5222","tspan31",7234,0,0,0,0.180708467547018,0,0,0.030118077924503,0.0737739229484146
"5223","agmat",1437,0,0,0,0.180708467547018,0,0,0.030118077924503,0.0737739229484146
"5224","dnajc16",4501,2.84168597986969,3.82604270750608,1.143961774136,12.6495927282913,14.5777317049467,10.6565609679272,7.61592931044616,5.69373171996105
"5225","pfdn4",4523,0,0,0,0,0,0.136622576511888,0.0227704294186479,0.0557759332997464
"5226","zfp64",2441,0,0,0,0.180708467547018,0,0,0.030118077924503,0.0737739229484146
"5227","g0s2",599,0,0,0,0,0.16197479672163,0,0.026995799453605,0.0661259338598372
"5228","iyd",1148,0,0,0,0,0.16197479672163,0,0.026995799453605,0.0661259338598372
"5229","reps2",8250,0,0,0,0.180708467547018,0,0,0.030118077924503,0.0737739229484146
"5230","gpx7",954,2.46279451588706,2.26084341807177,0.571980887067998,0.361416935094036,0.16197479672163,0.683112882559438,1.08368723923366,1.00808382338873
"5231","tut4",7702,0,0,0,0,0.48592439016489,0,0.0809873983608151,0.198377801579512
"5232","cyp2aa12",2407,644.399657368449,178.432718995511,374.647481029539,22.5885584433773,30.5322491820273,41.6698858361257,215.378425142505,249.920600656909
"5233","cyp2aa6",1817,299.229533680278,168.954567742825,816.216725846034,356.537806470267,117.755677216625,143.31708276097,317.001898952833,261.869384568253
"5234","cyp2aa7",1691,25.9540652828098,40.1734484288138,10.2003258193793,44.4542830165664,11.5811979655966,28.6224297792405,26.8309583820677,14.1542577007047
"5235","cyp2aa11",2292,1.61028872192616,0.173911032159367,1.71594266120399,0.090354233773509,0.242962195082445,0.136622576511888,0.661680236776227,0.778032115195834
"5236","cyp2aa4",1843,3.78891463982625,1.21737722511557,4.00386620947599,0.722833870188072,0.16197479672163,0,1.64916112355458,1.79438882349977
"5237","zgc:101048",1693,1.13667439194787,1.39128825727494,0.381320591378666,0.542125402641054,0.566911788525705,0.409867729535663,0.738031360217317,0.421486852330675
"5238","cyp2aa8",4238,0,0.173911032159367,0.190660295689333,1.80708467547018,0.64789918688652,0.819735459071326,0.606548441546121,0.66580551625128
"5239","cyp2aa9",1555,0.284168597986969,0,0.381320591378666,0.271062701320527,0.32394959344326,0.409867729535663,0.278394868944181,0.146659367255231
"5240","cyp2aa1",1883,42.3411211000583,92.0858915283849,45.6631408175952,108.967205930852,89.2481129936182,97.0020293234402,79.2179169489915,28.1186967111025
"5241","cyp2aa2",1798,302.260665392139,198.780309758157,285.990443533999,307.927228700119,246.687615407043,291.962446005904,272.268118132893,41.9573924875139
"5242","cyp2aa3",3274,0.473614329978281,1.0434661929562,1.04863162629133,5.69231672773107,1.6197479672163,8.74384489676081,3.103603623489,3.3496120548916
"5243","cyp2ae1",5682,0.568337195973937,0.695644128637469,0.190660295689333,0,0,0,0.242440270050123,0.313246089564031
"5244","LOC103909721",4450,0,0,0,3.34310664961983,5.02121869837053,5.73814821349928,2.35041226024827,2.68956195128243
"5245","quoa",5757,0,0,0,0,0.16197479672163,0,0.026995799453605,0.0661259338598372
"5246","rprd1b",1834,0.378891463982625,0.695644128637469,0.571980887067998,3.07204394829931,4.21134471476238,3.2789418362853,2.03480782983918,1.6754893074377
"5247","ctnnbl1",2305,0,0,0,0,0.16197479672163,0,0.026995799453605,0.0661259338598372
"5248","slc10a7",1477,0,0,0,0.361416935094036,0,0,0.060236155849006,0.147547845896829
"5249","abce1",2777,574.58890512965,491.472576882372,551.198914837861,1987.52208031588,2125.51426997959,1906.97792295293,1272.87911168305,807.317815974562
"5250","rnf150b",4750,0,0,0.190660295689333,0.361416935094036,0,0.273245153023775,0.137553730634524,0.160068916474902
"5251","nfxl1",4300,0,0.173911032159367,0,0,0,0,0.0289851720265612,0.0709988815718676
"5252","g3bp2b",4729,0.189445731991312,0,0,0.361416935094036,0.971848780329781,0.819735459071326,0.390407817747743,0.416763380367931
"5253","tec",3017,0,0,0,0.361416935094036,0,0,0.060236155849006,0.147547845896829
"5254","cntrob",3194,0,0,0,0,0,0.136622576511888,0.0227704294186479,0.0557759332997464
"5255","psmb6",672,0,0.173911032159367,0,0,0.809873983608151,0,0.163964169294586,0.323986241546547
"5256","LOC108179134",6725,0,0,0,0.180708467547018,0,0,0.030118077924503,0.0737739229484146
"5257","pfn1",928,0,0.173911032159367,0,0,0,0.273245153023775,0.0745260308638571,0.119652150084985
"5258","eno3",1845,3.97836037181756,3.99995373966545,3.24122502671866,2.52991854565825,4.8592439016489,2.45920637721398,3.51131799378713,0.939875701301725
"5259","camta2",8686,0,0,0,0,0.32394959344326,0.136622576511888,0.076762028325858,0.132856775174322
"5260","mogat3a",1849,0,0.347822064318734,0,0,1.29579837377304,0.136622576511888,0.296707169100611,0.508041037149237
"5261","atp1b2a",3946,0,0,0,0,0,0.136622576511888,0.0227704294186479,0.0557759332997464
"5262","gltpd2a",1770,3.031131711861,3.30430961102798,1.52528236551466,9.75825724753898,8.42268942952477,17.077822063986,7.18658207157556,5.83726348061015
"5263","si:ch73-269m23.4",981,0,0,0.190660295689333,0,0,0,0.0317767159482221,0.0778367397745047
"5264","asgr1a",1875,0,0.173911032159367,0.381320591378666,0.361416935094036,0.890861381968966,0.409867729535663,0.369562945022783,0.29947873950709
"5265","LOC101882071",9764,0,0,0.381320591378666,0,0.16197479672163,0,0.0905492313500493,0.156490414015607
"5266","tfr2",6289,0,0,0,0,0.32394959344326,0,0.05399159890721,0.132251867719674
"5267","hmgb2b",895,0,0,0,0.180708467547018,0,0,0.030118077924503,0.0737739229484146
"5268","ttc39b",3904,0,0,0,0,0.16197479672163,0,0.026995799453605,0.0661259338598372
"5269","cfi",2338,0,0.347822064318734,0,0.90354233773509,1.13382357705141,0.409867729535663,0.465842618106816,0.466660547942813
"5270","cyp17a2",2180,5.68337195973937,0.869555160796836,5.33848827930132,3.07204394829931,1.6197479672163,1.77609349465454,3.05988346833461,2.02950854540063
"5271","wu:fy63c09",2365,0,0,0,0,0,0.136622576511888,0.0227704294186479,0.0557759332997464
"5272","vdra",9302,2.46279451588706,4.34777580398418,4.76650739223332,39.575154392797,24.4581943049661,35.8634263343705,18.578975457373,16.8949672508082
"5273","fbxl5",3509,0,0,0,0,0.16197479672163,0,0.026995799453605,0.0661259338598372
"5274","abcg2a",2261,2356.98907456991,3027.18238128203,2055.5086478267,2901.81657187002,3760.48786808773,3021.33996827214,2853.88741865142,594.408900530355
"5275","syde2",8367,0,0.173911032159367,0,0,0.16197479672163,0,0.0559809714801662,0.0868074499943072
"5276","zgc:65873",1525,0,0,0,0,0.16197479672163,0.136622576511888,0.049766228872253,0.077513222057617
"5277","ddah1",2926,0,0,0,0,0,0.136622576511888,0.0227704294186479,0.0557759332997464
"5278","cdh19",5570,0,0,0,0.180708467547018,0,0.0683112882559438,0.041503292633827,0.0734667850796316
"5279","tmx3b",2761,0,0,0.190660295689333,0,0.16197479672163,0.273245153023775,0.104313374239123,0.119968676332979
"5280","LOC101887092",7925,0,0.347822064318734,0,0,0.32394959344326,0.409867729535663,0.180273231216276,0.199461502989813
"5281","col15a1a",5764,0,0,0,0,0,0.136622576511888,0.0227704294186479,0.0557759332997464
"5282","reck",4393,0,0,0,0.180708467547018,0,0,0.030118077924503,0.0737739229484146
"5283","lancl2",3415,0,0.173911032159367,0,0,0,0,0.0289851720265612,0.0709988815718676
"5284","piezo2a",12406,0,0,0,0,0.16197479672163,0,0.026995799453605,0.0661259338598372
"5285","cdk13",5364,0,0,0,0,0.16197479672163,0,0.026995799453605,0.0661259338598372
"5286","itgb1a",6340,0,0,0,0,0,0.136622576511888,0.0227704294186479,0.0557759332997464
"5287","si:ch211-152c8.5",2875,0,0,0,0,0.971848780329781,0.409867729535663,0.230286084977574,0.398570325522965
"5288","cyb5a",1332,0,0.173911032159367,0,0,0.64789918688652,0.409867729535663,0.205279658096925,0.270248600743585
"5289","eci2",2509,0,0,0.190660295689333,0,0.32394959344326,0.136622576511888,0.10853874427408,0.133623696854696
"5290","idi1",3309,1.5155658559305,0.347822064318734,1.143961774136,0.361416935094036,0.64789918688652,0.683112882559438,0.783296449820871,0.460931099107325
"5291","pfkpa",3863,0,0,0,0,0,0.136622576511888,0.0227704294186479,0.0557759332997464
"5292","klf6a",3360,0,0,0,0,0,0.136622576511888,0.0227704294186479,0.0557759332997464
"5293","fzd8a",2605,0,0,0,0,0,0.136622576511888,0.0227704294186479,0.0557759332997464
"5294","cpb1",2201,0,0,0,0,0,0.683112882559438,0.11385214709324,0.278879666498732
"5295","acbd5a",3528,0,0.173911032159367,0,0.542125402641054,0.809873983608151,0.273245153023775,0.299859261905391,0.321001657493885
"5296","abi1a",3944,0,0.347822064318734,0.571980887067998,1.9877931430172,0.971848780329781,0.54649030604755,0.737655863463544,0.689606927465753
"5297","apbb1ip",3065,0,0,0,0.180708467547018,0,0,0.030118077924503,0.0737739229484146
"5298","anxa13",2028,0,0,0,0,0.16197479672163,0,0.026995799453605,0.0661259338598372
"5299","dpp6a",8569,0,0,0,0,0,0.136622576511888,0.0227704294186479,0.0557759332997464
"5300","kmt2ca",16829,0,0,0,0,0.48592439016489,0,0.0809873983608151,0.198377801579512
"5301","galnt11",5899,0,0,0,0,0.16197479672163,0,0.026995799453605,0.0661259338598372
"5302","cavin1b",1855,0,0,0,0,0.16197479672163,0,0.026995799453605,0.0661259338598372
"5303","zgc:56095",1045,1.5155658559305,2.95648754670924,0.762641182757331,1.80708467547018,0.64789918688652,0.819735459071326,1.41823565113752,0.884117693720492
"5304","zgc:101569",1308,0,0.347822064318734,0,0,0,0,0.0579703440531224,0.141997763143735
"5305","txndc5",3179,0,0.173911032159367,0,0,0,0.136622576511888,0.0517556014452091,0.081041867986555
"5306","slc35b3",2225,0,0,0,0,0.16197479672163,0,0.026995799453605,0.0661259338598372
"5307","elovl2",1226,0.189445731991312,0,0,0.180708467547018,0.64789918688652,0,0.169675564404142,0.251228903212169
"5308","si:ch211-285f17.1",9500,0,0,0.190660295689333,0,0,0,0.0317767159482221,0.0778367397745047
"5309","cdv3",2129,0,1.21737722511557,1.143961774136,3.43346088339334,2.75357154426771,1.36622576511888,1.65243286533858,1.23651383580417
"5310","LOC100537597",2530,0,0,0,0.180708467547018,0,0,0.030118077924503,0.0737739229484146
"5311","zgc:171750",2678,0,0,0,0,0,0.136622576511888,0.0227704294186479,0.0557759332997464
"5312","myca",1840,0,0,0.190660295689333,0,0.16197479672163,0,0.0587725154018271,0.0915007450520586
"5313","fam49bb",1352,0,0,0,0,0.16197479672163,0,0.026995799453605,0.0661259338598372
"5314","eef1a1l3",1705,0,0,0,0.180708467547018,0,0,0.030118077924503,0.0737739229484146
"5315","acad11",4816,0,0,0,0,0.32394959344326,0,0.05399159890721,0.132251867719674
"5316","ackr4b",6854,0,0,0,0,0,0.136622576511888,0.0227704294186479,0.0557759332997464
"5317","pck2",3514,0.189445731991312,0,0.762641182757331,0,0.971848780329781,0.409867729535663,0.388967237435681,0.405516903657629
"5318","stau2",7163,0,0,0.190660295689333,0,0,0.273245153023775,0.077317574785518,0.122593815324465
"5319","tram1",2212,0,0.173911032159367,0.190660295689333,0.180708467547018,0,0,0.0908799658992863,0.0996964758566112
"5320","ncoa2",8347,25.9540652828098,55.4776192588381,54.6241747149938,223.897791290755,201.334672324986,208.281117892373,128.261573460793,91.7342772821391
"5321","ngdn",1330,0,0,0,0,0.16197479672163,0,0.026995799453605,0.0661259338598372
"5322","pabpn1",2759,0,0.173911032159367,0.190660295689333,0,1.13382357705141,0.409867729535663,0.318043772405962,0.427371690230919
"5323","si:dkey-118j18.2",3602,0,0.173911032159367,0,0,0,0.273245153023775,0.0745260308638571,0.119652150084985
"5324","mtrr",3206,0,0,0,0,0.16197479672163,0,0.026995799453605,0.0661259338598372
"5325","cct5",1873,0,0.173911032159367,0.190660295689333,0,0.64789918688652,0.273245153023775,0.214285944626499,0.238965214661655
"5326","cmbl",1573,0,0,0,0,0.16197479672163,0,0.026995799453605,0.0661259338598372
"5327","klhl15",4015,0,0,0,0,0.16197479672163,0,0.026995799453605,0.0661259338598372
"5328","eif2s3",5461,0,0.347822064318734,0,0,1.78172276393793,0.683112882559438,0.468776285136017,0.699092579454922
"5329","zfx",6565,0,0,0,0.361416935094036,0,0.136622576511888,0.083006585267654,0.146933570159263
"5330","ptgdsb.1",987,0,0,0,0,0,0.136622576511888,0.0227704294186479,0.0557759332997464
"5331","c8g",1343,0.378891463982625,0,0,0.180708467547018,0.809873983608151,0.136622576511888,0.251016081941614,0.307480551937926
"5332","msrb2",2935,0,0,0.190660295689333,0,0.16197479672163,0,0.0587725154018271,0.0915007450520586
"5333","mllt10",5344,0,0,0.190660295689333,0,0.48592439016489,0.819735459071326,0.249386690820925,0.338017086791976
"5334","commd3",1232,0,0,0,0,0.16197479672163,0,0.026995799453605,0.0661259338598372
"5335","pdia4",2399,1.32612012393919,0.695644128637469,8.96103389739864,3.25275241584633,0.32394959344326,0.273245153023775,2.47212421871478,3.36553887103245
"5336","ezh2",3746,0,0,0,0,0,0.136622576511888,0.0227704294186479,0.0557759332997464
"5337","sec61g",530,0.189445731991312,0,0.190660295689333,1.26495927282913,1.13382357705141,1.91271607116643,0.781934158121268,0.767837938968055
"5338","LOC556735",6043,0,0.347822064318734,0,1.26495927282913,1.13382357705141,0.956358035583214,0.617160491630414,0.572006348193551
"5339","slc22a13b",4311,1.5155658559305,61.2166833200973,0,0.9938965715086,5.58813048689624,6.35294980780278,12.6112043403726,23.9503628827742
"5340","LOC101884772",497,0,0,0,0.361416935094036,0.0809873983608151,0.614801594303494,0.176200987959724,0.256468879623334
"5341","LOC103909751",601,1.89445731991312,3.65213167534671,3.24122502671866,14.0049062348939,3.40147073115423,8.53891103199298,5.78885033666993,4.62575935513401
"5342","oxsr1b",6877,0,0.521733096478102,0,0,0,0.273245153023775,0.132496374916979,0.219789263347767
"5343","cry-dash",1982,0,0,0,0.180708467547018,0,0,0.030118077924503,0.0737739229484146
"5344","acaa1",1646,0,0,0.190660295689333,0,0.242962195082445,0.136622576511888,0.0950408445472776,0.109408530024685
"5345","gars1",2617,0,0,0,0,0.32394959344326,0.273245153023775,0.0995324577445059,0.155026444115234
"5346","klhl40b",2329,0,0,0,0,0,0.273245153023775,0.0455408588372959,0.111551866599493
"5347","zbtb47b",8678,0,0,0,0.180708467547018,0,0,0.030118077924503,0.0737739229484146
"5348","nktr",4828,0,0,0,0.180708467547018,0.16197479672163,0,0.057113877378108,0.0886785375175253
"5349","si:ch211-161h7.8",1901,0,0.173911032159367,0,0,0,0,0.0289851720265612,0.0709988815718676
"5350","gramd1c",4069,0,0,0,0.180708467547018,0,0,0.030118077924503,0.0737739229484146
"5351","naa50",2307,0,0,0.190660295689333,0,0,0.136622576511888,0.0545471453668701,0.0862145351539329
"5352","usf3",8127,0,0.347822064318734,0,0.180708467547018,0,0.136622576511888,0.110858851396273,0.140401821559037
"5353","rnf6",4556,0,0,0,0,0.16197479672163,0.273245153023775,0.0725366582909009,0.117753426827362
"5354","rpl21",566,0.189445731991312,1.21737722511557,3.24122502671866,4.51771168867545,7.45084064919499,6.28463851954683,3.81687314020713,2.82961975748976
"5355","si:ch211-140b10.6",1746,0,0,0,0,0.16197479672163,0,0.026995799453605,0.0661259338598372
"5356","urad",759,0.189445731991312,0,0,0,0,0,0.0315742886652187,0.0773408962211285
"5357","flt1",5610,0,0,0,0,0.16197479672163,0,0.026995799453605,0.0661259338598372
"5358","spata13",6988,0,0,0,0,0.0809873983608151,0,0.0134978997268025,0.0330629669299186
"5359","abhd10b",1175,0,0,0,0,0,0.136622576511888,0.0227704294186479,0.0557759332997464
"5360","dap",903,0.189445731991312,0.521733096478102,0.762641182757331,1.44566774037614,1.45777317049467,0.819735459071326,0.866166063528148,0.50503046251845
"5361","si:dkey-40h20.1",1602,0,0,0,0,0,0.136622576511888,0.0227704294186479,0.0557759332997464
"5362","zfhx4",14126,0.189445731991312,0,0,0,0.16197479672163,0.136622576511888,0.0813405175374717,0.0906571230471183
"5363","hnf4g",2352,56.0759366694285,208.258461010842,69.1143571873831,77.1625156425767,132.657358515015,132.797144369555,112.677628899133,57.1008116239673
"5364","mcmdc2as",729,0,0,0,0,0.32394959344326,0.136622576511888,0.076762028325858,0.132856775174322
"5365","rrs1",1328,0,0,0,0,0,0.136622576511888,0.0227704294186479,0.0557759332997464
"5366","arxa",1414,0,0.173911032159367,0,0,0,0,0.0289851720265612,0.0709988815718676
"5367","hgd",1572,0.75778292796525,0.521733096478102,0.190660295689333,0.90354233773509,2.42962195082445,1.0929806120951,0.982720203464554,0.774908503872251
"5368","ndufb4",513,0,0,0,0,0.16197479672163,0,0.026995799453605,0.0661259338598372
"5369","abcc13",3800,0.189445731991312,2.08693238591241,4.57584709654399,3.9755862860344,4.77825650328809,7.30930784338599,3.81922930785936,2.44431915927204
"5370","eif1axb",1464,0,0,0.190660295689333,0.180708467547018,0.32394959344326,0,0.115886392779935,0.136654529012628
"5371","si:dkey-226l10.6",3503,0,0,0,0,0,0.409867729535663,0.0683112882559438,0.167327799899239
"5372","armc1",1777,0,0,0,0.542125402641054,0.16197479672163,0.136622576511888,0.140120462645762,0.210237509052077
"5373","mtfr1",2820,0.189445731991312,0,0,0.361416935094036,0.16197479672163,0,0.11880624396783,0.147008965359969
"5374","pde7a",6662,0,0.173911032159367,0,0.90354233773509,0.242962195082445,0.478179017791607,0.299765763794752,0.34501087682021
"5375","LOC141380705",462,0,0,0,0.180708467547018,0,0,0.030118077924503,0.0737739229484146
"5376","slc51a",1547,0,0,0,0,0.48592439016489,0.409867729535663,0.149298686616759,0.232539666172851
"5377","phldb2b",6303,0,0,0.571980887067998,0.542125402641054,0,0,0.185684381618175,0.287815895981537
"5378","hhla2b.2",2076,0,0,0,0.180708467547018,0,0,0.030118077924503,0.0737739229484146
"5379","tfr1b",4219,0,0,0,0,0.16197479672163,0,0.026995799453605,0.0661259338598372
"5380","cops9",455,0,0,0,0,0.32394959344326,0,0.05399159890721,0.132251867719674
"5381","rpl22l1",644,0,0.521733096478102,0.190660295689333,2.34921007811124,3.07752113771097,0.956358035583214,1.18258044059548,1.25076958851907
"5382","eif5a",2149,0.75778292796525,1.0434661929562,1.143961774136,1.26495927282913,8.0987398360815,1.0929806120951,2.23364843601053,2.87822544986158
"5383","dip2ca",5654,0,0,0,0,0,0.136622576511888,0.0227704294186479,0.0557759332997464
"5384","zmynd11",3969,0,0,0,0,0.32394959344326,0,0.05399159890721,0.132251867719674
"5385","LOC110438353",2413,0,0,0,0,0,0.136622576511888,0.0227704294186479,0.0557759332997464
"5386","abca4a",1387,0,0.173911032159367,0,1.62637620792316,0.64789918688652,1.0929806120951,0.590194506510692,0.663286854761477
"5387","LOC110438354",500,0.189445731991312,0.347822064318734,0,0,0,0,0.0895446327183411,0.147485881564775
"5388","rnpc3",2575,0,0,0,0,0,0.136622576511888,0.0227704294186479,0.0557759332997464
"5389","palmdb",9170,0,0,0,0,0.16197479672163,0.136622576511888,0.049766228872253,0.077513222057617
"5390","LOC141380740",1144,0,0,0,0,0,0.136622576511888,0.0227704294186479,0.0557759332997464
"5391","hccsb",1923,0.189445731991312,0,0,0,0.64789918688652,0,0.139557486479639,0.260309542484655
"5392","tlcd4a",6111,0,0,0,0,0,0.341556441279719,0.0569260735466198,0.139439833249366
"5393","abcd3a",3477,4222.36647462237,2859.35823524824,2696.69922222992,4993.3363752592,4231.91551394603,6653.79272128195,4276.24475709795,1461.11971956267
"5394","fam168b",3773,0,0,0,0,0,0.273245153023775,0.0455408588372959,0.111551866599493
"5395","rsu1",5377,0,0,0,0,0,0.273245153023775,0.0455408588372959,0.111551866599493
"5396","eif1b",812,0,0,0,0,0.48592439016489,0.273245153023775,0.126528257198111,0.207233697737872
"5397","yme1l1a",3697,0,0,0.190660295689333,0.180708467547018,0,0,0.0618947938727251,0.0959386319938456
"5398","rdh12l",1333,0,0,0,0,0,0.136622576511888,0.0227704294186479,0.0557759332997464
"5399","zgc:195173",924,0,0.347822064318734,0,0.180708467547018,0.16197479672163,0,0.11508422143123,0.14170766056114
"5400","slc4a2b",8831,0,0.173911032159367,0,0,0,0,0.0289851720265612,0.0709988815718676
"5401","LOC101884366",5013,0,0,0.190660295689333,0,0,0,0.0317767159482221,0.0778367397745047
"5402","abcb8",2591,109.120741626996,77.9121424073965,56.2447872283532,164.986830870428,61.7933849493019,137.305689394447,101.227262746154,43.7065008067903
"5403","atg9b",7168,0,0.173911032159367,0,0.180708467547018,0.16197479672163,0.956358035583214,0.245492055335205,0.358373835247861
"5404","rb1cc1",7784,0.378891463982625,0,0,0,0.16197479672163,0,0.0901443767840425,0.15558825422069
"5405","pcmtd1",3376,0,0,0,0.180708467547018,0,0,0.030118077924503,0.0737739229484146
"5406","ube2v2",2104,0,0,0.190660295689333,0,0.32394959344326,0,0.0857683148554322,0.139396889811469
"5407","cebpd",1212,2.65224024787837,2.08693238591241,3.05056473102932,2.16850161056422,3.2394959344326,1.63947091814265,2.47286763799326,0.614778366485062
"5408","abcd4",2567,46.4142043378715,40.3473594609732,13.6322111417873,117.460503905562,42.032459749263,120.637735059997,63.4207456092423,44.6139885895433
"5409","tmem14cb",824,0,0,0.190660295689333,0,0,0,0.0317767159482221,0.0778367397745047
"5410","esco1",5594,0,0,0,0.542125402641054,0,0.136622576511888,0.113124663192157,0.217155494550535
"5411","grnb",3432,0.378891463982625,0.347822064318734,0.381320591378666,0.542125402641054,0.64789918688652,0.409867729535663,0.451321073123877,0.117868504116026
"5412","arf2b",1498,0.378891463982625,0,0,0,0.32394959344326,0,0.117140176237648,0.182302581022336
"5413","LOC103909772",583,0,0,0,0,0,0.0683112882559438,0.011385214709324,0.0278879666498732
"5414","LOC100333227",6051,0,0,0,0,0.48592439016489,0.273245153023775,0.126528257198111,0.207233697737872
"5415","cog7",3731,0,0,0.190660295689333,0.180708467547018,0,0.136622576511888,0.0846652232913731,0.0945128846225886
"5416","ube2ib",3025,0.189445731991312,0,0,0,0,0,0.0315742886652187,0.0773408962211285
"5417","pdpk1b",3531,0,0.347822064318734,0.190660295689333,0.361416935094036,0,0,0.149983215850351,0.174919380019013
"5418","tsr3",2034,0,0.521733096478102,0.571980887067998,0.180708467547018,0.32394959344326,0,0.266395340756063,0.249466463881514
"5419","LOC141380762",4151,0,0,0,0,0.0809873983608151,0,0.0134978997268025,0.0330629669299186
"5420","wdr24",3490,0,0,0,0,0.16197479672163,0,0.026995799453605,0.0661259338598372
"5421","zmp:0000000624",1203,0,0,0,0,0.16197479672163,0,0.026995799453605,0.0661259338598372
"5422","decr2",2373,0,0,0,0,0,0.136622576511888,0.0227704294186479,0.0557759332997464
"5423","crp2",2138,0.0947228659956562,0,0,0,0.16197479672163,0,0.0427829437862144,0.0696074341451517
"5424","crp3",2006,3.12585457785665,3.30430961102798,3.05056473102932,2.52991854565825,7.85577764099906,4.64516760140418,4.08526545132924,1.97738834912694
"5425","crp4",1351,0,0,0,0,0,0.409867729535663,0.0683112882559438,0.167327799899239
"5426","crp5",937,0.75778292796525,0,0,0,0.16197479672163,0,0.15329295411448,0.303143009816072
"5427","slc6a16b",6753,0,0,0,0.180708467547018,0,0,0.030118077924503,0.0737739229484146
"5428","nubp2",1335,0.189445731991312,0,0,0,0,0,0.0315742886652187,0.0773408962211285
"5429","eme2",3644,0,0,0,0,0.16197479672163,0,0.026995799453605,0.0661259338598372
"5430","mfsd1l",3372,0,0,0.190660295689333,0,0,0,0.0317767159482221,0.0778367397745047
"5431","si:ch73-103b11.2",9228,0,0,0,0,0,0.136622576511888,0.0227704294186479,0.0557759332997464
"5432","cox6b1",628,0,0,0.190660295689333,0.361416935094036,0.64789918688652,0,0.199996069611648,0.263346288575587
"5433","slc12a7b",5713,0,0,0,0.180708467547018,0.32394959344326,0.409867729535663,0.152420965087657,0.18231705430949
"5434","LOC101882775",10506,0,0.347822064318734,0,0.722833870188072,0,0.136622576511888,0.201213085169782,0.289556380302527
"5435","slc22a17",10031,0,0,0.571980887067998,2.89133548075229,0.809873983608151,3.41556441279719,1.28145912737094,1.49372916915928
"5436","nub1",2266,0,0,0,0.180708467547018,0,0,0.030118077924503,0.0737739229484146
"5437","LOC101884098",3848,0,0.173911032159367,0,0,0,0,0.0289851720265612,0.0709988815718676
"5438","vapa",1927,1.32612012393919,0.695644128637469,1.71594266120399,1.44566774037614,1.6197479672163,1.63947091814265,1.40709892325262,0.376513972849098
"5439","ppp4r1",3671,0,0,0,0,0.16197479672163,0,0.026995799453605,0.0661259338598372
"5440","ssr1",1634,0.947228659956562,0.521733096478102,1.42995221767,5.05983709131651,1.94369756065956,4.57685631314824,2.41321748987149,1.92873141166281
"5441","LOC141380785",2777,1.13667439194787,0,0.381320591378666,0.722833870188072,1.29579837377304,0.273245153023775,0.634978730051905,0.508820456354573
"5442","anks6",2972,0,0,0,0,0,0.0683112882559438,0.011385214709324,0.0278879666498732
"5443","ahrra",2355,0,0,0,1.26495927282913,0.242962195082445,0.54649030604755,0.34240196232652,0.500873161974029
"5444","pigm",1668,0,0.347822064318734,0,0.361416935094036,0,0.273245153023775,0.163747358739424,0.181871448053768
"5445","wwp1",5897,0.189445731991312,0.173911032159367,0,0,0.16197479672163,0.54649030604755,0.178636977819977,0.199777477602201
"5446","rmdn1",1262,1.89445731991312,0.521733096478102,1.143961774136,0.180708467547018,0.809873983608151,1.50284834163076,1.00893049721886,0.633921536125492
"5447","serpinb1l3",1323,0,0.695644128637469,0,0,0.16197479672163,0.136622576511888,0.165706916978498,0.269840553989363
"5448","vwa5a",3427,0.378891463982625,0.521733096478102,0,0,0,0.54649030604755,0.241185811084713,0.270330259953238
"5449","pus7",2674,0,0,0,0,0.64789918688652,0,0.10798319781442,0.264503735439349
"5450","zgc:114188",473,1.89445731991312,1.5651992894343,1.71594266120399,2.43956431188474,6.96491625903009,3.82543214233285,3.06758533063319,2.07933939546093
"5451","adam10b",4279,0,0,0,0,0,0.136622576511888,0.0227704294186479,0.0557759332997464
"5452","LOC101886654",7895,0,0,0,0,0,0.136622576511888,0.0227704294186479,0.0557759332997464
"5453","rsl24d1",967,0.189445731991312,0,0,1.80708467547018,2.91554634098934,2.32258380070209,1.20577675819215,1.30175766898841
"5454","gramd2ab",2552,0,0,0,0,0,0.136622576511888,0.0227704294186479,0.0557759332997464
"5455","znf609a",10877,0,0,0,0,0,0.136622576511888,0.0227704294186479,0.0557759332997464
"5456","mon2",7285,0,0,0,0.722833870188072,0,0.136622576511888,0.14324274111666,0.289151736985316
"5457","pparab",10276,13.8295384353658,14.4346156692275,18.5893788297099,61.8926501348537,40.1697495869643,67.9014205264082,36.1362255304216,24.3521265055602
"5458","LOC141380851",2840,0,0,0.762641182757331,8.31258950716283,12.6340341442871,12.4326544625818,5.69031988279818,6.15779245219891
"5459","cdkn1bb",1801,0,0,0,0,0.32394959344326,0,0.05399159890721,0.132251867719674
"5460","adpgk",9310,0,0,0,0.361416935094036,0,0,0.060236155849006,0.147547845896829
"5461","fth1b",1425,19.8918018590878,41.5647366860888,13.3462206982533,29.997605612805,27.0497910525122,29.3738539500558,26.8706683098005,9.62919171877745
"5462","metap2b",3008,0.189445731991312,0.521733096478102,0.762641182757331,0,0.64789918688652,0,0.353619866352211,0.334427265653485
"5463","slc25a3b",1516,0.378891463982625,0.695644128637469,0,1.08425080528211,1.78172276393793,2.1859612241902,1.02107839767172,0.836712043655189
"5464","ldhbb",2688,1.13667439194787,0.173911032159367,0.762641182757331,1.26495927282913,3.07752113771097,4.23529987186852,1.77516781487886,1.54955438676977
"5465","hbp1",1628,0,0,0,0,0.16197479672163,0,0.026995799453605,0.0661259338598372
"5466","hdhd5",4369,0,0.521733096478102,0.190660295689333,0.180708467547018,0,0,0.148850309952409,0.204094994509221
"5467","prnprs3",3840,0,0,0,0,0,0.136622576511888,0.0227704294186479,0.0557759332997464
"5468","morc2",4625,0,0,0,0,0.32394959344326,0.136622576511888,0.076762028325858,0.132856775174322
"5469","zgc:158398",2110,0.568337195973937,0.695644128637469,1.143961774136,2.71062701320527,1.78172276393793,1.50284834163076,1.40052353625356,0.790868808249975
"5470","thoc5",2670,0,0,0,0.180708467547018,0.16197479672163,0,0.057113877378108,0.0886785375175253
"5471","cd151",1434,0,0,0,0.361416935094036,0,0,0.060236155849006,0.147547845896829
"5472","tmem258",606,0,0,0,0,0,0.136622576511888,0.0227704294186479,0.0557759332997464
"5473","eps8l2",5953,0,0,0,0,0.16197479672163,0,0.026995799453605,0.0661259338598372
"5474","fads2",1983,5.3992033617524,3.99995373966545,5.14782798361199,20.058639897719,19.4369756065956,24.1821960426041,13.0374661053248,9.1293119767661
"5475","saxo4",4475,0.0947228659956562,0,0,0,0,0,0.0157871443326094,0.0386704481105642
"5476","lrrc10b",1218,0,0,0,0,0.16197479672163,0,0.026995799453605,0.0661259338598372
"5477","cdhr5b",4587,0,0,0,0,0.16197479672163,0,0.026995799453605,0.0661259338598372
"5478","myo5c",11226,0,0,0,0,0,0.136622576511888,0.0227704294186479,0.0557759332997464
"5479","LOC141380869",2554,0,0,0,0,0,0.273245153023775,0.0455408588372959,0.111551866599493
"5480","hdac10",5253,0,0,0,0.180708467547018,0.16197479672163,0,0.057113877378108,0.0886785375175253
"5481","nansb",2057,0,0.173911032159367,0,0,0,0,0.0289851720265612,0.0709988815718676
"5482","nuak1b",6487,0,0,0,0,0.32394959344326,0,0.05399159890721,0.132251867719674
"5483","ppib",1051,0,0.347822064318734,0.953301478446664,0.542125402641054,1.6197479672163,1.36622576511888,0.804870446290272,0.620793291866344
"5484","snx1a",3210,0,0,0,0,0.32394959344326,0,0.05399159890721,0.132251867719674
"5485","ap3b2",7739,0,0.173911032159367,0,0,0,0,0.0289851720265612,0.0709988815718676
"5486","oaz2a",1500,0.378891463982625,0,0,0.542125402641054,0.48592439016489,0.409867729535663,0.302801497720705,0.241429194675395
"5487","ireb2",4905,0,0,0,0.180708467547018,0.32394959344326,0,0.0841096768317131,0.137950906423143
"5488","skic8",1348,0,0,0,0,0,0.136622576511888,0.0227704294186479,0.0557759332997464
"5489","ptpn9a",3213,0,0,0,0,0.16197479672163,0,0.026995799453605,0.0661259338598372
"5490","snupn",2757,0,0,0,0.180708467547018,0,0.136622576511888,0.0528885073431509,0.0831121091081427
"5491","cat",2304,11073.8608178202,17794.1420329661,17624.2564129305,12861.2023437888,16648.4984936344,15058.3354492755,15176.7159250692,2728.24320442205
"5492","LOC141380885",7319,0,0,0,0,0,0.136622576511888,0.0227704294186479,0.0557759332997464
"5493","hal",3289,0.378891463982625,0.173911032159367,0.190660295689333,0,0.0809873983608151,0.273245153023775,0.182949223869319,0.134576742564159
"5494","saal1",3588,0,0,0,0.180708467547018,0,0.136622576511888,0.0528885073431509,0.0831121091081427
"5495","muc2.1",10189,0,0.173911032159367,0,0,0,0,0.0289851720265612,0.0709988815718676
"5496","furinb",5508,0,0.347822064318734,0,0,0,0.136622576511888,0.0807407734717703,0.141796672623002
"5497","cox8b",600,0,0.347822064318734,0,1.08425080528211,0.48592439016489,0,0.319666209960956,0.428855125979428
"5498","zgc:110339",2671,0,0,0,0,0.32394959344326,0,0.05399159890721,0.132251867719674
"5499","lrp5",8706,0,0,0,0,0.16197479672163,0.273245153023775,0.0725366582909009,0.117753426827362
"5500","anpepb.1",3268,0.189445731991312,39.8256263644951,0.953301478446664,0.180708467547018,0.16197479672163,1.36622576511888,7.11288043405343,16.0336661093463
"5501","enc2",3992,0,0,0,0,0.16197479672163,0,0.026995799453605,0.0661259338598372
"5502","map1lc3b",1787,0,0.173911032159367,0,0,0,0.136622576511888,0.0517556014452091,0.081041867986555
"5503","klhdc4",7506,0,0,0,0.180708467547018,0.64789918688652,0,0.138101275738923,0.259998897092698
"5504","ca5a",6915,0.189445731991312,0.347822064318734,0,0.361416935094036,0.971848780329781,0.273245153023775,0.357296444126273,0.328840552954538
"5505","ccl39.2",508,0,0.173911032159367,0.190660295689333,0,0,0,0.0607618879747833,0.0942808074610305
"5506","fa2h",4918,0,0,0,0,0,0.136622576511888,0.0227704294186479,0.0557759332997464
"5507","pla2g15",5574,0,0,0,0,0.32394959344326,0,0.05399159890721,0.132251867719674
"5508","lcat",1747,0,0,0,0,0.16197479672163,0,0.026995799453605,0.0661259338598372
"5509","cstpp1",2141,0.189445731991312,0,0,0,0,0,0.0315742886652187,0.0773408962211285
"5510","coq9",3453,0,0,0,0,0.16197479672163,0,0.026995799453605,0.0661259338598372
"5511","ciapin1",1632,0,0.173911032159367,0,0,0,0,0.0289851720265612,0.0709988815718676
"5512","dnajc24",9921,12.3139725794353,9.91292883308393,6.48245005343731,33.7924834312924,27.5357154426771,23.7040170248125,18.9569278941231,10.9339794296601
"5513","hipk3a",7990,0,0,0,0,0,0.136622576511888,0.0227704294186479,0.0557759332997464
"5514","ppfibp2b",6141,0,0,0,0,0.16197479672163,0,0.026995799453605,0.0661259338598372
"5515","rassf10a",2635,0.189445731991312,0,0.190660295689333,0.361416935094036,0.48592439016489,0.136622576511888,0.22734498824191,0.171777189400931
"5516","si:ch211-266k8.4",2109,0,0,0,0.180708467547018,0,0,0.030118077924503,0.0737739229484146
"5517","cpa2",1351,0,0,0,0,0,0.136622576511888,0.0227704294186479,0.0557759332997464
"5518","zgc:154077",3547,0.378891463982625,0,0,0,0,0,0.0631485773304375,0.154681792442257
"5519","zgc:77158",3528,0,0,0,0,0.16197479672163,0,0.026995799453605,0.0661259338598372
"5520","LOC100537842",2057,0,0,0,0,0,0.136622576511888,0.0227704294186479,0.0557759332997464
"5521","cnot1",8237,0,0,0,0,0,0.136622576511888,0.0227704294186479,0.0557759332997464
"5522","cyp2x6",1834,2.36807164989141,0.695644128637469,3.71787576594199,0.632479636414563,1.0528361786906,1.36622576511888,1.63885552078248,1.19785367609104
"5523","cyp2x7",2392,888.689928771246,125.215943154744,771.983537246108,155.680344791756,167.643914606887,147.552382632839,376.127675200597,354.030448653102
"5524","cyp2x8",1303,632.464576252996,1142.59548128704,512.685535108616,2525.40083396958,2213.38559720108,3145.5982016097,1695.3550375715,1085.77376387065
"5525","cyp2x9",1652,1943.42904163288,3099.44241514424,1348.06362067143,3956.61189694196,4948.7349768376,7405.55844853861,3783.64006662779,2204.18664527342
"5526","trim35-40",4545,0,0,0,0,0,0.136622576511888,0.0227704294186479,0.0557759332997464
"5527","bmal1a",5863,47.5508787298194,62.9557936416909,56.5307776718872,122.791403698199,84.3888690919693,164.835138561592,89.8421435658597,45.5201389180332
"5528","tmtc3",6351,0,0,0,0,0.16197479672163,0,0.026995799453605,0.0661259338598372
"5529","poc1b",3857,0,0,0,0,0.16197479672163,0,0.026995799453605,0.0661259338598372
"5530","cpa5",1349,0,0.173911032159367,0,0.542125402641054,0.16197479672163,0.273245153023775,0.191876064090971,0.202061972618901
"5531","cav2",1687,0,0,0,0,0.16197479672163,0,0.026995799453605,0.0661259338598372
"5532","cav1",1826,0,0,0,0,0.16197479672163,0,0.026995799453605,0.0661259338598372
"5533","met",7177,0,0,0,0,0.16197479672163,0,0.026995799453605,0.0661259338598372
"5534","parietopsin",3400,0,0,0,0,0.32394959344326,0,0.05399159890721,0.132251867719674
"5535","isg20",1461,0,0.173911032159367,0,0,0,0,0.0289851720265612,0.0709988815718676
"5536","mfge8b",6013,0,0,0,0,0.16197479672163,0,0.026995799453605,0.0661259338598372
"5537","lyrm5b",1365,0,0,0,0,0.16197479672163,0,0.026995799453605,0.0661259338598372
"5538","gtse1",3684,0,0,0,0,0.16197479672163,0,0.026995799453605,0.0661259338598372
"5539","LOC100002706",1692,0,0,0,0,0.64789918688652,0.136622576511888,0.130753627233068,0.259175623303325
"5540","cald1b",7047,0,0.347822064318734,0,0,0,0,0.0579703440531224,0.141997763143735
"5541","dnm1l",3446,0,0,0.190660295689333,0,0.16197479672163,0,0.0587725154018271,0.0915007450520586
"5542","dnajb9a",3043,5.30448049575675,1.91302135375304,4.38518680085465,5.69231672773107,2.26764715410282,3.14231925977342,3.78416196532862,1.58282028694293
"5543","csk",2818,0,0,0,0,0,0.136622576511888,0.0227704294186479,0.0557759332997464
"5544","gnaia",3683,0,0,0,0.180708467547018,0,0,0.030118077924503,0.0737739229484146
"5545","wnk1a",8706,0,0.347822064318734,0,0.180708467547018,0.32394959344326,0,0.142080020884835,0.16580632301235
"5546","ckmt1",1735,0,2.26084341807177,0,0.180708467547018,0,0.54649030604755,0.49800703194439,0.889342919541077
"5547","sigirr",2770,0,0,0,0.180708467547018,0.64789918688652,0,0.138101275738923,0.259998897092698
"5548","pkp3a",7638,0,0,0,0,0,0.273245153023775,0.0455408588372959,0.111551866599493
"5549","hexa",2053,0,0,0,0,0.16197479672163,0,0.026995799453605,0.0661259338598372
"5550","cyp11a1.2",2185,0,0,0,0,0,0.819735459071326,0.136622576511888,0.334655599798479
"5551","cyp11a1.1",2185,0.378891463982625,0,0.190660295689333,179.262799806642,73.2126081181768,67.3549302203606,53.3999816508085,70.6013536346453
"5552","stra6",3104,0,0,0,0,0,0.273245153023775,0.0455408588372959,0.111551866599493
"5553","abcc8",5754,0.75778292796525,6.60861922205595,0,4.33700322112843,0.16197479672163,6.48957238431466,3.05915875869765,3.13202016687806
"5554","phlda2",913,0,0,0,0,0,0.136622576511888,0.0227704294186479,0.0557759332997464
"5555","nap1l4a",2103,0,0,0.190660295689333,0.722833870188072,0.48592439016489,0.136622576511888,0.256006855425697,0.289962526359375
"5556","cpt1ab",3395,0,0,0,0.180708467547018,0.16197479672163,0.273245153023775,0.102654736215404,0.118597073709655
"5557","mrpl23",1080,0,0,0,0.180708467547018,0,0,0.030118077924503,0.0737739229484146
"5558","tmem86a",1462,0,0,0,0,0.32394959344326,0,0.05399159890721,0.132251867719674
"5559","phrf1",7668,0,0,0,0,0.16197479672163,0.273245153023775,0.0725366582909009,0.117753426827362
"5560","idh3a",10304,0.189445731991312,0.173911032159367,0.381320591378666,0,0.32394959344326,0,0.178104491495434,0.158843448484856
"5561","acsbg1",2919,0,0,0,0.180708467547018,0,0.136622576511888,0.0528885073431509,0.0831121091081427
"5562","si:dkeyp-73b11.8",961,0.189445731991312,0,0,0,0,0.54649030604755,0.12265600633981,0.22103138448025
"5563","neil1",1509,0,0,0,0.090354233773509,0,0,0.0150590389622515,0.0368869614742073
"5564","dld",1790,0,0,0,0,0.48592439016489,0.136622576511888,0.103757827779463,0.195035443146517
"5565","spam1",1709,0,0,0,0,0.16197479672163,0.409867729535663,0.0953070877095488,0.16716862425807
"5566","wasla",3358,0.378891463982625,0.347822064318734,0,0.180708467547018,0.48592439016489,0.683112882559438,0.346076544762118,0.237211447623382
"5567","fnbp4",3905,0,0,0,0.361416935094036,0.48592439016489,0.136622576511888,0.163993983628469,0.211681970108286
"5568","cox5aa",693,0,0.173911032159367,0.571980887067998,0,1.13382357705141,0.136622576511888,0.336056345465111,0.44362723329481
"5569","ugt5a5",3403,1.32612012393919,6.78253025421532,2.09726325258266,3.25275241584633,1.6197479672163,2.86907410674964,2.99124802009157,1.99549512968598
"5570","ugt5a4",1638,1.5155658559305,26.7822989525426,11.725608184894,9.0354233773509,5.26418089345298,12.2960318860699,11.1031848583735,8.69410094935199
"5571","ugt5a3",1690,134.790638311819,319.648477108917,428.509014561775,230.132233421128,166.267128834753,246.740373180469,254.34797756981,107.04456384117
"5572","ugt5a2",2364,81.3669418902687,132.259339957199,213.158210580674,95.4140708648256,64.384981696848,87.1652038145843,112.291458134067,54.2961308019894
"5573","ugt5a1",1977,128.917820620088,63.477526738169,212.681559841451,128.574074659703,104.149794292008,96.6604728821605,122.410208172263,50.3960548567627
"5574","ube2q2",14245,0,0,0,0,0.16197479672163,0.136622576511888,0.049766228872253,0.077513222057617
"5575","brd1b",5191,0,0,0,0,0.16197479672163,0,0.026995799453605,0.0661259338598372
"5576","api5",6563,0,0,0,0.180708467547018,0,0,0.030118077924503,0.0737739229484146
"5577","hsd17b12a",1996,0,23.912766921913,0.381320591378666,79.9634968895555,26.8068288574298,68.5162221207117,33.2634392301648,33.8835272444713
"5578","pdia3",2487,0.947228659956562,0.347822064318734,0.381320591378666,1.26495927282913,3.2394959344326,1.63947091814265,1.30338290684306,1.07267016995279
"5579","ces2b",5039,0,0.347822064318734,0.381320591378666,0,0.809873983608151,0.273245153023775,0.302043632054888,0.299854041434559
"5580","eif3ja",1798,0,0,0,0.180708467547018,0.32394959344326,0.273245153023775,0.129650535669009,0.149269042062087
"5581","tjp1b",8136,0,0,0,0,0.16197479672163,0.136622576511888,0.049766228872253,0.077513222057617
"5582","zgc:101540",1865,0,0,0,0,0.16197479672163,0.136622576511888,0.049766228872253,0.077513222057617
"5583","slc27a2b",3530,0,0,0.190660295689333,0,0,0,0.0317767159482221,0.0778367397745047
"5584","cops2",1982,0,0,0,0,0.16197479672163,0,0.026995799453605,0.0661259338598372
"5585","galk2",1950,0,0,0,0,0,0.136622576511888,0.0227704294186479,0.0557759332997464
"5586","ctdspl2a",2499,0,0,0,0.180708467547018,0,0,0.030118077924503,0.0737739229484146
"5587","etfa",6297,0,0,0.381320591378666,0,0.48592439016489,0.54649030604755,0.235622547931851,0.263465994165113
"5588","anxa2a",2606,0,0,0,0.180708467547018,0,0.136622576511888,0.0528885073431509,0.0831121091081427
"5589","bnip2",5705,0,0,0,0,0.16197479672163,0,0.026995799453605,0.0661259338598372
"5590","otud7a",6534,0,0.173911032159367,0,0,0,0,0.0289851720265612,0.0709988815718676
"5591","klf13",12015,0,0.173911032159367,0,0.180708467547018,0.48592439016489,0.136622576511888,0.162861077730527,0.178071027897579
"5592","rps27l",483,0,0.0869555160796836,0,0.361416935094036,0,0.409867729535663,0.14304003011823,0.191526665071381
"5593","dnaja",1998,0,0,0.190660295689333,0,0,0,0.0317767159482221,0.0778367397745047
"5594","LOC137489375",343,0,0.0869555160796836,0,0.361416935094036,0.16197479672163,0,0.101724541315892,0.143060828801523
"5595","nup160",4425,0.189445731991312,0,0,0,0,0,0.0315742886652187,0.0773408962211285
"5596","wwp2",5272,0,0,0,0.180708467547018,0,0,0.030118077924503,0.0737739229484146
"5597","gabarapl2",868,0,0.695644128637469,0.762641182757331,0,0,0,0.243047551899133,0.377123229844122
"5598","svip",1642,0,0,0,0,0.64789918688652,0,0.10798319781442,0.264503735439349
"5599","clpxb",4614,149.851574005128,244.779777764309,363.779844175247,746.687387904279,610.07807185202,606.809173577549,453.664304879755,235.709686639305
"5600","lrrk2",15472,0,0,0,0.542125402641054,0.64789918688652,0.683112882559438,0.312189578681169,0.345120999260506
"5601","lsm14aa",2126,0,0,0,0,0.16197479672163,0,0.026995799453605,0.0661259338598372
"5602","gpia",2433,0,0,0.190660295689333,0.542125402641054,1.29579837377304,0,0.338097345350571,0.514487285832275
"5603","hsd17b2",4849,0,0.347822064318734,0,1.08425080528211,0.728886585247336,0.614801594303494,0.462626841525279,0.429347198592364
"5604","mphosph6",3127,0,0,0,0,0.16197479672163,0,0.026995799453605,0.0661259338598372
"5605","LOC110438397",8532,0,0,0,0,0,0.136622576511888,0.0227704294186479,0.0557759332997464
"5606","amfra",4263,0,0,0,0,0.16197479672163,0,0.026995799453605,0.0661259338598372
"5607","nfatc3b",6381,0,0,0,0,0,0.136622576511888,0.0227704294186479,0.0557759332997464
"5608","mafb",2500,0.378891463982625,0.521733096478102,0.762641182757331,1.62637620792316,4.8592439016489,2.86907410674964,1.83632665992329,1.74663958633936
"5609","afg3l1",3843,0,0,0,0,0.32394959344326,0.136622576511888,0.076762028325858,0.132856775174322
"5610","urahb",1360,0,0,0,0,0.32394959344326,0.136622576511888,0.076762028325858,0.132856775174322
"5611","glg1a",4812,0,0.347822064318734,0,0,0.16197479672163,0.54649030604755,0.176047861181319,0.227995868929594
"5612","nudt7",2024,0,0,0,0,0.32394959344326,0,0.05399159890721,0.132251867719674
"5613","ldlrad3",3260,0,0.521733096478102,0,0.542125402641054,0.48592439016489,0.273245153023775,0.303838007051304,0.254159633137921
"5614","trim44",3140,0,0,0,0,0,0.273245153023775,0.0455408588372959,0.111551866599493
"5615","pdhx",2162,0.568337195973937,0.173911032159367,0.571980887067998,0.180708467547018,0,0.683112882559438,0.363008410884626,0.278948910350736
"5616","chmp1a",1597,0,0,0,0,0,0.136622576511888,0.0227704294186479,0.0557759332997464
"5617","slc10a3",2237,0.189445731991312,0.521733096478102,0,0.361416935094036,0.32394959344326,0.409867729535663,0.301068847757062,0.183192520901538
"5618","zfc3h1",6259,0,0,0,0.722833870188072,0,0.273245153023775,0.166013170535308,0.293867140318526
"5619","ptprbl",8010,0,0,0,0,0.32394959344326,0,0.05399159890721,0.132251867719674
"5620","psma1",981,0,0,0,0,0.16197479672163,0,0.026995799453605,0.0661259338598372
"5621","rpl27a",483,1.5155658559305,3.82604270750608,2.28792354827199,5.05983709131651,10.0424373967411,6.96775140210627,4.9499263336454,3.16738290816386
"5622","mt-rnr1",952,0,0.173911032159367,0.953301478446664,0,0.48592439016489,0.273245153023775,0.314397008965783,0.36242000691012
"5623","mt-rnr2",1683,4.92558903177412,21.1301904073631,23.2605560740986,9.0354233773509,46.2438044640254,13.4573237864209,19.6754811901722,14.766721862731
"5624","ND1",975,0.189445731991312,1.30433274119525,2.85990443533999,0,3.15850853607179,1.63947091814265,1.52527706045683,1.31312203251182
"5625","ND2",1047,0.568337195973937,0.521733096478102,0.953301478446664,0.722833870188072,2.75357154426771,1.0929806120951,1.10212629957493,0.838469282862058
"5626","COX1",1551,3.8836375058219,19.3910800857694,18.6847089775546,14.9988028064025,33.7717451164599,23.7723283130684,19.0837171341795,9.85600188780224
"5627","trnD",69,0.0947228659956562,0.0869555160796836,0,0.271062701320527,0,0.341556441279719,0.132382920779264,0.142490734759611
"5628","COX2",691,2.84168597986969,5.39124199694038,6.10112946205865,4.51771168867545,21.1377109721727,6.62619496082655,7.76927917675724,6.68301220014133
"5629","ATP8",165,0.0947228659956562,0.0869555160796836,0.0953301478446664,0.271062701320527,1.21481097541223,0.273245153023775,0.339354559946089,0.437848381006519
"5630","ATP6",684,0.663060061969593,3.56517615926703,2.66924413965066,0.9938965715086,3.64443292623668,2.59582895372586,2.35527313539307,1.26484579465758
"5631","COX3",786,2.08390305190444,7.47817438285279,6.10112946205865,3.61416935094036,15.6305678836373,6.14801594303494,6.84266001240475,4.72720892216109
"5632","ND3",351,0.189445731991312,0.173911032159367,0,0,0.64789918688652,0.54649030604755,0.259624376180792,0.275728432775812
"5633","ND4L",297,0,0,0,0,1.13382357705141,0.614801594303494,0.291437528559151,0.480400230208059
"5634","ND4",1381,0.378891463982625,0.869555160796836,1.71594266120399,0.632479636414563,4.61628170656646,2.59582895372586,1.80149659711506,1.60126321640417
"5635","ND5",1821,0.189445731991312,0.869555160796836,0.571980887067998,0.542125402641054,3.07752113771097,1.57115962988671,1.13696465834915,1.05798157640212
"5636","CYTB",1141,0.75778292796525,3.65213167534671,4.19452650516532,1.80708467547018,5.10220609673135,3.41556441279719,3.15488271557933,1.59692116173352
